series,level,date,value
Available Room Nights (Number),group,2008-01,886159.0
Available Room Nights (Number),group,2008-02,845049.0
Available Room Nights (Number),group,2008-03,903456.0
Available Room Nights (Number),group,2008-04,870588.0
Available Room Nights (Number),group,2008-05,900704.0
Available Room Nights (Number),group,2008-06,877230.0
Available Room Nights (Number),group,2008-07,901954.0
Available Room Nights (Number),group,2008-08,906200.0
Available Room Nights (Number),group,2008-09,883702.0
Available Room Nights (Number),group,2008-10,930784.0
Available Room Nights (Number),group,2008-11,899079.0
Available Room Nights (Number),group,2008-12,924389.0
Available Room Nights (Number),group,2009-01,935309.0
Available Room Nights (Number),group,2009-02,845470.0
Available Room Nights (Number),group,2009-03,938508.0
Available Room Nights (Number),group,2009-04,905951.0
Available Room Nights (Number),group,2009-05,936252.0
Available Room Nights (Number),group,2009-06,920686.0
Available Room Nights (Number),group,2009-07,981637.0
Available Room Nights (Number),group,2009-08,983279.0
Available Room Nights (Number),group,2009-09,963285.0
Available Room Nights (Number),group,2009-10,1007103.0
Available Room Nights (Number),group,2009-11,981592.0
Available Room Nights (Number),group,2009-12,1011345.0
Available Room Nights (Number),group,2010-01,1035954.0
Available Room Nights (Number),group,2010-02,958399.0
Available Room Nights (Number),group,2010-03,1053995.0
Available Room Nights (Number),group,2010-04,1016131.0
Available Room Nights (Number),group,2010-05,1057275.0
Available Room Nights (Number),group,2010-06,1019067.0
Available Room Nights (Number),group,2010-07,1140884.0
Available Room Nights (Number),group,2010-08,1208017.0
Available Room Nights (Number),group,2010-09,1167836.0
Available Room Nights (Number),group,2010-10,1215498.0
Available Room Nights (Number),group,2010-11,1185688.0
Available Room Nights (Number),group,2010-12,1218247.0
Available Room Nights (Number),group,2011-01,1212155.0
Available Room Nights (Number),group,2011-02,1111868.0
Available Room Nights (Number),group,2011-03,1228152.0
Available Room Nights (Number),group,2011-04,1173176.0
Available Room Nights (Number),group,2011-05,1209670.0
Available Room Nights (Number),group,2011-06,1168526.0
Available Room Nights (Number),group,2011-07,1215300.0
Available Room Nights (Number),group,2011-08,1267432.0
Available Room Nights (Number),group,2011-09,1231051.0
Available Room Nights (Number),group,2011-10,1271547.0
Available Room Nights (Number),group,2011-11,1237216.0
Available Room Nights (Number),group,2011-12,1269619.0
Available Room Nights (Number),group,2012-01,1271372.0
Available Room Nights (Number),group,2012-02,1191532.0
Available Room Nights (Number),group,2012-03,1270625.0
Available Room Nights (Number),group,2012-04,1243938.0
Available Room Nights (Number),group,2012-05,1278977.0
Available Room Nights (Number),group,2012-06,1250524.0
Available Room Nights (Number),group,2012-07,1293178.0
Available Room Nights (Number),group,2012-08,1284335.0
Available Room Nights (Number),group,2012-09,1266141.0
Available Room Nights (Number),group,2012-10,1318609.0
Available Room Nights (Number),group,2012-11,1291686.0
Available Room Nights (Number),group,2012-12,1332988.0
Available Room Nights (Number),group,2013-01,1326755.0
Available Room Nights (Number),group,2013-02,1204171.0
Available Room Nights (Number),group,2013-03,1352033.0
Available Room Nights (Number),group,2013-04,1326088.0
Available Room Nights (Number),group,2013-05,1370627.0
Available Room Nights (Number),group,2013-06,1332600.0
Available Room Nights (Number),group,2013-07,1378966.0
Available Room Nights (Number),group,2013-08,1375002.0
Available Room Nights (Number),group,2013-09,1377181.0
Available Room Nights (Number),group,2013-10,1423322.0
Available Room Nights (Number),group,2013-11,1387511.0
Available Room Nights (Number),group,2013-12,1430856.0
Available Room Nights (Number),group,2014-01,1437661.0
Available Room Nights (Number),group,2014-02,1299191.0
Available Room Nights (Number),group,2014-03,1428323.0
Available Room Nights (Number),group,2014-04,1427965.0
Available Room Nights (Number),group,2014-05,1480270.0
Available Room Nights (Number),group,2014-06,1425946.0
Available Room Nights (Number),group,2014-07,1466191.0
Available Room Nights (Number),group,2014-08,1495172.0
Available Room Nights (Number),group,2014-09,1433528.0
Available Room Nights (Number),group,2014-10,1491828.0
Available Room Nights (Number),group,2014-11,1457179.0
Available Room Nights (Number),group,2014-12,1500726.0
Available Room Nights (Number),group,2015-01,1485768.0
Available Room Nights (Number),group,2015-02,1361242.0
Available Room Nights (Number),group,2015-03,1508222.0
Available Room Nights (Number),group,2015-04,1449362.0
Available Room Nights (Number),group,2015-05,1497890.0
Available Room Nights (Number),group,2015-06,1462047.0
Available Room Nights (Number),group,2015-07,1512036.0
Available Room Nights (Number),group,2015-08,1553284.0
Available Room Nights (Number),group,2015-09,1509870.0
Available Room Nights (Number),group,2015-10,1567755.0
Available Room Nights (Number),group,2015-11,1518158.0
Available Room Nights (Number),group,2015-12,1553306.0
Available Room Nights (Number),group,2016-01,1559839.0
Available Room Nights (Number),group,2016-02,1470105.0
Available Room Nights (Number),group,2016-03,1566272.0
Available Room Nights (Number),group,2016-04,1515327.0
Available Room Nights (Number),group,2016-05,1556056.0
Available Room Nights (Number),group,2016-06,1549090.0
Available Room Nights (Number),group,2016-07,1651550.0
Available Room Nights (Number),group,2016-08,1658092.0
Available Room Nights (Number),group,2016-09,1647855.0
Available Room Nights (Number),group,2016-10,1690949.0
Available Room Nights (Number),group,2016-11,1632444.0
Available Room Nights (Number),group,2016-12,1688321.0
Available Room Nights (Number),group,2017-01,1680781.0
Available Room Nights (Number),group,2017-02,1530594.0
Available Room Nights (Number),group,2017-03,1705750.0
Available Room Nights (Number),group,2017-04,1637708.0
Available Room Nights (Number),group,2017-05,1691872.0
Available Room Nights (Number),group,2017-06,1623300.0
Available Room Nights (Number),group,2017-07,1682909.0
Available Room Nights (Number),group,2017-08,1712016.0
Available Room Nights (Number),group,2017-09,1695038.0
Available Room Nights (Number),group,2017-10,1752029.0
Available Room Nights (Number),group,2017-11,1695540.0
Available Room Nights (Number),group,2017-12,1752510.0
Available Room Nights (Number),group,2018-01,1736362.0
Available Room Nights (Number),group,2018-02,1587414.0
Available Room Nights (Number),group,2018-03,1764808.0
Available Room Nights (Number),group,2018-04,1754243.0
Available Room Nights (Number),group,2018-05,1806810.0
Available Room Nights (Number),group,2018-06,1748319.0
Available Room Nights (Number),group,2018-07,1814618.0
Available Room Nights (Number),group,2018-08,1817814.0
Available Room Nights (Number),group,2018-09,1770305.0
Available Room Nights (Number),group,2018-10,1833163.0
Available Room Nights (Number),group,2018-11,1771864.0
Available Room Nights (Number),group,2018-12,1837453.0
Available Room Nights (Number),group,2019-01,1830834.0
Available Room Nights (Number),group,2019-02,1658376.0
Available Room Nights (Number),group,2019-03,1828569.0
Available Room Nights (Number),group,2019-04,1767049.0
Available Room Nights (Number),group,2019-05,1811517.0
Available Room Nights (Number),group,2019-06,1761383.0
Available Room Nights (Number),group,2019-07,1837350.0
Available Room Nights (Number),group,2019-08,1832265.0
Available Room Nights (Number),group,2019-09,1828671.0
Available Room Nights (Number),group,2019-10,1911073.0
Available Room Nights (Number),group,2019-11,1846820.0
Available Room Nights (Number),group,2019-12,1912817.0
Available Room Nights (Number),group,2020-01,1926285.0
Available Room Nights (Number),group,2020-02,1694775.0
Available Room Nights (Number),group,2020-03,1776618.0
Available Room Nights (Number),group,2020-04,1522885.0
Available Room Nights (Number),group,2020-05,1001913.0
Available Room Nights (Number),group,2020-06,902667.0
Available Room Nights (Number),group,2020-07,673407.0
Available Room Nights (Number),group,2020-08,817726.0
Available Room Nights (Number),group,2020-09,826251.0
Available Room Nights (Number),group,2020-10,899779.0
Available Room Nights (Number),group,2020-11,898017.0
Available Room Nights (Number),group,2020-12,977156.0
Available Room Nights (Number),group,2021-01,1025455.0
Available Room Nights (Number),group,2021-02,957525.0
Available Room Nights (Number),group,2021-03,1048233.0
Available Room Nights (Number),group,2021-04,1011827.0
Available Room Nights (Number),group,2021-05,943499.0
Available Room Nights (Number),group,2021-06,828799.0
Available Room Nights (Number),group,2021-07,827875.0
Available Room Nights (Number),group,2021-08,826277.0
Available Room Nights (Number),group,2021-09,774563.0
Available Room Nights (Number),group,2021-10,788834.0
Available Room Nights (Number),group,2021-11,743198.0
Available Room Nights (Number),group,2021-12,792231.0
Available Room Nights (Number),group,2022-01,959793.0
Available Room Nights (Number),group,2022-02,886503.0
Available Room Nights (Number),group,2022-03,1319142.0
Available Room Nights (Number),group,2022-04,1315682.0
Available Room Nights (Number),group,2022-05,1422659.0
Available Room Nights (Number),group,2022-06,1490270.0
Available Room Nights (Number),group,2022-07,1542167.0
Available Room Nights (Number),group,2022-08,1614058.0
Available Room Nights (Number),group,2022-09,1639052.0
Available Room Nights (Number),group,2022-10,1694491.0
Available Room Nights (Number),group,2022-11,1612464.0
Available Room Nights (Number),group,2022-12,1653139.0
Available Room Nights (Number),group,2023-01,1665719.0
Available Room Nights (Number),group,2023-02,1527428.0
Available Room Nights (Number),group,2023-03,1726963.0
Available Room Nights (Number),group,2023-04,1731007.0
Available Room Nights (Number),group,2023-05,1823377.0
Available Room Nights (Number),group,2023-06,1772517.0
Available Room Nights (Number),group,2023-07,1833463.0
Available Room Nights (Number),group,2023-08,1853198.0
Available Room Nights (Number),group,2023-09,1839821.0
Available Room Nights (Number),group,2023-10,1912891.0
Available Room Nights (Number),group,2023-11,1872902.0
Available Room Nights (Number),group,2023-12,1927619.0
Available Room Nights (Number),group,2024-01,1961247.0
Available Room Nights (Number),group,2024-02,1840695.0
Available Room Nights (Number),group,2024-03,1953955.0
Available Room Nights (Number),group,2024-04,1881289.0
Available Room Nights (Number),group,2024-05,1977619.0
Available Room Nights (Number),group,2024-06,1901384.0
Available Room Nights (Number),group,2024-07,1985856.0
Available Room Nights (Number),group,2024-08,1989129.0
Available Room Nights (Number),group,2024-09,1933137.0
Available Room Nights (Number),group,2024-10,1969791.0
Available Room Nights (Number),group,2024-11,1921285.0
Available Room Nights (Number),group,2024-12,1986279.0
Available Room Nights (Number),group,2025-01,1999533.0
Available Room Nights (Number),group,2025-02,1805690.0
Available Room Nights (Number),group,2025-03,1986544.0
Available Room Nights (Number),group,2025-04,1936839.0
Available Room Nights (Number),group,2025-05,2011548.0
Available Room Nights (Number),group,2025-06,1951399.0
Available Room Nights (Number),group,2025-07,2049047.0
Available Room Nights (Number),group,2025-08,2043706.0
Available Room Nights (Number),group,2025-09,1964400.0
Available Room Nights (Number),group,2025-10,2037672.0
Available Room Nights (Number),group,2025-11,1964675.0
Available Room Nights (Number),group,2025-12,2020636.0
Available Room Nights (Number),group,2026-01,2034797.0
Available Room Nights (Number),group,2026-02,1866019.0
Available Room Nights (Number),group,2026-03,2058979.0
Available Room Nights (Number),group,2026-04,1984039.0
Available Room Nights (Number),group,2026-05,2039625.0
Available Room Nights (Number),group,2026-06,1976942.0
Average Hotel Occupancy Rate (Per Cent),group,2008-01,84.2
Average Hotel Occupancy Rate (Per Cent),group,2008-02,79.0
Average Hotel Occupancy Rate (Per Cent),group,2008-03,86.3
Average Hotel Occupancy Rate (Per Cent),group,2008-04,83.0
Average Hotel Occupancy Rate (Per Cent),group,2008-05,81.1
Average Hotel Occupancy Rate (Per Cent),group,2008-06,81.4
Average Hotel Occupancy Rate (Per Cent),group,2008-07,84.4
Average Hotel Occupancy Rate (Per Cent),group,2008-08,79.8
Average Hotel Occupancy Rate (Per Cent),group,2008-09,73.8
Average Hotel Occupancy Rate (Per Cent),group,2008-10,81.1
Average Hotel Occupancy Rate (Per Cent),group,2008-11,79.8
Average Hotel Occupancy Rate (Per Cent),group,2008-12,72.7
Average Hotel Occupancy Rate (Per Cent),group,2009-01,66.3
Average Hotel Occupancy Rate (Per Cent),group,2009-02,74.4
Average Hotel Occupancy Rate (Per Cent),group,2009-03,72.9
Average Hotel Occupancy Rate (Per Cent),group,2009-04,69.8
Average Hotel Occupancy Rate (Per Cent),group,2009-05,67.9
Average Hotel Occupancy Rate (Per Cent),group,2009-06,75.0
Average Hotel Occupancy Rate (Per Cent),group,2009-07,78.9
Average Hotel Occupancy Rate (Per Cent),group,2009-08,77.3
Average Hotel Occupancy Rate (Per Cent),group,2009-09,76.7
Average Hotel Occupancy Rate (Per Cent),group,2009-10,81.7
Average Hotel Occupancy Rate (Per Cent),group,2009-11,84.2
Average Hotel Occupancy Rate (Per Cent),group,2009-12,79.9
Average Hotel Occupancy Rate (Per Cent),group,2010-01,80.7
Average Hotel Occupancy Rate (Per Cent),group,2010-02,79.5
Average Hotel Occupancy Rate (Per Cent),group,2010-03,87.2
Average Hotel Occupancy Rate (Per Cent),group,2010-04,84.7
Average Hotel Occupancy Rate (Per Cent),group,2010-05,85.7
Average Hotel Occupancy Rate (Per Cent),group,2010-06,87.9
Average Hotel Occupancy Rate (Per Cent),group,2010-07,87.4
Average Hotel Occupancy Rate (Per Cent),group,2010-08,82.3
Average Hotel Occupancy Rate (Per Cent),group,2010-09,80.4
Average Hotel Occupancy Rate (Per Cent),group,2010-10,84.6
Average Hotel Occupancy Rate (Per Cent),group,2010-11,87.0
Average Hotel Occupancy Rate (Per Cent),group,2010-12,83.2
Average Hotel Occupancy Rate (Per Cent),group,2011-01,82.0
Average Hotel Occupancy Rate (Per Cent),group,2011-02,82.9
Average Hotel Occupancy Rate (Per Cent),group,2011-03,86.6
Average Hotel Occupancy Rate (Per Cent),group,2011-04,85.7
Average Hotel Occupancy Rate (Per Cent),group,2011-05,84.4
Average Hotel Occupancy Rate (Per Cent),group,2011-06,87.9
Average Hotel Occupancy Rate (Per Cent),group,2011-07,92.8
Average Hotel Occupancy Rate (Per Cent),group,2011-08,83.0
Average Hotel Occupancy Rate (Per Cent),group,2011-09,83.9
Average Hotel Occupancy Rate (Per Cent),group,2011-10,85.7
Average Hotel Occupancy Rate (Per Cent),group,2011-11,87.7
Average Hotel Occupancy Rate (Per Cent),group,2011-12,82.3
Average Hotel Occupancy Rate (Per Cent),group,2012-01,81.0
Average Hotel Occupancy Rate (Per Cent),group,2012-02,88.5
Average Hotel Occupancy Rate (Per Cent),group,2012-03,87.2
Average Hotel Occupancy Rate (Per Cent),group,2012-04,84.7
Average Hotel Occupancy Rate (Per Cent),group,2012-05,83.6
Average Hotel Occupancy Rate (Per Cent),group,2012-06,86.5
Average Hotel Occupancy Rate (Per Cent),group,2012-07,90.0
Average Hotel Occupancy Rate (Per Cent),group,2012-08,87.7
Average Hotel Occupancy Rate (Per Cent),group,2012-09,82.6
Average Hotel Occupancy Rate (Per Cent),group,2012-10,85.8
Average Hotel Occupancy Rate (Per Cent),group,2012-11,88.3
Average Hotel Occupancy Rate (Per Cent),group,2012-12,82.9
Average Hotel Occupancy Rate (Per Cent),group,2013-01,83.8
Average Hotel Occupancy Rate (Per Cent),group,2013-02,84.9
Average Hotel Occupancy Rate (Per Cent),group,2013-03,87.2
Average Hotel Occupancy Rate (Per Cent),group,2013-04,83.4
Average Hotel Occupancy Rate (Per Cent),group,2013-05,83.7
Average Hotel Occupancy Rate (Per Cent),group,2013-06,87.0
Average Hotel Occupancy Rate (Per Cent),group,2013-07,87.7
Average Hotel Occupancy Rate (Per Cent),group,2013-08,89.0
Average Hotel Occupancy Rate (Per Cent),group,2013-09,82.6
Average Hotel Occupancy Rate (Per Cent),group,2013-10,85.8
Average Hotel Occupancy Rate (Per Cent),group,2013-11,85.3
Average Hotel Occupancy Rate (Per Cent),group,2013-12,80.8
Average Hotel Occupancy Rate (Per Cent),group,2014-01,80.2
Average Hotel Occupancy Rate (Per Cent),group,2014-02,87.8
Average Hotel Occupancy Rate (Per Cent),group,2014-03,85.5
Average Hotel Occupancy Rate (Per Cent),group,2014-04,81.7
Average Hotel Occupancy Rate (Per Cent),group,2014-05,81.6
Average Hotel Occupancy Rate (Per Cent),group,2014-06,83.5
Average Hotel Occupancy Rate (Per Cent),group,2014-07,88.2
Average Hotel Occupancy Rate (Per Cent),group,2014-08,89.4
Average Hotel Occupancy Rate (Per Cent),group,2014-09,82.6
Average Hotel Occupancy Rate (Per Cent),group,2014-10,84.8
Average Hotel Occupancy Rate (Per Cent),group,2014-11,85.0
Average Hotel Occupancy Rate (Per Cent),group,2014-12,81.1
Average Hotel Occupancy Rate (Per Cent),group,2015-01,81.2
Average Hotel Occupancy Rate (Per Cent),group,2015-02,83.7
Average Hotel Occupancy Rate (Per Cent),group,2015-03,83.2
Average Hotel Occupancy Rate (Per Cent),group,2015-04,80.8
Average Hotel Occupancy Rate (Per Cent),group,2015-05,82.5
Average Hotel Occupancy Rate (Per Cent),group,2015-06,83.8
Average Hotel Occupancy Rate (Per Cent),group,2015-07,89.9
Average Hotel Occupancy Rate (Per Cent),group,2015-08,90.7
Average Hotel Occupancy Rate (Per Cent),group,2015-09,81.4
Average Hotel Occupancy Rate (Per Cent),group,2015-10,86.6
Average Hotel Occupancy Rate (Per Cent),group,2015-11,82.9
Average Hotel Occupancy Rate (Per Cent),group,2015-12,80.0
Average Hotel Occupancy Rate (Per Cent),group,2016-01,82.7
Average Hotel Occupancy Rate (Per Cent),group,2016-02,84.3
Average Hotel Occupancy Rate (Per Cent),group,2016-03,83.4
Average Hotel Occupancy Rate (Per Cent),group,2016-04,85.0
Average Hotel Occupancy Rate (Per Cent),group,2016-05,83.0
Average Hotel Occupancy Rate (Per Cent),group,2016-06,79.8
Average Hotel Occupancy Rate (Per Cent),group,2016-07,90.5
Average Hotel Occupancy Rate (Per Cent),group,2016-08,87.2
Average Hotel Occupancy Rate (Per Cent),group,2016-09,80.3
Average Hotel Occupancy Rate (Per Cent),group,2016-10,80.5
Average Hotel Occupancy Rate (Per Cent),group,2016-11,81.5
Average Hotel Occupancy Rate (Per Cent),group,2016-12,79.6
Average Hotel Occupancy Rate (Per Cent),group,2017-01,81.8
Average Hotel Occupancy Rate (Per Cent),group,2017-02,88.0
Average Hotel Occupancy Rate (Per Cent),group,2017-03,84.7
Average Hotel Occupancy Rate (Per Cent),group,2017-04,85.1
Average Hotel Occupancy Rate (Per Cent),group,2017-05,82.3
Average Hotel Occupancy Rate (Per Cent),group,2017-06,83.8
Average Hotel Occupancy Rate (Per Cent),group,2017-07,91.5
Average Hotel Occupancy Rate (Per Cent),group,2017-08,89.4
Average Hotel Occupancy Rate (Per Cent),group,2017-09,84.3
Average Hotel Occupancy Rate (Per Cent),group,2017-10,83.1
Average Hotel Occupancy Rate (Per Cent),group,2017-11,85.2
Average Hotel Occupancy Rate (Per Cent),group,2017-12,79.6
Average Hotel Occupancy Rate (Per Cent),group,2018-01,83.4
Average Hotel Occupancy Rate (Per Cent),group,2018-02,88.0
Average Hotel Occupancy Rate (Per Cent),group,2018-03,87.2
Average Hotel Occupancy Rate (Per Cent),group,2018-04,85.2
Average Hotel Occupancy Rate (Per Cent),group,2018-05,82.6
Average Hotel Occupancy Rate (Per Cent),group,2018-06,85.5
Average Hotel Occupancy Rate (Per Cent),group,2018-07,92.4
Average Hotel Occupancy Rate (Per Cent),group,2018-08,91.5
Average Hotel Occupancy Rate (Per Cent),group,2018-09,85.3
Average Hotel Occupancy Rate (Per Cent),group,2018-10,86.4
Average Hotel Occupancy Rate (Per Cent),group,2018-11,84.9
Average Hotel Occupancy Rate (Per Cent),group,2018-12,80.7
Average Hotel Occupancy Rate (Per Cent),group,2019-01,84.7
Average Hotel Occupancy Rate (Per Cent),group,2019-02,88.5
Average Hotel Occupancy Rate (Per Cent),group,2019-03,84.3
Average Hotel Occupancy Rate (Per Cent),group,2019-04,85.4
Average Hotel Occupancy Rate (Per Cent),group,2019-05,82.0
Average Hotel Occupancy Rate (Per Cent),group,2019-06,86.1
Average Hotel Occupancy Rate (Per Cent),group,2019-07,93.9
Average Hotel Occupancy Rate (Per Cent),group,2019-08,92.4
Average Hotel Occupancy Rate (Per Cent),group,2019-09,87.1
Average Hotel Occupancy Rate (Per Cent),group,2019-10,86.9
Average Hotel Occupancy Rate (Per Cent),group,2019-11,88.8
Average Hotel Occupancy Rate (Per Cent),group,2019-12,83.0
Average Hotel Occupancy Rate (Per Cent),group,2020-01,83.0
Average Hotel Occupancy Rate (Per Cent),group,2020-02,49.1
Average Hotel Occupancy Rate (Per Cent),group,2020-03,40.2
Average Hotel Occupancy Rate (Per Cent),group,2020-04,40.4
Average Hotel Occupancy Rate (Per Cent),group,2020-05,59.3
Average Hotel Occupancy Rate (Per Cent),group,2020-06,57.0
Average Hotel Occupancy Rate (Per Cent),group,2020-07,66.4
Average Hotel Occupancy Rate (Per Cent),group,2020-08,64.8
Average Hotel Occupancy Rate (Per Cent),group,2020-09,63.1
Average Hotel Occupancy Rate (Per Cent),group,2020-10,57.6
Average Hotel Occupancy Rate (Per Cent),group,2020-11,54.2
Average Hotel Occupancy Rate (Per Cent),group,2020-12,62.0
Average Hotel Occupancy Rate (Per Cent),group,2021-01,44.3
Average Hotel Occupancy Rate (Per Cent),group,2021-02,44.2
Average Hotel Occupancy Rate (Per Cent),group,2021-03,51.4
Average Hotel Occupancy Rate (Per Cent),group,2021-04,52.7
Average Hotel Occupancy Rate (Per Cent),group,2021-05,52.9
Average Hotel Occupancy Rate (Per Cent),group,2021-06,54.6
Average Hotel Occupancy Rate (Per Cent),group,2021-07,56.1
Average Hotel Occupancy Rate (Per Cent),group,2021-08,56.1
Average Hotel Occupancy Rate (Per Cent),group,2021-09,65.1
Average Hotel Occupancy Rate (Per Cent),group,2021-10,64.4
Average Hotel Occupancy Rate (Per Cent),group,2021-11,78.0
Average Hotel Occupancy Rate (Per Cent),group,2021-12,74.3
Average Hotel Occupancy Rate (Per Cent),group,2022-01,57.5
Average Hotel Occupancy Rate (Per Cent),group,2022-02,62.7
Average Hotel Occupancy Rate (Per Cent),group,2022-03,60.6
Average Hotel Occupancy Rate (Per Cent),group,2022-04,66.4
Average Hotel Occupancy Rate (Per Cent),group,2022-05,72.8
Average Hotel Occupancy Rate (Per Cent),group,2022-06,78.1
Average Hotel Occupancy Rate (Per Cent),group,2022-07,79.1
Average Hotel Occupancy Rate (Per Cent),group,2022-08,77.1
Average Hotel Occupancy Rate (Per Cent),group,2022-09,82.8
Average Hotel Occupancy Rate (Per Cent),group,2022-10,84.4
Average Hotel Occupancy Rate (Per Cent),group,2022-11,85.8
Average Hotel Occupancy Rate (Per Cent),group,2022-12,78.2
Average Hotel Occupancy Rate (Per Cent),group,2023-01,71.3
Average Hotel Occupancy Rate (Per Cent),group,2023-02,85.1
Average Hotel Occupancy Rate (Per Cent),group,2023-03,80.0
Average Hotel Occupancy Rate (Per Cent),group,2023-04,79.0
Average Hotel Occupancy Rate (Per Cent),group,2023-05,80.7
Average Hotel Occupancy Rate (Per Cent),group,2023-06,81.1
Average Hotel Occupancy Rate (Per Cent),group,2023-07,90.3
Average Hotel Occupancy Rate (Per Cent),group,2023-08,86.3
Average Hotel Occupancy Rate (Per Cent),group,2023-09,82.7
Average Hotel Occupancy Rate (Per Cent),group,2023-10,77.7
Average Hotel Occupancy Rate (Per Cent),group,2023-11,78.3
Average Hotel Occupancy Rate (Per Cent),group,2023-12,73.9
Average Hotel Occupancy Rate (Per Cent),group,2024-01,78.0
Average Hotel Occupancy Rate (Per Cent),group,2024-02,83.2
Average Hotel Occupancy Rate (Per Cent),group,2024-03,83.4
Average Hotel Occupancy Rate (Per Cent),group,2024-04,78.0
Average Hotel Occupancy Rate (Per Cent),group,2024-05,78.8
Average Hotel Occupancy Rate (Per Cent),group,2024-06,76.9
Average Hotel Occupancy Rate (Per Cent),group,2024-07,89.4
Average Hotel Occupancy Rate (Per Cent),group,2024-08,87.8
Average Hotel Occupancy Rate (Per Cent),group,2024-09,83.1
Average Hotel Occupancy Rate (Per Cent),group,2024-10,81.2
Average Hotel Occupancy Rate (Per Cent),group,2024-11,81.7
Average Hotel Occupancy Rate (Per Cent),group,2024-12,75.1
Average Hotel Occupancy Rate (Per Cent),group,2025-01,81.8
Average Hotel Occupancy Rate (Per Cent),group,2025-02,83.8
Average Hotel Occupancy Rate (Per Cent),group,2025-03,76.1
Average Hotel Occupancy Rate (Per Cent),group,2025-04,78.6
Average Hotel Occupancy Rate (Per Cent),group,2025-05,79.7
Average Hotel Occupancy Rate (Per Cent),group,2025-06,75.1
Average Hotel Occupancy Rate (Per Cent),group,2025-07,91.3
Average Hotel Occupancy Rate (Per Cent),group,2025-08,89.6
Average Hotel Occupancy Rate (Per Cent),group,2025-09,81.0
Average Hotel Occupancy Rate (Per Cent),group,2025-10,84.8
Average Hotel Occupancy Rate (Per Cent),group,2025-11,85.0
Average Hotel Occupancy Rate (Per Cent),group,2025-12,76.5
Average Hotel Occupancy Rate (Per Cent),group,2026-01,81.6
Average Hotel Occupancy Rate (Per Cent),group,2026-02,87.6
Average Hotel Occupancy Rate (Per Cent),group,2026-03,80.0
Average Hotel Occupancy Rate (Per Cent),group,2026-04,78.4
Average Hotel Occupancy Rate (Per Cent),group,2026-05,75.5
Average Hotel Occupancy Rate (Per Cent),group,2026-06,76.3
Average Occupancy Rate - Large (Per Cent),group,2008-01,85.1
Average Occupancy Rate - Large (Per Cent),group,2008-02,79.2
Average Occupancy Rate - Large (Per Cent),group,2008-03,87.2
Average Occupancy Rate - Large (Per Cent),group,2008-04,83.8
Average Occupancy Rate - Large (Per Cent),group,2008-05,81.8
Average Occupancy Rate - Large (Per Cent),group,2008-06,81.9
Average Occupancy Rate - Large (Per Cent),group,2008-07,85.2
Average Occupancy Rate - Large (Per Cent),group,2008-08,80.9
Average Occupancy Rate - Large (Per Cent),group,2008-09,75.5
Average Occupancy Rate - Large (Per Cent),group,2008-10,83.3
Average Occupancy Rate - Large (Per Cent),group,2008-11,81.7
Average Occupancy Rate - Large (Per Cent),group,2008-12,73.6
Average Occupancy Rate - Large (Per Cent),group,2009-01,68.7
Average Occupancy Rate - Large (Per Cent),group,2009-02,77.6
Average Occupancy Rate - Large (Per Cent),group,2009-03,75.4
Average Occupancy Rate - Large (Per Cent),group,2009-04,71.8
Average Occupancy Rate - Large (Per Cent),group,2009-05,70.1
Average Occupancy Rate - Large (Per Cent),group,2009-06,78.0
Average Occupancy Rate - Large (Per Cent),group,2009-07,82.2
Average Occupancy Rate - Large (Per Cent),group,2009-08,80.6
Average Occupancy Rate - Large (Per Cent),group,2009-09,80.2
Average Occupancy Rate - Large (Per Cent),group,2009-10,84.6
Average Occupancy Rate - Large (Per Cent),group,2009-11,87.1
Average Occupancy Rate - Large (Per Cent),group,2009-12,81.6
Average Occupancy Rate - Large (Per Cent),group,2010-01,82.8
Average Occupancy Rate - Large (Per Cent),group,2010-02,81.5
Average Occupancy Rate - Large (Per Cent),group,2010-03,89.1
Average Occupancy Rate - Large (Per Cent),group,2010-04,86.3
Average Occupancy Rate - Large (Per Cent),group,2010-05,87.0
Average Occupancy Rate - Large (Per Cent),group,2010-06,88.8
Average Occupancy Rate - Large (Per Cent),group,2010-07,88.1
Average Occupancy Rate - Large (Per Cent),group,2010-08,82.9
Average Occupancy Rate - Large (Per Cent),group,2010-09,81.8
Average Occupancy Rate - Large (Per Cent),group,2010-10,86.0
Average Occupancy Rate - Large (Per Cent),group,2010-11,88.7
Average Occupancy Rate - Large (Per Cent),group,2010-12,83.9
Average Occupancy Rate - Large (Per Cent),group,2011-01,83.0
Average Occupancy Rate - Large (Per Cent),group,2011-02,84.4
Average Occupancy Rate - Large (Per Cent),group,2011-03,87.4
Average Occupancy Rate - Large (Per Cent),group,2011-04,86.3
Average Occupancy Rate - Large (Per Cent),group,2011-05,85.3
Average Occupancy Rate - Large (Per Cent),group,2011-06,89.6
Average Occupancy Rate - Large (Per Cent),group,2011-07,94.1
Average Occupancy Rate - Large (Per Cent),group,2011-08,85.2
Average Occupancy Rate - Large (Per Cent),group,2011-09,86.8
Average Occupancy Rate - Large (Per Cent),group,2011-10,88.2
Average Occupancy Rate - Large (Per Cent),group,2011-11,90.3
Average Occupancy Rate - Large (Per Cent),group,2011-12,84.1
Average Occupancy Rate - Large (Per Cent),group,2012-01,83.7
Average Occupancy Rate - Large (Per Cent),group,2012-02,90.3
Average Occupancy Rate - Large (Per Cent),group,2012-03,89.2
Average Occupancy Rate - Large (Per Cent),group,2012-04,86.0
Average Occupancy Rate - Large (Per Cent),group,2012-05,85.6
Average Occupancy Rate - Large (Per Cent),group,2012-06,88.5
Average Occupancy Rate - Large (Per Cent),group,2012-07,91.3
Average Occupancy Rate - Large (Per Cent),group,2012-08,89.1
Average Occupancy Rate - Large (Per Cent),group,2012-09,84.6
Average Occupancy Rate - Large (Per Cent),group,2012-10,87.9
Average Occupancy Rate - Large (Per Cent),group,2012-11,89.9
Average Occupancy Rate - Large (Per Cent),group,2012-12,84.1
Average Occupancy Rate - Large (Per Cent),group,2013-01,86.1
Average Occupancy Rate - Large (Per Cent),group,2013-02,87.9
Average Occupancy Rate - Large (Per Cent),group,2013-03,89.5
Average Occupancy Rate - Large (Per Cent),group,2013-04,85.2
Average Occupancy Rate - Large (Per Cent),group,2013-05,85.8
Average Occupancy Rate - Large (Per Cent),group,2013-06,88.9
Average Occupancy Rate - Large (Per Cent),group,2013-07,89.6
Average Occupancy Rate - Large (Per Cent),group,2013-08,90.9
Average Occupancy Rate - Large (Per Cent),group,2013-09,85.2
Average Occupancy Rate - Large (Per Cent),group,2013-10,88.6
Average Occupancy Rate - Large (Per Cent),group,2013-11,88.0
Average Occupancy Rate - Large (Per Cent),group,2013-12,82.9
Average Occupancy Rate - Large (Per Cent),group,2014-01,83.9
Average Occupancy Rate - Large (Per Cent),group,2014-02,91.5
Average Occupancy Rate - Large (Per Cent),group,2014-03,88.6
Average Occupancy Rate - Large (Per Cent),group,2014-04,84.3
Average Occupancy Rate - Large (Per Cent),group,2014-05,84.7
Average Occupancy Rate - Large (Per Cent),group,2014-06,86.0
Average Occupancy Rate - Large (Per Cent),group,2014-07,90.9
Average Occupancy Rate - Large (Per Cent),group,2014-08,92.0
Average Occupancy Rate - Large (Per Cent),group,2014-09,86.5
Average Occupancy Rate - Large (Per Cent),group,2014-10,88.2
Average Occupancy Rate - Large (Per Cent),group,2014-11,88.6
Average Occupancy Rate - Large (Per Cent),group,2014-12,84.3
Average Occupancy Rate - Large (Per Cent),group,2015-01,84.9
Average Occupancy Rate - Large (Per Cent),group,2015-02,87.2
Average Occupancy Rate - Large (Per Cent),group,2015-03,86.5
Average Occupancy Rate - Large (Per Cent),group,2015-04,83.1
Average Occupancy Rate - Large (Per Cent),group,2015-05,84.2
Average Occupancy Rate - Large (Per Cent),group,2015-06,86.4
Average Occupancy Rate - Large (Per Cent),group,2015-07,91.9
Average Occupancy Rate - Large (Per Cent),group,2015-08,92.5
Average Occupancy Rate - Large (Per Cent),group,2015-09,84.2
Average Occupancy Rate - Large (Per Cent),group,2015-10,89.1
Average Occupancy Rate - Large (Per Cent),group,2015-11,85.5
Average Occupancy Rate - Large (Per Cent),group,2015-12,82.7
Average Occupancy Rate - Large (Per Cent),group,2016-01,85.5
Average Occupancy Rate - Large (Per Cent),group,2016-02,87.5
Average Occupancy Rate - Large (Per Cent),group,2016-03,86.0
Average Occupancy Rate - Large (Per Cent),group,2016-04,87.3
Average Occupancy Rate - Large (Per Cent),group,2016-05,84.9
Average Occupancy Rate - Large (Per Cent),group,2016-06,82.3
Average Occupancy Rate - Large (Per Cent),group,2016-07,92.0
Average Occupancy Rate - Large (Per Cent),group,2016-08,89.6
Average Occupancy Rate - Large (Per Cent),group,2016-09,83.5
Average Occupancy Rate - Large (Per Cent),group,2016-10,83.3
Average Occupancy Rate - Large (Per Cent),group,2016-11,84.9
Average Occupancy Rate - Large (Per Cent),group,2016-12,81.5
Average Occupancy Rate - Large (Per Cent),group,2017-01,84.5
Average Occupancy Rate - Large (Per Cent),group,2017-02,90.8
Average Occupancy Rate - Large (Per Cent),group,2017-03,87.1
Average Occupancy Rate - Large (Per Cent),group,2017-04,87.2
Average Occupancy Rate - Large (Per Cent),group,2017-05,84.4
Average Occupancy Rate - Large (Per Cent),group,2017-06,86.1
Average Occupancy Rate - Large (Per Cent),group,2017-07,92.9
Average Occupancy Rate - Large (Per Cent),group,2017-08,91.2
Average Occupancy Rate - Large (Per Cent),group,2017-09,86.8
Average Occupancy Rate - Large (Per Cent),group,2017-10,85.6
Average Occupancy Rate - Large (Per Cent),group,2017-11,87.5
Average Occupancy Rate - Large (Per Cent),group,2017-12,81.2
Average Occupancy Rate - Large (Per Cent),group,2018-01,85.8
Average Occupancy Rate - Large (Per Cent),group,2018-02,90.4
Average Occupancy Rate - Large (Per Cent),group,2018-03,89.8
Average Occupancy Rate - Large (Per Cent),group,2018-04,87.0
Average Occupancy Rate - Large (Per Cent),group,2018-05,84.6
Average Occupancy Rate - Large (Per Cent),group,2018-06,87.7
Average Occupancy Rate - Large (Per Cent),group,2018-07,93.7
Average Occupancy Rate - Large (Per Cent),group,2018-08,93.5
Average Occupancy Rate - Large (Per Cent),group,2018-09,87.9
Average Occupancy Rate - Large (Per Cent),group,2018-10,88.7
Average Occupancy Rate - Large (Per Cent),group,2018-11,87.3
Average Occupancy Rate - Large (Per Cent),group,2018-12,82.5
Average Occupancy Rate - Large (Per Cent),group,2019-01,86.7
Average Occupancy Rate - Large (Per Cent),group,2019-02,90.9
Average Occupancy Rate - Large (Per Cent),group,2019-03,86.8
Average Occupancy Rate - Large (Per Cent),group,2019-04,87.3
Average Occupancy Rate - Large (Per Cent),group,2019-05,83.8
Average Occupancy Rate - Large (Per Cent),group,2019-06,88.2
Average Occupancy Rate - Large (Per Cent),group,2019-07,95.2
Average Occupancy Rate - Large (Per Cent),group,2019-08,94.0
Average Occupancy Rate - Large (Per Cent),group,2019-09,89.4
Average Occupancy Rate - Large (Per Cent),group,2019-10,89.3
Average Occupancy Rate - Large (Per Cent),group,2019-11,91.4
Average Occupancy Rate - Large (Per Cent),group,2019-12,85.7
Average Occupancy Rate - Large (Per Cent),group,2020-01,84.7
Average Occupancy Rate - Large (Per Cent),group,2020-02,49.5
Average Occupancy Rate - Large (Per Cent),group,2020-03,39.8
Average Occupancy Rate - Large (Per Cent),group,2020-04,39.6
Average Occupancy Rate - Large (Per Cent),group,2020-05,62.5
Average Occupancy Rate - Large (Per Cent),group,2020-06,61.5
Average Occupancy Rate - Large (Per Cent),group,2020-07,70.7
Average Occupancy Rate - Large (Per Cent),group,2020-08,63.9
Average Occupancy Rate - Large (Per Cent),group,2020-09,62.3
Average Occupancy Rate - Large (Per Cent),group,2020-10,56.5
Average Occupancy Rate - Large (Per Cent),group,2020-11,53.3
Average Occupancy Rate - Large (Per Cent),group,2020-12,65.3
Average Occupancy Rate - Large (Per Cent),group,2021-01,43.9
Average Occupancy Rate - Large (Per Cent),group,2021-02,43.8
Average Occupancy Rate - Large (Per Cent),group,2021-03,51.5
Average Occupancy Rate - Large (Per Cent),group,2021-04,53.1
Average Occupancy Rate - Large (Per Cent),group,2021-05,53.5
Average Occupancy Rate - Large (Per Cent),group,2021-06,55.9
Average Occupancy Rate - Large (Per Cent),group,2021-07,55.0
Average Occupancy Rate - Large (Per Cent),group,2021-08,56.0
Average Occupancy Rate - Large (Per Cent),group,2021-09,65.6
Average Occupancy Rate - Large (Per Cent),group,2021-10,62.1
Average Occupancy Rate - Large (Per Cent),group,2021-11,78.2
Average Occupancy Rate - Large (Per Cent),group,2021-12,69.3
Average Occupancy Rate - Large (Per Cent),group,2022-01,53.9
Average Occupancy Rate - Large (Per Cent),group,2022-02,60.1
Average Occupancy Rate - Large (Per Cent),group,2022-03,57.7
Average Occupancy Rate - Large (Per Cent),group,2022-04,65.9
Average Occupancy Rate - Large (Per Cent),group,2022-05,72.0
Average Occupancy Rate - Large (Per Cent),group,2022-06,77.8
Average Occupancy Rate - Large (Per Cent),group,2022-07,79.0
Average Occupancy Rate - Large (Per Cent),group,2022-08,77.5
Average Occupancy Rate - Large (Per Cent),group,2022-09,82.8
Average Occupancy Rate - Large (Per Cent),group,2022-10,84.6
Average Occupancy Rate - Large (Per Cent),group,2022-11,86.3
Average Occupancy Rate - Large (Per Cent),group,2022-12,77.6
Average Occupancy Rate - Large (Per Cent),group,2023-01,70.3
Average Occupancy Rate - Large (Per Cent),group,2023-02,85.2
Average Occupancy Rate - Large (Per Cent),group,2023-03,79.9
Average Occupancy Rate - Large (Per Cent),group,2023-04,78.1
Average Occupancy Rate - Large (Per Cent),group,2023-05,80.1
Average Occupancy Rate - Large (Per Cent),group,2023-06,80.3
Average Occupancy Rate - Large (Per Cent),group,2023-07,90.0
Average Occupancy Rate - Large (Per Cent),group,2023-08,85.9
Average Occupancy Rate - Large (Per Cent),group,2023-09,82.1
Average Occupancy Rate - Large (Per Cent),group,2023-10,77.0
Average Occupancy Rate - Large (Per Cent),group,2023-11,77.9
Average Occupancy Rate - Large (Per Cent),group,2023-12,72.7
Average Occupancy Rate - Large (Per Cent),group,2024-01,77.5
Average Occupancy Rate - Large (Per Cent),group,2024-02,83.3
Average Occupancy Rate - Large (Per Cent),group,2024-03,83.4
Average Occupancy Rate - Large (Per Cent),group,2024-04,77.6
Average Occupancy Rate - Large (Per Cent),group,2024-05,78.3
Average Occupancy Rate - Large (Per Cent),group,2024-06,76.8
Average Occupancy Rate - Large (Per Cent),group,2024-07,89.4
Average Occupancy Rate - Large (Per Cent),group,2024-08,88.2
Average Occupancy Rate - Large (Per Cent),group,2024-09,83.2
Average Occupancy Rate - Large (Per Cent),group,2024-10,81.4
Average Occupancy Rate - Large (Per Cent),group,2024-11,81.9
Average Occupancy Rate - Large (Per Cent),group,2024-12,74.6
Average Occupancy Rate - Large (Per Cent),group,2025-01,82.3
Average Occupancy Rate - Large (Per Cent),group,2025-02,84.4
Average Occupancy Rate - Large (Per Cent),group,2025-03,76.1
Average Occupancy Rate - Large (Per Cent),group,2025-04,78.2
Average Occupancy Rate - Large (Per Cent),group,2025-05,79.5
Average Occupancy Rate - Large (Per Cent),group,2025-06,74.4
Average Occupancy Rate - Large (Per Cent),group,2025-07,91.3
Average Occupancy Rate - Large (Per Cent),group,2025-08,90.0
Average Occupancy Rate - Large (Per Cent),group,2025-09,81.6
Average Occupancy Rate - Large (Per Cent),group,2025-10,85.1
Average Occupancy Rate - Large (Per Cent),group,2025-11,85.8
Average Occupancy Rate - Large (Per Cent),group,2025-12,77.0
Average Occupancy Rate - Large (Per Cent),group,2026-01,82.3
Average Occupancy Rate - Large (Per Cent),group,2026-02,88.6
Average Occupancy Rate - Large (Per Cent),group,2026-03,80.7
Average Occupancy Rate - Large (Per Cent),group,2026-04,79.0
Average Occupancy Rate - Large (Per Cent),group,2026-05,76.3
Average Occupancy Rate - Large (Per Cent),group,2026-06,77.5
Average Occupancy Rate - Medium (Per Cent),group,2008-01,80.9
Average Occupancy Rate - Medium (Per Cent),group,2008-02,78.3
Average Occupancy Rate - Medium (Per Cent),group,2008-03,83.8
Average Occupancy Rate - Medium (Per Cent),group,2008-04,80.0
Average Occupancy Rate - Medium (Per Cent),group,2008-05,78.5
Average Occupancy Rate - Medium (Per Cent),group,2008-06,79.9
Average Occupancy Rate - Medium (Per Cent),group,2008-07,81.6
Average Occupancy Rate - Medium (Per Cent),group,2008-08,76.6
Average Occupancy Rate - Medium (Per Cent),group,2008-09,68.0
Average Occupancy Rate - Medium (Per Cent),group,2008-10,74.3
Average Occupancy Rate - Medium (Per Cent),group,2008-11,74.2
Average Occupancy Rate - Medium (Per Cent),group,2008-12,68.7
Average Occupancy Rate - Medium (Per Cent),group,2009-01,60.0
Average Occupancy Rate - Medium (Per Cent),group,2009-02,67.0
Average Occupancy Rate - Medium (Per Cent),group,2009-03,66.6
Average Occupancy Rate - Medium (Per Cent),group,2009-04,64.7
Average Occupancy Rate - Medium (Per Cent),group,2009-05,61.9
Average Occupancy Rate - Medium (Per Cent),group,2009-06,67.6
Average Occupancy Rate - Medium (Per Cent),group,2009-07,70.6
Average Occupancy Rate - Medium (Per Cent),group,2009-08,69.7
Average Occupancy Rate - Medium (Per Cent),group,2009-09,67.9
Average Occupancy Rate - Medium (Per Cent),group,2009-10,75.9
Average Occupancy Rate - Medium (Per Cent),group,2009-11,79.6
Average Occupancy Rate - Medium (Per Cent),group,2009-12,76.3
Average Occupancy Rate - Medium (Per Cent),group,2010-01,78.2
Average Occupancy Rate - Medium (Per Cent),group,2010-02,78.4
Average Occupancy Rate - Medium (Per Cent),group,2010-03,86.7
Average Occupancy Rate - Medium (Per Cent),group,2010-04,83.9
Average Occupancy Rate - Medium (Per Cent),group,2010-05,85.0
Average Occupancy Rate - Medium (Per Cent),group,2010-06,88.8
Average Occupancy Rate - Medium (Per Cent),group,2010-07,89.0
Average Occupancy Rate - Medium (Per Cent),group,2010-08,84.7
Average Occupancy Rate - Medium (Per Cent),group,2010-09,79.6
Average Occupancy Rate - Medium (Per Cent),group,2010-10,84.6
Average Occupancy Rate - Medium (Per Cent),group,2010-11,86.0
Average Occupancy Rate - Medium (Per Cent),group,2010-12,83.9
Average Occupancy Rate - Medium (Per Cent),group,2011-01,82.5
Average Occupancy Rate - Medium (Per Cent),group,2011-02,82.2
Average Occupancy Rate - Medium (Per Cent),group,2011-03,86.0
Average Occupancy Rate - Medium (Per Cent),group,2011-04,85.7
Average Occupancy Rate - Medium (Per Cent),group,2011-05,83.2
Average Occupancy Rate - Medium (Per Cent),group,2011-06,84.7
Average Occupancy Rate - Medium (Per Cent),group,2011-07,89.8
Average Occupancy Rate - Medium (Per Cent),group,2011-08,79.5
Average Occupancy Rate - Medium (Per Cent),group,2011-09,78.8
Average Occupancy Rate - Medium (Per Cent),group,2011-10,82.1
Average Occupancy Rate - Medium (Per Cent),group,2011-11,83.9
Average Occupancy Rate - Medium (Per Cent),group,2011-12,79.1
Average Occupancy Rate - Medium (Per Cent),group,2012-01,76.8
Average Occupancy Rate - Medium (Per Cent),group,2012-02,85.8
Average Occupancy Rate - Medium (Per Cent),group,2012-03,84.1
Average Occupancy Rate - Medium (Per Cent),group,2012-04,83.1
Average Occupancy Rate - Medium (Per Cent),group,2012-05,80.9
Average Occupancy Rate - Medium (Per Cent),group,2012-06,84.7
Average Occupancy Rate - Medium (Per Cent),group,2012-07,88.6
Average Occupancy Rate - Medium (Per Cent),group,2012-08,86.7
Average Occupancy Rate - Medium (Per Cent),group,2012-09,79.8
Average Occupancy Rate - Medium (Per Cent),group,2012-10,83.3
Average Occupancy Rate - Medium (Per Cent),group,2012-11,86.1
Average Occupancy Rate - Medium (Per Cent),group,2012-12,81.2
Average Occupancy Rate - Medium (Per Cent),group,2013-01,81.1
Average Occupancy Rate - Medium (Per Cent),group,2013-02,81.0
Average Occupancy Rate - Medium (Per Cent),group,2013-03,84.1
Average Occupancy Rate - Medium (Per Cent),group,2013-04,82.9
Average Occupancy Rate - Medium (Per Cent),group,2013-05,82.0
Average Occupancy Rate - Medium (Per Cent),group,2013-06,85.4
Average Occupancy Rate - Medium (Per Cent),group,2013-07,86.7
Average Occupancy Rate - Medium (Per Cent),group,2013-08,87.6
Average Occupancy Rate - Medium (Per Cent),group,2013-09,79.8
Average Occupancy Rate - Medium (Per Cent),group,2013-10,83.7
Average Occupancy Rate - Medium (Per Cent),group,2013-11,83.2
Average Occupancy Rate - Medium (Per Cent),group,2013-12,78.4
Average Occupancy Rate - Medium (Per Cent),group,2014-01,74.7
Average Occupancy Rate - Medium (Per Cent),group,2014-02,82.8
Average Occupancy Rate - Medium (Per Cent),group,2014-03,82.0
Average Occupancy Rate - Medium (Per Cent),group,2014-04,78.9
Average Occupancy Rate - Medium (Per Cent),group,2014-05,77.9
Average Occupancy Rate - Medium (Per Cent),group,2014-06,81.0
Average Occupancy Rate - Medium (Per Cent),group,2014-07,87.0
Average Occupancy Rate - Medium (Per Cent),group,2014-08,88.1
Average Occupancy Rate - Medium (Per Cent),group,2014-09,78.9
Average Occupancy Rate - Medium (Per Cent),group,2014-10,82.1
Average Occupancy Rate - Medium (Per Cent),group,2014-11,81.0
Average Occupancy Rate - Medium (Per Cent),group,2014-12,76.3
Average Occupancy Rate - Medium (Per Cent),group,2015-01,77.9
Average Occupancy Rate - Medium (Per Cent),group,2015-02,81.2
Average Occupancy Rate - Medium (Per Cent),group,2015-03,80.3
Average Occupancy Rate - Medium (Per Cent),group,2015-04,79.5
Average Occupancy Rate - Medium (Per Cent),group,2015-05,81.0
Average Occupancy Rate - Medium (Per Cent),group,2015-06,80.6
Average Occupancy Rate - Medium (Per Cent),group,2015-07,87.2
Average Occupancy Rate - Medium (Per Cent),group,2015-08,89.0
Average Occupancy Rate - Medium (Per Cent),group,2015-09,76.8
Average Occupancy Rate - Medium (Per Cent),group,2015-10,83.3
Average Occupancy Rate - Medium (Per Cent),group,2015-11,79.6
Average Occupancy Rate - Medium (Per Cent),group,2015-12,75.9
Average Occupancy Rate - Medium (Per Cent),group,2016-01,80.6
Average Occupancy Rate - Medium (Per Cent),group,2016-02,81.6
Average Occupancy Rate - Medium (Per Cent),group,2016-03,81.1
Average Occupancy Rate - Medium (Per Cent),group,2016-04,81.8
Average Occupancy Rate - Medium (Per Cent),group,2016-05,80.3
Average Occupancy Rate - Medium (Per Cent),group,2016-06,77.9
Average Occupancy Rate - Medium (Per Cent),group,2016-07,89.1
Average Occupancy Rate - Medium (Per Cent),group,2016-08,84.0
Average Occupancy Rate - Medium (Per Cent),group,2016-09,75.1
Average Occupancy Rate - Medium (Per Cent),group,2016-10,76.1
Average Occupancy Rate - Medium (Per Cent),group,2016-11,76.4
Average Occupancy Rate - Medium (Per Cent),group,2016-12,77.3
Average Occupancy Rate - Medium (Per Cent),group,2017-01,78.6
Average Occupancy Rate - Medium (Per Cent),group,2017-02,85.2
Average Occupancy Rate - Medium (Per Cent),group,2017-03,82.2
Average Occupancy Rate - Medium (Per Cent),group,2017-04,82.7
Average Occupancy Rate - Medium (Per Cent),group,2017-05,80.5
Average Occupancy Rate - Medium (Per Cent),group,2017-06,82.1
Average Occupancy Rate - Medium (Per Cent),group,2017-07,90.9
Average Occupancy Rate - Medium (Per Cent),group,2017-08,88.6
Average Occupancy Rate - Medium (Per Cent),group,2017-09,82.1
Average Occupancy Rate - Medium (Per Cent),group,2017-10,81.4
Average Occupancy Rate - Medium (Per Cent),group,2017-11,83.3
Average Occupancy Rate - Medium (Per Cent),group,2017-12,79.1
Average Occupancy Rate - Medium (Per Cent),group,2018-01,81.6
Average Occupancy Rate - Medium (Per Cent),group,2018-02,86.5
Average Occupancy Rate - Medium (Per Cent),group,2018-03,85.1
Average Occupancy Rate - Medium (Per Cent),group,2018-04,83.6
Average Occupancy Rate - Medium (Per Cent),group,2018-05,80.3
Average Occupancy Rate - Medium (Per Cent),group,2018-06,83.3
Average Occupancy Rate - Medium (Per Cent),group,2018-07,90.4
Average Occupancy Rate - Medium (Per Cent),group,2018-08,89.9
Average Occupancy Rate - Medium (Per Cent),group,2018-09,83.8
Average Occupancy Rate - Medium (Per Cent),group,2018-10,84.1
Average Occupancy Rate - Medium (Per Cent),group,2018-11,83.0
Average Occupancy Rate - Medium (Per Cent),group,2018-12,79.5
Average Occupancy Rate - Medium (Per Cent),group,2019-01,83.4
Average Occupancy Rate - Medium (Per Cent),group,2019-02,87.4
Average Occupancy Rate - Medium (Per Cent),group,2019-03,81.9
Average Occupancy Rate - Medium (Per Cent),group,2019-04,83.7
Average Occupancy Rate - Medium (Per Cent),group,2019-05,80.7
Average Occupancy Rate - Medium (Per Cent),group,2019-06,84.4
Average Occupancy Rate - Medium (Per Cent),group,2019-07,92.6
Average Occupancy Rate - Medium (Per Cent),group,2019-08,91.5
Average Occupancy Rate - Medium (Per Cent),group,2019-09,85.2
Average Occupancy Rate - Medium (Per Cent),group,2019-10,84.6
Average Occupancy Rate - Medium (Per Cent),group,2019-11,86.4
Average Occupancy Rate - Medium (Per Cent),group,2019-12,80.1
Average Occupancy Rate - Medium (Per Cent),group,2020-01,81.7
Average Occupancy Rate - Medium (Per Cent),group,2020-02,49.3
Average Occupancy Rate - Medium (Per Cent),group,2020-03,40.0
Average Occupancy Rate - Medium (Per Cent),group,2020-04,41.2
Average Occupancy Rate - Medium (Per Cent),group,2020-05,54.7
Average Occupancy Rate - Medium (Per Cent),group,2020-06,46.7
Average Occupancy Rate - Medium (Per Cent),group,2020-07,59.9
Average Occupancy Rate - Medium (Per Cent),group,2020-08,66.8
Average Occupancy Rate - Medium (Per Cent),group,2020-09,62.4
Average Occupancy Rate - Medium (Per Cent),group,2020-10,56.1
Average Occupancy Rate - Medium (Per Cent),group,2020-11,50.7
Average Occupancy Rate - Medium (Per Cent),group,2020-12,57.9
Average Occupancy Rate - Medium (Per Cent),group,2021-01,43.5
Average Occupancy Rate - Medium (Per Cent),group,2021-02,42.6
Average Occupancy Rate - Medium (Per Cent),group,2021-03,48.3
Average Occupancy Rate - Medium (Per Cent),group,2021-04,49.6
Average Occupancy Rate - Medium (Per Cent),group,2021-05,46.1
Average Occupancy Rate - Medium (Per Cent),group,2021-06,48.3
Average Occupancy Rate - Medium (Per Cent),group,2021-07,52.1
Average Occupancy Rate - Medium (Per Cent),group,2021-08,52.3
Average Occupancy Rate - Medium (Per Cent),group,2021-09,61.0
Average Occupancy Rate - Medium (Per Cent),group,2021-10,63.5
Average Occupancy Rate - Medium (Per Cent),group,2021-11,74.3
Average Occupancy Rate - Medium (Per Cent),group,2021-12,78.6
Average Occupancy Rate - Medium (Per Cent),group,2022-01,59.4
Average Occupancy Rate - Medium (Per Cent),group,2022-02,61.6
Average Occupancy Rate - Medium (Per Cent),group,2022-03,61.7
Average Occupancy Rate - Medium (Per Cent),group,2022-04,65.0
Average Occupancy Rate - Medium (Per Cent),group,2022-05,70.9
Average Occupancy Rate - Medium (Per Cent),group,2022-06,75.8
Average Occupancy Rate - Medium (Per Cent),group,2022-07,76.4
Average Occupancy Rate - Medium (Per Cent),group,2022-08,74.3
Average Occupancy Rate - Medium (Per Cent),group,2022-09,82.3
Average Occupancy Rate - Medium (Per Cent),group,2022-10,82.6
Average Occupancy Rate - Medium (Per Cent),group,2022-11,83.3
Average Occupancy Rate - Medium (Per Cent),group,2022-12,78.2
Average Occupancy Rate - Medium (Per Cent),group,2023-01,71.3
Average Occupancy Rate - Medium (Per Cent),group,2023-02,83.7
Average Occupancy Rate - Medium (Per Cent),group,2023-03,78.4
Average Occupancy Rate - Medium (Per Cent),group,2023-04,79.9
Average Occupancy Rate - Medium (Per Cent),group,2023-05,80.9
Average Occupancy Rate - Medium (Per Cent),group,2023-06,82.3
Average Occupancy Rate - Medium (Per Cent),group,2023-07,90.9
Average Occupancy Rate - Medium (Per Cent),group,2023-08,86.7
Average Occupancy Rate - Medium (Per Cent),group,2023-09,83.9
Average Occupancy Rate - Medium (Per Cent),group,2023-10,78.6
Average Occupancy Rate - Medium (Per Cent),group,2023-11,78.3
Average Occupancy Rate - Medium (Per Cent),group,2023-12,75.8
Average Occupancy Rate - Medium (Per Cent),group,2024-01,77.4
Average Occupancy Rate - Medium (Per Cent),group,2024-02,82.5
Average Occupancy Rate - Medium (Per Cent),group,2024-03,82.7
Average Occupancy Rate - Medium (Per Cent),group,2024-04,77.4
Average Occupancy Rate - Medium (Per Cent),group,2024-05,78.8
Average Occupancy Rate - Medium (Per Cent),group,2024-06,75.7
Average Occupancy Rate - Medium (Per Cent),group,2024-07,89.3
Average Occupancy Rate - Medium (Per Cent),group,2024-08,86.5
Average Occupancy Rate - Medium (Per Cent),group,2024-09,81.7
Average Occupancy Rate - Medium (Per Cent),group,2024-10,79.5
Average Occupancy Rate - Medium (Per Cent),group,2024-11,80.3
Average Occupancy Rate - Medium (Per Cent),group,2024-12,74.3
Average Occupancy Rate - Medium (Per Cent),group,2025-01,79.7
Average Occupancy Rate - Medium (Per Cent),group,2025-02,81.5
Average Occupancy Rate - Medium (Per Cent),group,2025-03,74.3
Average Occupancy Rate - Medium (Per Cent),group,2025-04,77.5
Average Occupancy Rate - Medium (Per Cent),group,2025-05,78.4
Average Occupancy Rate - Medium (Per Cent),group,2025-06,75.0
Average Occupancy Rate - Medium (Per Cent),group,2025-07,90.8
Average Occupancy Rate - Medium (Per Cent),group,2025-08,88.3
Average Occupancy Rate - Medium (Per Cent),group,2025-09,78.2
Average Occupancy Rate - Medium (Per Cent),group,2025-10,82.3
Average Occupancy Rate - Medium (Per Cent),group,2025-11,81.9
Average Occupancy Rate - Medium (Per Cent),group,2025-12,73.0
Average Occupancy Rate - Medium (Per Cent),group,2026-01,78.2
Average Occupancy Rate - Medium (Per Cent),group,2026-02,84.0
Average Occupancy Rate - Medium (Per Cent),group,2026-03,75.9
Average Occupancy Rate - Medium (Per Cent),group,2026-04,75.0
Average Occupancy Rate - Medium (Per Cent),group,2026-05,71.8
Average Occupancy Rate - Medium (Per Cent),group,2026-06,72.7
Average Occupancy Rate - Small (Per Cent),group,2008-01,81.1
Average Occupancy Rate - Small (Per Cent),group,2008-02,78.6
Average Occupancy Rate - Small (Per Cent),group,2008-03,82.0
Average Occupancy Rate - Small (Per Cent),group,2008-04,80.5
Average Occupancy Rate - Small (Per Cent),group,2008-05,79.3
Average Occupancy Rate - Small (Per Cent),group,2008-06,79.9
Average Occupancy Rate - Small (Per Cent),group,2008-07,81.0
Average Occupancy Rate - Small (Per Cent),group,2008-08,74.9
Average Occupancy Rate - Small (Per Cent),group,2008-09,67.6
Average Occupancy Rate - Small (Per Cent),group,2008-10,72.6
Average Occupancy Rate - Small (Per Cent),group,2008-11,72.0
Average Occupancy Rate - Small (Per Cent),group,2008-12,73.2
Average Occupancy Rate - Small (Per Cent),group,2009-01,55.9
Average Occupancy Rate - Small (Per Cent),group,2009-02,58.5
Average Occupancy Rate - Small (Per Cent),group,2009-03,63.3
Average Occupancy Rate - Small (Per Cent),group,2009-04,62.2
Average Occupancy Rate - Small (Per Cent),group,2009-05,60.6
Average Occupancy Rate - Small (Per Cent),group,2009-06,62.7
Average Occupancy Rate - Small (Per Cent),group,2009-07,65.3
Average Occupancy Rate - Small (Per Cent),group,2009-08,63.4
Average Occupancy Rate - Small (Per Cent),group,2009-09,63.7
Average Occupancy Rate - Small (Per Cent),group,2009-10,65.3
Average Occupancy Rate - Small (Per Cent),group,2009-11,65.8
Average Occupancy Rate - Small (Per Cent),group,2009-12,72.1
Average Occupancy Rate - Small (Per Cent),group,2010-01,67.8
Average Occupancy Rate - Small (Per Cent),group,2010-02,67.3
Average Occupancy Rate - Small (Per Cent),group,2010-03,74.1
Average Occupancy Rate - Small (Per Cent),group,2010-04,74.3
Average Occupancy Rate - Small (Per Cent),group,2010-05,77.4
Average Occupancy Rate - Small (Per Cent),group,2010-06,79.0
Average Occupancy Rate - Small (Per Cent),group,2010-07,79.2
Average Occupancy Rate - Small (Per Cent),group,2010-08,72.7
Average Occupancy Rate - Small (Per Cent),group,2010-09,70.7
Average Occupancy Rate - Small (Per Cent),group,2010-10,72.8
Average Occupancy Rate - Small (Per Cent),group,2010-11,75.6
Average Occupancy Rate - Small (Per Cent),group,2010-12,76.3
Average Occupancy Rate - Small (Per Cent),group,2011-01,72.6
Average Occupancy Rate - Small (Per Cent),group,2011-02,71.9
Average Occupancy Rate - Small (Per Cent),group,2011-03,81.7
Average Occupancy Rate - Small (Per Cent),group,2011-04,80.9
Average Occupancy Rate - Small (Per Cent),group,2011-05,79.9
Average Occupancy Rate - Small (Per Cent),group,2011-06,80.3
Average Occupancy Rate - Small (Per Cent),group,2011-07,88.2
Average Occupancy Rate - Small (Per Cent),group,2011-08,73.1
Average Occupancy Rate - Small (Per Cent),group,2011-09,71.8
Average Occupancy Rate - Small (Per Cent),group,2011-10,73.0
Average Occupancy Rate - Small (Per Cent),group,2011-11,75.1
Average Occupancy Rate - Small (Per Cent),group,2011-12,74.7
Average Occupancy Rate - Small (Per Cent),group,2012-01,68.6
Average Occupancy Rate - Small (Per Cent),group,2012-02,79.4
Average Occupancy Rate - Small (Per Cent),group,2012-03,77.9
Average Occupancy Rate - Small (Per Cent),group,2012-04,77.9
Average Occupancy Rate - Small (Per Cent),group,2012-05,74.1
Average Occupancy Rate - Small (Per Cent),group,2012-06,75.5
Average Occupancy Rate - Small (Per Cent),group,2012-07,82.8
Average Occupancy Rate - Small (Per Cent),group,2012-08,79.4
Average Occupancy Rate - Small (Per Cent),group,2012-09,73.4
Average Occupancy Rate - Small (Per Cent),group,2012-10,75.3
Average Occupancy Rate - Small (Per Cent),group,2012-11,81.0
Average Occupancy Rate - Small (Per Cent),group,2012-12,77.4
Average Occupancy Rate - Small (Per Cent),group,2013-01,73.1
Average Occupancy Rate - Small (Per Cent),group,2013-02,70.4
Average Occupancy Rate - Small (Per Cent),group,2013-03,77.1
Average Occupancy Rate - Small (Per Cent),group,2013-04,72.5
Average Occupancy Rate - Small (Per Cent),group,2013-05,72.3
Average Occupancy Rate - Small (Per Cent),group,2013-06,76.8
Average Occupancy Rate - Small (Per Cent),group,2013-07,76.1
Average Occupancy Rate - Small (Per Cent),group,2013-08,78.5
Average Occupancy Rate - Small (Per Cent),group,2013-09,69.9
Average Occupancy Rate - Small (Per Cent),group,2013-10,69.8
Average Occupancy Rate - Small (Per Cent),group,2013-11,71.1
Average Occupancy Rate - Small (Per Cent),group,2013-12,70.9
Average Occupancy Rate - Small (Per Cent),group,2014-01,65.8
Average Occupancy Rate - Small (Per Cent),group,2014-02,71.9
Average Occupancy Rate - Small (Per Cent),group,2014-03,70.7
Average Occupancy Rate - Small (Per Cent),group,2014-04,69.4
Average Occupancy Rate - Small (Per Cent),group,2014-05,68.7
Average Occupancy Rate - Small (Per Cent),group,2014-06,71.6
Average Occupancy Rate - Small (Per Cent),group,2014-07,73.3
Average Occupancy Rate - Small (Per Cent),group,2014-08,75.6
Average Occupancy Rate - Small (Per Cent),group,2014-09,66.0
Average Occupancy Rate - Small (Per Cent),group,2014-10,69.3
Average Occupancy Rate - Small (Per Cent),group,2014-11,70.0
Average Occupancy Rate - Small (Per Cent),group,2014-12,70.9
Average Occupancy Rate - Small (Per Cent),group,2015-01,65.4
Average Occupancy Rate - Small (Per Cent),group,2015-02,66.3
Average Occupancy Rate - Small (Per Cent),group,2015-03,68.0
Average Occupancy Rate - Small (Per Cent),group,2015-04,69.0
Average Occupancy Rate - Small (Per Cent),group,2015-05,74.8
Average Occupancy Rate - Small (Per Cent),group,2015-06,73.9
Average Occupancy Rate - Small (Per Cent),group,2015-07,81.9
Average Occupancy Rate - Small (Per Cent),group,2015-08,82.1
Average Occupancy Rate - Small (Per Cent),group,2015-09,71.7
Average Occupancy Rate - Small (Per Cent),group,2015-10,75.7
Average Occupancy Rate - Small (Per Cent),group,2015-11,72.0
Average Occupancy Rate - Small (Per Cent),group,2015-12,70.0
Average Occupancy Rate - Small (Per Cent),group,2016-01,67.5
Average Occupancy Rate - Small (Per Cent),group,2016-02,68.0
Average Occupancy Rate - Small (Per Cent),group,2016-03,69.7
Average Occupancy Rate - Small (Per Cent),group,2016-04,75.0
Average Occupancy Rate - Small (Per Cent),group,2016-05,75.8
Average Occupancy Rate - Small (Per Cent),group,2016-06,67.0
Average Occupancy Rate - Small (Per Cent),group,2016-07,83.0
Average Occupancy Rate - Small (Per Cent),group,2016-08,77.5
Average Occupancy Rate - Small (Per Cent),group,2016-09,69.4
Average Occupancy Rate - Small (Per Cent),group,2016-10,69.5
Average Occupancy Rate - Small (Per Cent),group,2016-11,68.7
Average Occupancy Rate - Small (Per Cent),group,2016-12,71.2
Average Occupancy Rate - Small (Per Cent),group,2017-01,69.8
Average Occupancy Rate - Small (Per Cent),group,2017-02,74.8
Average Occupancy Rate - Small (Per Cent),group,2017-03,72.9
Average Occupancy Rate - Small (Per Cent),group,2017-04,76.2
Average Occupancy Rate - Small (Per Cent),group,2017-05,72.3
Average Occupancy Rate - Small (Per Cent),group,2017-06,71.3
Average Occupancy Rate - Small (Per Cent),group,2017-07,83.5
Average Occupancy Rate - Small (Per Cent),group,2017-08,78.2
Average Occupancy Rate - Small (Per Cent),group,2017-09,72.1
Average Occupancy Rate - Small (Per Cent),group,2017-10,69.9
Average Occupancy Rate - Small (Per Cent),group,2017-11,72.6
Average Occupancy Rate - Small (Per Cent),group,2017-12,69.8
Average Occupancy Rate - Small (Per Cent),group,2018-01,70.2
Average Occupancy Rate - Small (Per Cent),group,2018-02,74.3
Average Occupancy Rate - Small (Per Cent),group,2018-03,73.2
Average Occupancy Rate - Small (Per Cent),group,2018-04,76.2
Average Occupancy Rate - Small (Per Cent),group,2018-05,73.1
Average Occupancy Rate - Small (Per Cent),group,2018-06,73.7
Average Occupancy Rate - Small (Per Cent),group,2018-07,86.6
Average Occupancy Rate - Small (Per Cent),group,2018-08,80.4
Average Occupancy Rate - Small (Per Cent),group,2018-09,70.6
Average Occupancy Rate - Small (Per Cent),group,2018-10,74.5
Average Occupancy Rate - Small (Per Cent),group,2018-11,72.3
Average Occupancy Rate - Small (Per Cent),group,2018-12,70.2
Average Occupancy Rate - Small (Per Cent),group,2019-01,72.7
Average Occupancy Rate - Small (Per Cent),group,2019-02,73.0
Average Occupancy Rate - Small (Per Cent),group,2019-03,71.1
Average Occupancy Rate - Small (Per Cent),group,2019-04,75.5
Average Occupancy Rate - Small (Per Cent),group,2019-05,71.4
Average Occupancy Rate - Small (Per Cent),group,2019-06,74.9
Average Occupancy Rate - Small (Per Cent),group,2019-07,87.0
Average Occupancy Rate - Small (Per Cent),group,2019-08,82.4
Average Occupancy Rate - Small (Per Cent),group,2019-09,74.6
Average Occupancy Rate - Small (Per Cent),group,2019-10,74.3
Average Occupancy Rate - Small (Per Cent),group,2019-11,75.0
Average Occupancy Rate - Small (Per Cent),group,2019-12,69.2
Average Occupancy Rate - Small (Per Cent),group,2020-01,72.6
Average Occupancy Rate - Small (Per Cent),group,2020-02,45.7
Average Occupancy Rate - Small (Per Cent),group,2020-03,43.4
Average Occupancy Rate - Small (Per Cent),group,2020-04,44.2
Average Occupancy Rate - Small (Per Cent),group,2020-05,52.5
Average Occupancy Rate - Small (Per Cent),group,2020-06,52.1
Average Occupancy Rate - Small (Per Cent),group,2020-07,61.8
Average Occupancy Rate - Small (Per Cent),group,2020-08,65.6
Average Occupancy Rate - Small (Per Cent),group,2020-09,67.5
Average Occupancy Rate - Small (Per Cent),group,2020-10,63.8
Average Occupancy Rate - Small (Per Cent),group,2020-11,61.9
Average Occupancy Rate - Small (Per Cent),group,2020-12,54.8
Average Occupancy Rate - Small (Per Cent),group,2021-01,47.0
Average Occupancy Rate - Small (Per Cent),group,2021-02,47.5
Average Occupancy Rate - Small (Per Cent),group,2021-03,54.6
Average Occupancy Rate - Small (Per Cent),group,2021-04,54.4
Average Occupancy Rate - Small (Per Cent),group,2021-05,58.2
Average Occupancy Rate - Small (Per Cent),group,2021-06,58.1
Average Occupancy Rate - Small (Per Cent),group,2021-07,64.5
Average Occupancy Rate - Small (Per Cent),group,2021-08,61.2
Average Occupancy Rate - Small (Per Cent),group,2021-09,68.7
Average Occupancy Rate - Small (Per Cent),group,2021-10,72.1
Average Occupancy Rate - Small (Per Cent),group,2021-11,82.4
Average Occupancy Rate - Small (Per Cent),group,2021-12,82.8
Average Occupancy Rate - Small (Per Cent),group,2022-01,67.8
Average Occupancy Rate - Small (Per Cent),group,2022-02,74.2
Average Occupancy Rate - Small (Per Cent),group,2022-03,73.1
Average Occupancy Rate - Small (Per Cent),group,2022-04,71.9
Average Occupancy Rate - Small (Per Cent),group,2022-05,81.4
Average Occupancy Rate - Small (Per Cent),group,2022-06,84.8
Average Occupancy Rate - Small (Per Cent),group,2022-07,85.6
Average Occupancy Rate - Small (Per Cent),group,2022-08,81.0
Average Occupancy Rate - Small (Per Cent),group,2022-09,84.4
Average Occupancy Rate - Small (Per Cent),group,2022-10,87.5
Average Occupancy Rate - Small (Per Cent),group,2022-11,88.2
Average Occupancy Rate - Small (Per Cent),group,2022-12,82.1
Average Occupancy Rate - Small (Per Cent),group,2023-01,77.8
Average Occupancy Rate - Small (Per Cent),group,2023-02,86.9
Average Occupancy Rate - Small (Per Cent),group,2023-03,84.7
Average Occupancy Rate - Small (Per Cent),group,2023-04,83.3
Average Occupancy Rate - Small (Per Cent),group,2023-05,84.6
Average Occupancy Rate - Small (Per Cent),group,2023-06,84.2
Average Occupancy Rate - Small (Per Cent),group,2023-07,91.0
Average Occupancy Rate - Small (Per Cent),group,2023-08,87.8
Average Occupancy Rate - Small (Per Cent),group,2023-09,84.0
Average Occupancy Rate - Small (Per Cent),group,2023-10,80.4
Average Occupancy Rate - Small (Per Cent),group,2023-11,80.7
Average Occupancy Rate - Small (Per Cent),group,2023-12,78.2
Average Occupancy Rate - Small (Per Cent),group,2024-01,82.8
Average Occupancy Rate - Small (Per Cent),group,2024-02,83.7
Average Occupancy Rate - Small (Per Cent),group,2024-03,84.8
Average Occupancy Rate - Small (Per Cent),group,2024-04,81.8
Average Occupancy Rate - Small (Per Cent),group,2024-05,82.3
Average Occupancy Rate - Small (Per Cent),group,2024-06,80.1
Average Occupancy Rate - Small (Per Cent),group,2024-07,89.5
Average Occupancy Rate - Small (Per Cent),group,2024-08,88.1
Average Occupancy Rate - Small (Per Cent),group,2024-09,85.2
Average Occupancy Rate - Small (Per Cent),group,2024-10,83.6
Average Occupancy Rate - Small (Per Cent),group,2024-11,83.7
Average Occupancy Rate - Small (Per Cent),group,2024-12,80.4
Average Occupancy Rate - Small (Per Cent),group,2025-01,83.5
Average Occupancy Rate - Small (Per Cent),group,2025-02,85.0
Average Occupancy Rate - Small (Per Cent),group,2025-03,80.7
Average Occupancy Rate - Small (Per Cent),group,2025-04,83.7
Average Occupancy Rate - Small (Per Cent),group,2025-05,83.7
Average Occupancy Rate - Small (Per Cent),group,2025-06,80.1
Average Occupancy Rate - Small (Per Cent),group,2025-07,92.0
Average Occupancy Rate - Small (Per Cent),group,2025-08,90.0
Average Occupancy Rate - Small (Per Cent),group,2025-09,82.9
Average Occupancy Rate - Small (Per Cent),group,2025-10,87.6
Average Occupancy Rate - Small (Per Cent),group,2025-11,86.4
Average Occupancy Rate - Small (Per Cent),group,2025-12,80.9
Average Occupancy Rate - Small (Per Cent),group,2026-01,84.1
Average Occupancy Rate - Small (Per Cent),group,2026-02,88.9
Average Occupancy Rate - Small (Per Cent),group,2026-03,83.9
Average Occupancy Rate - Small (Per Cent),group,2026-04,81.7
Average Occupancy Rate - Small (Per Cent),group,2026-05,78.0
Average Occupancy Rate - Small (Per Cent),group,2026-06,76.0
Average Room Rate (Dollar),group,2008-01,235.9
Average Room Rate (Dollar),group,2008-02,254.3
Average Room Rate (Dollar),group,2008-03,237.2
Average Room Rate (Dollar),group,2008-04,251.6
Average Room Rate (Dollar),group,2008-05,244.2
Average Room Rate (Dollar),group,2008-06,245.1
Average Room Rate (Dollar),group,2008-07,236.6
Average Room Rate (Dollar),group,2008-08,230.5
Average Room Rate (Dollar),group,2008-09,298.6
Average Room Rate (Dollar),group,2008-10,236.3
Average Room Rate (Dollar),group,2008-11,229.9
Average Room Rate (Dollar),group,2008-12,212.5
Average Room Rate (Dollar),group,2009-01,205.2
Average Room Rate (Dollar),group,2009-02,202.6
Average Room Rate (Dollar),group,2009-03,196.4
Average Room Rate (Dollar),group,2009-04,185.2
Average Room Rate (Dollar),group,2009-05,180.6
Average Room Rate (Dollar),group,2009-06,175.5
Average Room Rate (Dollar),group,2009-07,171.6
Average Room Rate (Dollar),group,2009-08,170.2
Average Room Rate (Dollar),group,2009-09,199.4
Average Room Rate (Dollar),group,2009-10,178.4
Average Room Rate (Dollar),group,2009-11,192.4
Average Room Rate (Dollar),group,2009-12,173.2
Average Room Rate (Dollar),group,2010-01,180.0
Average Room Rate (Dollar),group,2010-02,189.7
Average Room Rate (Dollar),group,2010-03,192.4
Average Room Rate (Dollar),group,2010-04,199.6
Average Room Rate (Dollar),group,2010-05,199.8
Average Room Rate (Dollar),group,2010-06,208.3
Average Room Rate (Dollar),group,2010-07,200.8
Average Room Rate (Dollar),group,2010-08,211.7
Average Room Rate (Dollar),group,2010-09,231.5
Average Room Rate (Dollar),group,2010-10,212.8
Average Room Rate (Dollar),group,2010-11,215.9
Average Room Rate (Dollar),group,2010-12,212.6
Average Room Rate (Dollar),group,2011-01,220.7
Average Room Rate (Dollar),group,2011-02,221.7
Average Room Rate (Dollar),group,2011-03,228.2
Average Room Rate (Dollar),group,2011-04,226.5
Average Room Rate (Dollar),group,2011-05,230.5
Average Room Rate (Dollar),group,2011-06,237.4
Average Room Rate (Dollar),group,2011-07,233.0
Average Room Rate (Dollar),group,2011-08,226.4
Average Room Rate (Dollar),group,2011-09,256.3
Average Room Rate (Dollar),group,2011-10,238.4
Average Room Rate (Dollar),group,2011-11,241.5
Average Room Rate (Dollar),group,2011-12,236.1
Average Room Rate (Dollar),group,2012-01,234.5
Average Room Rate (Dollar),group,2012-02,251.2
Average Room Rate (Dollar),group,2012-03,239.6
Average Room Rate (Dollar),group,2012-04,245.6
Average Room Rate (Dollar),group,2012-05,238.5
Average Room Rate (Dollar),group,2012-06,244.3
Average Room Rate (Dollar),group,2012-07,238.0
Average Room Rate (Dollar),group,2012-08,238.4
Average Room Rate (Dollar),group,2012-09,261.7
Average Room Rate (Dollar),group,2012-10,244.3
Average Room Rate (Dollar),group,2012-11,241.5
Average Room Rate (Dollar),group,2012-12,243.3
Average Room Rate (Dollar),group,2013-01,237.9
Average Room Rate (Dollar),group,2013-02,238.0
Average Room Rate (Dollar),group,2013-03,238.9
Average Room Rate (Dollar),group,2013-04,236.3
Average Room Rate (Dollar),group,2013-05,236.2
Average Room Rate (Dollar),group,2013-06,241.2
Average Room Rate (Dollar),group,2013-07,230.3
Average Room Rate (Dollar),group,2013-08,238.3
Average Room Rate (Dollar),group,2013-09,254.9
Average Room Rate (Dollar),group,2013-10,242.3
Average Room Rate (Dollar),group,2013-11,238.9
Average Room Rate (Dollar),group,2013-12,241.9
Average Room Rate (Dollar),group,2014-01,238.1
Average Room Rate (Dollar),group,2014-02,257.3
Average Room Rate (Dollar),group,2014-03,245.4
Average Room Rate (Dollar),group,2014-04,245.2
Average Room Rate (Dollar),group,2014-05,238.8
Average Room Rate (Dollar),group,2014-06,236.4
Average Room Rate (Dollar),group,2014-07,234.8
Average Room Rate (Dollar),group,2014-08,239.6
Average Room Rate (Dollar),group,2014-09,255.7
Average Room Rate (Dollar),group,2014-10,237.8
Average Room Rate (Dollar),group,2014-11,238.0
Average Room Rate (Dollar),group,2014-12,242.9
Average Room Rate (Dollar),group,2015-01,236.7
Average Room Rate (Dollar),group,2015-02,234.3
Average Room Rate (Dollar),group,2015-03,233.7
Average Room Rate (Dollar),group,2015-04,228.5
Average Room Rate (Dollar),group,2015-05,224.1
Average Room Rate (Dollar),group,2015-06,227.6
Average Room Rate (Dollar),group,2015-07,225.7
Average Room Rate (Dollar),group,2015-08,233.0
Average Room Rate (Dollar),group,2015-09,246.4
Average Room Rate (Dollar),group,2015-10,237.1
Average Room Rate (Dollar),group,2015-11,227.8
Average Room Rate (Dollar),group,2015-12,232.3
Average Room Rate (Dollar),group,2016-01,226.0
Average Room Rate (Dollar),group,2016-02,238.1
Average Room Rate (Dollar),group,2016-03,223.3
Average Room Rate (Dollar),group,2016-04,224.7
Average Room Rate (Dollar),group,2016-05,218.3
Average Room Rate (Dollar),group,2016-06,211.9
Average Room Rate (Dollar),group,2016-07,218.7
Average Room Rate (Dollar),group,2016-08,224.0
Average Room Rate (Dollar),group,2016-09,239.1
Average Room Rate (Dollar),group,2016-10,218.6
Average Room Rate (Dollar),group,2016-11,215.0
Average Room Rate (Dollar),group,2016-12,217.2
Average Room Rate (Dollar),group,2017-01,218.2
Average Room Rate (Dollar),group,2017-02,218.4
Average Room Rate (Dollar),group,2017-03,214.6
Average Room Rate (Dollar),group,2017-04,214.1
Average Room Rate (Dollar),group,2017-05,208.9
Average Room Rate (Dollar),group,2017-06,210.5
Average Room Rate (Dollar),group,2017-07,215.4
Average Room Rate (Dollar),group,2017-08,220.0
Average Room Rate (Dollar),group,2017-09,229.1
Average Room Rate (Dollar),group,2017-10,217.9
Average Room Rate (Dollar),group,2017-11,216.2
Average Room Rate (Dollar),group,2017-12,221.2
Average Room Rate (Dollar),group,2018-01,214.1
Average Room Rate (Dollar),group,2018-02,224.3
Average Room Rate (Dollar),group,2018-03,220.1
Average Room Rate (Dollar),group,2018-04,219.8
Average Room Rate (Dollar),group,2018-05,207.0
Average Room Rate (Dollar),group,2018-06,212.9
Average Room Rate (Dollar),group,2018-07,216.3
Average Room Rate (Dollar),group,2018-08,217.7
Average Room Rate (Dollar),group,2018-09,229.0
Average Room Rate (Dollar),group,2018-10,219.4
Average Room Rate (Dollar),group,2018-11,218.6
Average Room Rate (Dollar),group,2018-12,222.0
Average Room Rate (Dollar),group,2019-01,215.9
Average Room Rate (Dollar),group,2019-02,224.1
Average Room Rate (Dollar),group,2019-03,214.8
Average Room Rate (Dollar),group,2019-04,215.0
Average Room Rate (Dollar),group,2019-05,206.5
Average Room Rate (Dollar),group,2019-06,210.6
Average Room Rate (Dollar),group,2019-07,218.7
Average Room Rate (Dollar),group,2019-08,225.1
Average Room Rate (Dollar),group,2019-09,235.4
Average Room Rate (Dollar),group,2019-10,223.6
Average Room Rate (Dollar),group,2019-11,224.5
Average Room Rate (Dollar),group,2019-12,233.6
Average Room Rate (Dollar),group,2020-01,231.1
Average Room Rate (Dollar),group,2020-02,224.3
Average Room Rate (Dollar),group,2020-03,170.6
Average Room Rate (Dollar),group,2020-04,88.7
Average Room Rate (Dollar),group,2020-05,64.5
Average Room Rate (Dollar),group,2020-06,64.9
Average Room Rate (Dollar),group,2020-07,83.4
Average Room Rate (Dollar),group,2020-08,121.0
Average Room Rate (Dollar),group,2020-09,125.7
Average Room Rate (Dollar),group,2020-10,143.5
Average Room Rate (Dollar),group,2020-11,154.6
Average Room Rate (Dollar),group,2020-12,186.6
Average Room Rate (Dollar),group,2021-01,150.8
Average Room Rate (Dollar),group,2021-02,152.4
Average Room Rate (Dollar),group,2021-03,150.6
Average Room Rate (Dollar),group,2021-04,155.9
Average Room Rate (Dollar),group,2021-05,139.0
Average Room Rate (Dollar),group,2021-06,144.9
Average Room Rate (Dollar),group,2021-07,151.3
Average Room Rate (Dollar),group,2021-08,151.7
Average Room Rate (Dollar),group,2021-09,154.5
Average Room Rate (Dollar),group,2021-10,159.5
Average Room Rate (Dollar),group,2021-11,174.0
Average Room Rate (Dollar),group,2021-12,223.8
Average Room Rate (Dollar),group,2022-01,184.9
Average Room Rate (Dollar),group,2022-02,193.1
Average Room Rate (Dollar),group,2022-03,192.3
Average Room Rate (Dollar),group,2022-04,207.2
Average Room Rate (Dollar),group,2022-05,223.4
Average Room Rate (Dollar),group,2022-06,241.5
Average Room Rate (Dollar),group,2022-07,258.5
Average Room Rate (Dollar),group,2022-08,249.7
Average Room Rate (Dollar),group,2022-09,283.7
Average Room Rate (Dollar),group,2022-10,284.4
Average Room Rate (Dollar),group,2022-11,281.5
Average Room Rate (Dollar),group,2022-12,287.3
Average Room Rate (Dollar),group,2023-01,265.5
Average Room Rate (Dollar),group,2023-02,266.0
Average Room Rate (Dollar),group,2023-03,258.4
Average Room Rate (Dollar),group,2023-04,264.8
Average Room Rate (Dollar),group,2023-05,264.2
Average Room Rate (Dollar),group,2023-06,260.5
Average Room Rate (Dollar),group,2023-07,282.0
Average Room Rate (Dollar),group,2023-08,276.9
Average Room Rate (Dollar),group,2023-09,314.5
Average Room Rate (Dollar),group,2023-10,267.6
Average Room Rate (Dollar),group,2023-11,267.2
Average Room Rate (Dollar),group,2023-12,276.5
Average Room Rate (Dollar),group,2024-01,268.8
Average Room Rate (Dollar),group,2024-02,284.9
Average Room Rate (Dollar),group,2024-03,290.5
Average Room Rate (Dollar),group,2024-04,268.7
Average Room Rate (Dollar),group,2024-05,270.7
Average Room Rate (Dollar),group,2024-06,260.2
Average Room Rate (Dollar),group,2024-07,269.2
Average Room Rate (Dollar),group,2024-08,273.8
Average Room Rate (Dollar),group,2024-09,312.7
Average Room Rate (Dollar),group,2024-10,270.4
Average Room Rate (Dollar),group,2024-11,267.6
Average Room Rate (Dollar),group,2024-12,275.3
Average Room Rate (Dollar),group,2025-01,272.2
Average Room Rate (Dollar),group,2025-02,274.4
Average Room Rate (Dollar),group,2025-03,264.4
Average Room Rate (Dollar),group,2025-04,262.3
Average Room Rate (Dollar),group,2025-05,264.1
Average Room Rate (Dollar),group,2025-06,253.9
Average Room Rate (Dollar),group,2025-07,274.1
Average Room Rate (Dollar),group,2025-08,274.8
Average Room Rate (Dollar),group,2025-09,272.9
Average Room Rate (Dollar),group,2025-10,311.3
Average Room Rate (Dollar),group,2025-11,271.0
Average Room Rate (Dollar),group,2025-12,280.4
Average Room Rate (Dollar),group,2026-01,270.6
Average Room Rate (Dollar),group,2026-02,290.8
Average Room Rate (Dollar),group,2026-03,266.8
Average Room Rate (Dollar),group,2026-04,270.7
Average Room Rate (Dollar),group,2026-05,266.7
Average Room Rate (Dollar),group,2026-06,261.3
Average Room Rate - Large (Dollar),group,2008-01,252.2
Average Room Rate - Large (Dollar),group,2008-02,277.6
Average Room Rate - Large (Dollar),group,2008-03,256.9
Average Room Rate - Large (Dollar),group,2008-04,274.2
Average Room Rate - Large (Dollar),group,2008-05,265.4
Average Room Rate - Large (Dollar),group,2008-06,266.9
Average Room Rate - Large (Dollar),group,2008-07,252.8
Average Room Rate - Large (Dollar),group,2008-08,246.0
Average Room Rate - Large (Dollar),group,2008-09,323.1
Average Room Rate - Large (Dollar),group,2008-10,254.8
Average Room Rate - Large (Dollar),group,2008-11,247.9
Average Room Rate - Large (Dollar),group,2008-12,227.5
Average Room Rate - Large (Dollar),group,2009-01,216.4
Average Room Rate - Large (Dollar),group,2009-02,214.2
Average Room Rate - Large (Dollar),group,2009-03,209.8
Average Room Rate - Large (Dollar),group,2009-04,197.9
Average Room Rate - Large (Dollar),group,2009-05,193.3
Average Room Rate - Large (Dollar),group,2009-06,186.8
Average Room Rate - Large (Dollar),group,2009-07,180.2
Average Room Rate - Large (Dollar),group,2009-08,178.2
Average Room Rate - Large (Dollar),group,2009-09,212.2
Average Room Rate - Large (Dollar),group,2009-10,188.1
Average Room Rate - Large (Dollar),group,2009-11,204.6
Average Room Rate - Large (Dollar),group,2009-12,182.7
Average Room Rate - Large (Dollar),group,2010-01,195.3
Average Room Rate - Large (Dollar),group,2010-02,209.3
Average Room Rate - Large (Dollar),group,2010-03,212.8
Average Room Rate - Large (Dollar),group,2010-04,219.9
Average Room Rate - Large (Dollar),group,2010-05,220.4
Average Room Rate - Large (Dollar),group,2010-06,230.6
Average Room Rate - Large (Dollar),group,2010-07,219.6
Average Room Rate - Large (Dollar),group,2010-08,230.4
Average Room Rate - Large (Dollar),group,2010-09,247.5
Average Room Rate - Large (Dollar),group,2010-10,229.9
Average Room Rate - Large (Dollar),group,2010-11,233.8
Average Room Rate - Large (Dollar),group,2010-12,229.0
Average Room Rate - Large (Dollar),group,2011-01,239.5
Average Room Rate - Large (Dollar),group,2011-02,242.1
Average Room Rate - Large (Dollar),group,2011-03,249.0
Average Room Rate - Large (Dollar),group,2011-04,246.2
Average Room Rate - Large (Dollar),group,2011-05,250.5
Average Room Rate - Large (Dollar),group,2011-06,257.7
Average Room Rate - Large (Dollar),group,2011-07,252.7
Average Room Rate - Large (Dollar),group,2011-08,246.0
Average Room Rate - Large (Dollar),group,2011-09,279.0
Average Room Rate - Large (Dollar),group,2011-10,260.0
Average Room Rate - Large (Dollar),group,2011-11,261.9
Average Room Rate - Large (Dollar),group,2011-12,254.5
Average Room Rate - Large (Dollar),group,2012-01,253.8
Average Room Rate - Large (Dollar),group,2012-02,275.7
Average Room Rate - Large (Dollar),group,2012-03,262.0
Average Room Rate - Large (Dollar),group,2012-04,267.5
Average Room Rate - Large (Dollar),group,2012-05,259.5
Average Room Rate - Large (Dollar),group,2012-06,267.4
Average Room Rate - Large (Dollar),group,2012-07,259.0
Average Room Rate - Large (Dollar),group,2012-08,257.9
Average Room Rate - Large (Dollar),group,2012-09,284.0
Average Room Rate - Large (Dollar),group,2012-10,263.5
Average Room Rate - Large (Dollar),group,2012-11,263.1
Average Room Rate - Large (Dollar),group,2012-12,262.3
Average Room Rate - Large (Dollar),group,2013-01,257.7
Average Room Rate - Large (Dollar),group,2013-02,254.4
Average Room Rate - Large (Dollar),group,2013-03,259.0
Average Room Rate - Large (Dollar),group,2013-04,257.3
Average Room Rate - Large (Dollar),group,2013-05,257.1
Average Room Rate - Large (Dollar),group,2013-06,263.6
Average Room Rate - Large (Dollar),group,2013-07,251.0
Average Room Rate - Large (Dollar),group,2013-08,258.1
Average Room Rate - Large (Dollar),group,2013-09,278.1
Average Room Rate - Large (Dollar),group,2013-10,262.3
Average Room Rate - Large (Dollar),group,2013-11,260.8
Average Room Rate - Large (Dollar),group,2013-12,258.7
Average Room Rate - Large (Dollar),group,2014-01,256.8
Average Room Rate - Large (Dollar),group,2014-02,278.3
Average Room Rate - Large (Dollar),group,2014-03,266.4
Average Room Rate - Large (Dollar),group,2014-04,266.0
Average Room Rate - Large (Dollar),group,2014-05,261.3
Average Room Rate - Large (Dollar),group,2014-06,257.5
Average Room Rate - Large (Dollar),group,2014-07,255.1
Average Room Rate - Large (Dollar),group,2014-08,262.1
Average Room Rate - Large (Dollar),group,2014-09,280.9
Average Room Rate - Large (Dollar),group,2014-10,259.3
Average Room Rate - Large (Dollar),group,2014-11,260.8
Average Room Rate - Large (Dollar),group,2014-12,264.5
Average Room Rate - Large (Dollar),group,2015-01,258.4
Average Room Rate - Large (Dollar),group,2015-02,253.7
Average Room Rate - Large (Dollar),group,2015-03,255.2
Average Room Rate - Large (Dollar),group,2015-04,251.5
Average Room Rate - Large (Dollar),group,2015-05,248.0
Average Room Rate - Large (Dollar),group,2015-06,250.2
Average Room Rate - Large (Dollar),group,2015-07,247.3
Average Room Rate - Large (Dollar),group,2015-08,255.6
Average Room Rate - Large (Dollar),group,2015-09,270.3
Average Room Rate - Large (Dollar),group,2015-10,258.7
Average Room Rate - Large (Dollar),group,2015-11,248.8
Average Room Rate - Large (Dollar),group,2015-12,250.5
Average Room Rate - Large (Dollar),group,2016-01,242.9
Average Room Rate - Large (Dollar),group,2016-02,256.0
Average Room Rate - Large (Dollar),group,2016-03,241.9
Average Room Rate - Large (Dollar),group,2016-04,243.9
Average Room Rate - Large (Dollar),group,2016-05,237.7
Average Room Rate - Large (Dollar),group,2016-06,229.2
Average Room Rate - Large (Dollar),group,2016-07,238.8
Average Room Rate - Large (Dollar),group,2016-08,245.1
Average Room Rate - Large (Dollar),group,2016-09,262.7
Average Room Rate - Large (Dollar),group,2016-10,238.3
Average Room Rate - Large (Dollar),group,2016-11,234.5
Average Room Rate - Large (Dollar),group,2016-12,240.8
Average Room Rate - Large (Dollar),group,2017-01,236.5
Average Room Rate - Large (Dollar),group,2017-02,237.9
Average Room Rate - Large (Dollar),group,2017-03,234.2
Average Room Rate - Large (Dollar),group,2017-04,232.7
Average Room Rate - Large (Dollar),group,2017-05,227.9
Average Room Rate - Large (Dollar),group,2017-06,227.1
Average Room Rate - Large (Dollar),group,2017-07,234.5
Average Room Rate - Large (Dollar),group,2017-08,240.8
Average Room Rate - Large (Dollar),group,2017-09,250.8
Average Room Rate - Large (Dollar),group,2017-10,236.6
Average Room Rate - Large (Dollar),group,2017-11,236.0
Average Room Rate - Large (Dollar),group,2017-12,238.4
Average Room Rate - Large (Dollar),group,2018-01,230.4
Average Room Rate - Large (Dollar),group,2018-02,239.1
Average Room Rate - Large (Dollar),group,2018-03,237.3
Average Room Rate - Large (Dollar),group,2018-04,236.5
Average Room Rate - Large (Dollar),group,2018-05,223.0
Average Room Rate - Large (Dollar),group,2018-06,227.9
Average Room Rate - Large (Dollar),group,2018-07,232.7
Average Room Rate - Large (Dollar),group,2018-08,235.0
Average Room Rate - Large (Dollar),group,2018-09,245.3
Average Room Rate - Large (Dollar),group,2018-10,235.6
Average Room Rate - Large (Dollar),group,2018-11,235.7
Average Room Rate - Large (Dollar),group,2018-12,237.5
Average Room Rate - Large (Dollar),group,2019-01,231.3
Average Room Rate - Large (Dollar),group,2019-02,239.2
Average Room Rate - Large (Dollar),group,2019-03,231.9
Average Room Rate - Large (Dollar),group,2019-04,232.1
Average Room Rate - Large (Dollar),group,2019-05,222.3
Average Room Rate - Large (Dollar),group,2019-06,226.2
Average Room Rate - Large (Dollar),group,2019-07,234.6
Average Room Rate - Large (Dollar),group,2019-08,241.5
Average Room Rate - Large (Dollar),group,2019-09,251.0
Average Room Rate - Large (Dollar),group,2019-10,238.4
Average Room Rate - Large (Dollar),group,2019-11,238.3
Average Room Rate - Large (Dollar),group,2019-12,244.6
Average Room Rate - Large (Dollar),group,2020-01,245.2
Average Room Rate - Large (Dollar),group,2020-02,240.0
Average Room Rate - Large (Dollar),group,2020-03,182.0
Average Room Rate - Large (Dollar),group,2020-04,91.1
Average Room Rate - Large (Dollar),group,2020-05,64.2
Average Room Rate - Large (Dollar),group,2020-06,65.9
Average Room Rate - Large (Dollar),group,2020-07,79.9
Average Room Rate - Large (Dollar),group,2020-08,124.3
Average Room Rate - Large (Dollar),group,2020-09,126.1
Average Room Rate - Large (Dollar),group,2020-10,144.0
Average Room Rate - Large (Dollar),group,2020-11,156.9
Average Room Rate - Large (Dollar),group,2020-12,186.0
Average Room Rate - Large (Dollar),group,2021-01,159.0
Average Room Rate - Large (Dollar),group,2021-02,161.1
Average Room Rate - Large (Dollar),group,2021-03,158.8
Average Room Rate - Large (Dollar),group,2021-04,165.2
Average Room Rate - Large (Dollar),group,2021-05,149.8
Average Room Rate - Large (Dollar),group,2021-06,158.3
Average Room Rate - Large (Dollar),group,2021-07,162.9
Average Room Rate - Large (Dollar),group,2021-08,163.3
Average Room Rate - Large (Dollar),group,2021-09,164.6
Average Room Rate - Large (Dollar),group,2021-10,171.0
Average Room Rate - Large (Dollar),group,2021-11,185.8
Average Room Rate - Large (Dollar),group,2021-12,244.3
Average Room Rate - Large (Dollar),group,2022-01,208.5
Average Room Rate - Large (Dollar),group,2022-02,215.8
Average Room Rate - Large (Dollar),group,2022-03,211.1
Average Room Rate - Large (Dollar),group,2022-04,225.4
Average Room Rate - Large (Dollar),group,2022-05,244.1
Average Room Rate - Large (Dollar),group,2022-06,256.9
Average Room Rate - Large (Dollar),group,2022-07,277.4
Average Room Rate - Large (Dollar),group,2022-08,266.4
Average Room Rate - Large (Dollar),group,2022-09,301.9
Average Room Rate - Large (Dollar),group,2022-10,302.1
Average Room Rate - Large (Dollar),group,2022-11,297.7
Average Room Rate - Large (Dollar),group,2022-12,301.8
Average Room Rate - Large (Dollar),group,2023-01,286.4
Average Room Rate - Large (Dollar),group,2023-02,286.9
Average Room Rate - Large (Dollar),group,2023-03,278.8
Average Room Rate - Large (Dollar),group,2023-04,285.2
Average Room Rate - Large (Dollar),group,2023-05,287.4
Average Room Rate - Large (Dollar),group,2023-06,282.3
Average Room Rate - Large (Dollar),group,2023-07,304.1
Average Room Rate - Large (Dollar),group,2023-08,301.8
Average Room Rate - Large (Dollar),group,2023-09,343.6
Average Room Rate - Large (Dollar),group,2023-10,291.5
Average Room Rate - Large (Dollar),group,2023-11,292.4
Average Room Rate - Large (Dollar),group,2023-12,303.0
Average Room Rate - Large (Dollar),group,2024-01,294.3
Average Room Rate - Large (Dollar),group,2024-02,310.2
Average Room Rate - Large (Dollar),group,2024-03,315.6
Average Room Rate - Large (Dollar),group,2024-04,296.0
Average Room Rate - Large (Dollar),group,2024-05,298.7
Average Room Rate - Large (Dollar),group,2024-06,284.6
Average Room Rate - Large (Dollar),group,2024-07,290.9
Average Room Rate - Large (Dollar),group,2024-08,298.5
Average Room Rate - Large (Dollar),group,2024-09,343.5
Average Room Rate - Large (Dollar),group,2024-10,297.2
Average Room Rate - Large (Dollar),group,2024-11,294.8
Average Room Rate - Large (Dollar),group,2024-12,302.8
Average Room Rate - Large (Dollar),group,2025-01,298.0
Average Room Rate - Large (Dollar),group,2025-02,301.3
Average Room Rate - Large (Dollar),group,2025-03,288.3
Average Room Rate - Large (Dollar),group,2025-04,289.7
Average Room Rate - Large (Dollar),group,2025-05,292.2
Average Room Rate - Large (Dollar),group,2025-06,282.8
Average Room Rate - Large (Dollar),group,2025-07,299.6
Average Room Rate - Large (Dollar),group,2025-08,300.7
Average Room Rate - Large (Dollar),group,2025-09,296.2
Average Room Rate - Large (Dollar),group,2025-10,344.1
Average Room Rate - Large (Dollar),group,2025-11,297.0
Average Room Rate - Large (Dollar),group,2025-12,308.5
Average Room Rate - Large (Dollar),group,2026-01,297.3
Average Room Rate - Large (Dollar),group,2026-02,317.7
Average Room Rate - Large (Dollar),group,2026-03,292.6
Average Room Rate - Large (Dollar),group,2026-04,298.4
Average Room Rate - Large (Dollar),group,2026-05,295.2
Average Room Rate - Large (Dollar),group,2026-06,287.7
Average Room Rate - Medium (Dollar),group,2008-01,201.1
Average Room Rate - Medium (Dollar),group,2008-02,204.7
Average Room Rate - Medium (Dollar),group,2008-03,194.5
Average Room Rate - Medium (Dollar),group,2008-04,200.5
Average Room Rate - Medium (Dollar),group,2008-05,197.2
Average Room Rate - Medium (Dollar),group,2008-06,197.4
Average Room Rate - Medium (Dollar),group,2008-07,202.6
Average Room Rate - Medium (Dollar),group,2008-08,198.2
Average Room Rate - Medium (Dollar),group,2008-09,231.9
Average Room Rate - Medium (Dollar),group,2008-10,185.5
Average Room Rate - Medium (Dollar),group,2008-11,181.7
Average Room Rate - Medium (Dollar),group,2008-12,182.4
Average Room Rate - Medium (Dollar),group,2009-01,180.4
Average Room Rate - Medium (Dollar),group,2009-02,174.0
Average Room Rate - Medium (Dollar),group,2009-03,163.3
Average Room Rate - Medium (Dollar),group,2009-04,157.9
Average Room Rate - Medium (Dollar),group,2009-05,151.2
Average Room Rate - Medium (Dollar),group,2009-06,149.3
Average Room Rate - Medium (Dollar),group,2009-07,155.1
Average Room Rate - Medium (Dollar),group,2009-08,155.3
Average Room Rate - Medium (Dollar),group,2009-09,172.6
Average Room Rate - Medium (Dollar),group,2009-10,159.7
Average Room Rate - Medium (Dollar),group,2009-11,166.2
Average Room Rate - Medium (Dollar),group,2009-12,156.9
Average Room Rate - Medium (Dollar),group,2010-01,150.3
Average Room Rate - Medium (Dollar),group,2010-02,154.5
Average Room Rate - Medium (Dollar),group,2010-03,157.6
Average Room Rate - Medium (Dollar),group,2010-04,167.9
Average Room Rate - Medium (Dollar),group,2010-05,166.8
Average Room Rate - Medium (Dollar),group,2010-06,172.4
Average Room Rate - Medium (Dollar),group,2010-07,169.9
Average Room Rate - Medium (Dollar),group,2010-08,177.5
Average Room Rate - Medium (Dollar),group,2010-09,195.2
Average Room Rate - Medium (Dollar),group,2010-10,179.3
Average Room Rate - Medium (Dollar),group,2010-11,181.9
Average Room Rate - Medium (Dollar),group,2010-12,185.3
Average Room Rate - Medium (Dollar),group,2011-01,183.3
Average Room Rate - Medium (Dollar),group,2011-02,178.6
Average Room Rate - Medium (Dollar),group,2011-03,191.8
Average Room Rate - Medium (Dollar),group,2011-04,194.1
Average Room Rate - Medium (Dollar),group,2011-05,196.6
Average Room Rate - Medium (Dollar),group,2011-06,199.7
Average Room Rate - Medium (Dollar),group,2011-07,199.6
Average Room Rate - Medium (Dollar),group,2011-08,190.4
Average Room Rate - Medium (Dollar),group,2011-09,209.7
Average Room Rate - Medium (Dollar),group,2011-10,193.5
Average Room Rate - Medium (Dollar),group,2011-11,204.8
Average Room Rate - Medium (Dollar),group,2011-12,207.4
Average Room Rate - Medium (Dollar),group,2012-01,197.0
Average Room Rate - Medium (Dollar),group,2012-02,202.0
Average Room Rate - Medium (Dollar),group,2012-03,194.1
Average Room Rate - Medium (Dollar),group,2012-04,209.0
Average Room Rate - Medium (Dollar),group,2012-05,202.4
Average Room Rate - Medium (Dollar),group,2012-06,200.5
Average Room Rate - Medium (Dollar),group,2012-07,202.5
Average Room Rate - Medium (Dollar),group,2012-08,207.2
Average Room Rate - Medium (Dollar),group,2012-09,228.2
Average Room Rate - Medium (Dollar),group,2012-10,217.3
Average Room Rate - Medium (Dollar),group,2012-11,209.2
Average Room Rate - Medium (Dollar),group,2012-12,221.1
Average Room Rate - Medium (Dollar),group,2013-01,206.9
Average Room Rate - Medium (Dollar),group,2013-02,213.0
Average Room Rate - Medium (Dollar),group,2013-03,208.0
Average Room Rate - Medium (Dollar),group,2013-04,202.6
Average Room Rate - Medium (Dollar),group,2013-05,201.4
Average Room Rate - Medium (Dollar),group,2013-06,203.7
Average Room Rate - Medium (Dollar),group,2013-07,193.5
Average Room Rate - Medium (Dollar),group,2013-08,206.6
Average Room Rate - Medium (Dollar),group,2013-09,213.0
Average Room Rate - Medium (Dollar),group,2013-10,208.9
Average Room Rate - Medium (Dollar),group,2013-11,201.3
Average Room Rate - Medium (Dollar),group,2013-12,224.5
Average Room Rate - Medium (Dollar),group,2014-01,210.9
Average Room Rate - Medium (Dollar),group,2014-02,223.1
Average Room Rate - Medium (Dollar),group,2014-03,210.4
Average Room Rate - Medium (Dollar),group,2014-04,214.5
Average Room Rate - Medium (Dollar),group,2014-05,202.2
Average Room Rate - Medium (Dollar),group,2014-06,206.3
Average Room Rate - Medium (Dollar),group,2014-07,205.8
Average Room Rate - Medium (Dollar),group,2014-08,208.5
Average Room Rate - Medium (Dollar),group,2014-09,217.8
Average Room Rate - Medium (Dollar),group,2014-10,207.7
Average Room Rate - Medium (Dollar),group,2014-11,204.8
Average Room Rate - Medium (Dollar),group,2014-12,217.4
Average Room Rate - Medium (Dollar),group,2015-01,204.5
Average Room Rate - Medium (Dollar),group,2015-02,208.1
Average Room Rate - Medium (Dollar),group,2015-03,200.8
Average Room Rate - Medium (Dollar),group,2015-04,193.3
Average Room Rate - Medium (Dollar),group,2015-05,189.9
Average Room Rate - Medium (Dollar),group,2015-06,196.6
Average Room Rate - Medium (Dollar),group,2015-07,197.6
Average Room Rate - Medium (Dollar),group,2015-08,202.7
Average Room Rate - Medium (Dollar),group,2015-09,211.0
Average Room Rate - Medium (Dollar),group,2015-10,204.5
Average Room Rate - Medium (Dollar),group,2015-11,196.1
Average Room Rate - Medium (Dollar),group,2015-12,211.1
Average Room Rate - Medium (Dollar),group,2016-01,202.1
Average Room Rate - Medium (Dollar),group,2016-02,212.1
Average Room Rate - Medium (Dollar),group,2016-03,193.8
Average Room Rate - Medium (Dollar),group,2016-04,196.2
Average Room Rate - Medium (Dollar),group,2016-05,186.0
Average Room Rate - Medium (Dollar),group,2016-06,188.0
Average Room Rate - Medium (Dollar),group,2016-07,189.9
Average Room Rate - Medium (Dollar),group,2016-08,191.4
Average Room Rate - Medium (Dollar),group,2016-09,197.8
Average Room Rate - Medium (Dollar),group,2016-10,184.8
Average Room Rate - Medium (Dollar),group,2016-11,180.4
Average Room Rate - Medium (Dollar),group,2016-12,176.7
Average Room Rate - Medium (Dollar),group,2017-01,191.6
Average Room Rate - Medium (Dollar),group,2017-02,187.2
Average Room Rate - Medium (Dollar),group,2017-03,184.6
Average Room Rate - Medium (Dollar),group,2017-04,190.1
Average Room Rate - Medium (Dollar),group,2017-05,181.7
Average Room Rate - Medium (Dollar),group,2017-06,190.5
Average Room Rate - Medium (Dollar),group,2017-07,186.1
Average Room Rate - Medium (Dollar),group,2017-08,186.9
Average Room Rate - Medium (Dollar),group,2017-09,193.3
Average Room Rate - Medium (Dollar),group,2017-10,187.7
Average Room Rate - Medium (Dollar),group,2017-11,182.4
Average Room Rate - Medium (Dollar),group,2017-12,197.4
Average Room Rate - Medium (Dollar),group,2018-01,189.7
Average Room Rate - Medium (Dollar),group,2018-02,206.4
Average Room Rate - Medium (Dollar),group,2018-03,193.8
Average Room Rate - Medium (Dollar),group,2018-04,198.6
Average Room Rate - Medium (Dollar),group,2018-05,184.8
Average Room Rate - Medium (Dollar),group,2018-06,191.9
Average Room Rate - Medium (Dollar),group,2018-07,194.7
Average Room Rate - Medium (Dollar),group,2018-08,191.3
Average Room Rate - Medium (Dollar),group,2018-09,206.3
Average Room Rate - Medium (Dollar),group,2018-10,196.9
Average Room Rate - Medium (Dollar),group,2018-11,194.3
Average Room Rate - Medium (Dollar),group,2018-12,201.8
Average Room Rate - Medium (Dollar),group,2019-01,193.1
Average Room Rate - Medium (Dollar),group,2019-02,203.5
Average Room Rate - Medium (Dollar),group,2019-03,186.0
Average Room Rate - Medium (Dollar),group,2019-04,189.3
Average Room Rate - Medium (Dollar),group,2019-05,183.4
Average Room Rate - Medium (Dollar),group,2019-06,186.9
Average Room Rate - Medium (Dollar),group,2019-07,195.9
Average Room Rate - Medium (Dollar),group,2019-08,200.2
Average Room Rate - Medium (Dollar),group,2019-09,216.6
Average Room Rate - Medium (Dollar),group,2019-10,206.4
Average Room Rate - Medium (Dollar),group,2019-11,210.1
Average Room Rate - Medium (Dollar),group,2019-12,227.2
Average Room Rate - Medium (Dollar),group,2020-01,216.8
Average Room Rate - Medium (Dollar),group,2020-02,203.3
Average Room Rate - Medium (Dollar),group,2020-03,164.3
Average Room Rate - Medium (Dollar),group,2020-04,91.7
Average Room Rate - Medium (Dollar),group,2020-05,71.8
Average Room Rate - Medium (Dollar),group,2020-06,72.5
Average Room Rate - Medium (Dollar),group,2020-07,117.0
Average Room Rate - Medium (Dollar),group,2020-08,149.0
Average Room Rate - Medium (Dollar),group,2020-09,166.7
Average Room Rate - Medium (Dollar),group,2020-10,199.2
Average Room Rate - Medium (Dollar),group,2020-11,218.3
Average Room Rate - Medium (Dollar),group,2020-12,252.6
Average Room Rate - Medium (Dollar),group,2021-01,183.8
Average Room Rate - Medium (Dollar),group,2021-02,190.8
Average Room Rate - Medium (Dollar),group,2021-03,192.1
Average Room Rate - Medium (Dollar),group,2021-04,197.8
Average Room Rate - Medium (Dollar),group,2021-05,177.6
Average Room Rate - Medium (Dollar),group,2021-06,171.3
Average Room Rate - Medium (Dollar),group,2021-07,188.7
Average Room Rate - Medium (Dollar),group,2021-08,185.6
Average Room Rate - Medium (Dollar),group,2021-09,193.3
Average Room Rate - Medium (Dollar),group,2021-10,196.5
Average Room Rate - Medium (Dollar),group,2021-11,209.2
Average Room Rate - Medium (Dollar),group,2021-12,256.4
Average Room Rate - Medium (Dollar),group,2022-01,190.9
Average Room Rate - Medium (Dollar),group,2022-02,204.4
Average Room Rate - Medium (Dollar),group,2022-03,196.7
Average Room Rate - Medium (Dollar),group,2022-04,208.1
Average Room Rate - Medium (Dollar),group,2022-05,219.5
Average Room Rate - Medium (Dollar),group,2022-06,249.8
Average Room Rate - Medium (Dollar),group,2022-07,259.3
Average Room Rate - Medium (Dollar),group,2022-08,246.2
Average Room Rate - Medium (Dollar),group,2022-09,281.8
Average Room Rate - Medium (Dollar),group,2022-10,283.4
Average Room Rate - Medium (Dollar),group,2022-11,283.1
Average Room Rate - Medium (Dollar),group,2022-12,296.1
Average Room Rate - Medium (Dollar),group,2023-01,266.1
Average Room Rate - Medium (Dollar),group,2023-02,260.0
Average Room Rate - Medium (Dollar),group,2023-03,254.4
Average Room Rate - Medium (Dollar),group,2023-04,259.3
Average Room Rate - Medium (Dollar),group,2023-05,249.6
Average Room Rate - Medium (Dollar),group,2023-06,248.9
Average Room Rate - Medium (Dollar),group,2023-07,270.9
Average Room Rate - Medium (Dollar),group,2023-08,260.4
Average Room Rate - Medium (Dollar),group,2023-09,296.3
Average Room Rate - Medium (Dollar),group,2023-10,254.6
Average Room Rate - Medium (Dollar),group,2023-11,252.0
Average Room Rate - Medium (Dollar),group,2023-12,262.5
Average Room Rate - Medium (Dollar),group,2024-01,250.0
Average Room Rate - Medium (Dollar),group,2024-02,271.7
Average Room Rate - Medium (Dollar),group,2024-03,275.8
Average Room Rate - Medium (Dollar),group,2024-04,250.0
Average Room Rate - Medium (Dollar),group,2024-05,249.3
Average Room Rate - Medium (Dollar),group,2024-06,243.7
Average Room Rate - Medium (Dollar),group,2024-07,255.7
Average Room Rate - Medium (Dollar),group,2024-08,254.7
Average Room Rate - Medium (Dollar),group,2024-09,288.2
Average Room Rate - Medium (Dollar),group,2024-10,247.7
Average Room Rate - Medium (Dollar),group,2024-11,243.3
Average Room Rate - Medium (Dollar),group,2024-12,255.7
Average Room Rate - Medium (Dollar),group,2025-01,252.9
Average Room Rate - Medium (Dollar),group,2025-02,252.8
Average Room Rate - Medium (Dollar),group,2025-03,247.8
Average Room Rate - Medium (Dollar),group,2025-04,240.6
Average Room Rate - Medium (Dollar),group,2025-05,238.1
Average Room Rate - Medium (Dollar),group,2025-06,228.2
Average Room Rate - Medium (Dollar),group,2025-07,255.9
Average Room Rate - Medium (Dollar),group,2025-08,254.4
Average Room Rate - Medium (Dollar),group,2025-09,255.2
Average Room Rate - Medium (Dollar),group,2025-10,283.8
Average Room Rate - Medium (Dollar),group,2025-11,250.0
Average Room Rate - Medium (Dollar),group,2025-12,258.3
Average Room Rate - Medium (Dollar),group,2026-01,246.2
Average Room Rate - Medium (Dollar),group,2026-02,270.7
Average Room Rate - Medium (Dollar),group,2026-03,248.2
Average Room Rate - Medium (Dollar),group,2026-04,248.8
Average Room Rate - Medium (Dollar),group,2026-05,242.5
Average Room Rate - Medium (Dollar),group,2026-06,241.1
Average Room Rate - Small (Dollar),group,2008-01,110.0
Average Room Rate - Small (Dollar),group,2008-02,104.5
Average Room Rate - Small (Dollar),group,2008-03,103.1
Average Room Rate - Small (Dollar),group,2008-04,105.7
Average Room Rate - Small (Dollar),group,2008-05,105.0
Average Room Rate - Small (Dollar),group,2008-06,106.2
Average Room Rate - Small (Dollar),group,2008-07,110.8
Average Room Rate - Small (Dollar),group,2008-08,108.8
Average Room Rate - Small (Dollar),group,2008-09,128.3
Average Room Rate - Small (Dollar),group,2008-10,110.3
Average Room Rate - Small (Dollar),group,2008-11,108.4
Average Room Rate - Small (Dollar),group,2008-12,107.0
Average Room Rate - Small (Dollar),group,2009-01,122.6
Average Room Rate - Small (Dollar),group,2009-02,116.9
Average Room Rate - Small (Dollar),group,2009-03,114.9
Average Room Rate - Small (Dollar),group,2009-04,105.0
Average Room Rate - Small (Dollar),group,2009-05,103.5
Average Room Rate - Small (Dollar),group,2009-06,98.4
Average Room Rate - Small (Dollar),group,2009-07,101.3
Average Room Rate - Small (Dollar),group,2009-08,101.0
Average Room Rate - Small (Dollar),group,2009-09,104.5
Average Room Rate - Small (Dollar),group,2009-10,99.9
Average Room Rate - Small (Dollar),group,2009-11,103.2
Average Room Rate - Small (Dollar),group,2009-12,102.3
Average Room Rate - Small (Dollar),group,2010-01,99.0
Average Room Rate - Small (Dollar),group,2010-02,98.5
Average Room Rate - Small (Dollar),group,2010-03,98.6
Average Room Rate - Small (Dollar),group,2010-04,102.5
Average Room Rate - Small (Dollar),group,2010-05,104.6
Average Room Rate - Small (Dollar),group,2010-06,108.3
Average Room Rate - Small (Dollar),group,2010-07,113.0
Average Room Rate - Small (Dollar),group,2010-08,120.8
Average Room Rate - Small (Dollar),group,2010-09,161.0
Average Room Rate - Small (Dollar),group,2010-10,125.5
Average Room Rate - Small (Dollar),group,2010-11,124.1
Average Room Rate - Small (Dollar),group,2010-12,126.7
Average Room Rate - Small (Dollar),group,2011-01,128.4
Average Room Rate - Small (Dollar),group,2011-02,125.5
Average Room Rate - Small (Dollar),group,2011-03,122.6
Average Room Rate - Small (Dollar),group,2011-04,124.7
Average Room Rate - Small (Dollar),group,2011-05,126.5
Average Room Rate - Small (Dollar),group,2011-06,129.6
Average Room Rate - Small (Dollar),group,2011-07,127.8
Average Room Rate - Small (Dollar),group,2011-08,131.3
Average Room Rate - Small (Dollar),group,2011-09,147.1
Average Room Rate - Small (Dollar),group,2011-10,135.1
Average Room Rate - Small (Dollar),group,2011-11,134.2
Average Room Rate - Small (Dollar),group,2011-12,136.1
Average Room Rate - Small (Dollar),group,2012-01,135.0
Average Room Rate - Small (Dollar),group,2012-02,137.9
Average Room Rate - Small (Dollar),group,2012-03,134.9
Average Room Rate - Small (Dollar),group,2012-04,141.1
Average Room Rate - Small (Dollar),group,2012-05,136.2
Average Room Rate - Small (Dollar),group,2012-06,138.7
Average Room Rate - Small (Dollar),group,2012-07,140.5
Average Room Rate - Small (Dollar),group,2012-08,141.2
Average Room Rate - Small (Dollar),group,2012-09,145.1
Average Room Rate - Small (Dollar),group,2012-10,139.8
Average Room Rate - Small (Dollar),group,2012-11,136.6
Average Room Rate - Small (Dollar),group,2012-12,141.9
Average Room Rate - Small (Dollar),group,2013-01,138.0
Average Room Rate - Small (Dollar),group,2013-02,147.0
Average Room Rate - Small (Dollar),group,2013-03,138.3
Average Room Rate - Small (Dollar),group,2013-04,138.4
Average Room Rate - Small (Dollar),group,2013-05,138.7
Average Room Rate - Small (Dollar),group,2013-06,139.9
Average Room Rate - Small (Dollar),group,2013-07,138.4
Average Room Rate - Small (Dollar),group,2013-08,143.4
Average Room Rate - Small (Dollar),group,2013-09,148.9
Average Room Rate - Small (Dollar),group,2013-10,139.6
Average Room Rate - Small (Dollar),group,2013-11,133.5
Average Room Rate - Small (Dollar),group,2013-12,142.7
Average Room Rate - Small (Dollar),group,2014-01,135.9
Average Room Rate - Small (Dollar),group,2014-02,148.7
Average Room Rate - Small (Dollar),group,2014-03,140.9
Average Room Rate - Small (Dollar),group,2014-04,143.1
Average Room Rate - Small (Dollar),group,2014-05,133.4
Average Room Rate - Small (Dollar),group,2014-06,135.5
Average Room Rate - Small (Dollar),group,2014-07,139.2
Average Room Rate - Small (Dollar),group,2014-08,140.5
Average Room Rate - Small (Dollar),group,2014-09,144.1
Average Room Rate - Small (Dollar),group,2014-10,140.2
Average Room Rate - Small (Dollar),group,2014-11,133.6
Average Room Rate - Small (Dollar),group,2014-12,137.9
Average Room Rate - Small (Dollar),group,2015-01,136.4
Average Room Rate - Small (Dollar),group,2015-02,136.2
Average Room Rate - Small (Dollar),group,2015-03,133.0
Average Room Rate - Small (Dollar),group,2015-04,130.6
Average Room Rate - Small (Dollar),group,2015-05,124.8
Average Room Rate - Small (Dollar),group,2015-06,127.2
Average Room Rate - Small (Dollar),group,2015-07,129.6
Average Room Rate - Small (Dollar),group,2015-08,131.9
Average Room Rate - Small (Dollar),group,2015-09,134.8
Average Room Rate - Small (Dollar),group,2015-10,137.2
Average Room Rate - Small (Dollar),group,2015-11,128.9
Average Room Rate - Small (Dollar),group,2015-12,134.5
Average Room Rate - Small (Dollar),group,2016-01,135.0
Average Room Rate - Small (Dollar),group,2016-02,140.5
Average Room Rate - Small (Dollar),group,2016-03,132.5
Average Room Rate - Small (Dollar),group,2016-04,132.4
Average Room Rate - Small (Dollar),group,2016-05,137.2
Average Room Rate - Small (Dollar),group,2016-06,124.3
Average Room Rate - Small (Dollar),group,2016-07,130.7
Average Room Rate - Small (Dollar),group,2016-08,129.8
Average Room Rate - Small (Dollar),group,2016-09,134.4
Average Room Rate - Small (Dollar),group,2016-10,130.4
Average Room Rate - Small (Dollar),group,2016-11,126.1
Average Room Rate - Small (Dollar),group,2016-12,131.0
Average Room Rate - Small (Dollar),group,2017-01,127.5
Average Room Rate - Small (Dollar),group,2017-02,128.2
Average Room Rate - Small (Dollar),group,2017-03,124.2
Average Room Rate - Small (Dollar),group,2017-04,128.0
Average Room Rate - Small (Dollar),group,2017-05,123.7
Average Room Rate - Small (Dollar),group,2017-06,123.8
Average Room Rate - Small (Dollar),group,2017-07,139.8
Average Room Rate - Small (Dollar),group,2017-08,130.6
Average Room Rate - Small (Dollar),group,2017-09,134.1
Average Room Rate - Small (Dollar),group,2017-10,132.2
Average Room Rate - Small (Dollar),group,2017-11,129.4
Average Room Rate - Small (Dollar),group,2017-12,136.1
Average Room Rate - Small (Dollar),group,2018-01,133.1
Average Room Rate - Small (Dollar),group,2018-02,139.9
Average Room Rate - Small (Dollar),group,2018-03,131.5
Average Room Rate - Small (Dollar),group,2018-04,132.6
Average Room Rate - Small (Dollar),group,2018-05,127.2
Average Room Rate - Small (Dollar),group,2018-06,131.1
Average Room Rate - Small (Dollar),group,2018-07,131.3
Average Room Rate - Small (Dollar),group,2018-08,129.9
Average Room Rate - Small (Dollar),group,2018-09,139.0
Average Room Rate - Small (Dollar),group,2018-10,133.8
Average Room Rate - Small (Dollar),group,2018-11,127.8
Average Room Rate - Small (Dollar),group,2018-12,136.3
Average Room Rate - Small (Dollar),group,2019-01,136.2
Average Room Rate - Small (Dollar),group,2019-02,138.7
Average Room Rate - Small (Dollar),group,2019-03,132.6
Average Room Rate - Small (Dollar),group,2019-04,131.8
Average Room Rate - Small (Dollar),group,2019-05,127.3
Average Room Rate - Small (Dollar),group,2019-06,131.3
Average Room Rate - Small (Dollar),group,2019-07,138.4
Average Room Rate - Small (Dollar),group,2019-08,142.4
Average Room Rate - Small (Dollar),group,2019-09,143.5
Average Room Rate - Small (Dollar),group,2019-10,135.1
Average Room Rate - Small (Dollar),group,2019-11,134.4
Average Room Rate - Small (Dollar),group,2019-12,150.0
Average Room Rate - Small (Dollar),group,2020-01,144.4
Average Room Rate - Small (Dollar),group,2020-02,154.0
Average Room Rate - Small (Dollar),group,2020-03,110.4
Average Room Rate - Small (Dollar),group,2020-04,69.6
Average Room Rate - Small (Dollar),group,2020-05,54.3
Average Room Rate - Small (Dollar),group,2020-06,50.9
Average Room Rate - Small (Dollar),group,2020-07,58.6
Average Room Rate - Small (Dollar),group,2020-08,72.6
Average Room Rate - Small (Dollar),group,2020-09,75.0
Average Room Rate - Small (Dollar),group,2020-10,78.7
Average Room Rate - Small (Dollar),group,2020-11,83.3
Average Room Rate - Small (Dollar),group,2020-12,105.0
Average Room Rate - Small (Dollar),group,2021-01,82.3
Average Room Rate - Small (Dollar),group,2021-02,78.8
Average Room Rate - Small (Dollar),group,2021-03,79.1
Average Room Rate - Small (Dollar),group,2021-04,78.6
Average Room Rate - Small (Dollar),group,2021-05,71.2
Average Room Rate - Small (Dollar),group,2021-06,77.5
Average Room Rate - Small (Dollar),group,2021-07,82.2
Average Room Rate - Small (Dollar),group,2021-08,81.8
Average Room Rate - Small (Dollar),group,2021-09,83.7
Average Room Rate - Small (Dollar),group,2021-10,88.5
Average Room Rate - Small (Dollar),group,2021-11,103.4
Average Room Rate - Small (Dollar),group,2021-12,133.6
Average Room Rate - Small (Dollar),group,2022-01,107.0
Average Room Rate - Small (Dollar),group,2022-02,107.4
Average Room Rate - Small (Dollar),group,2022-03,107.1
Average Room Rate - Small (Dollar),group,2022-04,113.9
Average Room Rate - Small (Dollar),group,2022-05,121.9
Average Room Rate - Small (Dollar),group,2022-06,132.9
Average Room Rate - Small (Dollar),group,2022-07,142.3
Average Room Rate - Small (Dollar),group,2022-08,143.8
Average Room Rate - Small (Dollar),group,2022-09,156.2
Average Room Rate - Small (Dollar),group,2022-10,159.7
Average Room Rate - Small (Dollar),group,2022-11,161.7
Average Room Rate - Small (Dollar),group,2022-12,170.1
Average Room Rate - Small (Dollar),group,2023-01,143.0
Average Room Rate - Small (Dollar),group,2023-02,144.2
Average Room Rate - Small (Dollar),group,2023-03,142.4
Average Room Rate - Small (Dollar),group,2023-04,149.9
Average Room Rate - Small (Dollar),group,2023-05,146.7
Average Room Rate - Small (Dollar),group,2023-06,143.2
Average Room Rate - Small (Dollar),group,2023-07,160.8
Average Room Rate - Small (Dollar),group,2023-08,155.0
Average Room Rate - Small (Dollar),group,2023-09,168.8
Average Room Rate - Small (Dollar),group,2023-10,143.4
Average Room Rate - Small (Dollar),group,2023-11,141.0
Average Room Rate - Small (Dollar),group,2023-12,144.6
Average Room Rate - Small (Dollar),group,2024-01,144.4
Average Room Rate - Small (Dollar),group,2024-02,145.6
Average Room Rate - Small (Dollar),group,2024-03,161.5
Average Room Rate - Small (Dollar),group,2024-04,138.5
Average Room Rate - Small (Dollar),group,2024-05,135.7
Average Room Rate - Small (Dollar),group,2024-06,141.1
Average Room Rate - Small (Dollar),group,2024-07,155.4
Average Room Rate - Small (Dollar),group,2024-08,150.6
Average Room Rate - Small (Dollar),group,2024-09,165.0
Average Room Rate - Small (Dollar),group,2024-10,144.0
Average Room Rate - Small (Dollar),group,2024-11,141.2
Average Room Rate - Small (Dollar),group,2024-12,141.9
Average Room Rate - Small (Dollar),group,2025-01,139.8
Average Room Rate - Small (Dollar),group,2025-02,138.5
Average Room Rate - Small (Dollar),group,2025-03,147.1
Average Room Rate - Small (Dollar),group,2025-04,135.2
Average Room Rate - Small (Dollar),group,2025-05,136.9
Average Room Rate - Small (Dollar),group,2025-06,125.8
Average Room Rate - Small (Dollar),group,2025-07,145.0
Average Room Rate - Small (Dollar),group,2025-08,145.8
Average Room Rate - Small (Dollar),group,2025-09,151.8
Average Room Rate - Small (Dollar),group,2025-10,152.6
Average Room Rate - Small (Dollar),group,2025-11,140.2
Average Room Rate - Small (Dollar),group,2025-12,145.7
Average Room Rate - Small (Dollar),group,2026-01,141.1
Average Room Rate - Small (Dollar),group,2026-02,149.4
Average Room Rate - Small (Dollar),group,2026-03,138.6
Average Room Rate - Small (Dollar),group,2026-04,136.9
Average Room Rate - Small (Dollar),group,2026-05,132.3
Average Room Rate - Small (Dollar),group,2026-06,125.9
Gross Lettings (Number),group,2008-01,745964.0
Gross Lettings (Number),group,2008-02,667755.0
Gross Lettings (Number),group,2008-03,779884.0
Gross Lettings (Number),group,2008-04,722829.0
Gross Lettings (Number),group,2008-05,730766.0
Gross Lettings (Number),group,2008-06,714293.0
Gross Lettings (Number),group,2008-07,761225.0
Gross Lettings (Number),group,2008-08,723528.0
Gross Lettings (Number),group,2008-09,652343.0
Gross Lettings (Number),group,2008-10,754850.0
Gross Lettings (Number),group,2008-11,717551.0
Gross Lettings (Number),group,2008-12,671735.0
Gross Lettings (Number),group,2009-01,619834.0
Gross Lettings (Number),group,2009-02,629067.0
Gross Lettings (Number),group,2009-03,684534.0
Gross Lettings (Number),group,2009-04,632178.0
Gross Lettings (Number),group,2009-05,635397.0
Gross Lettings (Number),group,2009-06,690753.0
Gross Lettings (Number),group,2009-07,774074.0
Gross Lettings (Number),group,2009-08,760550.0
Gross Lettings (Number),group,2009-09,739059.0
Gross Lettings (Number),group,2009-10,822554.0
Gross Lettings (Number),group,2009-11,826755.0
Gross Lettings (Number),group,2009-12,808403.0
Gross Lettings (Number),group,2010-01,835637.0
Gross Lettings (Number),group,2010-02,762314.0
Gross Lettings (Number),group,2010-03,918563.0
Gross Lettings (Number),group,2010-04,860399.0
Gross Lettings (Number),group,2010-05,906371.0
Gross Lettings (Number),group,2010-06,895331.0
Gross Lettings (Number),group,2010-07,997618.0
Gross Lettings (Number),group,2010-08,994352.0
Gross Lettings (Number),group,2010-09,938865.0
Gross Lettings (Number),group,2010-10,1027801.0
Gross Lettings (Number),group,2010-11,1031973.0
Gross Lettings (Number),group,2010-12,1013836.0
Gross Lettings (Number),group,2011-01,994050.0
Gross Lettings (Number),group,2011-02,921218.0
Gross Lettings (Number),group,2011-03,1064069.0
Gross Lettings (Number),group,2011-04,1005640.0
Gross Lettings (Number),group,2011-05,1021540.0
Gross Lettings (Number),group,2011-06,1026884.0
Gross Lettings (Number),group,2011-07,1127938.0
Gross Lettings (Number),group,2011-08,1051400.0
Gross Lettings (Number),group,2011-09,1032771.0
Gross Lettings (Number),group,2011-10,1089395.0
Gross Lettings (Number),group,2011-11,1084958.0
Gross Lettings (Number),group,2011-12,1044875.0
Gross Lettings (Number),group,2012-01,1030023.0
Gross Lettings (Number),group,2012-02,1054454.0
Gross Lettings (Number),group,2012-03,1108491.0
Gross Lettings (Number),group,2012-04,1053022.0
Gross Lettings (Number),group,2012-05,1068702.0
Gross Lettings (Number),group,2012-06,1081840.0
Gross Lettings (Number),group,2012-07,1163585.0
Gross Lettings (Number),group,2012-08,1126294.0
Gross Lettings (Number),group,2012-09,1045397.0
Gross Lettings (Number),group,2012-10,1131439.0
Gross Lettings (Number),group,2012-11,1140291.0
Gross Lettings (Number),group,2012-12,1105045.0
Gross Lettings (Number),group,2013-01,1111834.0
Gross Lettings (Number),group,2013-02,1021872.0
Gross Lettings (Number),group,2013-03,1179190.0
Gross Lettings (Number),group,2013-04,1106136.0
Gross Lettings (Number),group,2013-05,1147036.0
Gross Lettings (Number),group,2013-06,1159161.0
Gross Lettings (Number),group,2013-07,1208741.0
Gross Lettings (Number),group,2013-08,1224045.0
Gross Lettings (Number),group,2013-09,1137335.0
Gross Lettings (Number),group,2013-10,1221198.0
Gross Lettings (Number),group,2013-11,1184077.0
Gross Lettings (Number),group,2013-12,1156600.0
Gross Lettings (Number),group,2014-01,1152949.0
Gross Lettings (Number),group,2014-02,1140438.0
Gross Lettings (Number),group,2014-03,1221204.0
Gross Lettings (Number),group,2014-04,1166186.0
Gross Lettings (Number),group,2014-05,1208510.0
Gross Lettings (Number),group,2014-06,1189990.0
Gross Lettings (Number),group,2014-07,1292656.0
Gross Lettings (Number),group,2014-08,1336287.0
Gross Lettings (Number),group,2014-09,1183472.0
Gross Lettings (Number),group,2014-10,1264826.0
Gross Lettings (Number),group,2014-11,1238208.0
Gross Lettings (Number),group,2014-12,1217475.0
Gross Lettings (Number),group,2015-01,1206938.0
Gross Lettings (Number),group,2015-02,1139015.0
Gross Lettings (Number),group,2015-03,1255330.0
Gross Lettings (Number),group,2015-04,1171392.0
Gross Lettings (Number),group,2015-05,1236380.0
Gross Lettings (Number),group,2015-06,1224995.0
Gross Lettings (Number),group,2015-07,1358614.0
Gross Lettings (Number),group,2015-08,1408604.0
Gross Lettings (Number),group,2015-09,1229213.0
Gross Lettings (Number),group,2015-10,1357081.0
Gross Lettings (Number),group,2015-11,1259304.0
Gross Lettings (Number),group,2015-12,1243309.0
Gross Lettings (Number),group,2016-01,1289788.0
Gross Lettings (Number),group,2016-02,1239794.0
Gross Lettings (Number),group,2016-03,1305892.0
Gross Lettings (Number),group,2016-04,1287304.0
Gross Lettings (Number),group,2016-05,1292030.0
Gross Lettings (Number),group,2016-06,1235834.0
Gross Lettings (Number),group,2016-07,1493918.0
Gross Lettings (Number),group,2016-08,1446341.0
Gross Lettings (Number),group,2016-09,1324049.0
Gross Lettings (Number),group,2016-10,1360435.0
Gross Lettings (Number),group,2016-11,1330693.0
Gross Lettings (Number),group,2016-12,1344107.0
Gross Lettings (Number),group,2017-01,1374330.0
Gross Lettings (Number),group,2017-02,1347347.0
Gross Lettings (Number),group,2017-03,1444293.0
Gross Lettings (Number),group,2017-04,1393170.0
Gross Lettings (Number),group,2017-05,1392052.0
Gross Lettings (Number),group,2017-06,1359593.0
Gross Lettings (Number),group,2017-07,1540486.0
Gross Lettings (Number),group,2017-08,1529795.0
Gross Lettings (Number),group,2017-09,1429542.0
Gross Lettings (Number),group,2017-10,1456452.0
Gross Lettings (Number),group,2017-11,1444128.0
Gross Lettings (Number),group,2017-12,1395744.0
Gross Lettings (Number),group,2018-01,1448484.0
Gross Lettings (Number),group,2018-02,1396835.0
Gross Lettings (Number),group,2018-03,1538947.0
Gross Lettings (Number),group,2018-04,1495282.0
Gross Lettings (Number),group,2018-05,1491761.0
Gross Lettings (Number),group,2018-06,1494124.0
Gross Lettings (Number),group,2018-07,1676452.0
Gross Lettings (Number),group,2018-08,1663784.0
Gross Lettings (Number),group,2018-09,1510715.0
Gross Lettings (Number),group,2018-10,1583262.0
Gross Lettings (Number),group,2018-11,1505190.0
Gross Lettings (Number),group,2018-12,1483662.0
Gross Lettings (Number),group,2019-01,1550957.0
Gross Lettings (Number),group,2019-02,1467338.0
Gross Lettings (Number),group,2019-03,1541773.0
Gross Lettings (Number),group,2019-04,1509500.0
Gross Lettings (Number),group,2019-05,1485293.0
Gross Lettings (Number),group,2019-06,1517318.0
Gross Lettings (Number),group,2019-07,1725297.0
Gross Lettings (Number),group,2019-08,1693776.0
Gross Lettings (Number),group,2019-09,1593343.0
Gross Lettings (Number),group,2019-10,1661171.0
Gross Lettings (Number),group,2019-11,1640436.0
Gross Lettings (Number),group,2019-12,1587373.0
Gross Lettings (Number),group,2020-01,1597859.0
Gross Lettings (Number),group,2020-02,831421.0
Gross Lettings (Number),group,2020-03,713530.0
Gross Lettings (Number),group,2020-04,615760.0
Gross Lettings (Number),group,2020-05,593689.0
Gross Lettings (Number),group,2020-06,514964.0
Gross Lettings (Number),group,2020-07,447085.0
Gross Lettings (Number),group,2020-08,529518.0
Gross Lettings (Number),group,2020-09,521554.0
Gross Lettings (Number),group,2020-10,518190.0
Gross Lettings (Number),group,2020-11,486441.0
Gross Lettings (Number),group,2020-12,606305.0
Gross Lettings (Number),group,2021-01,454413.0
Gross Lettings (Number),group,2021-02,422936.0
Gross Lettings (Number),group,2021-03,539089.0
Gross Lettings (Number),group,2021-04,533251.0
Gross Lettings (Number),group,2021-05,499484.0
Gross Lettings (Number),group,2021-06,452894.0
Gross Lettings (Number),group,2021-07,464342.0
Gross Lettings (Number),group,2021-08,463347.0
Gross Lettings (Number),group,2021-09,504266.0
Gross Lettings (Number),group,2021-10,507708.0
Gross Lettings (Number),group,2021-11,579783.0
Gross Lettings (Number),group,2021-12,588766.0
Gross Lettings (Number),group,2022-01,552185.0
Gross Lettings (Number),group,2022-02,555599.0
Gross Lettings (Number),group,2022-03,799174.0
Gross Lettings (Number),group,2022-04,873546.0
Gross Lettings (Number),group,2022-05,1035300.0
Gross Lettings (Number),group,2022-06,1163500.0
Gross Lettings (Number),group,2022-07,1220488.0
Gross Lettings (Number),group,2022-08,1245159.0
Gross Lettings (Number),group,2022-09,1357836.0
Gross Lettings (Number),group,2022-10,1430698.0
Gross Lettings (Number),group,2022-11,1383855.0
Gross Lettings (Number),group,2022-12,1292305.0
Gross Lettings (Number),group,2023-01,1187200.0
Gross Lettings (Number),group,2023-02,1299656.0
Gross Lettings (Number),group,2023-03,1382410.0
Gross Lettings (Number),group,2023-04,1367049.0
Gross Lettings (Number),group,2023-05,1471897.0
Gross Lettings (Number),group,2023-06,1436929.0
Gross Lettings (Number),group,2023-07,1655533.0
Gross Lettings (Number),group,2023-08,1598823.0
Gross Lettings (Number),group,2023-09,1521047.0
Gross Lettings (Number),group,2023-10,1485727.0
Gross Lettings (Number),group,2023-11,1466392.0
Gross Lettings (Number),group,2023-12,1425456.0
Gross Lettings (Number),group,2024-01,1530018.0
Gross Lettings (Number),group,2024-02,1531303.0
Gross Lettings (Number),group,2024-03,1629847.0
Gross Lettings (Number),group,2024-04,1466819.0
Gross Lettings (Number),group,2024-05,1557641.0
Gross Lettings (Number),group,2024-06,1462537.0
Gross Lettings (Number),group,2024-07,1775077.0
Gross Lettings (Number),group,2024-08,1747416.0
Gross Lettings (Number),group,2024-09,1606398.0
Gross Lettings (Number),group,2024-10,1599072.0
Gross Lettings (Number),group,2024-11,1569936.0
Gross Lettings (Number),group,2024-12,1491949.0
Gross Lettings (Number),group,2025-01,1636385.0
Gross Lettings (Number),group,2025-02,1513710.0
Gross Lettings (Number),group,2025-03,1512670.0
Gross Lettings (Number),group,2025-04,1522404.0
Gross Lettings (Number),group,2025-05,1602449.0
Gross Lettings (Number),group,2025-06,1464544.0
Gross Lettings (Number),group,2025-07,1870769.0
Gross Lettings (Number),group,2025-08,1831689.0
Gross Lettings (Number),group,2025-09,1591488.0
Gross Lettings (Number),group,2025-10,1726953.0
Gross Lettings (Number),group,2025-11,1670391.0
Gross Lettings (Number),group,2025-12,1545544.0
Gross Lettings (Number),group,2026-01,1659737.0
Gross Lettings (Number),group,2026-02,1634877.0
Gross Lettings (Number),group,2026-03,1647207.0
Gross Lettings (Number),group,2026-04,1555525.0
Gross Lettings (Number),group,2026-05,1539125.0
Gross Lettings (Number),group,2026-06,1508889.0
Room Revenue (Thousand Dollars),group,2008-01,176098.3
Room Revenue (Thousand Dollars),group,2008-02,171955.1
Room Revenue (Thousand Dollars),group,2008-03,187570.5
Room Revenue (Thousand Dollars),group,2008-04,184276.3
Room Revenue (Thousand Dollars),group,2008-05,180126.8
Room Revenue (Thousand Dollars),group,2008-06,177628.7
Room Revenue (Thousand Dollars),group,2008-07,180123.9
Room Revenue (Thousand Dollars),group,2008-08,166743.0
Room Revenue (Thousand Dollars),group,2008-09,194819.3
Room Revenue (Thousand Dollars),group,2008-10,178412.0
Room Revenue (Thousand Dollars),group,2008-11,164945.1
Room Revenue (Thousand Dollars),group,2008-12,142719.4
Room Revenue (Thousand Dollars),group,2009-01,127165.0
Room Revenue (Thousand Dollars),group,2009-02,127432.3
Room Revenue (Thousand Dollars),group,2009-03,134475.6
Room Revenue (Thousand Dollars),group,2009-04,117186.9
Room Revenue (Thousand Dollars),group,2009-05,114735.2
Room Revenue (Thousand Dollars),group,2009-06,121273.2
Room Revenue (Thousand Dollars),group,2009-07,132885.1
Room Revenue (Thousand Dollars),group,2009-08,129430.4
Room Revenue (Thousand Dollars),group,2009-09,147376.9
Room Revenue (Thousand Dollars),group,2009-10,146802.0
Room Revenue (Thousand Dollars),group,2009-11,159118.3
Room Revenue (Thousand Dollars),group,2009-12,140046.4
Room Revenue (Thousand Dollars),group,2010-01,150752.9
Room Revenue (Thousand Dollars),group,2010-02,144638.0
Room Revenue (Thousand Dollars),group,2010-03,177083.3
Room Revenue (Thousand Dollars),group,2010-04,171834.9
Room Revenue (Thousand Dollars),group,2010-05,181294.0
Room Revenue (Thousand Dollars),group,2010-06,186661.4
Room Revenue (Thousand Dollars),group,2010-07,201275.1
Room Revenue (Thousand Dollars),group,2010-08,211057.5
Room Revenue (Thousand Dollars),group,2010-09,217845.4
Room Revenue (Thousand Dollars),group,2010-10,219421.6
Room Revenue (Thousand Dollars),group,2010-11,223472.1
Room Revenue (Thousand Dollars),group,2010-12,216222.3
Room Revenue (Thousand Dollars),group,2011-01,220511.5
Room Revenue (Thousand Dollars),group,2011-02,204522.6
Room Revenue (Thousand Dollars),group,2011-03,242874.3
Room Revenue (Thousand Dollars),group,2011-04,227818.4
Room Revenue (Thousand Dollars),group,2011-05,235525.5
Room Revenue (Thousand Dollars),group,2011-06,243800.9
Room Revenue (Thousand Dollars),group,2011-07,263089.6
Room Revenue (Thousand Dollars),group,2011-08,238108.2
Room Revenue (Thousand Dollars),group,2011-09,264679.1
Room Revenue (Thousand Dollars),group,2011-10,259687.7
Room Revenue (Thousand Dollars),group,2011-11,262033.4
Room Revenue (Thousand Dollars),group,2011-12,246644.7
Room Revenue (Thousand Dollars),group,2012-01,241543.9
Room Revenue (Thousand Dollars),group,2012-02,264886.8
Room Revenue (Thousand Dollars),group,2012-03,266131.2
Room Revenue (Thousand Dollars),group,2012-04,258644.6
Room Revenue (Thousand Dollars),group,2012-05,254848.4
Room Revenue (Thousand Dollars),group,2012-06,264327.5
Room Revenue (Thousand Dollars),group,2012-07,276940.4
Room Revenue (Thousand Dollars),group,2012-08,268563.2
Room Revenue (Thousand Dollars),group,2012-09,273541.9
Room Revenue (Thousand Dollars),group,2012-10,276371.8
Room Revenue (Thousand Dollars),group,2012-11,275382.6
Room Revenue (Thousand Dollars),group,2012-12,268803.5
Room Revenue (Thousand Dollars),group,2013-01,264458.2
Room Revenue (Thousand Dollars),group,2013-02,243203.5
Room Revenue (Thousand Dollars),group,2013-03,281744.7
Room Revenue (Thousand Dollars),group,2013-04,261385.8
Room Revenue (Thousand Dollars),group,2013-05,270986.3
Room Revenue (Thousand Dollars),group,2013-06,279590.1
Room Revenue (Thousand Dollars),group,2013-07,278335.7
Room Revenue (Thousand Dollars),group,2013-08,291755.8
Room Revenue (Thousand Dollars),group,2013-09,289885.2
Room Revenue (Thousand Dollars),group,2013-10,295958.1
Room Revenue (Thousand Dollars),group,2013-11,282871.2
Room Revenue (Thousand Dollars),group,2013-12,279971.6
Room Revenue (Thousand Dollars),group,2014-01,274572.7
Room Revenue (Thousand Dollars),group,2014-02,293485.1
Room Revenue (Thousand Dollars),group,2014-03,300339.7
Room Revenue (Thousand Dollars),group,2014-04,285931.0
Room Revenue (Thousand Dollars),group,2014-05,288566.8
Room Revenue (Thousand Dollars),group,2014-06,281334.2
Room Revenue (Thousand Dollars),group,2014-07,303490.2
Room Revenue (Thousand Dollars),group,2014-08,320136.6
Room Revenue (Thousand Dollars),group,2014-09,302642.7
Room Revenue (Thousand Dollars),group,2014-10,300834.1
Room Revenue (Thousand Dollars),group,2014-11,294705.7
Room Revenue (Thousand Dollars),group,2014-12,295745.6
Room Revenue (Thousand Dollars),group,2015-01,286654.9
Room Revenue (Thousand Dollars),group,2015-02,268063.7
Room Revenue (Thousand Dollars),group,2015-03,293344.8
Room Revenue (Thousand Dollars),group,2015-04,267758.5
Room Revenue (Thousand Dollars),group,2015-05,277073.5
Room Revenue (Thousand Dollars),group,2015-06,278802.6
Room Revenue (Thousand Dollars),group,2015-07,306594.7
Room Revenue (Thousand Dollars),group,2015-08,328260.1
Room Revenue (Thousand Dollars),group,2015-09,302844.6
Room Revenue (Thousand Dollars),group,2015-10,321753.5
Room Revenue (Thousand Dollars),group,2015-11,286892.2
Room Revenue (Thousand Dollars),group,2015-12,289347.2
Room Revenue (Thousand Dollars),group,2016-01,291470.2
Room Revenue (Thousand Dollars),group,2016-02,295203.3
Room Revenue (Thousand Dollars),group,2016-03,291642.6
Room Revenue (Thousand Dollars),group,2016-04,289765.2
Room Revenue (Thousand Dollars),group,2016-05,282056.9
Room Revenue (Thousand Dollars),group,2016-06,261839.5
Room Revenue (Thousand Dollars),group,2016-07,326777.7
Room Revenue (Thousand Dollars),group,2016-08,323993.8
Room Revenue (Thousand Dollars),group,2016-09,316679.9
Room Revenue (Thousand Dollars),group,2016-10,297339.9
Room Revenue (Thousand Dollars),group,2016-11,286621.0
Room Revenue (Thousand Dollars),group,2016-12,298052.6
Room Revenue (Thousand Dollars),group,2017-01,299878.5
Room Revenue (Thousand Dollars),group,2017-02,294313.2
Room Revenue (Thousand Dollars),group,2017-03,310003.4
Room Revenue (Thousand Dollars),group,2017-04,298252.0
Room Revenue (Thousand Dollars),group,2017-05,290820.5
Room Revenue (Thousand Dollars),group,2017-06,286297.0
Room Revenue (Thousand Dollars),group,2017-07,333504.8
Room Revenue (Thousand Dollars),group,2017-08,336563.9
Room Revenue (Thousand Dollars),group,2017-09,327636.3
Room Revenue (Thousand Dollars),group,2017-10,317483.0
Room Revenue (Thousand Dollars),group,2017-11,312208.5
Room Revenue (Thousand Dollars),group,2017-12,308692.4
Room Revenue (Thousand Dollars),group,2018-01,310182.6
Room Revenue (Thousand Dollars),group,2018-02,313245.2
Room Revenue (Thousand Dollars),group,2018-03,338739.1
Room Revenue (Thousand Dollars),group,2018-04,328990.2
Room Revenue (Thousand Dollars),group,2018-05,308845.3
Room Revenue (Thousand Dollars),group,2018-06,318090.4
Room Revenue (Thousand Dollars),group,2018-07,362612.2
Room Revenue (Thousand Dollars),group,2018-08,362218.0
Room Revenue (Thousand Dollars),group,2018-09,345938.6
Room Revenue (Thousand Dollars),group,2018-10,347408.2
Room Revenue (Thousand Dollars),group,2018-11,329039.9
Room Revenue (Thousand Dollars),group,2018-12,329307.6
Room Revenue (Thousand Dollars),group,2019-01,334808.5
Room Revenue (Thousand Dollars),group,2019-02,328912.2
Room Revenue (Thousand Dollars),group,2019-03,331225.1
Room Revenue (Thousand Dollars),group,2019-04,324915.0
Room Revenue (Thousand Dollars),group,2019-05,306710.4
Room Revenue (Thousand Dollars),group,2019-06,319771.6
Room Revenue (Thousand Dollars),group,2019-07,377573.2
Room Revenue (Thousand Dollars),group,2019-08,383423.8
Room Revenue (Thousand Dollars),group,2019-09,375892.7
Room Revenue (Thousand Dollars),group,2019-10,372207.6
Room Revenue (Thousand Dollars),group,2019-11,368506.3
Room Revenue (Thousand Dollars),group,2019-12,371830.3
Room Revenue (Thousand Dollars),group,2020-01,369259.6
Room Revenue (Thousand Dollars),group,2020-02,186474.1
Room Revenue (Thousand Dollars),group,2020-03,121760.7
Room Revenue (Thousand Dollars),group,2020-04,54612.1
Room Revenue (Thousand Dollars),group,2020-05,38270.2
Room Revenue (Thousand Dollars),group,2020-06,33441.7
Room Revenue (Thousand Dollars),group,2020-07,37825.8
Room Revenue (Thousand Dollars),group,2020-08,64049.2
Room Revenue (Thousand Dollars),group,2020-09,65589.1
Room Revenue (Thousand Dollars),group,2020-10,74360.3
Room Revenue (Thousand Dollars),group,2020-11,75209.2
Room Revenue (Thousand Dollars),group,2020-12,113156.2
Room Revenue (Thousand Dollars),group,2021-01,68551.6
Room Revenue (Thousand Dollars),group,2021-02,64460.5
Room Revenue (Thousand Dollars),group,2021-03,81373.0
Room Revenue (Thousand Dollars),group,2021-04,83131.9
Room Revenue (Thousand Dollars),group,2021-05,69425.8
Room Revenue (Thousand Dollars),group,2021-06,66144.3
Room Revenue (Thousand Dollars),group,2021-07,70270.7
Room Revenue (Thousand Dollars),group,2021-08,70278.6
Room Revenue (Thousand Dollars),group,2021-09,77910.1
Room Revenue (Thousand Dollars),group,2021-10,81555.6
Room Revenue (Thousand Dollars),group,2021-11,101263.9
Room Revenue (Thousand Dollars),group,2021-12,131882.5
Room Revenue (Thousand Dollars),group,2022-01,102164.8
Room Revenue (Thousand Dollars),group,2022-02,107563.2
Room Revenue (Thousand Dollars),group,2022-03,154392.1
Room Revenue (Thousand Dollars),group,2022-04,181792.1
Room Revenue (Thousand Dollars),group,2022-05,231967.7
Room Revenue (Thousand Dollars),group,2022-06,282461.0
Room Revenue (Thousand Dollars),group,2022-07,316633.3
Room Revenue (Thousand Dollars),group,2022-08,311521.3
Room Revenue (Thousand Dollars),group,2022-09,386781.0
Room Revenue (Thousand Dollars),group,2022-10,407770.5
Room Revenue (Thousand Dollars),group,2022-11,389568.2
Room Revenue (Thousand Dollars),group,2022-12,371353.5
Room Revenue (Thousand Dollars),group,2023-01,318240.6
Room Revenue (Thousand Dollars),group,2023-02,349610.3
Room Revenue (Thousand Dollars),group,2023-03,360650.1
Room Revenue (Thousand Dollars),group,2023-04,365627.5
Room Revenue (Thousand Dollars),group,2023-05,392757.0
Room Revenue (Thousand Dollars),group,2023-06,378026.9
Room Revenue (Thousand Dollars),group,2023-07,472507.8
Room Revenue (Thousand Dollars),group,2023-08,447521.0
Room Revenue (Thousand Dollars),group,2023-09,482855.9
Room Revenue (Thousand Dollars),group,2023-10,401077.4
Room Revenue (Thousand Dollars),group,2023-11,395234.9
Room Revenue (Thousand Dollars),group,2023-12,397733.2
Room Revenue (Thousand Dollars),group,2024-01,414240.8
Room Revenue (Thousand Dollars),group,2024-02,439989.4
Room Revenue (Thousand Dollars),group,2024-03,477541.7
Room Revenue (Thousand Dollars),group,2024-04,397468.1
Room Revenue (Thousand Dollars),group,2024-05,425027.7
Room Revenue (Thousand Dollars),group,2024-06,383067.9
Room Revenue (Thousand Dollars),group,2024-07,482415.8
Room Revenue (Thousand Dollars),group,2024-08,482894.0
Room Revenue (Thousand Dollars),group,2024-09,506961.5
Room Revenue (Thousand Dollars),group,2024-10,435596.4
Room Revenue (Thousand Dollars),group,2024-11,422875.3
Room Revenue (Thousand Dollars),group,2024-12,414055.5
Room Revenue (Thousand Dollars),group,2025-01,448776.6
Room Revenue (Thousand Dollars),group,2025-02,418034.3
Room Revenue (Thousand Dollars),group,2025-03,402339.5
Room Revenue (Thousand Dollars),group,2025-04,402259.3
Room Revenue (Thousand Dollars),group,2025-05,425933.7
Room Revenue (Thousand Dollars),group,2025-06,374231.7
Room Revenue (Thousand Dollars),group,2025-07,517268.7
Room Revenue (Thousand Dollars),group,2025-08,507422.6
Room Revenue (Thousand Dollars),group,2025-09,436605.4
Room Revenue (Thousand Dollars),group,2025-10,541280.2
Room Revenue (Thousand Dollars),group,2025-11,454900.5
Room Revenue (Thousand Dollars),group,2025-12,436211.7
Room Revenue (Thousand Dollars),group,2026-01,451740.4
Room Revenue (Thousand Dollars),group,2026-02,478286.1
Room Revenue (Thousand Dollars),group,2026-03,441916.2
Room Revenue (Thousand Dollars),group,2026-04,422996.2
Room Revenue (Thousand Dollars),group,2026-05,412489.6
Room Revenue (Thousand Dollars),group,2026-06,396003.2
