series,level,freq,date,value
1 Day (Number),group,monthly,2008-01,200558.0
1 Day (Number),group,monthly,2008-02,182686.0
1 Day (Number),group,monthly,2008-03,193919.0
1 Day (Number),group,monthly,2008-04,176681.0
1 Day (Number),group,monthly,2008-05,164344.0
1 Day (Number),group,monthly,2008-06,151590.0
1 Day (Number),group,monthly,2008-07,178350.0
1 Day (Number),group,monthly,2008-08,173678.0
1 Day (Number),group,monthly,2008-09,135516.0
1 Day (Number),group,monthly,2008-10,171945.0
1 Day (Number),group,monthly,2008-11,155611.0
1 Day (Number),group,monthly,2008-12,157740.0
1 Day (Number),group,monthly,2009-01,167794.0
1 Day (Number),group,monthly,2009-02,146262.0
1 Day (Number),group,monthly,2009-03,170752.0
1 Day (Number),group,monthly,2009-04,164494.0
1 Day (Number),group,monthly,2009-05,137809.0
1 Day (Number),group,monthly,2009-06,126746.0
1 Day (Number),group,monthly,2009-07,156020.0
1 Day (Number),group,monthly,2009-08,161198.0
1 Day (Number),group,monthly,2009-09,149274.0
1 Day (Number),group,monthly,2009-10,170801.0
1 Day (Number),group,monthly,2009-11,174131.0
1 Day (Number),group,monthly,2009-12,182070.0
1 Day (Number),group,monthly,2010-01,198897.0
1 Day (Number),group,monthly,2010-02,194632.0
1 Day (Number),group,monthly,2010-03,187827.0
1 Day (Number),group,monthly,2010-04,177135.0
1 Day (Number),group,monthly,2010-05,166869.0
1 Day (Number),group,monthly,2010-06,153825.0
1 Day (Number),group,monthly,2010-07,187872.0
1 Day (Number),group,monthly,2010-08,189310.0
1 Day (Number),group,monthly,2010-09,167553.0
1 Day (Number),group,monthly,2010-10,182860.0
1 Day (Number),group,monthly,2010-11,189072.0
1 Day (Number),group,monthly,2010-12,192549.0
1 Day (Number),group,monthly,2011-01,212905.0
1 Day (Number),group,monthly,2011-02,201457.0
1 Day (Number),group,monthly,2011-03,216848.0
1 Day (Number),group,monthly,2011-04,206157.0
1 Day (Number),group,monthly,2011-05,194834.0
1 Day (Number),group,monthly,2011-06,182967.0
1 Day (Number),group,monthly,2011-07,228257.0
1 Day (Number),group,monthly,2011-08,224671.0
1 Day (Number),group,monthly,2011-09,189923.0
1 Day (Number),group,monthly,2011-10,211846.0
1 Day (Number),group,monthly,2011-11,189270.0
1 Day (Number),group,monthly,2011-12,204879.0
1 Day (Number),group,monthly,2012-01,236411.0
1 Day (Number),group,monthly,2012-02,226774.0
1 Day (Number),group,monthly,2012-03,253694.0
1 Day (Number),group,monthly,2012-04,236173.0
1 Day (Number),group,monthly,2012-05,210422.0
1 Day (Number),group,monthly,2012-06,200812.0
1 Day (Number),group,monthly,2012-07,234630.0
1 Day (Number),group,monthly,2012-08,246632.0
1 Day (Number),group,monthly,2012-09,195858.0
1 Day (Number),group,monthly,2012-10,237102.0
1 Day (Number),group,monthly,2012-11,251123.0
1 Day (Number),group,monthly,2012-12,257072.0
1 Day (Number),group,monthly,2013-01,266111.0
1 Day (Number),group,monthly,2013-02,259590.0
1 Day (Number),group,monthly,2013-03,294177.0
1 Day (Number),group,monthly,2013-04,272991.0
1 Day (Number),group,monthly,2013-05,259469.0
1 Day (Number),group,monthly,2013-06,245099.0
1 Day (Number),group,monthly,2013-07,277136.0
1 Day (Number),group,monthly,2013-08,291544.0
1 Day (Number),group,monthly,2013-09,234021.0
1 Day (Number),group,monthly,2013-10,215121.0
1 Day (Number),group,monthly,2013-11,219153.0
1 Day (Number),group,monthly,2013-12,230749.0
1 Day (Number),group,monthly,2014-01,242166.0
1 Day (Number),group,monthly,2014-02,244416.0
1 Day (Number),group,monthly,2014-03,254741.0
1 Day (Number),group,monthly,2014-04,222105.0
1 Day (Number),group,monthly,2014-05,193801.0
1 Day (Number),group,monthly,2014-06,188442.0
1 Day (Number),group,monthly,2014-07,219175.0
1 Day (Number),group,monthly,2014-08,233195.0
1 Day (Number),group,monthly,2014-09,185508.0
1 Day (Number),group,monthly,2014-10,209515.0
1 Day (Number),group,monthly,2014-11,212663.0
1 Day (Number),group,monthly,2014-12,221405.0
1 Day (Number),group,monthly,2015-01,227270.0
1 Day (Number),group,monthly,2015-02,218021.0
1 Day (Number),group,monthly,2015-03,227459.0
1 Day (Number),group,monthly,2015-04,216743.0
1 Day (Number),group,monthly,2015-05,215137.0
1 Day (Number),group,monthly,2015-06,204673.0
1 Day (Number),group,monthly,2015-07,254606.0
1 Day (Number),group,monthly,2015-08,256576.0
1 Day (Number),group,monthly,2015-09,191690.0
1 Day (Number),group,monthly,2015-10,225418.0
1 Day (Number),group,monthly,2015-11,244543.0
1 Day (Number),group,monthly,2015-12,247542.0
1 Day (Number),group,monthly,2016-01,271681.0
1 Day (Number),group,monthly,2016-02,247440.0
1 Day (Number),group,monthly,2016-03,294916.0
1 Day (Number),group,monthly,2016-04,288531.0
1 Day (Number),group,monthly,2016-05,278375.0
1 Day (Number),group,monthly,2016-06,247024.0
1 Day (Number),group,monthly,2016-07,289384.0
1 Day (Number),group,monthly,2016-08,286703.0
1 Day (Number),group,monthly,2016-09,207051.0
1 Day (Number),group,monthly,2016-10,239999.0
1 Day (Number),group,monthly,2016-11,259966.0
1 Day (Number),group,monthly,2016-12,283050.0
1 Day (Number),group,monthly,2017-01,292631.0
1 Day (Number),group,monthly,2017-02,276566.0
1 Day (Number),group,monthly,2017-03,318683.0
1 Day (Number),group,monthly,2017-04,308076.0
1 Day (Number),group,monthly,2017-05,265958.0
1 Day (Number),group,monthly,2017-06,258892.0
1 Day (Number),group,monthly,2017-07,307755.0
1 Day (Number),group,monthly,2017-08,294764.0
1 Day (Number),group,monthly,2017-09,258224.0
1 Day (Number),group,monthly,2017-10,282083.0
1 Day (Number),group,monthly,2017-11,314771.0
1 Day (Number),group,monthly,2017-12,303365.0
1 Day (Number),group,monthly,2018-01,328657.0
1 Day (Number),group,monthly,2018-02,298754.0
1 Day (Number),group,monthly,2018-03,332478.0
1 Day (Number),group,monthly,2018-04,320911.0
1 Day (Number),group,monthly,2018-05,291589.0
1 Day (Number),group,monthly,2018-06,285103.0
1 Day (Number),group,monthly,2018-07,321463.0
1 Day (Number),group,monthly,2018-08,316223.0
1 Day (Number),group,monthly,2018-09,270474.0
1 Day (Number),group,monthly,2018-10,287839.0
1 Day (Number),group,monthly,2018-11,291359.0
1 Day (Number),group,monthly,2018-12,278586.0
1 Day (Number),group,monthly,2019-01,322885.0
1 Day (Number),group,monthly,2019-02,282718.0
1 Day (Number),group,monthly,2019-03,351754.0
1 Day (Number),group,monthly,2019-04,322123.0
1 Day (Number),group,monthly,2019-05,294671.0
1 Day (Number),group,monthly,2019-06,291485.0
1 Day (Number),group,monthly,2019-07,319450.0
1 Day (Number),group,monthly,2019-08,307514.0
1 Day (Number),group,monthly,2019-09,270271.0
1 Day (Number),group,monthly,2019-10,284422.0
1 Day (Number),group,monthly,2019-11,308455.0
1 Day (Number),group,monthly,2019-12,312169.0
1 Day (Number),group,monthly,2020-01,314689.0
1 Day (Number),group,monthly,2020-02,122319.0
1 Day (Number),group,monthly,2020-03,39543.0
1 Day (Number),group,monthly,2020-04,8.0
1 Day (Number),group,monthly,2020-05,8.0
1 Day (Number),group,monthly,2020-06,13.0
1 Day (Number),group,monthly,2020-07,22.0
1 Day (Number),group,monthly,2020-08,20.0
1 Day (Number),group,monthly,2020-09,43.0
1 Day (Number),group,monthly,2020-10,46.0
1 Day (Number),group,monthly,2020-11,59.0
1 Day (Number),group,monthly,2020-12,85.0
1 Day (Number),group,monthly,2021-01,102.0
1 Day (Number),group,monthly,2021-02,36.0
1 Day (Number),group,monthly,2021-03,70.0
1 Day (Number),group,monthly,2021-04,71.0
1 Day (Number),group,monthly,2021-05,58.0
1 Day (Number),group,monthly,2021-06,50.0
1 Day (Number),group,monthly,2021-07,111.0
1 Day (Number),group,monthly,2021-08,85.0
1 Day (Number),group,monthly,2021-09,97.0
1 Day (Number),group,monthly,2021-10,100.0
1 Day (Number),group,monthly,2021-11,231.0
1 Day (Number),group,monthly,2021-12,543.0
1 Day (Number),group,monthly,2022-01,491.0
1 Day (Number),group,monthly,2022-02,691.0
1 Day (Number),group,monthly,2022-03,2845.0
1 Day (Number),group,monthly,2022-04,19163.0
1 Day (Number),group,monthly,2022-05,38347.0
1 Day (Number),group,monthly,2022-06,59305.0
1 Day (Number),group,monthly,2022-07,88057.0
1 Day (Number),group,monthly,2022-08,96875.0
1 Day (Number),group,monthly,2022-09,97686.0
1 Day (Number),group,monthly,2022-10,102077.0
1 Day (Number),group,monthly,2022-11,108266.0
1 Day (Number),group,monthly,2022-12,114672.0
1 Day (Number),group,monthly,2023-01,138290.0
1 Day (Number),group,monthly,2023-02,139120.0
1 Day (Number),group,monthly,2023-03,149809.0
1 Day (Number),group,monthly,2023-04,161764.0
1 Day (Number),group,monthly,2023-05,162630.0
1 Day (Number),group,monthly,2023-06,158239.0
1 Day (Number),group,monthly,2023-07,202319.0
1 Day (Number),group,monthly,2023-08,190444.0
1 Day (Number),group,monthly,2023-09,166190.0
1 Day (Number),group,monthly,2023-10,175731.0
1 Day (Number),group,monthly,2023-11,181139.0
1 Day (Number),group,monthly,2023-12,189997.0
1 Day (Number),group,monthly,2024-01,243774.0
1 Day (Number),group,monthly,2024-02,234921.0
1 Day (Number),group,monthly,2024-03,261132.0
1 Day (Number),group,monthly,2024-04,239083.0
1 Day (Number),group,monthly,2024-05,209205.0
1 Day (Number),group,monthly,2024-06,197601.0
1 Day (Number),group,monthly,2024-07,240993.0
1 Day (Number),group,monthly,2024-08,238218.0
1 Day (Number),group,monthly,2024-09,194625.0
1 Day (Number),group,monthly,2024-10,212394.0
1 Day (Number),group,monthly,2024-11,205011.0
1 Day (Number),group,monthly,2024-12,211324.0
1 Day (Number),group,monthly,2025-01,263633.0
1 Day (Number),group,monthly,2025-02,227912.0
1 Day (Number),group,monthly,2025-03,213020.0
1 Day (Number),group,monthly,2025-04,218019.0
1 Day (Number),group,monthly,2025-05,216536.0
1 Day (Number),group,monthly,2025-06,189034.0
1 Day (Number),group,monthly,2025-07,247778.0
1 Day (Number),group,monthly,2025-08,243914.0
1 Day (Number),group,monthly,2025-09,188821.0
1 Day (Number),group,monthly,2025-10,208329.0
1 Day (Number),group,monthly,2025-11,214170.0
1 Day (Number),group,monthly,2025-12,197397.0
1 Day (Number),group,monthly,2026-01,246232.0
1 Day (Number),group,monthly,2026-02,232585.0
1 Day (Number),group,monthly,2026-03,243149.0
1 Day (Number),group,monthly,2026-04,215224.0
1 Day (Number),group,monthly,2026-05,200315.0
1 Day (Number),group,monthly,2026-06,181762.0
11-14 Days (Number),group,monthly,2008-01,18951.0
11-14 Days (Number),group,monthly,2008-02,15057.0
11-14 Days (Number),group,monthly,2008-03,14484.0
11-14 Days (Number),group,monthly,2008-04,14635.0
11-14 Days (Number),group,monthly,2008-05,14990.0
11-14 Days (Number),group,monthly,2008-06,15996.0
11-14 Days (Number),group,monthly,2008-07,19173.0
11-14 Days (Number),group,monthly,2008-08,17949.0
11-14 Days (Number),group,monthly,2008-09,12751.0
11-14 Days (Number),group,monthly,2008-10,16042.0
11-14 Days (Number),group,monthly,2008-11,12993.0
11-14 Days (Number),group,monthly,2008-12,14849.0
11-14 Days (Number),group,monthly,2009-01,19644.0
11-14 Days (Number),group,monthly,2009-02,12949.0
11-14 Days (Number),group,monthly,2009-03,12693.0
11-14 Days (Number),group,monthly,2009-04,13732.0
11-14 Days (Number),group,monthly,2009-05,13333.0
11-14 Days (Number),group,monthly,2009-06,14774.0
11-14 Days (Number),group,monthly,2009-07,18829.0
11-14 Days (Number),group,monthly,2009-08,17048.0
11-14 Days (Number),group,monthly,2009-09,14122.0
11-14 Days (Number),group,monthly,2009-10,14649.0
11-14 Days (Number),group,monthly,2009-11,13058.0
11-14 Days (Number),group,monthly,2009-12,15741.0
11-14 Days (Number),group,monthly,2010-01,20621.0
11-14 Days (Number),group,monthly,2010-02,15322.0
11-14 Days (Number),group,monthly,2010-03,14672.0
11-14 Days (Number),group,monthly,2010-04,16330.0
11-14 Days (Number),group,monthly,2010-05,15433.0
11-14 Days (Number),group,monthly,2010-06,17298.0
11-14 Days (Number),group,monthly,2010-07,21458.0
11-14 Days (Number),group,monthly,2010-08,20298.0
11-14 Days (Number),group,monthly,2010-09,15878.0
11-14 Days (Number),group,monthly,2010-10,15832.0
11-14 Days (Number),group,monthly,2010-11,14503.0
11-14 Days (Number),group,monthly,2010-12,17053.0
11-14 Days (Number),group,monthly,2011-01,22885.0
11-14 Days (Number),group,monthly,2011-02,15911.0
11-14 Days (Number),group,monthly,2011-03,16370.0
11-14 Days (Number),group,monthly,2011-04,17330.0
11-14 Days (Number),group,monthly,2011-05,16506.0
11-14 Days (Number),group,monthly,2011-06,18381.0
11-14 Days (Number),group,monthly,2011-07,23883.0
11-14 Days (Number),group,monthly,2011-08,20269.0
11-14 Days (Number),group,monthly,2011-09,17168.0
11-14 Days (Number),group,monthly,2011-10,16905.0
11-14 Days (Number),group,monthly,2011-11,16429.0
11-14 Days (Number),group,monthly,2011-12,18059.0
11-14 Days (Number),group,monthly,2012-01,24806.0
11-14 Days (Number),group,monthly,2012-02,16506.0
11-14 Days (Number),group,monthly,2012-03,16490.0
11-14 Days (Number),group,monthly,2012-04,17953.0
11-14 Days (Number),group,monthly,2012-05,16799.0
11-14 Days (Number),group,monthly,2012-06,18960.0
11-14 Days (Number),group,monthly,2012-07,22414.0
11-14 Days (Number),group,monthly,2012-08,22330.0
11-14 Days (Number),group,monthly,2012-09,15527.0
11-14 Days (Number),group,monthly,2012-10,16141.0
11-14 Days (Number),group,monthly,2012-11,15491.0
11-14 Days (Number),group,monthly,2012-12,17817.0
11-14 Days (Number),group,monthly,2013-01,24293.0
11-14 Days (Number),group,monthly,2013-02,17726.0
11-14 Days (Number),group,monthly,2013-03,17646.0
11-14 Days (Number),group,monthly,2013-04,17817.0
11-14 Days (Number),group,monthly,2013-05,17853.0
11-14 Days (Number),group,monthly,2013-06,19290.0
11-14 Days (Number),group,monthly,2013-07,22468.0
11-14 Days (Number),group,monthly,2013-08,25145.0
11-14 Days (Number),group,monthly,2013-09,15924.0
11-14 Days (Number),group,monthly,2013-10,16880.0
11-14 Days (Number),group,monthly,2013-11,16582.0
11-14 Days (Number),group,monthly,2013-12,17879.0
11-14 Days (Number),group,monthly,2014-01,26687.0
11-14 Days (Number),group,monthly,2014-02,18842.0
11-14 Days (Number),group,monthly,2014-03,18121.0
11-14 Days (Number),group,monthly,2014-04,18244.0
11-14 Days (Number),group,monthly,2014-05,18037.0
11-14 Days (Number),group,monthly,2014-06,19082.0
11-14 Days (Number),group,monthly,2014-07,22962.0
11-14 Days (Number),group,monthly,2014-08,24101.0
11-14 Days (Number),group,monthly,2014-09,16239.0
11-14 Days (Number),group,monthly,2014-10,17829.0
11-14 Days (Number),group,monthly,2014-11,16722.0
11-14 Days (Number),group,monthly,2014-12,19206.0
11-14 Days (Number),group,monthly,2015-01,27097.0
11-14 Days (Number),group,monthly,2015-02,17898.0
11-14 Days (Number),group,monthly,2015-03,18884.0
11-14 Days (Number),group,monthly,2015-04,18300.0
11-14 Days (Number),group,monthly,2015-05,18871.0
11-14 Days (Number),group,monthly,2015-06,20431.0
11-14 Days (Number),group,monthly,2015-07,23411.0
11-14 Days (Number),group,monthly,2015-08,24466.0
11-14 Days (Number),group,monthly,2015-09,14972.0
11-14 Days (Number),group,monthly,2015-10,17415.0
11-14 Days (Number),group,monthly,2015-11,15850.0
11-14 Days (Number),group,monthly,2015-12,18342.0
11-14 Days (Number),group,monthly,2016-01,27490.0
11-14 Days (Number),group,monthly,2016-02,19992.0
11-14 Days (Number),group,monthly,2016-03,16816.0
11-14 Days (Number),group,monthly,2016-04,19319.0
11-14 Days (Number),group,monthly,2016-05,17927.0
11-14 Days (Number),group,monthly,2016-06,18107.0
11-14 Days (Number),group,monthly,2016-07,24509.0
11-14 Days (Number),group,monthly,2016-08,21704.0
11-14 Days (Number),group,monthly,2016-09,15253.0
11-14 Days (Number),group,monthly,2016-10,16747.0
11-14 Days (Number),group,monthly,2016-11,15675.0
11-14 Days (Number),group,monthly,2016-12,18884.0
11-14 Days (Number),group,monthly,2017-01,26157.0
11-14 Days (Number),group,monthly,2017-02,19386.0
11-14 Days (Number),group,monthly,2017-03,17127.0
11-14 Days (Number),group,monthly,2017-04,19251.0
11-14 Days (Number),group,monthly,2017-05,18227.0
11-14 Days (Number),group,monthly,2017-06,20060.0
11-14 Days (Number),group,monthly,2017-07,25195.0
11-14 Days (Number),group,monthly,2017-08,21405.0
11-14 Days (Number),group,monthly,2017-09,16711.0
11-14 Days (Number),group,monthly,2017-10,17241.0
11-14 Days (Number),group,monthly,2017-11,16269.0
11-14 Days (Number),group,monthly,2017-12,20836.0
11-14 Days (Number),group,monthly,2018-01,27102.0
11-14 Days (Number),group,monthly,2018-02,21216.0
11-14 Days (Number),group,monthly,2018-03,18974.0
11-14 Days (Number),group,monthly,2018-04,18777.0
11-14 Days (Number),group,monthly,2018-05,19214.0
11-14 Days (Number),group,monthly,2018-06,22314.0
11-14 Days (Number),group,monthly,2018-07,24656.0
11-14 Days (Number),group,monthly,2018-08,24080.0
11-14 Days (Number),group,monthly,2018-09,17490.0
11-14 Days (Number),group,monthly,2018-10,17449.0
11-14 Days (Number),group,monthly,2018-11,17220.0
11-14 Days (Number),group,monthly,2018-12,18866.0
11-14 Days (Number),group,monthly,2019-01,28944.0
11-14 Days (Number),group,monthly,2019-02,20149.0
11-14 Days (Number),group,monthly,2019-03,18459.0
11-14 Days (Number),group,monthly,2019-04,18858.0
11-14 Days (Number),group,monthly,2019-05,20040.0
11-14 Days (Number),group,monthly,2019-06,23131.0
11-14 Days (Number),group,monthly,2019-07,25744.0
11-14 Days (Number),group,monthly,2019-08,25561.0
11-14 Days (Number),group,monthly,2019-09,17568.0
11-14 Days (Number),group,monthly,2019-10,18746.0
11-14 Days (Number),group,monthly,2019-11,17594.0
11-14 Days (Number),group,monthly,2019-12,19879.0
11-14 Days (Number),group,monthly,2020-01,30907.0
11-14 Days (Number),group,monthly,2020-02,16475.0
11-14 Days (Number),group,monthly,2020-03,6130.0
11-14 Days (Number),group,monthly,2020-04,17.0
11-14 Days (Number),group,monthly,2020-05,3.0
11-14 Days (Number),group,monthly,2020-06,6.0
11-14 Days (Number),group,monthly,2020-07,20.0
11-14 Days (Number),group,monthly,2020-08,11.0
11-14 Days (Number),group,monthly,2020-09,94.0
11-14 Days (Number),group,monthly,2020-10,167.0
11-14 Days (Number),group,monthly,2020-11,247.0
11-14 Days (Number),group,monthly,2020-12,429.0
11-14 Days (Number),group,monthly,2021-01,609.0
11-14 Days (Number),group,monthly,2021-02,438.0
11-14 Days (Number),group,monthly,2021-03,655.0
11-14 Days (Number),group,monthly,2021-04,681.0
11-14 Days (Number),group,monthly,2021-05,651.0
11-14 Days (Number),group,monthly,2021-06,413.0
11-14 Days (Number),group,monthly,2021-07,564.0
11-14 Days (Number),group,monthly,2021-08,405.0
11-14 Days (Number),group,monthly,2021-09,627.0
11-14 Days (Number),group,monthly,2021-10,685.0
11-14 Days (Number),group,monthly,2021-11,1191.0
11-14 Days (Number),group,monthly,2021-12,2751.0
11-14 Days (Number),group,monthly,2022-01,4197.0
11-14 Days (Number),group,monthly,2022-02,3741.0
11-14 Days (Number),group,monthly,2022-03,5902.0
11-14 Days (Number),group,monthly,2022-04,10748.0
11-14 Days (Number),group,monthly,2022-05,14922.0
11-14 Days (Number),group,monthly,2022-06,15306.0
11-14 Days (Number),group,monthly,2022-07,19508.0
11-14 Days (Number),group,monthly,2022-08,17264.0
11-14 Days (Number),group,monthly,2022-09,14734.0
11-14 Days (Number),group,monthly,2022-10,18215.0
11-14 Days (Number),group,monthly,2022-11,15127.0
11-14 Days (Number),group,monthly,2022-12,18087.0
11-14 Days (Number),group,monthly,2023-01,25198.0
11-14 Days (Number),group,monthly,2023-02,15404.0
11-14 Days (Number),group,monthly,2023-03,17442.0
11-14 Days (Number),group,monthly,2023-04,18301.0
11-14 Days (Number),group,monthly,2023-05,17940.0
11-14 Days (Number),group,monthly,2023-06,18433.0
11-14 Days (Number),group,monthly,2023-07,25987.0
11-14 Days (Number),group,monthly,2023-08,24048.0
11-14 Days (Number),group,monthly,2023-09,16837.0
11-14 Days (Number),group,monthly,2023-10,16519.0
11-14 Days (Number),group,monthly,2023-11,15348.0
11-14 Days (Number),group,monthly,2023-12,19370.0
11-14 Days (Number),group,monthly,2024-01,24519.0
11-14 Days (Number),group,monthly,2024-02,22216.0
11-14 Days (Number),group,monthly,2024-03,19061.0
11-14 Days (Number),group,monthly,2024-04,19262.0
11-14 Days (Number),group,monthly,2024-05,19032.0
11-14 Days (Number),group,monthly,2024-06,21089.0
11-14 Days (Number),group,monthly,2024-07,27824.0
11-14 Days (Number),group,monthly,2024-08,25365.0
11-14 Days (Number),group,monthly,2024-09,17624.0
11-14 Days (Number),group,monthly,2024-10,18063.0
11-14 Days (Number),group,monthly,2024-11,17686.0
11-14 Days (Number),group,monthly,2024-12,20241.0
11-14 Days (Number),group,monthly,2025-01,26782.0
11-14 Days (Number),group,monthly,2025-02,20551.0
11-14 Days (Number),group,monthly,2025-03,18766.0
11-14 Days (Number),group,monthly,2025-04,19874.0
11-14 Days (Number),group,monthly,2025-05,20579.0
11-14 Days (Number),group,monthly,2025-06,19163.0
11-14 Days (Number),group,monthly,2025-07,25957.0
11-14 Days (Number),group,monthly,2025-08,26702.0
11-14 Days (Number),group,monthly,2025-09,17241.0
11-14 Days (Number),group,monthly,2025-10,18833.0
11-14 Days (Number),group,monthly,2025-11,17296.0
11-14 Days (Number),group,monthly,2025-12,19564.0
11-14 Days (Number),group,monthly,2026-01,27254.0
11-14 Days (Number),group,monthly,2026-02,21310.0
11-14 Days (Number),group,monthly,2026-03,20275.0
11-14 Days (Number),group,monthly,2026-04,18148.0
11-14 Days (Number),group,monthly,2026-05,18554.0
11-14 Days (Number),group,monthly,2026-06,18223.0
15-29 Days (Number),group,monthly,2008-01,28847.0
15-29 Days (Number),group,monthly,2008-02,24980.0
15-29 Days (Number),group,monthly,2008-03,26429.0
15-29 Days (Number),group,monthly,2008-04,23140.0
15-29 Days (Number),group,monthly,2008-05,26902.0
15-29 Days (Number),group,monthly,2008-06,25290.0
15-29 Days (Number),group,monthly,2008-07,29158.0
15-29 Days (Number),group,monthly,2008-08,29033.0
15-29 Days (Number),group,monthly,2008-09,22239.0
15-29 Days (Number),group,monthly,2008-10,23995.0
15-29 Days (Number),group,monthly,2008-11,21142.0
15-29 Days (Number),group,monthly,2008-12,23399.0
15-29 Days (Number),group,monthly,2009-01,28951.0
15-29 Days (Number),group,monthly,2009-02,21060.0
15-29 Days (Number),group,monthly,2009-03,22313.0
15-29 Days (Number),group,monthly,2009-04,21279.0
15-29 Days (Number),group,monthly,2009-05,26148.0
15-29 Days (Number),group,monthly,2009-06,24061.0
15-29 Days (Number),group,monthly,2009-07,28625.0
15-29 Days (Number),group,monthly,2009-08,28671.0
15-29 Days (Number),group,monthly,2009-09,23244.0
15-29 Days (Number),group,monthly,2009-10,25135.0
15-29 Days (Number),group,monthly,2009-11,22267.0
15-29 Days (Number),group,monthly,2009-12,26137.0
15-29 Days (Number),group,monthly,2010-01,31261.0
15-29 Days (Number),group,monthly,2010-02,25773.0
15-29 Days (Number),group,monthly,2010-03,28004.0
15-29 Days (Number),group,monthly,2010-04,26772.0
15-29 Days (Number),group,monthly,2010-05,31603.0
15-29 Days (Number),group,monthly,2010-06,28688.0
15-29 Days (Number),group,monthly,2010-07,32769.0
15-29 Days (Number),group,monthly,2010-08,37936.0
15-29 Days (Number),group,monthly,2010-09,27297.0
15-29 Days (Number),group,monthly,2010-10,28340.0
15-29 Days (Number),group,monthly,2010-11,25161.0
15-29 Days (Number),group,monthly,2010-12,29051.0
15-29 Days (Number),group,monthly,2011-01,35393.0
15-29 Days (Number),group,monthly,2011-02,28253.0
15-29 Days (Number),group,monthly,2011-03,28933.0
15-29 Days (Number),group,monthly,2011-04,29627.0
15-29 Days (Number),group,monthly,2011-05,33919.0
15-29 Days (Number),group,monthly,2011-06,30035.0
15-29 Days (Number),group,monthly,2011-07,36183.0
15-29 Days (Number),group,monthly,2011-08,35770.0
15-29 Days (Number),group,monthly,2011-09,27644.0
15-29 Days (Number),group,monthly,2011-10,29536.0
15-29 Days (Number),group,monthly,2011-11,27293.0
15-29 Days (Number),group,monthly,2011-12,31106.0
15-29 Days (Number),group,monthly,2012-01,38817.0
15-29 Days (Number),group,monthly,2012-02,31304.0
15-29 Days (Number),group,monthly,2012-03,31933.0
15-29 Days (Number),group,monthly,2012-04,29890.0
15-29 Days (Number),group,monthly,2012-05,35288.0
15-29 Days (Number),group,monthly,2012-06,32213.0
15-29 Days (Number),group,monthly,2012-07,35958.0
15-29 Days (Number),group,monthly,2012-08,36677.0
15-29 Days (Number),group,monthly,2012-09,28315.0
15-29 Days (Number),group,monthly,2012-10,29170.0
15-29 Days (Number),group,monthly,2012-11,26695.0
15-29 Days (Number),group,monthly,2012-12,31254.0
15-29 Days (Number),group,monthly,2013-01,38176.0
15-29 Days (Number),group,monthly,2013-02,33676.0
15-29 Days (Number),group,monthly,2013-03,33357.0
15-29 Days (Number),group,monthly,2013-04,31287.0
15-29 Days (Number),group,monthly,2013-05,37544.0
15-29 Days (Number),group,monthly,2013-06,33856.0
15-29 Days (Number),group,monthly,2013-07,37097.0
15-29 Days (Number),group,monthly,2013-08,40222.0
15-29 Days (Number),group,monthly,2013-09,29205.0
15-29 Days (Number),group,monthly,2013-10,31357.0
15-29 Days (Number),group,monthly,2013-11,29660.0
15-29 Days (Number),group,monthly,2013-12,32722.0
15-29 Days (Number),group,monthly,2014-01,42257.0
15-29 Days (Number),group,monthly,2014-02,32982.0
15-29 Days (Number),group,monthly,2014-03,34947.0
15-29 Days (Number),group,monthly,2014-04,33253.0
15-29 Days (Number),group,monthly,2014-05,38383.0
15-29 Days (Number),group,monthly,2014-06,36384.0
15-29 Days (Number),group,monthly,2014-07,43540.0
15-29 Days (Number),group,monthly,2014-08,43352.0
15-29 Days (Number),group,monthly,2014-09,32024.0
15-29 Days (Number),group,monthly,2014-10,34582.0
15-29 Days (Number),group,monthly,2014-11,31821.0
15-29 Days (Number),group,monthly,2014-12,35107.0
15-29 Days (Number),group,monthly,2015-01,42080.0
15-29 Days (Number),group,monthly,2015-02,31945.0
15-29 Days (Number),group,monthly,2015-03,37719.0
15-29 Days (Number),group,monthly,2015-04,33400.0
15-29 Days (Number),group,monthly,2015-05,39364.0
15-29 Days (Number),group,monthly,2015-06,35363.0
15-29 Days (Number),group,monthly,2015-07,39452.0
15-29 Days (Number),group,monthly,2015-08,40540.0
15-29 Days (Number),group,monthly,2015-09,28228.0
15-29 Days (Number),group,monthly,2015-10,29503.0
15-29 Days (Number),group,monthly,2015-11,27736.0
15-29 Days (Number),group,monthly,2015-12,30297.0
15-29 Days (Number),group,monthly,2016-01,40486.0
15-29 Days (Number),group,monthly,2016-02,35392.0
15-29 Days (Number),group,monthly,2016-03,31156.0
15-29 Days (Number),group,monthly,2016-04,31958.0
15-29 Days (Number),group,monthly,2016-05,37618.0
15-29 Days (Number),group,monthly,2016-06,34221.0
15-29 Days (Number),group,monthly,2016-07,39892.0
15-29 Days (Number),group,monthly,2016-08,37047.0
15-29 Days (Number),group,monthly,2016-09,26274.0
15-29 Days (Number),group,monthly,2016-10,27460.0
15-29 Days (Number),group,monthly,2016-11,25622.0
15-29 Days (Number),group,monthly,2016-12,29380.0
15-29 Days (Number),group,monthly,2017-01,40679.0
15-29 Days (Number),group,monthly,2017-02,33069.0
15-29 Days (Number),group,monthly,2017-03,30138.0
15-29 Days (Number),group,monthly,2017-04,30592.0
15-29 Days (Number),group,monthly,2017-05,37408.0
15-29 Days (Number),group,monthly,2017-06,34662.0
15-29 Days (Number),group,monthly,2017-07,38575.0
15-29 Days (Number),group,monthly,2017-08,35543.0
15-29 Days (Number),group,monthly,2017-09,27156.0
15-29 Days (Number),group,monthly,2017-10,28363.0
15-29 Days (Number),group,monthly,2017-11,26792.0
15-29 Days (Number),group,monthly,2017-12,30208.0
15-29 Days (Number),group,monthly,2018-01,39947.0
15-29 Days (Number),group,monthly,2018-02,31519.0
15-29 Days (Number),group,monthly,2018-03,33346.0
15-29 Days (Number),group,monthly,2018-04,30570.0
15-29 Days (Number),group,monthly,2018-05,37880.0
15-29 Days (Number),group,monthly,2018-06,37593.0
15-29 Days (Number),group,monthly,2018-07,37945.0
15-29 Days (Number),group,monthly,2018-08,37190.0
15-29 Days (Number),group,monthly,2018-09,28035.0
15-29 Days (Number),group,monthly,2018-10,28049.0
15-29 Days (Number),group,monthly,2018-11,26742.0
15-29 Days (Number),group,monthly,2018-12,27866.0
15-29 Days (Number),group,monthly,2019-01,42504.0
15-29 Days (Number),group,monthly,2019-02,35597.0
15-29 Days (Number),group,monthly,2019-03,31235.0
15-29 Days (Number),group,monthly,2019-04,32255.0
15-29 Days (Number),group,monthly,2019-05,39463.0
15-29 Days (Number),group,monthly,2019-06,38545.0
15-29 Days (Number),group,monthly,2019-07,37961.0
15-29 Days (Number),group,monthly,2019-08,38476.0
15-29 Days (Number),group,monthly,2019-09,28616.0
15-29 Days (Number),group,monthly,2019-10,29663.0
15-29 Days (Number),group,monthly,2019-11,28721.0
15-29 Days (Number),group,monthly,2019-12,30336.0
15-29 Days (Number),group,monthly,2020-01,43786.0
15-29 Days (Number),group,monthly,2020-02,32438.0
15-29 Days (Number),group,monthly,2020-03,13674.0
15-29 Days (Number),group,monthly,2020-04,1538.0
15-29 Days (Number),group,monthly,2020-05,7.0
15-29 Days (Number),group,monthly,2020-06,15.0
15-29 Days (Number),group,monthly,2020-07,46.0
15-29 Days (Number),group,monthly,2020-08,87.0
15-29 Days (Number),group,monthly,2020-09,113.0
15-29 Days (Number),group,monthly,2020-10,263.0
15-29 Days (Number),group,monthly,2020-11,409.0
15-29 Days (Number),group,monthly,2020-12,1101.0
15-29 Days (Number),group,monthly,2021-01,2225.0
15-29 Days (Number),group,monthly,2021-02,1291.0
15-29 Days (Number),group,monthly,2021-03,1647.0
15-29 Days (Number),group,monthly,2021-04,1984.0
15-29 Days (Number),group,monthly,2021-05,2564.0
15-29 Days (Number),group,monthly,2021-06,1750.0
15-29 Days (Number),group,monthly,2021-07,2071.0
15-29 Days (Number),group,monthly,2021-08,1642.0
15-29 Days (Number),group,monthly,2021-09,1775.0
15-29 Days (Number),group,monthly,2021-10,1832.0
15-29 Days (Number),group,monthly,2021-11,1679.0
15-29 Days (Number),group,monthly,2021-12,4210.0
15-29 Days (Number),group,monthly,2022-01,9484.0
15-29 Days (Number),group,monthly,2022-02,5762.0
15-29 Days (Number),group,monthly,2022-03,8635.0
15-29 Days (Number),group,monthly,2022-04,14024.0
15-29 Days (Number),group,monthly,2022-05,21909.0
15-29 Days (Number),group,monthly,2022-06,23067.0
15-29 Days (Number),group,monthly,2022-07,29614.0
15-29 Days (Number),group,monthly,2022-08,27657.0
15-29 Days (Number),group,monthly,2022-09,21194.0
15-29 Days (Number),group,monthly,2022-10,23278.0
15-29 Days (Number),group,monthly,2022-11,21036.0
15-29 Days (Number),group,monthly,2022-12,22917.0
15-29 Days (Number),group,monthly,2023-01,36880.0
15-29 Days (Number),group,monthly,2023-02,24155.0
15-29 Days (Number),group,monthly,2023-03,24661.0
15-29 Days (Number),group,monthly,2023-04,24850.0
15-29 Days (Number),group,monthly,2023-05,28386.0
15-29 Days (Number),group,monthly,2023-06,28441.0
15-29 Days (Number),group,monthly,2023-07,35359.0
15-29 Days (Number),group,monthly,2023-08,35832.0
15-29 Days (Number),group,monthly,2023-09,23452.0
15-29 Days (Number),group,monthly,2023-10,23288.0
15-29 Days (Number),group,monthly,2023-11,22262.0
15-29 Days (Number),group,monthly,2023-12,25795.0
15-29 Days (Number),group,monthly,2024-01,36200.0
15-29 Days (Number),group,monthly,2024-02,31911.0
15-29 Days (Number),group,monthly,2024-03,29683.0
15-29 Days (Number),group,monthly,2024-04,29953.0
15-29 Days (Number),group,monthly,2024-05,33135.0
15-29 Days (Number),group,monthly,2024-06,34669.0
15-29 Days (Number),group,monthly,2024-07,41135.0
15-29 Days (Number),group,monthly,2024-08,38972.0
15-29 Days (Number),group,monthly,2024-09,27759.0
15-29 Days (Number),group,monthly,2024-10,28543.0
15-29 Days (Number),group,monthly,2024-11,28141.0
15-29 Days (Number),group,monthly,2024-12,29403.0
15-29 Days (Number),group,monthly,2025-01,41333.0
15-29 Days (Number),group,monthly,2025-02,34306.0
15-29 Days (Number),group,monthly,2025-03,31724.0
15-29 Days (Number),group,monthly,2025-04,31279.0
15-29 Days (Number),group,monthly,2025-05,38578.0
15-29 Days (Number),group,monthly,2025-06,35208.0
15-29 Days (Number),group,monthly,2025-07,38378.0
15-29 Days (Number),group,monthly,2025-08,39057.0
15-29 Days (Number),group,monthly,2025-09,27291.0
15-29 Days (Number),group,monthly,2025-10,26832.0
15-29 Days (Number),group,monthly,2025-11,27204.0
15-29 Days (Number),group,monthly,2025-12,30755.0
15-29 Days (Number),group,monthly,2026-01,40818.0
15-29 Days (Number),group,monthly,2026-02,31779.0
15-29 Days (Number),group,monthly,2026-03,36640.0
15-29 Days (Number),group,monthly,2026-04,32188.0
15-29 Days (Number),group,monthly,2026-05,37284.0
15-29 Days (Number),group,monthly,2026-06,31702.0
2 Days (Number),group,monthly,2008-01,142994.0
2 Days (Number),group,monthly,2008-02,125924.0
2 Days (Number),group,monthly,2008-03,148354.0
2 Days (Number),group,monthly,2008-04,128418.0
2 Days (Number),group,monthly,2008-05,133565.0
2 Days (Number),group,monthly,2008-06,132150.0
2 Days (Number),group,monthly,2008-07,144722.0
2 Days (Number),group,monthly,2008-08,140494.0
2 Days (Number),group,monthly,2008-09,111729.0
2 Days (Number),group,monthly,2008-10,141939.0
2 Days (Number),group,monthly,2008-11,125399.0
2 Days (Number),group,monthly,2008-12,129184.0
2 Days (Number),group,monthly,2009-01,122094.0
2 Days (Number),group,monthly,2009-02,112199.0
2 Days (Number),group,monthly,2009-03,130348.0
2 Days (Number),group,monthly,2009-04,119031.0
2 Days (Number),group,monthly,2009-05,125448.0
2 Days (Number),group,monthly,2009-06,125267.0
2 Days (Number),group,monthly,2009-07,150082.0
2 Days (Number),group,monthly,2009-08,145703.0
2 Days (Number),group,monthly,2009-09,129594.0
2 Days (Number),group,monthly,2009-10,146605.0
2 Days (Number),group,monthly,2009-11,142264.0
2 Days (Number),group,monthly,2009-12,141286.0
2 Days (Number),group,monthly,2010-01,153516.0
2 Days (Number),group,monthly,2010-02,132758.0
2 Days (Number),group,monthly,2010-03,156453.0
2 Days (Number),group,monthly,2010-04,148731.0
2 Days (Number),group,monthly,2010-05,171619.0
2 Days (Number),group,monthly,2010-06,156251.0
2 Days (Number),group,monthly,2010-07,183459.0
2 Days (Number),group,monthly,2010-08,172376.0
2 Days (Number),group,monthly,2010-09,155483.0
2 Days (Number),group,monthly,2010-10,182685.0
2 Days (Number),group,monthly,2010-11,176034.0
2 Days (Number),group,monthly,2010-12,171689.0
2 Days (Number),group,monthly,2011-01,189838.0
2 Days (Number),group,monthly,2011-02,167588.0
2 Days (Number),group,monthly,2011-03,184799.0
2 Days (Number),group,monthly,2011-04,176229.0
2 Days (Number),group,monthly,2011-05,187956.0
2 Days (Number),group,monthly,2011-06,175748.0
2 Days (Number),group,monthly,2011-07,214512.0
2 Days (Number),group,monthly,2011-08,184324.0
2 Days (Number),group,monthly,2011-09,180141.0
2 Days (Number),group,monthly,2011-10,194084.0
2 Days (Number),group,monthly,2011-11,187929.0
2 Days (Number),group,monthly,2011-12,182513.0
2 Days (Number),group,monthly,2012-01,194902.0
2 Days (Number),group,monthly,2012-02,197833.0
2 Days (Number),group,monthly,2012-03,199665.0
2 Days (Number),group,monthly,2012-04,192381.0
2 Days (Number),group,monthly,2012-05,189091.0
2 Days (Number),group,monthly,2012-06,186208.0
2 Days (Number),group,monthly,2012-07,209750.0
2 Days (Number),group,monthly,2012-08,198924.0
2 Days (Number),group,monthly,2012-09,178710.0
2 Days (Number),group,monthly,2012-10,203629.0
2 Days (Number),group,monthly,2012-11,203044.0
2 Days (Number),group,monthly,2012-12,204608.0
2 Days (Number),group,monthly,2013-01,214637.0
2 Days (Number),group,monthly,2013-02,191543.0
2 Days (Number),group,monthly,2013-03,225591.0
2 Days (Number),group,monthly,2013-04,198507.0
2 Days (Number),group,monthly,2013-05,210089.0
2 Days (Number),group,monthly,2013-06,214799.0
2 Days (Number),group,monthly,2013-07,231951.0
2 Days (Number),group,monthly,2013-08,235240.0
2 Days (Number),group,monthly,2013-09,200655.0
2 Days (Number),group,monthly,2013-10,217842.0
2 Days (Number),group,monthly,2013-11,212239.0
2 Days (Number),group,monthly,2013-12,212287.0
2 Days (Number),group,monthly,2014-01,225601.0
2 Days (Number),group,monthly,2014-02,211725.0
2 Days (Number),group,monthly,2014-03,228464.0
2 Days (Number),group,monthly,2014-04,213472.0
2 Days (Number),group,monthly,2014-05,202876.0
2 Days (Number),group,monthly,2014-06,210130.0
2 Days (Number),group,monthly,2014-07,229947.0
2 Days (Number),group,monthly,2014-08,240151.0
2 Days (Number),group,monthly,2014-09,194738.0
2 Days (Number),group,monthly,2014-10,212181.0
2 Days (Number),group,monthly,2014-11,203173.0
2 Days (Number),group,monthly,2014-12,199888.0
2 Days (Number),group,monthly,2015-01,204465.0
2 Days (Number),group,monthly,2015-02,183661.0
2 Days (Number),group,monthly,2015-03,210818.0
2 Days (Number),group,monthly,2015-04,191953.0
2 Days (Number),group,monthly,2015-05,212418.0
2 Days (Number),group,monthly,2015-06,198707.0
2 Days (Number),group,monthly,2015-07,233988.0
2 Days (Number),group,monthly,2015-08,243845.0
2 Days (Number),group,monthly,2015-09,184182.0
2 Days (Number),group,monthly,2015-10,215294.0
2 Days (Number),group,monthly,2015-11,216111.0
2 Days (Number),group,monthly,2015-12,198997.0
2 Days (Number),group,monthly,2016-01,233946.0
2 Days (Number),group,monthly,2016-02,213987.0
2 Days (Number),group,monthly,2016-03,223166.0
2 Days (Number),group,monthly,2016-04,211636.0
2 Days (Number),group,monthly,2016-05,223563.0
2 Days (Number),group,monthly,2016-06,201418.0
2 Days (Number),group,monthly,2016-07,253845.0
2 Days (Number),group,monthly,2016-08,247804.0
2 Days (Number),group,monthly,2016-09,188357.0
2 Days (Number),group,monthly,2016-10,219472.0
2 Days (Number),group,monthly,2016-11,205468.0
2 Days (Number),group,monthly,2016-12,208379.0
2 Days (Number),group,monthly,2017-01,234354.0
2 Days (Number),group,monthly,2017-02,225667.0
2 Days (Number),group,monthly,2017-03,229629.0
2 Days (Number),group,monthly,2017-04,239995.0
2 Days (Number),group,monthly,2017-05,226240.0
2 Days (Number),group,monthly,2017-06,213393.0
2 Days (Number),group,monthly,2017-07,266417.0
2 Days (Number),group,monthly,2017-08,248915.0
2 Days (Number),group,monthly,2017-09,210910.0
2 Days (Number),group,monthly,2017-10,237845.0
2 Days (Number),group,monthly,2017-11,230965.0
2 Days (Number),group,monthly,2017-12,216207.0
2 Days (Number),group,monthly,2018-01,250615.0
2 Days (Number),group,monthly,2018-02,225722.0
2 Days (Number),group,monthly,2018-03,247384.0
2 Days (Number),group,monthly,2018-04,241763.0
2 Days (Number),group,monthly,2018-05,227883.0
2 Days (Number),group,monthly,2018-06,232540.0
2 Days (Number),group,monthly,2018-07,280843.0
2 Days (Number),group,monthly,2018-08,268133.0
2 Days (Number),group,monthly,2018-09,230400.0
2 Days (Number),group,monthly,2018-10,243479.0
2 Days (Number),group,monthly,2018-11,227537.0
2 Days (Number),group,monthly,2018-12,202220.0
2 Days (Number),group,monthly,2019-01,257200.0
2 Days (Number),group,monthly,2019-02,222943.0
2 Days (Number),group,monthly,2019-03,247661.0
2 Days (Number),group,monthly,2019-04,233917.0
2 Days (Number),group,monthly,2019-05,223282.0
2 Days (Number),group,monthly,2019-06,231052.0
2 Days (Number),group,monthly,2019-07,278178.0
2 Days (Number),group,monthly,2019-08,270567.0
2 Days (Number),group,monthly,2019-09,245751.0
2 Days (Number),group,monthly,2019-10,248092.0
2 Days (Number),group,monthly,2019-11,250565.0
2 Days (Number),group,monthly,2019-12,244105.0
2 Days (Number),group,monthly,2020-01,257167.0
2 Days (Number),group,monthly,2020-02,128943.0
2 Days (Number),group,monthly,2020-03,37602.0
2 Days (Number),group,monthly,2020-04,9.0
2 Days (Number),group,monthly,2020-05,2.0
2 Days (Number),group,monthly,2020-06,11.0
2 Days (Number),group,monthly,2020-07,3.0
2 Days (Number),group,monthly,2020-08,29.0
2 Days (Number),group,monthly,2020-09,47.0
2 Days (Number),group,monthly,2020-10,93.0
2 Days (Number),group,monthly,2020-11,79.0
2 Days (Number),group,monthly,2020-12,134.0
2 Days (Number),group,monthly,2021-01,102.0
2 Days (Number),group,monthly,2021-02,78.0
2 Days (Number),group,monthly,2021-03,67.0
2 Days (Number),group,monthly,2021-04,51.0
2 Days (Number),group,monthly,2021-05,41.0
2 Days (Number),group,monthly,2021-06,68.0
2 Days (Number),group,monthly,2021-07,212.0
2 Days (Number),group,monthly,2021-08,203.0
2 Days (Number),group,monthly,2021-09,95.0
2 Days (Number),group,monthly,2021-10,159.0
2 Days (Number),group,monthly,2021-11,497.0
2 Days (Number),group,monthly,2021-12,1232.0
2 Days (Number),group,monthly,2022-01,601.0
2 Days (Number),group,monthly,2022-02,1479.0
2 Days (Number),group,monthly,2022-03,4774.0
2 Days (Number),group,monthly,2022-04,21260.0
2 Days (Number),group,monthly,2022-05,46567.0
2 Days (Number),group,monthly,2022-06,63505.0
2 Days (Number),group,monthly,2022-07,91996.0
2 Days (Number),group,monthly,2022-08,101746.0
2 Days (Number),group,monthly,2022-09,104369.0
2 Days (Number),group,monthly,2022-10,117752.0
2 Days (Number),group,monthly,2022-11,124149.0
2 Days (Number),group,monthly,2022-12,118228.0
2 Days (Number),group,monthly,2023-01,132812.0
2 Days (Number),group,monthly,2023-02,147993.0
2 Days (Number),group,monthly,2023-03,156186.0
2 Days (Number),group,monthly,2023-04,158950.0
2 Days (Number),group,monthly,2023-05,169128.0
2 Days (Number),group,monthly,2023-06,160361.0
2 Days (Number),group,monthly,2023-07,205910.0
2 Days (Number),group,monthly,2023-08,197076.0
2 Days (Number),group,monthly,2023-09,167772.0
2 Days (Number),group,monthly,2023-10,181721.0
2 Days (Number),group,monthly,2023-11,177977.0
2 Days (Number),group,monthly,2023-12,162209.0
2 Days (Number),group,monthly,2024-01,221523.0
2 Days (Number),group,monthly,2024-02,203036.0
2 Days (Number),group,monthly,2024-03,248137.0
2 Days (Number),group,monthly,2024-04,194754.0
2 Days (Number),group,monthly,2024-05,184275.0
2 Days (Number),group,monthly,2024-06,181687.0
2 Days (Number),group,monthly,2024-07,228937.0
2 Days (Number),group,monthly,2024-08,234633.0
2 Days (Number),group,monthly,2024-09,197792.0
2 Days (Number),group,monthly,2024-10,210253.0
2 Days (Number),group,monthly,2024-11,193654.0
2 Days (Number),group,monthly,2024-12,192897.0
2 Days (Number),group,monthly,2025-01,230362.0
2 Days (Number),group,monthly,2025-02,212034.0
2 Days (Number),group,monthly,2025-03,200423.0
2 Days (Number),group,monthly,2025-04,200517.0
2 Days (Number),group,monthly,2025-05,215304.0
2 Days (Number),group,monthly,2025-06,183312.0
2 Days (Number),group,monthly,2025-07,237746.0
2 Days (Number),group,monthly,2025-08,243776.0
2 Days (Number),group,monthly,2025-09,186950.0
2 Days (Number),group,monthly,2025-10,206236.0
2 Days (Number),group,monthly,2025-11,212132.0
2 Days (Number),group,monthly,2025-12,188138.0
2 Days (Number),group,monthly,2026-01,222806.0
2 Days (Number),group,monthly,2026-02,216227.0
2 Days (Number),group,monthly,2026-03,216553.0
2 Days (Number),group,monthly,2026-04,192759.0
2 Days (Number),group,monthly,2026-05,183161.0
2 Days (Number),group,monthly,2026-06,163947.0
3 Days (Number),group,monthly,2008-01,107515.0
3 Days (Number),group,monthly,2008-02,87328.0
3 Days (Number),group,monthly,2008-03,110121.0
3 Days (Number),group,monthly,2008-04,92262.0
3 Days (Number),group,monthly,2008-05,101402.0
3 Days (Number),group,monthly,2008-06,101199.0
3 Days (Number),group,monthly,2008-07,110003.0
3 Days (Number),group,monthly,2008-08,102732.0
3 Days (Number),group,monthly,2008-09,85601.0
3 Days (Number),group,monthly,2008-10,99665.0
3 Days (Number),group,monthly,2008-11,85936.0
3 Days (Number),group,monthly,2008-12,100615.0
3 Days (Number),group,monthly,2009-01,96190.0
3 Days (Number),group,monthly,2009-02,79065.0
3 Days (Number),group,monthly,2009-03,95700.0
3 Days (Number),group,monthly,2009-04,91557.0
3 Days (Number),group,monthly,2009-05,95799.0
3 Days (Number),group,monthly,2009-06,98471.0
3 Days (Number),group,monthly,2009-07,119427.0
3 Days (Number),group,monthly,2009-08,117497.0
3 Days (Number),group,monthly,2009-09,102504.0
3 Days (Number),group,monthly,2009-10,107226.0
3 Days (Number),group,monthly,2009-11,104233.0
3 Days (Number),group,monthly,2009-12,117686.0
3 Days (Number),group,monthly,2010-01,120352.0
3 Days (Number),group,monthly,2010-02,103880.0
3 Days (Number),group,monthly,2010-03,119029.0
3 Days (Number),group,monthly,2010-04,124244.0
3 Days (Number),group,monthly,2010-05,142964.0
3 Days (Number),group,monthly,2010-06,136301.0
3 Days (Number),group,monthly,2010-07,164599.0
3 Days (Number),group,monthly,2010-08,149937.0
3 Days (Number),group,monthly,2010-09,135825.0
3 Days (Number),group,monthly,2010-10,142509.0
3 Days (Number),group,monthly,2010-11,140589.0
3 Days (Number),group,monthly,2010-12,155970.0
3 Days (Number),group,monthly,2011-01,164607.0
3 Days (Number),group,monthly,2011-02,143278.0
3 Days (Number),group,monthly,2011-03,147942.0
3 Days (Number),group,monthly,2011-04,160465.0
3 Days (Number),group,monthly,2011-05,170970.0
3 Days (Number),group,monthly,2011-06,166678.0
3 Days (Number),group,monthly,2011-07,199850.0
3 Days (Number),group,monthly,2011-08,171612.0
3 Days (Number),group,monthly,2011-09,155983.0
3 Days (Number),group,monthly,2011-10,154997.0
3 Days (Number),group,monthly,2011-11,152610.0
3 Days (Number),group,monthly,2011-12,165840.0
3 Days (Number),group,monthly,2012-01,188274.0
3 Days (Number),group,monthly,2012-02,159768.0
3 Days (Number),group,monthly,2012-03,166324.0
3 Days (Number),group,monthly,2012-04,170834.0
3 Days (Number),group,monthly,2012-05,174510.0
3 Days (Number),group,monthly,2012-06,164970.0
3 Days (Number),group,monthly,2012-07,195136.0
3 Days (Number),group,monthly,2012-08,189827.0
3 Days (Number),group,monthly,2012-09,146802.0
3 Days (Number),group,monthly,2012-10,167483.0
3 Days (Number),group,monthly,2012-11,161665.0
3 Days (Number),group,monthly,2012-12,172967.0
3 Days (Number),group,monthly,2013-01,190368.0
3 Days (Number),group,monthly,2013-02,156584.0
3 Days (Number),group,monthly,2013-03,175871.0
3 Days (Number),group,monthly,2013-04,166522.0
3 Days (Number),group,monthly,2013-05,175035.0
3 Days (Number),group,monthly,2013-06,179679.0
3 Days (Number),group,monthly,2013-07,199852.0
3 Days (Number),group,monthly,2013-08,212267.0
3 Days (Number),group,monthly,2013-09,165766.0
3 Days (Number),group,monthly,2013-10,182860.0
3 Days (Number),group,monthly,2013-11,167212.0
3 Days (Number),group,monthly,2013-12,184876.0
3 Days (Number),group,monthly,2014-01,199593.0
3 Days (Number),group,monthly,2014-02,179301.0
3 Days (Number),group,monthly,2014-03,182862.0
3 Days (Number),group,monthly,2014-04,186829.0
3 Days (Number),group,monthly,2014-05,188506.0
3 Days (Number),group,monthly,2014-06,188871.0
3 Days (Number),group,monthly,2014-07,212609.0
3 Days (Number),group,monthly,2014-08,224908.0
3 Days (Number),group,monthly,2014-09,173270.0
3 Days (Number),group,monthly,2014-10,180719.0
3 Days (Number),group,monthly,2014-11,164302.0
3 Days (Number),group,monthly,2014-12,183592.0
3 Days (Number),group,monthly,2015-01,191461.0
3 Days (Number),group,monthly,2015-02,169097.0
3 Days (Number),group,monthly,2015-03,176468.0
3 Days (Number),group,monthly,2015-04,170590.0
3 Days (Number),group,monthly,2015-05,196577.0
3 Days (Number),group,monthly,2015-06,183573.0
3 Days (Number),group,monthly,2015-07,223222.0
3 Days (Number),group,monthly,2015-08,236768.0
3 Days (Number),group,monthly,2015-09,175615.0
3 Days (Number),group,monthly,2015-10,186370.0
3 Days (Number),group,monthly,2015-11,178130.0
3 Days (Number),group,monthly,2015-12,186976.0
3 Days (Number),group,monthly,2016-01,217044.0
3 Days (Number),group,monthly,2016-02,191737.0
3 Days (Number),group,monthly,2016-03,196208.0
3 Days (Number),group,monthly,2016-04,189953.0
3 Days (Number),group,monthly,2016-05,213005.0
3 Days (Number),group,monthly,2016-06,189136.0
3 Days (Number),group,monthly,2016-07,239375.0
3 Days (Number),group,monthly,2016-08,236255.0
3 Days (Number),group,monthly,2016-09,177972.0
3 Days (Number),group,monthly,2016-10,185083.0
3 Days (Number),group,monthly,2016-11,175506.0
3 Days (Number),group,monthly,2016-12,195198.0
3 Days (Number),group,monthly,2017-01,227471.0
3 Days (Number),group,monthly,2017-02,197535.0
3 Days (Number),group,monthly,2017-03,201477.0
3 Days (Number),group,monthly,2017-04,219102.0
3 Days (Number),group,monthly,2017-05,223948.0
3 Days (Number),group,monthly,2017-06,201506.0
3 Days (Number),group,monthly,2017-07,252433.0
3 Days (Number),group,monthly,2017-08,244159.0
3 Days (Number),group,monthly,2017-09,206474.0
3 Days (Number),group,monthly,2017-10,220381.0
3 Days (Number),group,monthly,2017-11,202711.0
3 Days (Number),group,monthly,2017-12,212034.0
3 Days (Number),group,monthly,2018-01,246038.0
3 Days (Number),group,monthly,2018-02,216217.0
3 Days (Number),group,monthly,2018-03,225097.0
3 Days (Number),group,monthly,2018-04,228667.0
3 Days (Number),group,monthly,2018-05,232644.0
3 Days (Number),group,monthly,2018-06,228374.0
3 Days (Number),group,monthly,2018-07,270961.0
3 Days (Number),group,monthly,2018-08,264285.0
3 Days (Number),group,monthly,2018-09,221475.0
3 Days (Number),group,monthly,2018-10,228092.0
3 Days (Number),group,monthly,2018-11,209989.0
3 Days (Number),group,monthly,2018-12,200012.0
3 Days (Number),group,monthly,2019-01,253841.0
3 Days (Number),group,monthly,2019-02,210395.0
3 Days (Number),group,monthly,2019-03,224629.0
3 Days (Number),group,monthly,2019-04,224890.0
3 Days (Number),group,monthly,2019-05,226952.0
3 Days (Number),group,monthly,2019-06,228206.0
3 Days (Number),group,monthly,2019-07,274707.0
3 Days (Number),group,monthly,2019-08,271686.0
3 Days (Number),group,monthly,2019-09,231615.0
3 Days (Number),group,monthly,2019-10,237087.0
3 Days (Number),group,monthly,2019-11,234211.0
3 Days (Number),group,monthly,2019-12,248549.0
3 Days (Number),group,monthly,2020-01,260532.0
3 Days (Number),group,monthly,2020-02,118361.0
3 Days (Number),group,monthly,2020-03,34238.0
3 Days (Number),group,monthly,2020-04,5.0
3 Days (Number),group,monthly,2020-05,0.0
3 Days (Number),group,monthly,2020-06,0.0
3 Days (Number),group,monthly,2020-07,11.0
3 Days (Number),group,monthly,2020-08,13.0
3 Days (Number),group,monthly,2020-09,9.0
3 Days (Number),group,monthly,2020-10,61.0
3 Days (Number),group,monthly,2020-11,88.0
3 Days (Number),group,monthly,2020-12,226.0
3 Days (Number),group,monthly,2021-01,116.0
3 Days (Number),group,monthly,2021-02,30.0
3 Days (Number),group,monthly,2021-03,57.0
3 Days (Number),group,monthly,2021-04,57.0
3 Days (Number),group,monthly,2021-05,46.0
3 Days (Number),group,monthly,2021-06,36.0
3 Days (Number),group,monthly,2021-07,84.0
3 Days (Number),group,monthly,2021-08,113.0
3 Days (Number),group,monthly,2021-09,138.0
3 Days (Number),group,monthly,2021-10,184.0
3 Days (Number),group,monthly,2021-11,664.0
3 Days (Number),group,monthly,2021-12,1641.0
3 Days (Number),group,monthly,2022-01,1012.0
3 Days (Number),group,monthly,2022-02,2456.0
3 Days (Number),group,monthly,2022-03,6866.0
3 Days (Number),group,monthly,2022-04,28308.0
3 Days (Number),group,monthly,2022-05,60814.0
3 Days (Number),group,monthly,2022-06,76936.0
3 Days (Number),group,monthly,2022-07,109801.0
3 Days (Number),group,monthly,2022-08,112391.0
3 Days (Number),group,monthly,2022-09,114945.0
3 Days (Number),group,monthly,2022-10,140122.0
3 Days (Number),group,monthly,2022-11,132535.0
3 Days (Number),group,monthly,2022-12,129733.0
3 Days (Number),group,monthly,2023-01,147898.0
3 Days (Number),group,monthly,2023-02,151185.0
3 Days (Number),group,monthly,2023-03,157625.0
3 Days (Number),group,monthly,2023-04,164733.0
3 Days (Number),group,monthly,2023-05,183919.0
3 Days (Number),group,monthly,2023-06,173371.0
3 Days (Number),group,monthly,2023-07,216598.0
3 Days (Number),group,monthly,2023-08,210238.0
3 Days (Number),group,monthly,2023-09,172901.0
3 Days (Number),group,monthly,2023-10,189215.0
3 Days (Number),group,monthly,2023-11,168898.0
3 Days (Number),group,monthly,2023-12,168788.0
3 Days (Number),group,monthly,2024-01,217562.0
3 Days (Number),group,monthly,2024-02,213620.0
3 Days (Number),group,monthly,2024-03,242063.0
3 Days (Number),group,monthly,2024-04,195894.0
3 Days (Number),group,monthly,2024-05,195839.0
3 Days (Number),group,monthly,2024-06,183440.0
3 Days (Number),group,monthly,2024-07,247681.0
3 Days (Number),group,monthly,2024-08,245851.0
3 Days (Number),group,monthly,2024-09,198257.0
3 Days (Number),group,monthly,2024-10,212872.0
3 Days (Number),group,monthly,2024-11,189522.0
3 Days (Number),group,monthly,2024-12,196099.0
3 Days (Number),group,monthly,2025-01,236289.0
3 Days (Number),group,monthly,2025-02,214128.0
3 Days (Number),group,monthly,2025-03,193794.0
3 Days (Number),group,monthly,2025-04,209305.0
3 Days (Number),group,monthly,2025-05,218644.0
3 Days (Number),group,monthly,2025-06,193705.0
3 Days (Number),group,monthly,2025-07,252722.0
3 Days (Number),group,monthly,2025-08,264922.0
3 Days (Number),group,monthly,2025-09,192107.0
3 Days (Number),group,monthly,2025-10,216564.0
3 Days (Number),group,monthly,2025-11,200833.0
3 Days (Number),group,monthly,2025-12,196957.0
3 Days (Number),group,monthly,2026-01,224334.0
3 Days (Number),group,monthly,2026-02,225493.0
3 Days (Number),group,monthly,2026-03,213376.0
3 Days (Number),group,monthly,2026-04,187121.0
3 Days (Number),group,monthly,2026-05,185968.0
3 Days (Number),group,monthly,2026-06,168598.0
30-59 Days (Number),group,monthly,2008-01,12191.0
30-59 Days (Number),group,monthly,2008-02,10363.0
30-59 Days (Number),group,monthly,2008-03,8989.0
30-59 Days (Number),group,monthly,2008-04,11050.0
30-59 Days (Number),group,monthly,2008-05,11334.0
30-59 Days (Number),group,monthly,2008-06,12332.0
30-59 Days (Number),group,monthly,2008-07,11091.0
30-59 Days (Number),group,monthly,2008-08,15080.0
30-59 Days (Number),group,monthly,2008-09,11618.0
30-59 Days (Number),group,monthly,2008-10,10772.0
30-59 Days (Number),group,monthly,2008-11,11554.0
30-59 Days (Number),group,monthly,2008-12,10987.0
30-59 Days (Number),group,monthly,2009-01,13080.0
30-59 Days (Number),group,monthly,2009-02,10216.0
30-59 Days (Number),group,monthly,2009-03,10343.0
30-59 Days (Number),group,monthly,2009-04,12550.0
30-59 Days (Number),group,monthly,2009-05,11231.0
30-59 Days (Number),group,monthly,2009-06,11435.0
30-59 Days (Number),group,monthly,2009-07,9322.0
30-59 Days (Number),group,monthly,2009-08,12785.0
30-59 Days (Number),group,monthly,2009-09,10186.0
30-59 Days (Number),group,monthly,2009-10,9175.0
30-59 Days (Number),group,monthly,2009-11,10215.0
30-59 Days (Number),group,monthly,2009-12,9737.0
30-59 Days (Number),group,monthly,2010-01,11612.0
30-59 Days (Number),group,monthly,2010-02,10770.0
30-59 Days (Number),group,monthly,2010-03,9889.0
30-59 Days (Number),group,monthly,2010-04,11346.0
30-59 Days (Number),group,monthly,2010-05,11222.0
30-59 Days (Number),group,monthly,2010-06,12419.0
30-59 Days (Number),group,monthly,2010-07,10337.0
30-59 Days (Number),group,monthly,2010-08,13983.0
30-59 Days (Number),group,monthly,2010-09,11099.0
30-59 Days (Number),group,monthly,2010-10,8997.0
30-59 Days (Number),group,monthly,2010-11,10029.0
30-59 Days (Number),group,monthly,2010-12,8964.0
30-59 Days (Number),group,monthly,2011-01,11629.0
30-59 Days (Number),group,monthly,2011-02,10126.0
30-59 Days (Number),group,monthly,2011-03,9388.0
30-59 Days (Number),group,monthly,2011-04,12077.0
30-59 Days (Number),group,monthly,2011-05,11830.0
30-59 Days (Number),group,monthly,2011-06,12370.0
30-59 Days (Number),group,monthly,2011-07,10434.0
30-59 Days (Number),group,monthly,2011-08,13952.0
30-59 Days (Number),group,monthly,2011-09,11233.0
30-59 Days (Number),group,monthly,2011-10,9554.0
30-59 Days (Number),group,monthly,2011-11,11063.0
30-59 Days (Number),group,monthly,2011-12,9880.0
30-59 Days (Number),group,monthly,2012-01,12403.0
30-59 Days (Number),group,monthly,2012-02,10925.0
30-59 Days (Number),group,monthly,2012-03,9815.0
30-59 Days (Number),group,monthly,2012-04,12359.0
30-59 Days (Number),group,monthly,2012-05,11571.0
30-59 Days (Number),group,monthly,2012-06,13428.0
30-59 Days (Number),group,monthly,2012-07,10788.0
30-59 Days (Number),group,monthly,2012-08,14365.0
30-59 Days (Number),group,monthly,2012-09,11448.0
30-59 Days (Number),group,monthly,2012-10,9683.0
30-59 Days (Number),group,monthly,2012-11,10864.0
30-59 Days (Number),group,monthly,2012-12,9876.0
30-59 Days (Number),group,monthly,2013-01,12259.0
30-59 Days (Number),group,monthly,2013-02,11418.0
30-59 Days (Number),group,monthly,2013-03,10464.0
30-59 Days (Number),group,monthly,2013-04,11738.0
30-59 Days (Number),group,monthly,2013-05,12378.0
30-59 Days (Number),group,monthly,2013-06,13836.0
30-59 Days (Number),group,monthly,2013-07,10676.0
30-59 Days (Number),group,monthly,2013-08,14942.0
30-59 Days (Number),group,monthly,2013-09,11784.0
30-59 Days (Number),group,monthly,2013-10,9983.0
30-59 Days (Number),group,monthly,2013-11,11836.0
30-59 Days (Number),group,monthly,2013-12,9973.0
30-59 Days (Number),group,monthly,2014-01,13175.0
30-59 Days (Number),group,monthly,2014-02,12007.0
30-59 Days (Number),group,monthly,2014-03,10834.0
30-59 Days (Number),group,monthly,2014-04,13650.0
30-59 Days (Number),group,monthly,2014-05,12993.0
30-59 Days (Number),group,monthly,2014-06,14758.0
30-59 Days (Number),group,monthly,2014-07,9759.0
30-59 Days (Number),group,monthly,2014-08,14791.0
30-59 Days (Number),group,monthly,2014-09,10676.0
30-59 Days (Number),group,monthly,2014-10,8534.0
30-59 Days (Number),group,monthly,2014-11,10782.0
30-59 Days (Number),group,monthly,2014-12,8950.0
30-59 Days (Number),group,monthly,2015-01,11324.0
30-59 Days (Number),group,monthly,2015-02,10225.0
30-59 Days (Number),group,monthly,2015-03,9887.0
30-59 Days (Number),group,monthly,2015-04,10142.0
30-59 Days (Number),group,monthly,2015-05,10550.0
30-59 Days (Number),group,monthly,2015-06,11690.0
30-59 Days (Number),group,monthly,2015-07,8806.0
30-59 Days (Number),group,monthly,2015-08,12326.0
30-59 Days (Number),group,monthly,2015-09,8459.0
30-59 Days (Number),group,monthly,2015-10,7446.0
30-59 Days (Number),group,monthly,2015-11,8485.0
30-59 Days (Number),group,monthly,2015-12,7723.0
30-59 Days (Number),group,monthly,2016-01,9998.0
30-59 Days (Number),group,monthly,2016-02,9750.0
30-59 Days (Number),group,monthly,2016-03,8490.0
30-59 Days (Number),group,monthly,2016-04,9089.0
30-59 Days (Number),group,monthly,2016-05,10559.0
30-59 Days (Number),group,monthly,2016-06,11395.0
30-59 Days (Number),group,monthly,2016-07,9212.0
30-59 Days (Number),group,monthly,2016-08,11510.0
30-59 Days (Number),group,monthly,2016-09,8303.0
30-59 Days (Number),group,monthly,2016-10,7269.0
30-59 Days (Number),group,monthly,2016-11,7943.0
30-59 Days (Number),group,monthly,2016-12,7434.0
30-59 Days (Number),group,monthly,2017-01,9311.0
30-59 Days (Number),group,monthly,2017-02,9182.0
30-59 Days (Number),group,monthly,2017-03,8199.0
30-59 Days (Number),group,monthly,2017-04,8560.0
30-59 Days (Number),group,monthly,2017-05,10293.0
30-59 Days (Number),group,monthly,2017-06,11830.0
30-59 Days (Number),group,monthly,2017-07,8602.0
30-59 Days (Number),group,monthly,2017-08,10517.0
30-59 Days (Number),group,monthly,2017-09,8029.0
30-59 Days (Number),group,monthly,2017-10,6938.0
30-59 Days (Number),group,monthly,2017-11,7794.0
30-59 Days (Number),group,monthly,2017-12,7591.0
30-59 Days (Number),group,monthly,2018-01,8996.0
30-59 Days (Number),group,monthly,2018-02,8359.0
30-59 Days (Number),group,monthly,2018-03,8935.0
30-59 Days (Number),group,monthly,2018-04,8387.0
30-59 Days (Number),group,monthly,2018-05,10733.0
30-59 Days (Number),group,monthly,2018-06,12483.0
30-59 Days (Number),group,monthly,2018-07,8249.0
30-59 Days (Number),group,monthly,2018-08,10739.0
30-59 Days (Number),group,monthly,2018-09,8256.0
30-59 Days (Number),group,monthly,2018-10,7124.0
30-59 Days (Number),group,monthly,2018-11,7515.0
30-59 Days (Number),group,monthly,2018-12,7023.0
30-59 Days (Number),group,monthly,2019-01,9435.0
30-59 Days (Number),group,monthly,2019-02,9343.0
30-59 Days (Number),group,monthly,2019-03,8710.0
30-59 Days (Number),group,monthly,2019-04,8229.0
30-59 Days (Number),group,monthly,2019-05,11710.0
30-59 Days (Number),group,monthly,2019-06,13541.0
30-59 Days (Number),group,monthly,2019-07,8361.0
30-59 Days (Number),group,monthly,2019-08,11018.0
30-59 Days (Number),group,monthly,2019-09,7988.0
30-59 Days (Number),group,monthly,2019-10,7948.0
30-59 Days (Number),group,monthly,2019-11,7736.0
30-59 Days (Number),group,monthly,2019-12,7313.0
30-59 Days (Number),group,monthly,2020-01,9349.0
30-59 Days (Number),group,monthly,2020-02,9431.0
30-59 Days (Number),group,monthly,2020-03,7956.0
30-59 Days (Number),group,monthly,2020-04,1925.0
30-59 Days (Number),group,monthly,2020-05,1052.0
30-59 Days (Number),group,monthly,2020-06,23.0
30-59 Days (Number),group,monthly,2020-07,26.0
30-59 Days (Number),group,monthly,2020-08,61.0
30-59 Days (Number),group,monthly,2020-09,112.0
30-59 Days (Number),group,monthly,2020-10,193.0
30-59 Days (Number),group,monthly,2020-11,300.0
30-59 Days (Number),group,monthly,2020-12,542.0
30-59 Days (Number),group,monthly,2021-01,744.0
30-59 Days (Number),group,monthly,2021-02,612.0
30-59 Days (Number),group,monthly,2021-03,756.0
30-59 Days (Number),group,monthly,2021-04,679.0
30-59 Days (Number),group,monthly,2021-05,916.0
30-59 Days (Number),group,monthly,2021-06,789.0
30-59 Days (Number),group,monthly,2021-07,414.0
30-59 Days (Number),group,monthly,2021-08,497.0
30-59 Days (Number),group,monthly,2021-09,412.0
30-59 Days (Number),group,monthly,2021-10,583.0
30-59 Days (Number),group,monthly,2021-11,840.0
30-59 Days (Number),group,monthly,2021-12,1173.0
30-59 Days (Number),group,monthly,2022-01,3766.0
30-59 Days (Number),group,monthly,2022-02,3395.0
30-59 Days (Number),group,monthly,2022-03,3500.0
30-59 Days (Number),group,monthly,2022-04,4861.0
30-59 Days (Number),group,monthly,2022-05,6762.0
30-59 Days (Number),group,monthly,2022-06,9802.0
30-59 Days (Number),group,monthly,2022-07,9747.0
30-59 Days (Number),group,monthly,2022-08,11112.0
30-59 Days (Number),group,monthly,2022-09,8175.0
30-59 Days (Number),group,monthly,2022-10,7415.0
30-59 Days (Number),group,monthly,2022-11,7646.0
30-59 Days (Number),group,monthly,2022-12,7458.0
30-59 Days (Number),group,monthly,2023-01,9911.0
30-59 Days (Number),group,monthly,2023-02,8663.0
30-59 Days (Number),group,monthly,2023-03,8579.0
30-59 Days (Number),group,monthly,2023-04,8557.0
30-59 Days (Number),group,monthly,2023-05,9937.0
30-59 Days (Number),group,monthly,2023-06,11349.0
30-59 Days (Number),group,monthly,2023-07,8826.0
30-59 Days (Number),group,monthly,2023-08,12256.0
30-59 Days (Number),group,monthly,2023-09,7601.0
30-59 Days (Number),group,monthly,2023-10,7300.0
30-59 Days (Number),group,monthly,2023-11,6749.0
30-59 Days (Number),group,monthly,2023-12,7191.0
30-59 Days (Number),group,monthly,2024-01,8329.0
30-59 Days (Number),group,monthly,2024-02,8841.0
30-59 Days (Number),group,monthly,2024-03,8283.0
30-59 Days (Number),group,monthly,2024-04,7966.0
30-59 Days (Number),group,monthly,2024-05,10047.0
30-59 Days (Number),group,monthly,2024-06,10468.0
30-59 Days (Number),group,monthly,2024-07,8187.0
30-59 Days (Number),group,monthly,2024-08,9772.0
30-59 Days (Number),group,monthly,2024-09,7580.0
30-59 Days (Number),group,monthly,2024-10,6777.0
30-59 Days (Number),group,monthly,2024-11,7465.0
30-59 Days (Number),group,monthly,2024-12,7218.0
30-59 Days (Number),group,monthly,2025-01,8669.0
30-59 Days (Number),group,monthly,2025-02,8165.0
30-59 Days (Number),group,monthly,2025-03,7947.0
30-59 Days (Number),group,monthly,2025-04,8398.0
30-59 Days (Number),group,monthly,2025-05,8171.0
30-59 Days (Number),group,monthly,2025-06,10669.0
30-59 Days (Number),group,monthly,2025-07,7262.0
30-59 Days (Number),group,monthly,2025-08,9148.0
30-59 Days (Number),group,monthly,2025-09,7292.0
30-59 Days (Number),group,monthly,2025-10,6923.0
30-59 Days (Number),group,monthly,2025-11,7465.0
30-59 Days (Number),group,monthly,2025-12,7284.0
30-59 Days (Number),group,monthly,2026-01,8683.0
30-59 Days (Number),group,monthly,2026-02,8934.0
30-59 Days (Number),group,monthly,2026-03,8580.0
30-59 Days (Number),group,monthly,2026-04,7922.0
30-59 Days (Number),group,monthly,2026-05,9648.0
30-59 Days (Number),group,monthly,2026-06,9223.0
4 Days (Number),group,monthly,2008-01,57705.0
4 Days (Number),group,monthly,2008-02,45863.0
4 Days (Number),group,monthly,2008-03,57506.0
4 Days (Number),group,monthly,2008-04,48830.0
4 Days (Number),group,monthly,2008-05,51886.0
4 Days (Number),group,monthly,2008-06,52246.0
4 Days (Number),group,monthly,2008-07,61652.0
4 Days (Number),group,monthly,2008-08,54523.0
4 Days (Number),group,monthly,2008-09,47998.0
4 Days (Number),group,monthly,2008-10,55513.0
4 Days (Number),group,monthly,2008-11,45144.0
4 Days (Number),group,monthly,2008-12,56774.0
4 Days (Number),group,monthly,2009-01,53571.0
4 Days (Number),group,monthly,2009-02,40174.0
4 Days (Number),group,monthly,2009-03,47791.0
4 Days (Number),group,monthly,2009-04,48259.0
4 Days (Number),group,monthly,2009-05,47859.0
4 Days (Number),group,monthly,2009-06,52481.0
4 Days (Number),group,monthly,2009-07,62183.0
4 Days (Number),group,monthly,2009-08,59525.0
4 Days (Number),group,monthly,2009-09,56775.0
4 Days (Number),group,monthly,2009-10,56188.0
4 Days (Number),group,monthly,2009-11,53573.0
4 Days (Number),group,monthly,2009-12,64668.0
4 Days (Number),group,monthly,2010-01,63899.0
4 Days (Number),group,monthly,2010-02,52000.0
4 Days (Number),group,monthly,2010-03,61315.0
4 Days (Number),group,monthly,2010-04,67927.0
4 Days (Number),group,monthly,2010-05,76146.0
4 Days (Number),group,monthly,2010-06,77055.0
4 Days (Number),group,monthly,2010-07,92643.0
4 Days (Number),group,monthly,2010-08,79770.0
4 Days (Number),group,monthly,2010-09,75068.0
4 Days (Number),group,monthly,2010-10,71920.0
4 Days (Number),group,monthly,2010-11,70941.0
4 Days (Number),group,monthly,2010-12,85791.0
4 Days (Number),group,monthly,2011-01,92415.0
4 Days (Number),group,monthly,2011-02,74373.0
4 Days (Number),group,monthly,2011-03,74476.0
4 Days (Number),group,monthly,2011-04,88761.0
4 Days (Number),group,monthly,2011-05,84851.0
4 Days (Number),group,monthly,2011-06,86418.0
4 Days (Number),group,monthly,2011-07,114612.0
4 Days (Number),group,monthly,2011-08,95013.0
4 Days (Number),group,monthly,2011-09,85667.0
4 Days (Number),group,monthly,2011-10,81089.0
4 Days (Number),group,monthly,2011-11,76097.0
4 Days (Number),group,monthly,2011-12,91246.0
4 Days (Number),group,monthly,2012-01,108278.0
4 Days (Number),group,monthly,2012-02,78280.0
4 Days (Number),group,monthly,2012-03,81025.0
4 Days (Number),group,monthly,2012-04,93481.0
4 Days (Number),group,monthly,2012-05,90555.0
4 Days (Number),group,monthly,2012-06,86808.0
4 Days (Number),group,monthly,2012-07,111324.0
4 Days (Number),group,monthly,2012-08,111921.0
4 Days (Number),group,monthly,2012-09,74693.0
4 Days (Number),group,monthly,2012-10,87069.0
4 Days (Number),group,monthly,2012-11,77843.0
4 Days (Number),group,monthly,2012-12,93170.0
4 Days (Number),group,monthly,2013-01,104628.0
4 Days (Number),group,monthly,2013-02,87450.0
4 Days (Number),group,monthly,2013-03,88825.0
4 Days (Number),group,monthly,2013-04,88482.0
4 Days (Number),group,monthly,2013-05,89639.0
4 Days (Number),group,monthly,2013-06,97136.0
4 Days (Number),group,monthly,2013-07,113878.0
4 Days (Number),group,monthly,2013-08,128025.0
4 Days (Number),group,monthly,2013-09,84957.0
4 Days (Number),group,monthly,2013-10,98760.0
4 Days (Number),group,monthly,2013-11,85631.0
4 Days (Number),group,monthly,2013-12,102998.0
4 Days (Number),group,monthly,2014-01,117618.0
4 Days (Number),group,monthly,2014-02,100009.0
4 Days (Number),group,monthly,2014-03,93341.0
4 Days (Number),group,monthly,2014-04,102189.0
4 Days (Number),group,monthly,2014-05,109620.0
4 Days (Number),group,monthly,2014-06,103750.0
4 Days (Number),group,monthly,2014-07,132282.0
4 Days (Number),group,monthly,2014-08,139739.0
4 Days (Number),group,monthly,2014-09,88178.0
4 Days (Number),group,monthly,2014-10,106092.0
4 Days (Number),group,monthly,2014-11,86211.0
4 Days (Number),group,monthly,2014-12,107457.0
4 Days (Number),group,monthly,2015-01,113632.0
4 Days (Number),group,monthly,2015-02,112541.0
4 Days (Number),group,monthly,2015-03,97027.0
4 Days (Number),group,monthly,2015-04,102530.0
4 Days (Number),group,monthly,2015-05,110103.0
4 Days (Number),group,monthly,2015-06,105981.0
4 Days (Number),group,monthly,2015-07,150215.0
4 Days (Number),group,monthly,2015-08,155651.0
4 Days (Number),group,monthly,2015-09,104768.0
4 Days (Number),group,monthly,2015-10,110984.0
4 Days (Number),group,monthly,2015-11,94659.0
4 Days (Number),group,monthly,2015-12,112096.0
4 Days (Number),group,monthly,2016-01,133371.0
4 Days (Number),group,monthly,2016-02,130133.0
4 Days (Number),group,monthly,2016-03,110781.0
4 Days (Number),group,monthly,2016-04,114007.0
4 Days (Number),group,monthly,2016-05,122081.0
4 Days (Number),group,monthly,2016-06,111943.0
4 Days (Number),group,monthly,2016-07,165875.0
4 Days (Number),group,monthly,2016-08,159072.0
4 Days (Number),group,monthly,2016-09,101170.0
4 Days (Number),group,monthly,2016-10,107160.0
4 Days (Number),group,monthly,2016-11,94333.0
4 Days (Number),group,monthly,2016-12,120344.0
4 Days (Number),group,monthly,2017-01,148189.0
4 Days (Number),group,monthly,2017-02,125705.0
4 Days (Number),group,monthly,2017-03,113123.0
4 Days (Number),group,monthly,2017-04,130418.0
4 Days (Number),group,monthly,2017-05,131749.0
4 Days (Number),group,monthly,2017-06,128823.0
4 Days (Number),group,monthly,2017-07,170649.0
4 Days (Number),group,monthly,2017-08,170133.0
4 Days (Number),group,monthly,2017-09,116142.0
4 Days (Number),group,monthly,2017-10,137110.0
4 Days (Number),group,monthly,2017-11,111281.0
4 Days (Number),group,monthly,2017-12,134025.0
4 Days (Number),group,monthly,2018-01,150401.0
4 Days (Number),group,monthly,2018-02,152159.0
4 Days (Number),group,monthly,2018-03,131799.0
4 Days (Number),group,monthly,2018-04,140238.0
4 Days (Number),group,monthly,2018-05,143202.0
4 Days (Number),group,monthly,2018-06,146335.0
4 Days (Number),group,monthly,2018-07,183291.0
4 Days (Number),group,monthly,2018-08,191494.0
4 Days (Number),group,monthly,2018-09,129303.0
4 Days (Number),group,monthly,2018-10,139462.0
4 Days (Number),group,monthly,2018-11,122285.0
4 Days (Number),group,monthly,2018-12,126914.0
4 Days (Number),group,monthly,2019-01,166355.0
4 Days (Number),group,monthly,2019-02,155296.0
4 Days (Number),group,monthly,2019-03,133196.0
4 Days (Number),group,monthly,2019-04,140443.0
4 Days (Number),group,monthly,2019-05,150419.0
4 Days (Number),group,monthly,2019-06,153428.0
4 Days (Number),group,monthly,2019-07,190767.0
4 Days (Number),group,monthly,2019-08,202768.0
4 Days (Number),group,monthly,2019-09,139986.0
4 Days (Number),group,monthly,2019-10,150515.0
4 Days (Number),group,monthly,2019-11,130008.0
4 Days (Number),group,monthly,2019-12,152843.0
4 Days (Number),group,monthly,2020-01,188712.0
4 Days (Number),group,monthly,2020-02,61548.0
4 Days (Number),group,monthly,2020-03,17895.0
4 Days (Number),group,monthly,2020-04,0.0
4 Days (Number),group,monthly,2020-05,2.0
4 Days (Number),group,monthly,2020-06,1.0
4 Days (Number),group,monthly,2020-07,2.0
4 Days (Number),group,monthly,2020-08,18.0
4 Days (Number),group,monthly,2020-09,7.0
4 Days (Number),group,monthly,2020-10,36.0
4 Days (Number),group,monthly,2020-11,112.0
4 Days (Number),group,monthly,2020-12,265.0
4 Days (Number),group,monthly,2021-01,140.0
4 Days (Number),group,monthly,2021-02,49.0
4 Days (Number),group,monthly,2021-03,71.0
4 Days (Number),group,monthly,2021-04,68.0
4 Days (Number),group,monthly,2021-05,69.0
4 Days (Number),group,monthly,2021-06,21.0
4 Days (Number),group,monthly,2021-07,59.0
4 Days (Number),group,monthly,2021-08,118.0
4 Days (Number),group,monthly,2021-09,101.0
4 Days (Number),group,monthly,2021-10,277.0
4 Days (Number),group,monthly,2021-11,812.0
4 Days (Number),group,monthly,2021-12,1956.0
4 Days (Number),group,monthly,2022-01,1239.0
4 Days (Number),group,monthly,2022-02,2719.0
4 Days (Number),group,monthly,2022-03,7046.0
4 Days (Number),group,monthly,2022-04,24205.0
4 Days (Number),group,monthly,2022-05,45982.0
4 Days (Number),group,monthly,2022-06,56237.0
4 Days (Number),group,monthly,2022-07,75171.0
4 Days (Number),group,monthly,2022-08,74885.0
4 Days (Number),group,monthly,2022-09,76711.0
4 Days (Number),group,monthly,2022-10,98830.0
4 Days (Number),group,monthly,2022-11,86753.0
4 Days (Number),group,monthly,2022-12,92181.0
4 Days (Number),group,monthly,2023-01,98688.0
4 Days (Number),group,monthly,2023-02,91491.0
4 Days (Number),group,monthly,2023-03,99794.0
4 Days (Number),group,monthly,2023-04,113757.0
4 Days (Number),group,monthly,2023-05,127382.0
4 Days (Number),group,monthly,2023-06,118033.0
4 Days (Number),group,monthly,2023-07,160111.0
4 Days (Number),group,monthly,2023-08,162079.0
4 Days (Number),group,monthly,2023-09,114319.0
4 Days (Number),group,monthly,2023-10,126509.0
4 Days (Number),group,monthly,2023-11,105229.0
4 Days (Number),group,monthly,2023-12,117981.0
4 Days (Number),group,monthly,2024-01,141495.0
4 Days (Number),group,monthly,2024-02,153777.0
4 Days (Number),group,monthly,2024-03,146244.0
4 Days (Number),group,monthly,2024-04,131072.0
4 Days (Number),group,monthly,2024-05,137282.0
4 Days (Number),group,monthly,2024-06,127060.0
4 Days (Number),group,monthly,2024-07,178802.0
4 Days (Number),group,monthly,2024-08,191093.0
4 Days (Number),group,monthly,2024-09,134827.0
4 Days (Number),group,monthly,2024-10,136522.0
4 Days (Number),group,monthly,2024-11,113379.0
4 Days (Number),group,monthly,2024-12,129479.0
4 Days (Number),group,monthly,2025-01,165958.0
4 Days (Number),group,monthly,2025-02,142971.0
4 Days (Number),group,monthly,2025-03,116634.0
4 Days (Number),group,monthly,2025-04,136690.0
4 Days (Number),group,monthly,2025-05,143616.0
4 Days (Number),group,monthly,2025-06,127408.0
4 Days (Number),group,monthly,2025-07,176360.0
4 Days (Number),group,monthly,2025-08,193807.0
4 Days (Number),group,monthly,2025-09,118198.0
4 Days (Number),group,monthly,2025-10,144080.0
4 Days (Number),group,monthly,2025-11,117396.0
4 Days (Number),group,monthly,2025-12,127509.0
4 Days (Number),group,monthly,2026-01,142099.0
4 Days (Number),group,monthly,2026-02,164203.0
4 Days (Number),group,monthly,2026-03,129353.0
4 Days (Number),group,monthly,2026-04,120567.0
4 Days (Number),group,monthly,2026-05,120381.0
4 Days (Number),group,monthly,2026-06,119711.0
5 Days (Number),group,monthly,2008-01,32409.0
5 Days (Number),group,monthly,2008-02,25837.0
5 Days (Number),group,monthly,2008-03,31123.0
5 Days (Number),group,monthly,2008-04,28563.0
5 Days (Number),group,monthly,2008-05,28722.0
5 Days (Number),group,monthly,2008-06,30262.0
5 Days (Number),group,monthly,2008-07,35339.0
5 Days (Number),group,monthly,2008-08,30512.0
5 Days (Number),group,monthly,2008-09,27060.0
5 Days (Number),group,monthly,2008-10,33871.0
5 Days (Number),group,monthly,2008-11,26435.0
5 Days (Number),group,monthly,2008-12,31827.0
5 Days (Number),group,monthly,2009-01,31044.0
5 Days (Number),group,monthly,2009-02,22738.0
5 Days (Number),group,monthly,2009-03,25702.0
5 Days (Number),group,monthly,2009-04,26689.0
5 Days (Number),group,monthly,2009-05,25404.0
5 Days (Number),group,monthly,2009-06,30476.0
5 Days (Number),group,monthly,2009-07,34342.0
5 Days (Number),group,monthly,2009-08,31595.0
5 Days (Number),group,monthly,2009-09,32285.0
5 Days (Number),group,monthly,2009-10,30151.0
5 Days (Number),group,monthly,2009-11,28765.0
5 Days (Number),group,monthly,2009-12,35218.0
5 Days (Number),group,monthly,2010-01,35913.0
5 Days (Number),group,monthly,2010-02,28701.0
5 Days (Number),group,monthly,2010-03,33072.0
5 Days (Number),group,monthly,2010-04,36922.0
5 Days (Number),group,monthly,2010-05,39995.0
5 Days (Number),group,monthly,2010-06,42987.0
5 Days (Number),group,monthly,2010-07,49367.0
5 Days (Number),group,monthly,2010-08,40561.0
5 Days (Number),group,monthly,2010-09,40781.0
5 Days (Number),group,monthly,2010-10,37805.0
5 Days (Number),group,monthly,2010-11,37270.0
5 Days (Number),group,monthly,2010-12,46428.0
5 Days (Number),group,monthly,2011-01,49368.0
5 Days (Number),group,monthly,2011-02,36520.0
5 Days (Number),group,monthly,2011-03,38658.0
5 Days (Number),group,monthly,2011-04,45227.0
5 Days (Number),group,monthly,2011-05,42869.0
5 Days (Number),group,monthly,2011-06,45552.0
5 Days (Number),group,monthly,2011-07,56968.0
5 Days (Number),group,monthly,2011-08,46268.0
5 Days (Number),group,monthly,2011-09,44469.0
5 Days (Number),group,monthly,2011-10,41632.0
5 Days (Number),group,monthly,2011-11,39872.0
5 Days (Number),group,monthly,2011-12,47593.0
5 Days (Number),group,monthly,2012-01,57230.0
5 Days (Number),group,monthly,2012-02,38186.0
5 Days (Number),group,monthly,2012-03,42235.0
5 Days (Number),group,monthly,2012-04,46375.0
5 Days (Number),group,monthly,2012-05,44927.0
5 Days (Number),group,monthly,2012-06,46032.0
5 Days (Number),group,monthly,2012-07,56850.0
5 Days (Number),group,monthly,2012-08,56408.0
5 Days (Number),group,monthly,2012-09,38990.0
5 Days (Number),group,monthly,2012-10,43429.0
5 Days (Number),group,monthly,2012-11,41352.0
5 Days (Number),group,monthly,2012-12,47962.0
5 Days (Number),group,monthly,2013-01,53527.0
5 Days (Number),group,monthly,2013-02,43918.0
5 Days (Number),group,monthly,2013-03,44270.0
5 Days (Number),group,monthly,2013-04,44426.0
5 Days (Number),group,monthly,2013-05,44792.0
5 Days (Number),group,monthly,2013-06,49630.0
5 Days (Number),group,monthly,2013-07,57535.0
5 Days (Number),group,monthly,2013-08,65582.0
5 Days (Number),group,monthly,2013-09,42648.0
5 Days (Number),group,monthly,2013-10,50180.0
5 Days (Number),group,monthly,2013-11,43388.0
5 Days (Number),group,monthly,2013-12,53095.0
5 Days (Number),group,monthly,2014-01,61153.0
5 Days (Number),group,monthly,2014-02,52030.0
5 Days (Number),group,monthly,2014-03,47215.0
5 Days (Number),group,monthly,2014-04,52566.0
5 Days (Number),group,monthly,2014-05,53897.0
5 Days (Number),group,monthly,2014-06,54567.0
5 Days (Number),group,monthly,2014-07,67726.0
5 Days (Number),group,monthly,2014-08,70769.0
5 Days (Number),group,monthly,2014-09,45443.0
5 Days (Number),group,monthly,2014-10,54153.0
5 Days (Number),group,monthly,2014-11,45046.0
5 Days (Number),group,monthly,2014-12,54947.0
5 Days (Number),group,monthly,2015-01,59431.0
5 Days (Number),group,monthly,2015-02,57710.0
5 Days (Number),group,monthly,2015-03,48351.0
5 Days (Number),group,monthly,2015-04,53002.0
5 Days (Number),group,monthly,2015-05,55508.0
5 Days (Number),group,monthly,2015-06,55396.0
5 Days (Number),group,monthly,2015-07,81670.0
5 Days (Number),group,monthly,2015-08,78282.0
5 Days (Number),group,monthly,2015-09,50928.0
5 Days (Number),group,monthly,2015-10,60819.0
5 Days (Number),group,monthly,2015-11,48252.0
5 Days (Number),group,monthly,2015-12,58027.0
5 Days (Number),group,monthly,2016-01,69820.0
5 Days (Number),group,monthly,2016-02,71172.0
5 Days (Number),group,monthly,2016-03,55211.0
5 Days (Number),group,monthly,2016-04,59637.0
5 Days (Number),group,monthly,2016-05,61976.0
5 Days (Number),group,monthly,2016-06,59462.0
5 Days (Number),group,monthly,2016-07,93043.0
5 Days (Number),group,monthly,2016-08,87317.0
5 Days (Number),group,monthly,2016-09,53238.0
5 Days (Number),group,monthly,2016-10,56379.0
5 Days (Number),group,monthly,2016-11,49694.0
5 Days (Number),group,monthly,2016-12,64009.0
5 Days (Number),group,monthly,2017-01,81482.0
5 Days (Number),group,monthly,2017-02,72805.0
5 Days (Number),group,monthly,2017-03,58154.0
5 Days (Number),group,monthly,2017-04,67600.0
5 Days (Number),group,monthly,2017-05,66566.0
5 Days (Number),group,monthly,2017-06,71193.0
5 Days (Number),group,monthly,2017-07,96488.0
5 Days (Number),group,monthly,2017-08,93001.0
5 Days (Number),group,monthly,2017-09,60320.0
5 Days (Number),group,monthly,2017-10,73702.0
5 Days (Number),group,monthly,2017-11,56852.0
5 Days (Number),group,monthly,2017-12,70714.0
5 Days (Number),group,monthly,2018-01,77902.0
5 Days (Number),group,monthly,2018-02,90902.0
5 Days (Number),group,monthly,2018-03,67764.0
5 Days (Number),group,monthly,2018-04,74454.0
5 Days (Number),group,monthly,2018-05,77524.0
5 Days (Number),group,monthly,2018-06,81546.0
5 Days (Number),group,monthly,2018-07,104541.0
5 Days (Number),group,monthly,2018-08,106659.0
5 Days (Number),group,monthly,2018-09,67248.0
5 Days (Number),group,monthly,2018-10,75391.0
5 Days (Number),group,monthly,2018-11,63124.0
5 Days (Number),group,monthly,2018-12,72349.0
5 Days (Number),group,monthly,2019-01,91397.0
5 Days (Number),group,monthly,2019-02,91453.0
5 Days (Number),group,monthly,2019-03,68692.0
5 Days (Number),group,monthly,2019-04,75199.0
5 Days (Number),group,monthly,2019-05,81079.0
5 Days (Number),group,monthly,2019-06,85027.0
5 Days (Number),group,monthly,2019-07,114280.0
5 Days (Number),group,monthly,2019-08,124570.0
5 Days (Number),group,monthly,2019-09,74040.0
5 Days (Number),group,monthly,2019-10,84466.0
5 Days (Number),group,monthly,2019-11,69614.0
5 Days (Number),group,monthly,2019-12,82404.0
5 Days (Number),group,monthly,2020-01,111075.0
5 Days (Number),group,monthly,2020-02,31705.0
5 Days (Number),group,monthly,2020-03,10189.0
5 Days (Number),group,monthly,2020-04,4.0
5 Days (Number),group,monthly,2020-05,0.0
5 Days (Number),group,monthly,2020-06,1.0
5 Days (Number),group,monthly,2020-07,2.0
5 Days (Number),group,monthly,2020-08,1.0
5 Days (Number),group,monthly,2020-09,19.0
5 Days (Number),group,monthly,2020-10,25.0
5 Days (Number),group,monthly,2020-11,113.0
5 Days (Number),group,monthly,2020-12,351.0
5 Days (Number),group,monthly,2021-01,186.0
5 Days (Number),group,monthly,2021-02,88.0
5 Days (Number),group,monthly,2021-03,87.0
5 Days (Number),group,monthly,2021-04,87.0
5 Days (Number),group,monthly,2021-05,64.0
5 Days (Number),group,monthly,2021-06,35.0
5 Days (Number),group,monthly,2021-07,42.0
5 Days (Number),group,monthly,2021-08,83.0
5 Days (Number),group,monthly,2021-09,99.0
5 Days (Number),group,monthly,2021-10,208.0
5 Days (Number),group,monthly,2021-11,729.0
5 Days (Number),group,monthly,2021-12,1784.0
5 Days (Number),group,monthly,2022-01,1265.0
5 Days (Number),group,monthly,2022-02,2324.0
5 Days (Number),group,monthly,2022-03,5580.0
5 Days (Number),group,monthly,2022-04,17457.0
5 Days (Number),group,monthly,2022-05,30700.0
5 Days (Number),group,monthly,2022-06,34969.0
5 Days (Number),group,monthly,2022-07,44932.0
5 Days (Number),group,monthly,2022-08,41261.0
5 Days (Number),group,monthly,2022-09,43580.0
5 Days (Number),group,monthly,2022-10,58715.0
5 Days (Number),group,monthly,2022-11,51619.0
5 Days (Number),group,monthly,2022-12,54820.0
5 Days (Number),group,monthly,2023-01,55350.0
5 Days (Number),group,monthly,2023-02,47426.0
5 Days (Number),group,monthly,2023-03,52587.0
5 Days (Number),group,monthly,2023-04,63554.0
5 Days (Number),group,monthly,2023-05,69771.0
5 Days (Number),group,monthly,2023-06,65327.0
5 Days (Number),group,monthly,2023-07,98065.0
5 Days (Number),group,monthly,2023-08,98284.0
5 Days (Number),group,monthly,2023-09,62421.0
5 Days (Number),group,monthly,2023-10,69110.0
5 Days (Number),group,monthly,2023-11,56366.0
5 Days (Number),group,monthly,2023-12,64785.0
5 Days (Number),group,monthly,2024-01,77275.0
5 Days (Number),group,monthly,2024-02,90088.0
5 Days (Number),group,monthly,2024-03,69625.0
5 Days (Number),group,monthly,2024-04,70889.0
5 Days (Number),group,monthly,2024-05,73292.0
5 Days (Number),group,monthly,2024-06,68256.0
5 Days (Number),group,monthly,2024-07,104503.0
5 Days (Number),group,monthly,2024-08,111666.0
5 Days (Number),group,monthly,2024-09,66921.0
5 Days (Number),group,monthly,2024-10,72415.0
5 Days (Number),group,monthly,2024-11,61350.0
5 Days (Number),group,monthly,2024-12,69081.0
5 Days (Number),group,monthly,2025-01,92708.0
5 Days (Number),group,monthly,2025-02,78993.0
5 Days (Number),group,monthly,2025-03,59408.0
5 Days (Number),group,monthly,2025-04,76549.0
5 Days (Number),group,monthly,2025-05,73193.0
5 Days (Number),group,monthly,2025-06,65920.0
5 Days (Number),group,monthly,2025-07,101141.0
5 Days (Number),group,monthly,2025-08,109604.0
5 Days (Number),group,monthly,2025-09,58581.0
5 Days (Number),group,monthly,2025-10,79035.0
5 Days (Number),group,monthly,2025-11,63843.0
5 Days (Number),group,monthly,2025-12,68443.0
5 Days (Number),group,monthly,2026-01,77614.0
5 Days (Number),group,monthly,2026-02,93783.0
5 Days (Number),group,monthly,2026-03,68709.0
5 Days (Number),group,monthly,2026-04,64565.0
5 Days (Number),group,monthly,2026-05,63449.0
5 Days (Number),group,monthly,2026-06,65567.0
6 Days (Number),group,monthly,2008-01,20520.0
6 Days (Number),group,monthly,2008-02,17257.0
6 Days (Number),group,monthly,2008-03,20529.0
6 Days (Number),group,monthly,2008-04,19090.0
6 Days (Number),group,monthly,2008-05,18621.0
6 Days (Number),group,monthly,2008-06,20110.0
6 Days (Number),group,monthly,2008-07,22617.0
6 Days (Number),group,monthly,2008-08,20476.0
6 Days (Number),group,monthly,2008-09,16069.0
6 Days (Number),group,monthly,2008-10,21634.0
6 Days (Number),group,monthly,2008-11,17434.0
6 Days (Number),group,monthly,2008-12,19981.0
6 Days (Number),group,monthly,2009-01,20024.0
6 Days (Number),group,monthly,2009-02,14348.0
6 Days (Number),group,monthly,2009-03,16197.0
6 Days (Number),group,monthly,2009-04,16925.0
6 Days (Number),group,monthly,2009-05,16048.0
6 Days (Number),group,monthly,2009-06,19940.0
6 Days (Number),group,monthly,2009-07,22379.0
6 Days (Number),group,monthly,2009-08,21366.0
6 Days (Number),group,monthly,2009-09,20355.0
6 Days (Number),group,monthly,2009-10,20427.0
6 Days (Number),group,monthly,2009-11,17482.0
6 Days (Number),group,monthly,2009-12,22180.0
6 Days (Number),group,monthly,2010-01,23188.0
6 Days (Number),group,monthly,2010-02,18911.0
6 Days (Number),group,monthly,2010-03,20560.0
6 Days (Number),group,monthly,2010-04,22252.0
6 Days (Number),group,monthly,2010-05,24622.0
6 Days (Number),group,monthly,2010-06,26151.0
6 Days (Number),group,monthly,2010-07,29965.0
6 Days (Number),group,monthly,2010-08,25267.0
6 Days (Number),group,monthly,2010-09,24644.0
6 Days (Number),group,monthly,2010-10,23830.0
6 Days (Number),group,monthly,2010-11,22029.0
6 Days (Number),group,monthly,2010-12,27634.0
6 Days (Number),group,monthly,2011-01,29766.0
6 Days (Number),group,monthly,2011-02,22286.0
6 Days (Number),group,monthly,2011-03,24291.0
6 Days (Number),group,monthly,2011-04,26413.0
6 Days (Number),group,monthly,2011-05,24854.0
6 Days (Number),group,monthly,2011-06,28007.0
6 Days (Number),group,monthly,2011-07,35036.0
6 Days (Number),group,monthly,2011-08,26258.0
6 Days (Number),group,monthly,2011-09,26448.0
6 Days (Number),group,monthly,2011-10,25605.0
6 Days (Number),group,monthly,2011-11,23920.0
6 Days (Number),group,monthly,2011-12,28668.0
6 Days (Number),group,monthly,2012-01,31971.0
6 Days (Number),group,monthly,2012-02,23364.0
6 Days (Number),group,monthly,2012-03,25760.0
6 Days (Number),group,monthly,2012-04,28144.0
6 Days (Number),group,monthly,2012-05,25056.0
6 Days (Number),group,monthly,2012-06,28301.0
6 Days (Number),group,monthly,2012-07,34149.0
6 Days (Number),group,monthly,2012-08,32554.0
6 Days (Number),group,monthly,2012-09,23559.0
6 Days (Number),group,monthly,2012-10,25907.0
6 Days (Number),group,monthly,2012-11,24558.0
6 Days (Number),group,monthly,2012-12,30300.0
6 Days (Number),group,monthly,2013-01,30873.0
6 Days (Number),group,monthly,2013-02,26395.0
6 Days (Number),group,monthly,2013-03,27250.0
6 Days (Number),group,monthly,2013-04,27100.0
6 Days (Number),group,monthly,2013-05,26421.0
6 Days (Number),group,monthly,2013-06,30594.0
6 Days (Number),group,monthly,2013-07,35492.0
6 Days (Number),group,monthly,2013-08,37837.0
6 Days (Number),group,monthly,2013-09,25351.0
6 Days (Number),group,monthly,2013-10,29742.0
6 Days (Number),group,monthly,2013-11,26078.0
6 Days (Number),group,monthly,2013-12,30212.0
6 Days (Number),group,monthly,2014-01,36111.0
6 Days (Number),group,monthly,2014-02,30755.0
6 Days (Number),group,monthly,2014-03,29093.0
6 Days (Number),group,monthly,2014-04,31635.0
6 Days (Number),group,monthly,2014-05,31085.0
6 Days (Number),group,monthly,2014-06,31743.0
6 Days (Number),group,monthly,2014-07,40505.0
6 Days (Number),group,monthly,2014-08,40723.0
6 Days (Number),group,monthly,2014-09,26088.0
6 Days (Number),group,monthly,2014-10,31301.0
6 Days (Number),group,monthly,2014-11,27141.0
6 Days (Number),group,monthly,2014-12,32280.0
6 Days (Number),group,monthly,2015-01,35390.0
6 Days (Number),group,monthly,2015-02,33219.0
6 Days (Number),group,monthly,2015-03,29334.0
6 Days (Number),group,monthly,2015-04,30426.0
6 Days (Number),group,monthly,2015-05,30264.0
6 Days (Number),group,monthly,2015-06,31444.0
6 Days (Number),group,monthly,2015-07,43749.0
6 Days (Number),group,monthly,2015-08,41994.0
6 Days (Number),group,monthly,2015-09,27848.0
6 Days (Number),group,monthly,2015-10,35051.0
6 Days (Number),group,monthly,2015-11,27742.0
6 Days (Number),group,monthly,2015-12,32126.0
6 Days (Number),group,monthly,2016-01,38650.0
6 Days (Number),group,monthly,2016-02,37478.0
6 Days (Number),group,monthly,2016-03,31050.0
6 Days (Number),group,monthly,2016-04,35329.0
6 Days (Number),group,monthly,2016-05,34441.0
6 Days (Number),group,monthly,2016-06,34133.0
6 Days (Number),group,monthly,2016-07,51154.0
6 Days (Number),group,monthly,2016-08,43135.0
6 Days (Number),group,monthly,2016-09,29359.0
6 Days (Number),group,monthly,2016-10,33430.0
6 Days (Number),group,monthly,2016-11,29021.0
6 Days (Number),group,monthly,2016-12,36449.0
6 Days (Number),group,monthly,2017-01,44317.0
6 Days (Number),group,monthly,2017-02,43966.0
6 Days (Number),group,monthly,2017-03,32858.0
6 Days (Number),group,monthly,2017-04,39392.0
6 Days (Number),group,monthly,2017-05,36649.0
6 Days (Number),group,monthly,2017-06,40690.0
6 Days (Number),group,monthly,2017-07,53743.0
6 Days (Number),group,monthly,2017-08,48596.0
6 Days (Number),group,monthly,2017-09,34569.0
6 Days (Number),group,monthly,2017-10,42177.0
6 Days (Number),group,monthly,2017-11,32705.0
6 Days (Number),group,monthly,2017-12,41390.0
6 Days (Number),group,monthly,2018-01,43483.0
6 Days (Number),group,monthly,2018-02,47400.0
6 Days (Number),group,monthly,2018-03,39900.0
6 Days (Number),group,monthly,2018-04,42491.0
6 Days (Number),group,monthly,2018-05,43934.0
6 Days (Number),group,monthly,2018-06,44760.0
6 Days (Number),group,monthly,2018-07,55339.0
6 Days (Number),group,monthly,2018-08,54585.0
6 Days (Number),group,monthly,2018-09,38575.0
6 Days (Number),group,monthly,2018-10,42578.0
6 Days (Number),group,monthly,2018-11,34485.0
6 Days (Number),group,monthly,2018-12,40268.0
6 Days (Number),group,monthly,2019-01,49472.0
6 Days (Number),group,monthly,2019-02,50631.0
6 Days (Number),group,monthly,2019-03,39634.0
6 Days (Number),group,monthly,2019-04,41986.0
6 Days (Number),group,monthly,2019-05,44990.0
6 Days (Number),group,monthly,2019-06,48582.0
6 Days (Number),group,monthly,2019-07,61983.0
6 Days (Number),group,monthly,2019-08,64360.0
6 Days (Number),group,monthly,2019-09,40900.0
6 Days (Number),group,monthly,2019-10,47110.0
6 Days (Number),group,monthly,2019-11,39723.0
6 Days (Number),group,monthly,2019-12,46186.0
6 Days (Number),group,monthly,2020-01,60905.0
6 Days (Number),group,monthly,2020-02,18798.0
6 Days (Number),group,monthly,2020-03,6339.0
6 Days (Number),group,monthly,2020-04,5.0
6 Days (Number),group,monthly,2020-05,1.0
6 Days (Number),group,monthly,2020-06,0.0
6 Days (Number),group,monthly,2020-07,1.0
6 Days (Number),group,monthly,2020-08,9.0
6 Days (Number),group,monthly,2020-09,9.0
6 Days (Number),group,monthly,2020-10,30.0
6 Days (Number),group,monthly,2020-11,88.0
6 Days (Number),group,monthly,2020-12,156.0
6 Days (Number),group,monthly,2021-01,103.0
6 Days (Number),group,monthly,2021-02,50.0
6 Days (Number),group,monthly,2021-03,87.0
6 Days (Number),group,monthly,2021-04,87.0
6 Days (Number),group,monthly,2021-05,73.0
6 Days (Number),group,monthly,2021-06,17.0
6 Days (Number),group,monthly,2021-07,37.0
6 Days (Number),group,monthly,2021-08,159.0
6 Days (Number),group,monthly,2021-09,108.0
6 Days (Number),group,monthly,2021-10,106.0
6 Days (Number),group,monthly,2021-11,579.0
6 Days (Number),group,monthly,2021-12,1617.0
6 Days (Number),group,monthly,2022-01,1196.0
6 Days (Number),group,monthly,2022-02,2116.0
6 Days (Number),group,monthly,2022-03,4415.0
6 Days (Number),group,monthly,2022-04,12437.0
6 Days (Number),group,monthly,2022-05,21353.0
6 Days (Number),group,monthly,2022-06,23867.0
6 Days (Number),group,monthly,2022-07,29829.0
6 Days (Number),group,monthly,2022-08,26212.0
6 Days (Number),group,monthly,2022-09,27037.0
6 Days (Number),group,monthly,2022-10,37834.0
6 Days (Number),group,monthly,2022-11,30955.0
6 Days (Number),group,monthly,2022-12,34062.0
6 Days (Number),group,monthly,2023-01,33967.0
6 Days (Number),group,monthly,2023-02,29350.0
6 Days (Number),group,monthly,2023-03,31245.0
6 Days (Number),group,monthly,2023-04,38687.0
6 Days (Number),group,monthly,2023-05,39208.0
6 Days (Number),group,monthly,2023-06,37886.0
6 Days (Number),group,monthly,2023-07,58609.0
6 Days (Number),group,monthly,2023-08,52957.0
6 Days (Number),group,monthly,2023-09,37647.0
6 Days (Number),group,monthly,2023-10,37922.0
6 Days (Number),group,monthly,2023-11,31919.0
6 Days (Number),group,monthly,2023-12,38500.0
6 Days (Number),group,monthly,2024-01,41907.0
6 Days (Number),group,monthly,2024-02,48105.0
6 Days (Number),group,monthly,2024-03,39637.0
6 Days (Number),group,monthly,2024-04,41852.0
6 Days (Number),group,monthly,2024-05,42168.0
6 Days (Number),group,monthly,2024-06,39585.0
6 Days (Number),group,monthly,2024-07,60292.0
6 Days (Number),group,monthly,2024-08,58177.0
6 Days (Number),group,monthly,2024-09,40155.0
6 Days (Number),group,monthly,2024-10,40012.0
6 Days (Number),group,monthly,2024-11,36590.0
6 Days (Number),group,monthly,2024-12,39400.0
6 Days (Number),group,monthly,2025-01,49767.0
6 Days (Number),group,monthly,2025-02,43650.0
6 Days (Number),group,monthly,2025-03,35370.0
6 Days (Number),group,monthly,2025-04,45239.0
6 Days (Number),group,monthly,2025-05,39301.0
6 Days (Number),group,monthly,2025-06,38708.0
6 Days (Number),group,monthly,2025-07,58075.0
6 Days (Number),group,monthly,2025-08,59023.0
6 Days (Number),group,monthly,2025-09,34060.0
6 Days (Number),group,monthly,2025-10,46503.0
6 Days (Number),group,monthly,2025-11,38490.0
6 Days (Number),group,monthly,2025-12,39348.0
6 Days (Number),group,monthly,2026-01,45843.0
6 Days (Number),group,monthly,2026-02,49853.0
6 Days (Number),group,monthly,2026-03,38820.0
6 Days (Number),group,monthly,2026-04,37641.0
6 Days (Number),group,monthly,2026-05,36328.0
6 Days (Number),group,monthly,2026-06,37116.0
60 Days & Over (Number),group,monthly,2008-01,4408.0
60 Days & Over (Number),group,monthly,2008-02,4004.0
60 Days & Over (Number),group,monthly,2008-03,4054.0
60 Days & Over (Number),group,monthly,2008-04,3979.0
60 Days & Over (Number),group,monthly,2008-05,4871.0
60 Days & Over (Number),group,monthly,2008-06,4739.0
60 Days & Over (Number),group,monthly,2008-07,4634.0
60 Days & Over (Number),group,monthly,2008-08,5657.0
60 Days & Over (Number),group,monthly,2008-09,4927.0
60 Days & Over (Number),group,monthly,2008-10,4614.0
60 Days & Over (Number),group,monthly,2008-11,4697.0
60 Days & Over (Number),group,monthly,2008-12,4507.0
60 Days & Over (Number),group,monthly,2009-01,4277.0
60 Days & Over (Number),group,monthly,2009-02,4284.0
60 Days & Over (Number),group,monthly,2009-03,4161.0
60 Days & Over (Number),group,monthly,2009-04,4219.0
60 Days & Over (Number),group,monthly,2009-05,4390.0
60 Days & Over (Number),group,monthly,2009-06,3947.0
60 Days & Over (Number),group,monthly,2009-07,3725.0
60 Days & Over (Number),group,monthly,2009-08,3909.0
60 Days & Over (Number),group,monthly,2009-09,4020.0
60 Days & Over (Number),group,monthly,2009-10,4139.0
60 Days & Over (Number),group,monthly,2009-11,4071.0
60 Days & Over (Number),group,monthly,2009-12,4204.0
60 Days & Over (Number),group,monthly,2010-01,4153.0
60 Days & Over (Number),group,monthly,2010-02,3891.0
60 Days & Over (Number),group,monthly,2010-03,4154.0
60 Days & Over (Number),group,monthly,2010-04,3776.0
60 Days & Over (Number),group,monthly,2010-05,4524.0
60 Days & Over (Number),group,monthly,2010-06,4313.0
60 Days & Over (Number),group,monthly,2010-07,4085.0
60 Days & Over (Number),group,monthly,2010-08,4535.0
60 Days & Over (Number),group,monthly,2010-09,4490.0
60 Days & Over (Number),group,monthly,2010-10,4091.0
60 Days & Over (Number),group,monthly,2010-11,3868.0
60 Days & Over (Number),group,monthly,2010-12,3915.0
60 Days & Over (Number),group,monthly,2011-01,3567.0
60 Days & Over (Number),group,monthly,2011-02,3603.0
60 Days & Over (Number),group,monthly,2011-03,3801.0
60 Days & Over (Number),group,monthly,2011-04,3907.0
60 Days & Over (Number),group,monthly,2011-05,4356.0
60 Days & Over (Number),group,monthly,2011-06,4334.0
60 Days & Over (Number),group,monthly,2011-07,3914.0
60 Days & Over (Number),group,monthly,2011-08,3939.0
60 Days & Over (Number),group,monthly,2011-09,4525.0
60 Days & Over (Number),group,monthly,2011-10,4015.0
60 Days & Over (Number),group,monthly,2011-11,4094.0
60 Days & Over (Number),group,monthly,2011-12,3889.0
60 Days & Over (Number),group,monthly,2012-01,3744.0
60 Days & Over (Number),group,monthly,2012-02,3798.0
60 Days & Over (Number),group,monthly,2012-03,4168.0
60 Days & Over (Number),group,monthly,2012-04,4100.0
60 Days & Over (Number),group,monthly,2012-05,4579.0
60 Days & Over (Number),group,monthly,2012-06,4387.0
60 Days & Over (Number),group,monthly,2012-07,4059.0
60 Days & Over (Number),group,monthly,2012-08,4262.0
60 Days & Over (Number),group,monthly,2012-09,4046.0
60 Days & Over (Number),group,monthly,2012-10,3839.0
60 Days & Over (Number),group,monthly,2012-11,3826.0
60 Days & Over (Number),group,monthly,2012-12,3862.0
60 Days & Over (Number),group,monthly,2013-01,3997.0
60 Days & Over (Number),group,monthly,2013-02,4011.0
60 Days & Over (Number),group,monthly,2013-03,4464.0
60 Days & Over (Number),group,monthly,2013-04,3568.0
60 Days & Over (Number),group,monthly,2013-05,4544.0
60 Days & Over (Number),group,monthly,2013-06,4566.0
60 Days & Over (Number),group,monthly,2013-07,4087.0
60 Days & Over (Number),group,monthly,2013-08,4482.0
60 Days & Over (Number),group,monthly,2013-09,4633.0
60 Days & Over (Number),group,monthly,2013-10,4132.0
60 Days & Over (Number),group,monthly,2013-11,4365.0
60 Days & Over (Number),group,monthly,2013-12,4222.0
60 Days & Over (Number),group,monthly,2014-01,4053.0
60 Days & Over (Number),group,monthly,2014-02,4504.0
60 Days & Over (Number),group,monthly,2014-03,4603.0
60 Days & Over (Number),group,monthly,2014-04,4428.0
60 Days & Over (Number),group,monthly,2014-05,4883.0
60 Days & Over (Number),group,monthly,2014-06,4736.0
60 Days & Over (Number),group,monthly,2014-07,3700.0
60 Days & Over (Number),group,monthly,2014-08,4306.0
60 Days & Over (Number),group,monthly,2014-09,4211.0
60 Days & Over (Number),group,monthly,2014-10,3758.0
60 Days & Over (Number),group,monthly,2014-11,3782.0
60 Days & Over (Number),group,monthly,2014-12,3699.0
60 Days & Over (Number),group,monthly,2015-01,3654.0
60 Days & Over (Number),group,monthly,2015-02,3667.0
60 Days & Over (Number),group,monthly,2015-03,4308.0
60 Days & Over (Number),group,monthly,2015-04,3756.0
60 Days & Over (Number),group,monthly,2015-05,4237.0
60 Days & Over (Number),group,monthly,2015-06,4105.0
60 Days & Over (Number),group,monthly,2015-07,3746.0
60 Days & Over (Number),group,monthly,2015-08,4189.0
60 Days & Over (Number),group,monthly,2015-09,3957.0
60 Days & Over (Number),group,monthly,2015-10,3765.0
60 Days & Over (Number),group,monthly,2015-11,3741.0
60 Days & Over (Number),group,monthly,2015-12,3605.0
60 Days & Over (Number),group,monthly,2016-01,3513.0
60 Days & Over (Number),group,monthly,2016-02,3708.0
60 Days & Over (Number),group,monthly,2016-03,4283.0
60 Days & Over (Number),group,monthly,2016-04,3672.0
60 Days & Over (Number),group,monthly,2016-05,3942.0
60 Days & Over (Number),group,monthly,2016-06,4165.0
60 Days & Over (Number),group,monthly,2016-07,3513.0
60 Days & Over (Number),group,monthly,2016-08,3957.0
60 Days & Over (Number),group,monthly,2016-09,3978.0
60 Days & Over (Number),group,monthly,2016-10,3258.0
60 Days & Over (Number),group,monthly,2016-11,3469.0
60 Days & Over (Number),group,monthly,2016-12,3477.0
60 Days & Over (Number),group,monthly,2017-01,3144.0
60 Days & Over (Number),group,monthly,2017-02,3431.0
60 Days & Over (Number),group,monthly,2017-03,3765.0
60 Days & Over (Number),group,monthly,2017-04,3356.0
60 Days & Over (Number),group,monthly,2017-05,3598.0
60 Days & Over (Number),group,monthly,2017-06,3680.0
60 Days & Over (Number),group,monthly,2017-07,3236.0
60 Days & Over (Number),group,monthly,2017-08,3569.0
60 Days & Over (Number),group,monthly,2017-09,3679.0
60 Days & Over (Number),group,monthly,2017-10,3121.0
60 Days & Over (Number),group,monthly,2017-11,3373.0
60 Days & Over (Number),group,monthly,2017-12,3032.0
60 Days & Over (Number),group,monthly,2018-01,3102.0
60 Days & Over (Number),group,monthly,2018-02,3102.0
60 Days & Over (Number),group,monthly,2018-03,4202.0
60 Days & Over (Number),group,monthly,2018-04,3195.0
60 Days & Over (Number),group,monthly,2018-05,3479.0
60 Days & Over (Number),group,monthly,2018-06,3813.0
60 Days & Over (Number),group,monthly,2018-07,2972.0
60 Days & Over (Number),group,monthly,2018-08,3467.0
60 Days & Over (Number),group,monthly,2018-09,3756.0
60 Days & Over (Number),group,monthly,2018-10,3129.0
60 Days & Over (Number),group,monthly,2018-11,3376.0
60 Days & Over (Number),group,monthly,2018-12,2893.0
60 Days & Over (Number),group,monthly,2019-01,3232.0
60 Days & Over (Number),group,monthly,2019-02,3382.0
60 Days & Over (Number),group,monthly,2019-03,4038.0
60 Days & Over (Number),group,monthly,2019-04,3364.0
60 Days & Over (Number),group,monthly,2019-05,3688.0
60 Days & Over (Number),group,monthly,2019-06,4182.0
60 Days & Over (Number),group,monthly,2019-07,3171.0
60 Days & Over (Number),group,monthly,2019-08,3522.0
60 Days & Over (Number),group,monthly,2019-09,3975.0
60 Days & Over (Number),group,monthly,2019-10,3250.0
60 Days & Over (Number),group,monthly,2019-11,3371.0
60 Days & Over (Number),group,monthly,2019-12,3138.0
60 Days & Over (Number),group,monthly,2020-01,2978.0
60 Days & Over (Number),group,monthly,2020-02,2849.0
60 Days & Over (Number),group,monthly,2020-03,3916.0
60 Days & Over (Number),group,monthly,2020-04,1268.0
60 Days & Over (Number),group,monthly,2020-05,2660.0
60 Days & Over (Number),group,monthly,2020-06,4387.0
60 Days & Over (Number),group,monthly,2020-07,2949.0
60 Days & Over (Number),group,monthly,2020-08,2335.0
60 Days & Over (Number),group,monthly,2020-09,1201.0
60 Days & Over (Number),group,monthly,2020-10,941.0
60 Days & Over (Number),group,monthly,2020-11,747.0
60 Days & Over (Number),group,monthly,2020-12,756.0
60 Days & Over (Number),group,monthly,2021-01,676.0
60 Days & Over (Number),group,monthly,2021-02,791.0
60 Days & Over (Number),group,monthly,2021-03,1321.0
60 Days & Over (Number),group,monthly,2021-04,1542.0
60 Days & Over (Number),group,monthly,2021-05,1287.0
60 Days & Over (Number),group,monthly,2021-06,1451.0
60 Days & Over (Number),group,monthly,2021-07,1410.0
60 Days & Over (Number),group,monthly,2021-08,1079.0
60 Days & Over (Number),group,monthly,2021-09,878.0
60 Days & Over (Number),group,monthly,2021-10,1272.0
60 Days & Over (Number),group,monthly,2021-11,738.0
60 Days & Over (Number),group,monthly,2021-12,773.0
60 Days & Over (Number),group,monthly,2022-01,918.0
60 Days & Over (Number),group,monthly,2022-02,2439.0
60 Days & Over (Number),group,monthly,2022-03,3074.0
60 Days & Over (Number),group,monthly,2022-04,3319.0
60 Days & Over (Number),group,monthly,2022-05,3347.0
60 Days & Over (Number),group,monthly,2022-06,4263.0
60 Days & Over (Number),group,monthly,2022-07,4737.0
60 Days & Over (Number),group,monthly,2022-08,4791.0
60 Days & Over (Number),group,monthly,2022-09,4238.0
60 Days & Over (Number),group,monthly,2022-10,3786.0
60 Days & Over (Number),group,monthly,2022-11,3732.0
60 Days & Over (Number),group,monthly,2022-12,3851.0
60 Days & Over (Number),group,monthly,2023-01,3679.0
60 Days & Over (Number),group,monthly,2023-02,3462.0
60 Days & Over (Number),group,monthly,2023-03,3769.0
60 Days & Over (Number),group,monthly,2023-04,3464.0
60 Days & Over (Number),group,monthly,2023-05,3615.0
60 Days & Over (Number),group,monthly,2023-06,3917.0
60 Days & Over (Number),group,monthly,2023-07,3081.0
60 Days & Over (Number),group,monthly,2023-08,3624.0
60 Days & Over (Number),group,monthly,2023-09,3589.0
60 Days & Over (Number),group,monthly,2023-10,3313.0
60 Days & Over (Number),group,monthly,2023-11,3099.0
60 Days & Over (Number),group,monthly,2023-12,3130.0
60 Days & Over (Number),group,monthly,2024-01,3116.0
60 Days & Over (Number),group,monthly,2024-02,3489.0
60 Days & Over (Number),group,monthly,2024-03,3981.0
60 Days & Over (Number),group,monthly,2024-04,3222.0
60 Days & Over (Number),group,monthly,2024-05,3399.0
60 Days & Over (Number),group,monthly,2024-06,3194.0
60 Days & Over (Number),group,monthly,2024-07,2601.0
60 Days & Over (Number),group,monthly,2024-08,3461.0
60 Days & Over (Number),group,monthly,2024-09,4431.0
60 Days & Over (Number),group,monthly,2024-10,4692.0
60 Days & Over (Number),group,monthly,2024-11,4851.0
60 Days & Over (Number),group,monthly,2024-12,4836.0
60 Days & Over (Number),group,monthly,2025-01,4187.0
60 Days & Over (Number),group,monthly,2025-02,4039.0
60 Days & Over (Number),group,monthly,2025-03,4079.0
60 Days & Over (Number),group,monthly,2025-04,3099.0
60 Days & Over (Number),group,monthly,2025-05,2737.0
60 Days & Over (Number),group,monthly,2025-06,3028.0
60 Days & Over (Number),group,monthly,2025-07,2635.0
60 Days & Over (Number),group,monthly,2025-08,2927.0
60 Days & Over (Number),group,monthly,2025-09,3027.0
60 Days & Over (Number),group,monthly,2025-10,2512.0
60 Days & Over (Number),group,monthly,2025-11,2315.0
60 Days & Over (Number),group,monthly,2025-12,2225.0
60 Days & Over (Number),group,monthly,2026-01,1947.0
60 Days & Over (Number),group,monthly,2026-02,1797.0
60 Days & Over (Number),group,monthly,2026-03,2401.0
60 Days & Over (Number),group,monthly,2026-04,2225.0
60 Days & Over (Number),group,monthly,2026-05,2090.0
60 Days & Over (Number),group,monthly,2026-06,2020.0
7 Days (Number),group,monthly,2008-01,15343.0
7 Days (Number),group,monthly,2008-02,12230.0
7 Days (Number),group,monthly,2008-03,14667.0
7 Days (Number),group,monthly,2008-04,12856.0
7 Days (Number),group,monthly,2008-05,12930.0
7 Days (Number),group,monthly,2008-06,14657.0
7 Days (Number),group,monthly,2008-07,18015.0
7 Days (Number),group,monthly,2008-08,16403.0
7 Days (Number),group,monthly,2008-09,11411.0
7 Days (Number),group,monthly,2008-10,16400.0
7 Days (Number),group,monthly,2008-11,12516.0
7 Days (Number),group,monthly,2008-12,15174.0
7 Days (Number),group,monthly,2009-01,16360.0
7 Days (Number),group,monthly,2009-02,10714.0
7 Days (Number),group,monthly,2009-03,12740.0
7 Days (Number),group,monthly,2009-04,12585.0
7 Days (Number),group,monthly,2009-05,12109.0
7 Days (Number),group,monthly,2009-06,14411.0
7 Days (Number),group,monthly,2009-07,18111.0
7 Days (Number),group,monthly,2009-08,15481.0
7 Days (Number),group,monthly,2009-09,14907.0
7 Days (Number),group,monthly,2009-10,14518.0
7 Days (Number),group,monthly,2009-11,12857.0
7 Days (Number),group,monthly,2009-12,16297.0
7 Days (Number),group,monthly,2010-01,16754.0
7 Days (Number),group,monthly,2010-02,13821.0
7 Days (Number),group,monthly,2010-03,14283.0
7 Days (Number),group,monthly,2010-04,16061.0
7 Days (Number),group,monthly,2010-05,16216.0
7 Days (Number),group,monthly,2010-06,19250.0
7 Days (Number),group,monthly,2010-07,21262.0
7 Days (Number),group,monthly,2010-08,18501.0
7 Days (Number),group,monthly,2010-09,18144.0
7 Days (Number),group,monthly,2010-10,15725.0
7 Days (Number),group,monthly,2010-11,15273.0
7 Days (Number),group,monthly,2010-12,19041.0
7 Days (Number),group,monthly,2011-01,20704.0
7 Days (Number),group,monthly,2011-02,15754.0
7 Days (Number),group,monthly,2011-03,16954.0
7 Days (Number),group,monthly,2011-04,17514.0
7 Days (Number),group,monthly,2011-05,17381.0
7 Days (Number),group,monthly,2011-06,19510.0
7 Days (Number),group,monthly,2011-07,25308.0
7 Days (Number),group,monthly,2011-08,19625.0
7 Days (Number),group,monthly,2011-09,19674.0
7 Days (Number),group,monthly,2011-10,17761.0
7 Days (Number),group,monthly,2011-11,17018.0
7 Days (Number),group,monthly,2011-12,19554.0
7 Days (Number),group,monthly,2012-01,23738.0
7 Days (Number),group,monthly,2012-02,16383.0
7 Days (Number),group,monthly,2012-03,17712.0
7 Days (Number),group,monthly,2012-04,19070.0
7 Days (Number),group,monthly,2012-05,17648.0
7 Days (Number),group,monthly,2012-06,19277.0
7 Days (Number),group,monthly,2012-07,24111.0
7 Days (Number),group,monthly,2012-08,22480.0
7 Days (Number),group,monthly,2012-09,16463.0
7 Days (Number),group,monthly,2012-10,17983.0
7 Days (Number),group,monthly,2012-11,16487.0
7 Days (Number),group,monthly,2012-12,21024.0
7 Days (Number),group,monthly,2013-01,22285.0
7 Days (Number),group,monthly,2013-02,18744.0
7 Days (Number),group,monthly,2013-03,18665.0
7 Days (Number),group,monthly,2013-04,18943.0
7 Days (Number),group,monthly,2013-05,18234.0
7 Days (Number),group,monthly,2013-06,20506.0
7 Days (Number),group,monthly,2013-07,24015.0
7 Days (Number),group,monthly,2013-08,26741.0
7 Days (Number),group,monthly,2013-09,17360.0
7 Days (Number),group,monthly,2013-10,20527.0
7 Days (Number),group,monthly,2013-11,18069.0
7 Days (Number),group,monthly,2013-12,21798.0
7 Days (Number),group,monthly,2014-01,25177.0
7 Days (Number),group,monthly,2014-02,20370.0
7 Days (Number),group,monthly,2014-03,20488.0
7 Days (Number),group,monthly,2014-04,21595.0
7 Days (Number),group,monthly,2014-05,20961.0
7 Days (Number),group,monthly,2014-06,21927.0
7 Days (Number),group,monthly,2014-07,27123.0
7 Days (Number),group,monthly,2014-08,27208.0
7 Days (Number),group,monthly,2014-09,18501.0
7 Days (Number),group,monthly,2014-10,20967.0
7 Days (Number),group,monthly,2014-11,17848.0
7 Days (Number),group,monthly,2014-12,22387.0
7 Days (Number),group,monthly,2015-01,25385.0
7 Days (Number),group,monthly,2015-02,21928.0
7 Days (Number),group,monthly,2015-03,19767.0
7 Days (Number),group,monthly,2015-04,21272.0
7 Days (Number),group,monthly,2015-05,20606.0
7 Days (Number),group,monthly,2015-06,21913.0
7 Days (Number),group,monthly,2015-07,29283.0
7 Days (Number),group,monthly,2015-08,27366.0
7 Days (Number),group,monthly,2015-09,18766.0
7 Days (Number),group,monthly,2015-10,22476.0
7 Days (Number),group,monthly,2015-11,19281.0
7 Days (Number),group,monthly,2015-12,22617.0
7 Days (Number),group,monthly,2016-01,27076.0
7 Days (Number),group,monthly,2016-02,24306.0
7 Days (Number),group,monthly,2016-03,21297.0
7 Days (Number),group,monthly,2016-04,23443.0
7 Days (Number),group,monthly,2016-05,22923.0
7 Days (Number),group,monthly,2016-06,21834.0
7 Days (Number),group,monthly,2016-07,33445.0
7 Days (Number),group,monthly,2016-08,27274.0
7 Days (Number),group,monthly,2016-09,19776.0
7 Days (Number),group,monthly,2016-10,21688.0
7 Days (Number),group,monthly,2016-11,18611.0
7 Days (Number),group,monthly,2016-12,24708.0
7 Days (Number),group,monthly,2017-01,28817.0
7 Days (Number),group,monthly,2017-02,27040.0
7 Days (Number),group,monthly,2017-03,21816.0
7 Days (Number),group,monthly,2017-04,26021.0
7 Days (Number),group,monthly,2017-05,22495.0
7 Days (Number),group,monthly,2017-06,26251.0
7 Days (Number),group,monthly,2017-07,34806.0
7 Days (Number),group,monthly,2017-08,29785.0
7 Days (Number),group,monthly,2017-09,22560.0
7 Days (Number),group,monthly,2017-10,25800.0
7 Days (Number),group,monthly,2017-11,21007.0
7 Days (Number),group,monthly,2017-12,27416.0
7 Days (Number),group,monthly,2018-01,30001.0
7 Days (Number),group,monthly,2018-02,29333.0
7 Days (Number),group,monthly,2018-03,25283.0
7 Days (Number),group,monthly,2018-04,27236.0
7 Days (Number),group,monthly,2018-05,25787.0
7 Days (Number),group,monthly,2018-06,28573.0
7 Days (Number),group,monthly,2018-07,35457.0
7 Days (Number),group,monthly,2018-08,32548.0
7 Days (Number),group,monthly,2018-09,24366.0
7 Days (Number),group,monthly,2018-10,26535.0
7 Days (Number),group,monthly,2018-11,22568.0
7 Days (Number),group,monthly,2018-12,27269.0
7 Days (Number),group,monthly,2019-01,31385.0
7 Days (Number),group,monthly,2019-02,29817.0
7 Days (Number),group,monthly,2019-03,25313.0
7 Days (Number),group,monthly,2019-04,27394.0
7 Days (Number),group,monthly,2019-05,25959.0
7 Days (Number),group,monthly,2019-06,31037.0
7 Days (Number),group,monthly,2019-07,36835.0
7 Days (Number),group,monthly,2019-08,37014.0
7 Days (Number),group,monthly,2019-09,25985.0
7 Days (Number),group,monthly,2019-10,27575.0
7 Days (Number),group,monthly,2019-11,25239.0
7 Days (Number),group,monthly,2019-12,29824.0
7 Days (Number),group,monthly,2020-01,38091.0
7 Days (Number),group,monthly,2020-02,13726.0
7 Days (Number),group,monthly,2020-03,4972.0
7 Days (Number),group,monthly,2020-04,2.0
7 Days (Number),group,monthly,2020-05,1.0
7 Days (Number),group,monthly,2020-06,0.0
7 Days (Number),group,monthly,2020-07,4.0
7 Days (Number),group,monthly,2020-08,9.0
7 Days (Number),group,monthly,2020-09,30.0
7 Days (Number),group,monthly,2020-10,60.0
7 Days (Number),group,monthly,2020-11,124.0
7 Days (Number),group,monthly,2020-12,258.0
7 Days (Number),group,monthly,2021-01,162.0
7 Days (Number),group,monthly,2021-02,114.0
7 Days (Number),group,monthly,2021-03,250.0
7 Days (Number),group,monthly,2021-04,161.0
7 Days (Number),group,monthly,2021-05,340.0
7 Days (Number),group,monthly,2021-06,61.0
7 Days (Number),group,monthly,2021-07,89.0
7 Days (Number),group,monthly,2021-08,288.0
7 Days (Number),group,monthly,2021-09,215.0
7 Days (Number),group,monthly,2021-10,298.0
7 Days (Number),group,monthly,2021-11,680.0
7 Days (Number),group,monthly,2021-12,1551.0
7 Days (Number),group,monthly,2022-01,1351.0
7 Days (Number),group,monthly,2022-02,2190.0
7 Days (Number),group,monthly,2022-03,4174.0
7 Days (Number),group,monthly,2022-04,11212.0
7 Days (Number),group,monthly,2022-05,18550.0
7 Days (Number),group,monthly,2022-06,18441.0
7 Days (Number),group,monthly,2022-07,23829.0
7 Days (Number),group,monthly,2022-08,19651.0
7 Days (Number),group,monthly,2022-09,19442.0
7 Days (Number),group,monthly,2022-10,28066.0
7 Days (Number),group,monthly,2022-11,21826.0
7 Days (Number),group,monthly,2022-12,23623.0
7 Days (Number),group,monthly,2023-01,25254.0
7 Days (Number),group,monthly,2023-02,19742.0
7 Days (Number),group,monthly,2023-03,22532.0
7 Days (Number),group,monthly,2023-04,26305.0
7 Days (Number),group,monthly,2023-05,25947.0
7 Days (Number),group,monthly,2023-06,25043.0
7 Days (Number),group,monthly,2023-07,37887.0
7 Days (Number),group,monthly,2023-08,32983.0
7 Days (Number),group,monthly,2023-09,25955.0
7 Days (Number),group,monthly,2023-10,24014.0
7 Days (Number),group,monthly,2023-11,21058.0
7 Days (Number),group,monthly,2023-12,25082.0
7 Days (Number),group,monthly,2024-01,28002.0
7 Days (Number),group,monthly,2024-02,28086.0
7 Days (Number),group,monthly,2024-03,26292.0
7 Days (Number),group,monthly,2024-04,27137.0
7 Days (Number),group,monthly,2024-05,27361.0
7 Days (Number),group,monthly,2024-06,26335.0
7 Days (Number),group,monthly,2024-07,37015.0
7 Days (Number),group,monthly,2024-08,34117.0
7 Days (Number),group,monthly,2024-09,26195.0
7 Days (Number),group,monthly,2024-10,25327.0
7 Days (Number),group,monthly,2024-11,23729.0
7 Days (Number),group,monthly,2024-12,26406.0
7 Days (Number),group,monthly,2025-01,31640.0
7 Days (Number),group,monthly,2025-02,27230.0
7 Days (Number),group,monthly,2025-03,22957.0
7 Days (Number),group,monthly,2025-04,29309.0
7 Days (Number),group,monthly,2025-05,24144.0
7 Days (Number),group,monthly,2025-06,25494.0
7 Days (Number),group,monthly,2025-07,35273.0
7 Days (Number),group,monthly,2025-08,36843.0
7 Days (Number),group,monthly,2025-09,22084.0
7 Days (Number),group,monthly,2025-10,29263.0
7 Days (Number),group,monthly,2025-11,24080.0
7 Days (Number),group,monthly,2025-12,26045.0
7 Days (Number),group,monthly,2026-01,31077.0
7 Days (Number),group,monthly,2026-02,31037.0
7 Days (Number),group,monthly,2026-03,25678.0
7 Days (Number),group,monthly,2026-04,24843.0
7 Days (Number),group,monthly,2026-05,23469.0
7 Days (Number),group,monthly,2026-06,23226.0
8-10 Days (Number),group,monthly,2008-01,24108.0
8-10 Days (Number),group,monthly,2008-02,18751.0
8-10 Days (Number),group,monthly,2008-03,19938.0
8-10 Days (Number),group,monthly,2008-04,18121.0
8-10 Days (Number),group,monthly,2008-05,18716.0
8-10 Days (Number),group,monthly,2008-06,20094.0
8-10 Days (Number),group,monthly,2008-07,24880.0
8-10 Days (Number),group,monthly,2008-08,22308.0
8-10 Days (Number),group,monthly,2008-09,16320.0
8-10 Days (Number),group,monthly,2008-10,22528.0
8-10 Days (Number),group,monthly,2008-11,16865.0
8-10 Days (Number),group,monthly,2008-12,21191.0
8-10 Days (Number),group,monthly,2009-01,24288.0
8-10 Days (Number),group,monthly,2009-02,16172.0
8-10 Days (Number),group,monthly,2009-03,17186.0
8-10 Days (Number),group,monthly,2009-04,19345.0
8-10 Days (Number),group,monthly,2009-05,17469.0
8-10 Days (Number),group,monthly,2009-06,20375.0
8-10 Days (Number),group,monthly,2009-07,24316.0
8-10 Days (Number),group,monthly,2009-08,21767.0
8-10 Days (Number),group,monthly,2009-09,20864.0
8-10 Days (Number),group,monthly,2009-10,20051.0
8-10 Days (Number),group,monthly,2009-11,18736.0
8-10 Days (Number),group,monthly,2009-12,23219.0
8-10 Days (Number),group,monthly,2010-01,27348.0
8-10 Days (Number),group,monthly,2010-02,20557.0
8-10 Days (Number),group,monthly,2010-03,20143.0
8-10 Days (Number),group,monthly,2010-04,22837.0
8-10 Days (Number),group,monthly,2010-05,21864.0
8-10 Days (Number),group,monthly,2010-06,25974.0
8-10 Days (Number),group,monthly,2010-07,28177.0
8-10 Days (Number),group,monthly,2010-08,25854.0
8-10 Days (Number),group,monthly,2010-09,24049.0
8-10 Days (Number),group,monthly,2010-10,21958.0
8-10 Days (Number),group,monthly,2010-11,20582.0
8-10 Days (Number),group,monthly,2010-12,25911.0
8-10 Days (Number),group,monthly,2011-01,31783.0
8-10 Days (Number),group,monthly,2011-02,23310.0
8-10 Days (Number),group,monthly,2011-03,23611.0
8-10 Days (Number),group,monthly,2011-04,24850.0
8-10 Days (Number),group,monthly,2011-05,24203.0
8-10 Days (Number),group,monthly,2011-06,25587.0
8-10 Days (Number),group,monthly,2011-07,33905.0
8-10 Days (Number),group,monthly,2011-08,26934.0
8-10 Days (Number),group,monthly,2011-09,26755.0
8-10 Days (Number),group,monthly,2011-10,23761.0
8-10 Days (Number),group,monthly,2011-11,23575.0
8-10 Days (Number),group,monthly,2011-12,27029.0
8-10 Days (Number),group,monthly,2012-01,38198.0
8-10 Days (Number),group,monthly,2012-02,22746.0
8-10 Days (Number),group,monthly,2012-03,23799.0
8-10 Days (Number),group,monthly,2012-04,26877.0
8-10 Days (Number),group,monthly,2012-05,24017.0
8-10 Days (Number),group,monthly,2012-06,25981.0
8-10 Days (Number),group,monthly,2012-07,31383.0
8-10 Days (Number),group,monthly,2012-08,30951.0
8-10 Days (Number),group,monthly,2012-09,22242.0
8-10 Days (Number),group,monthly,2012-10,23604.0
8-10 Days (Number),group,monthly,2012-11,22324.0
8-10 Days (Number),group,monthly,2012-12,27925.0
8-10 Days (Number),group,monthly,2013-01,33736.0
8-10 Days (Number),group,monthly,2013-02,25392.0
8-10 Days (Number),group,monthly,2013-03,25070.0
8-10 Days (Number),group,monthly,2013-04,26589.0
8-10 Days (Number),group,monthly,2013-05,25632.0
8-10 Days (Number),group,monthly,2013-06,26654.0
8-10 Days (Number),group,monthly,2013-07,31643.0
8-10 Days (Number),group,monthly,2013-08,35666.0
8-10 Days (Number),group,monthly,2013-09,24166.0
8-10 Days (Number),group,monthly,2013-10,26325.0
8-10 Days (Number),group,monthly,2013-11,23221.0
8-10 Days (Number),group,monthly,2013-12,29475.0
8-10 Days (Number),group,monthly,2014-01,36381.0
8-10 Days (Number),group,monthly,2014-02,28856.0
8-10 Days (Number),group,monthly,2014-03,26138.0
8-10 Days (Number),group,monthly,2014-04,29432.0
8-10 Days (Number),group,monthly,2014-05,27100.0
8-10 Days (Number),group,monthly,2014-06,29347.0
8-10 Days (Number),group,monthly,2014-07,34011.0
8-10 Days (Number),group,monthly,2014-08,35959.0
8-10 Days (Number),group,monthly,2014-09,24746.0
8-10 Days (Number),group,monthly,2014-10,27247.0
8-10 Days (Number),group,monthly,2014-11,23273.0
8-10 Days (Number),group,monthly,2014-12,29468.0
8-10 Days (Number),group,monthly,2015-01,35604.0
8-10 Days (Number),group,monthly,2015-02,28327.0
8-10 Days (Number),group,monthly,2015-03,26096.0
8-10 Days (Number),group,monthly,2015-04,28618.0
8-10 Days (Number),group,monthly,2015-05,26965.0
8-10 Days (Number),group,monthly,2015-06,30248.0
8-10 Days (Number),group,monthly,2015-07,37043.0
8-10 Days (Number),group,monthly,2015-08,35088.0
8-10 Days (Number),group,monthly,2015-09,24355.0
8-10 Days (Number),group,monthly,2015-10,26702.0
8-10 Days (Number),group,monthly,2015-11,24753.0
8-10 Days (Number),group,monthly,2015-12,30772.0
8-10 Days (Number),group,monthly,2016-01,37311.0
8-10 Days (Number),group,monthly,2016-02,31433.0
8-10 Days (Number),group,monthly,2016-03,26452.0
8-10 Days (Number),group,monthly,2016-04,29028.0
8-10 Days (Number),group,monthly,2016-05,28854.0
8-10 Days (Number),group,monthly,2016-06,27622.0
8-10 Days (Number),group,monthly,2016-07,40456.0
8-10 Days (Number),group,monthly,2016-08,33078.0
8-10 Days (Number),group,monthly,2016-09,24797.0
8-10 Days (Number),group,monthly,2016-10,27018.0
8-10 Days (Number),group,monthly,2016-11,24591.0
8-10 Days (Number),group,monthly,2016-12,30488.0
8-10 Days (Number),group,monthly,2017-01,40952.0
8-10 Days (Number),group,monthly,2017-02,31169.0
8-10 Days (Number),group,monthly,2017-03,26609.0
8-10 Days (Number),group,monthly,2017-04,32387.0
8-10 Days (Number),group,monthly,2017-05,29166.0
8-10 Days (Number),group,monthly,2017-06,30299.0
8-10 Days (Number),group,monthly,2017-07,41265.0
8-10 Days (Number),group,monthly,2017-08,34302.0
8-10 Days (Number),group,monthly,2017-09,26264.0
8-10 Days (Number),group,monthly,2017-10,30372.0
8-10 Days (Number),group,monthly,2017-11,25948.0
8-10 Days (Number),group,monthly,2017-12,33737.0
8-10 Days (Number),group,monthly,2018-01,41094.0
8-10 Days (Number),group,monthly,2018-02,34379.0
8-10 Days (Number),group,monthly,2018-03,29840.0
8-10 Days (Number),group,monthly,2018-04,32482.0
8-10 Days (Number),group,monthly,2018-05,30032.0
8-10 Days (Number),group,monthly,2018-06,35727.0
8-10 Days (Number),group,monthly,2018-07,39585.0
8-10 Days (Number),group,monthly,2018-08,37403.0
8-10 Days (Number),group,monthly,2018-09,28120.0
8-10 Days (Number),group,monthly,2018-10,30831.0
8-10 Days (Number),group,monthly,2018-11,26797.0
8-10 Days (Number),group,monthly,2018-12,32077.0
8-10 Days (Number),group,monthly,2019-01,42050.0
8-10 Days (Number),group,monthly,2019-02,34277.0
8-10 Days (Number),group,monthly,2019-03,29512.0
8-10 Days (Number),group,monthly,2019-04,32418.0
8-10 Days (Number),group,monthly,2019-05,30284.0
8-10 Days (Number),group,monthly,2019-06,36363.0
8-10 Days (Number),group,monthly,2019-07,42291.0
8-10 Days (Number),group,monthly,2019-08,40681.0
8-10 Days (Number),group,monthly,2019-09,29915.0
8-10 Days (Number),group,monthly,2019-10,31812.0
8-10 Days (Number),group,monthly,2019-11,28676.0
8-10 Days (Number),group,monthly,2019-12,34696.0
8-10 Days (Number),group,monthly,2020-01,47929.0
8-10 Days (Number),group,monthly,2020-02,21183.0
8-10 Days (Number),group,monthly,2020-03,8140.0
8-10 Days (Number),group,monthly,2020-04,0.0
8-10 Days (Number),group,monthly,2020-05,0.0
8-10 Days (Number),group,monthly,2020-06,6.0
8-10 Days (Number),group,monthly,2020-07,4.0
8-10 Days (Number),group,monthly,2020-08,15.0
8-10 Days (Number),group,monthly,2020-09,48.0
8-10 Days (Number),group,monthly,2020-10,87.0
8-10 Days (Number),group,monthly,2020-11,138.0
8-10 Days (Number),group,monthly,2020-12,331.0
8-10 Days (Number),group,monthly,2021-01,231.0
8-10 Days (Number),group,monthly,2021-02,219.0
8-10 Days (Number),group,monthly,2021-03,189.0
8-10 Days (Number),group,monthly,2021-04,232.0
8-10 Days (Number),group,monthly,2021-05,181.0
8-10 Days (Number),group,monthly,2021-06,38.0
8-10 Days (Number),group,monthly,2021-07,84.0
8-10 Days (Number),group,monthly,2021-08,160.0
8-10 Days (Number),group,monthly,2021-09,217.0
8-10 Days (Number),group,monthly,2021-10,360.0
8-10 Days (Number),group,monthly,2021-11,1053.0
8-10 Days (Number),group,monthly,2021-12,2933.0
8-10 Days (Number),group,monthly,2022-01,3000.0
8-10 Days (Number),group,monthly,2022-02,3842.0
8-10 Days (Number),group,monthly,2022-03,6643.0
8-10 Days (Number),group,monthly,2022-04,16002.0
8-10 Days (Number),group,monthly,2022-05,25306.0
8-10 Days (Number),group,monthly,2022-06,24591.0
8-10 Days (Number),group,monthly,2022-07,30521.0
8-10 Days (Number),group,monthly,2022-08,26013.0
8-10 Days (Number),group,monthly,2022-09,24410.0
8-10 Days (Number),group,monthly,2022-10,33328.0
8-10 Days (Number),group,monthly,2022-11,25531.0
8-10 Days (Number),group,monthly,2022-12,30056.0
8-10 Days (Number),group,monthly,2023-01,38619.0
8-10 Days (Number),group,monthly,2023-02,23772.0
8-10 Days (Number),group,monthly,2023-03,27885.0
8-10 Days (Number),group,monthly,2023-04,32731.0
8-10 Days (Number),group,monthly,2023-05,31100.0
8-10 Days (Number),group,monthly,2023-06,31252.0
8-10 Days (Number),group,monthly,2023-07,43611.0
8-10 Days (Number),group,monthly,2023-08,39565.0
8-10 Days (Number),group,monthly,2023-09,29818.0
8-10 Days (Number),group,monthly,2023-10,29618.0
8-10 Days (Number),group,monthly,2023-11,26251.0
8-10 Days (Number),group,monthly,2023-12,31446.0
8-10 Days (Number),group,monthly,2024-01,36776.0
8-10 Days (Number),group,monthly,2024-02,35104.0
8-10 Days (Number),group,monthly,2024-03,30928.0
8-10 Days (Number),group,monthly,2024-04,34043.0
8-10 Days (Number),group,monthly,2024-05,31810.0
8-10 Days (Number),group,monthly,2024-06,32371.0
8-10 Days (Number),group,monthly,2024-07,42203.0
8-10 Days (Number),group,monthly,2024-08,38727.0
8-10 Days (Number),group,monthly,2024-09,31563.0
8-10 Days (Number),group,monthly,2024-10,30015.0
8-10 Days (Number),group,monthly,2024-11,28144.0
8-10 Days (Number),group,monthly,2024-12,33320.0
8-10 Days (Number),group,monthly,2025-01,40165.0
8-10 Days (Number),group,monthly,2025-02,33778.0
8-10 Days (Number),group,monthly,2025-03,28415.0
8-10 Days (Number),group,monthly,2025-04,35947.0
8-10 Days (Number),group,monthly,2025-05,30384.0
8-10 Days (Number),group,monthly,2025-06,32590.0
8-10 Days (Number),group,monthly,2025-07,41982.0
8-10 Days (Number),group,monthly,2025-08,43266.0
8-10 Days (Number),group,monthly,2025-09,27485.0
8-10 Days (Number),group,monthly,2025-10,34887.0
8-10 Days (Number),group,monthly,2025-11,28097.0
8-10 Days (Number),group,monthly,2025-12,32377.0
8-10 Days (Number),group,monthly,2026-01,40750.0
8-10 Days (Number),group,monthly,2026-02,36026.0
8-10 Days (Number),group,monthly,2026-03,32171.0
8-10 Days (Number),group,monthly,2026-04,30641.0
8-10 Days (Number),group,monthly,2026-05,28944.0
8-10 Days (Number),group,monthly,2026-06,29288.0
Average Length Of Stay (Day),group,monthly,2008-01,3.91
Average Length Of Stay (Day),group,monthly,2008-02,3.78
Average Length Of Stay (Day),group,monthly,2008-03,3.63
Average Length Of Stay (Day),group,monthly,2008-04,3.79
Average Length Of Stay (Day),group,monthly,2008-05,4.03
Average Length Of Stay (Day),group,monthly,2008-06,4.16
Average Length Of Stay (Day),group,monthly,2008-07,4.03
Average Length Of Stay (Day),group,monthly,2008-08,4.32
Average Length Of Stay (Day),group,monthly,2008-09,4.18
Average Length Of Stay (Day),group,monthly,2008-10,3.87
Average Length Of Stay (Day),group,monthly,2008-11,3.93
Average Length Of Stay (Day),group,monthly,2008-12,3.89
Average Length Of Stay (Day),group,monthly,2009-01,4.25
Average Length Of Stay (Day),group,monthly,2009-02,3.97
Average Length Of Stay (Day),group,monthly,2009-03,3.76
Average Length Of Stay (Day),group,monthly,2009-04,3.97
Average Length Of Stay (Day),group,monthly,2009-05,4.2
Average Length Of Stay (Day),group,monthly,2009-06,4.24
Average Length Of Stay (Day),group,monthly,2009-07,3.97
Average Length Of Stay (Day),group,monthly,2009-08,4.09
Average Length Of Stay (Day),group,monthly,2009-09,3.96
Average Length Of Stay (Day),group,monthly,2009-10,3.78
Average Length Of Stay (Day),group,monthly,2009-11,3.69
Average Length Of Stay (Day),group,monthly,2009-12,3.76
Average Length Of Stay (Day),group,monthly,2010-01,3.92
Average Length Of Stay (Day),group,monthly,2010-02,3.74
Average Length Of Stay (Day),group,monthly,2010-03,3.71
Average Length Of Stay (Day),group,monthly,2010-04,3.83
Average Length Of Stay (Day),group,monthly,2010-05,4.0
Average Length Of Stay (Day),group,monthly,2010-06,4.13
Average Length Of Stay (Day),group,monthly,2010-07,3.88
Average Length Of Stay (Day),group,monthly,2010-08,4.17
Average Length Of Stay (Day),group,monthly,2010-09,3.93
Average Length Of Stay (Day),group,monthly,2010-10,3.7
Average Length Of Stay (Day),group,monthly,2010-11,3.64
Average Length Of Stay (Day),group,monthly,2010-12,3.68
Average Length Of Stay (Day),group,monthly,2011-01,3.85
Average Length Of Stay (Day),group,monthly,2011-02,3.66
Average Length Of Stay (Day),group,monthly,2011-03,3.55
Average Length Of Stay (Day),group,monthly,2011-04,3.73
Average Length Of Stay (Day),group,monthly,2011-05,3.84
Average Length Of Stay (Day),group,monthly,2011-06,3.92
Average Length Of Stay (Day),group,monthly,2011-07,3.74
Average Length Of Stay (Day),group,monthly,2011-08,3.83
Average Length Of Stay (Day),group,monthly,2011-09,3.76
Average Length Of Stay (Day),group,monthly,2011-10,3.57
Average Length Of Stay (Day),group,monthly,2011-11,3.67
Average Length Of Stay (Day),group,monthly,2011-12,3.63
Average Length Of Stay (Day),group,monthly,2012-01,3.78
Average Length Of Stay (Day),group,monthly,2012-02,3.48
Average Length Of Stay (Day),group,monthly,2012-03,3.33
Average Length Of Stay (Day),group,monthly,2012-04,3.54
Average Length Of Stay (Day),group,monthly,2012-05,3.71
Average Length Of Stay (Day),group,monthly,2012-06,3.79
Average Length Of Stay (Day),group,monthly,2012-07,3.65
Average Length Of Stay (Day),group,monthly,2012-08,3.7
Average Length Of Stay (Day),group,monthly,2012-09,3.63
Average Length Of Stay (Day),group,monthly,2012-10,3.35
Average Length Of Stay (Day),group,monthly,2012-11,3.25
Average Length Of Stay (Day),group,monthly,2012-12,3.33
Average Length Of Stay (Day),group,monthly,2013-01,3.56
Average Length Of Stay (Day),group,monthly,2013-02,3.43
Average Length Of Stay (Day),group,monthly,2013-03,3.23
Average Length Of Stay (Day),group,monthly,2013-04,3.33
Average Length Of Stay (Day),group,monthly,2013-05,3.51
Average Length Of Stay (Day),group,monthly,2013-06,3.6
Average Length Of Stay (Day),group,monthly,2013-07,3.48
Average Length Of Stay (Day),group,monthly,2013-08,3.62
Average Length Of Stay (Day),group,monthly,2013-09,3.51
Average Length Of Stay (Day),group,monthly,2013-10,3.55
Average Length Of Stay (Day),group,monthly,2013-11,3.5
Average Length Of Stay (Day),group,monthly,2013-12,3.47
Average Length Of Stay (Day),group,monthly,2014-01,3.75
Average Length Of Stay (Day),group,monthly,2014-02,3.54
Average Length Of Stay (Day),group,monthly,2014-03,3.46
Average Length Of Stay (Day),group,monthly,2014-04,3.72
Average Length Of Stay (Day),group,monthly,2014-05,3.93
Average Length Of Stay (Day),group,monthly,2014-06,3.99
Average Length Of Stay (Day),group,monthly,2014-07,3.78
Average Length Of Stay (Day),group,monthly,2014-08,3.92
Average Length Of Stay (Day),group,monthly,2014-09,3.75
Average Length Of Stay (Day),group,monthly,2014-10,3.6
Average Length Of Stay (Day),group,monthly,2014-11,3.58
Average Length Of Stay (Day),group,monthly,2014-12,3.52
Average Length Of Stay (Day),group,monthly,2015-01,3.79
Average Length Of Stay (Day),group,monthly,2015-02,3.63
Average Length Of Stay (Day),group,monthly,2015-03,3.65
Average Length Of Stay (Day),group,monthly,2015-04,3.66
Average Length Of Stay (Day),group,monthly,2015-05,3.75
Average Length Of Stay (Day),group,monthly,2015-06,3.85
Average Length Of Stay (Day),group,monthly,2015-07,3.59
Average Length Of Stay (Day),group,monthly,2015-08,3.75
Average Length Of Stay (Day),group,monthly,2015-09,3.62
Average Length Of Stay (Day),group,monthly,2015-10,3.45
Average Length Of Stay (Day),group,monthly,2015-11,3.3
Average Length Of Stay (Day),group,monthly,2015-12,3.3
Average Length Of Stay (Day),group,monthly,2016-01,3.51
Average Length Of Stay (Day),group,monthly,2016-02,3.53
Average Length Of Stay (Day),group,monthly,2016-03,3.23
Average Length Of Stay (Day),group,monthly,2016-04,3.34
Average Length Of Stay (Day),group,monthly,2016-05,3.49
Average Length Of Stay (Day),group,monthly,2016-06,3.65
Average Length Of Stay (Day),group,monthly,2016-07,3.54
Average Length Of Stay (Day),group,monthly,2016-08,3.58
Average Length Of Stay (Day),group,monthly,2016-09,3.53
Average Length Of Stay (Day),group,monthly,2016-10,3.32
Average Length Of Stay (Day),group,monthly,2016-11,3.19
Average Length Of Stay (Day),group,monthly,2016-12,3.21
Average Length Of Stay (Day),group,monthly,2017-01,3.52
Average Length Of Stay (Day),group,monthly,2017-02,3.42
Average Length Of Stay (Day),group,monthly,2017-03,3.15
Average Length Of Stay (Day),group,monthly,2017-04,3.28
Average Length Of Stay (Day),group,monthly,2017-05,3.55
Average Length Of Stay (Day),group,monthly,2017-06,3.63
Average Length Of Stay (Day),group,monthly,2017-07,3.5
Average Length Of Stay (Day),group,monthly,2017-08,3.53
Average Length Of Stay (Day),group,monthly,2017-09,3.33
Average Length Of Stay (Day),group,monthly,2017-10,3.25
Average Length Of Stay (Day),group,monthly,2017-11,3.1
Average Length Of Stay (Day),group,monthly,2017-12,3.22
Average Length Of Stay (Day),group,monthly,2018-01,3.37
Average Length Of Stay (Day),group,monthly,2018-02,3.35
Average Length Of Stay (Day),group,monthly,2018-03,3.2
Average Length Of Stay (Day),group,monthly,2018-04,3.21
Average Length Of Stay (Day),group,monthly,2018-05,3.48
Average Length Of Stay (Day),group,monthly,2018-06,3.56
Average Length Of Stay (Day),group,monthly,2018-07,3.41
Average Length Of Stay (Day),group,monthly,2018-08,3.49
Average Length Of Stay (Day),group,monthly,2018-09,3.27
Average Length Of Stay (Day),group,monthly,2018-10,3.2
Average Length Of Stay (Day),group,monthly,2018-11,3.14
Average Length Of Stay (Day),group,monthly,2018-12,3.23
Average Length Of Stay (Day),group,monthly,2019-01,3.42
Average Length Of Stay (Day),group,monthly,2019-02,3.46
Average Length Of Stay (Day),group,monthly,2019-03,3.14
Average Length Of Stay (Day),group,monthly,2019-04,3.23
Average Length Of Stay (Day),group,monthly,2019-05,3.53
Average Length Of Stay (Day),group,monthly,2019-06,3.63
Average Length Of Stay (Day),group,monthly,2019-07,3.44
Average Length Of Stay (Day),group,monthly,2019-08,3.56
Average Length Of Stay (Day),group,monthly,2019-09,3.3
Average Length Of Stay (Day),group,monthly,2019-10,3.27
Average Length Of Stay (Day),group,monthly,2019-11,3.13
Average Length Of Stay (Day),group,monthly,2019-12,3.13
Average Length Of Stay (Day),group,monthly,2020-01,3.49
Average Length Of Stay (Day),group,monthly,2020-02,4.05
Average Length Of Stay (Day),group,monthly,2020-03,5.82
Average Length Of Stay (Day),group,monthly,2020-04,39.12
Average Length Of Stay (Day),group,monthly,2020-05,51.89
Average Length Of Stay (Day),group,monthly,2020-06,55.34
Average Length Of Stay (Day),group,monthly,2020-07,52.7
Average Length Of Stay (Day),group,monthly,2020-08,47.52
Average Length Of Stay (Day),group,monthly,2020-09,33.9
Average Length Of Stay (Day),group,monthly,2020-10,27.46
Average Length Of Stay (Day),group,monthly,2020-11,23.07
Average Length Of Stay (Day),group,monthly,2020-12,20.43
Average Length Of Stay (Day),group,monthly,2021-01,23.06
Average Length Of Stay (Day),group,monthly,2021-02,26.21
Average Length Of Stay (Day),group,monthly,2021-03,27.45
Average Length Of Stay (Day),group,monthly,2021-04,28.88
Average Length Of Stay (Day),group,monthly,2021-05,28.23
Average Length Of Stay (Day),group,monthly,2021-06,33.75
Average Length Of Stay (Day),group,monthly,2021-07,29.33
Average Length Of Stay (Day),group,monthly,2021-08,26.57
Average Length Of Stay (Day),group,monthly,2021-09,24.59
Average Length Of Stay (Day),group,monthly,2021-10,25.04
Average Length Of Stay (Day),group,monthly,2021-11,16.08
Average Length Of Stay (Day),group,monthly,2021-12,13.2
Average Length Of Stay (Day),group,monthly,2022-01,18.82
Average Length Of Stay (Day),group,monthly,2022-02,16.87
Average Length Of Stay (Day),group,monthly,2022-03,12.45
Average Length Of Stay (Day),group,monthly,2022-04,7.34
Average Length Of Stay (Day),group,monthly,2022-05,6.1
Average Length Of Stay (Day),group,monthly,2022-06,5.69
Average Length Of Stay (Day),group,monthly,2022-07,5.12
Average Length Of Stay (Day),group,monthly,2022-08,4.87
Average Length Of Stay (Day),group,monthly,2022-09,4.38
Average Length Of Stay (Day),group,monthly,2022-10,4.39
Average Length Of Stay (Day),group,monthly,2022-11,4.15
Average Length Of Stay (Day),group,monthly,2022-12,4.16
Average Length Of Stay (Day),group,monthly,2023-01,4.32
Average Length Of Stay (Day),group,monthly,2023-02,3.79
Average Length Of Stay (Day),group,monthly,2023-03,3.8
Average Length Of Stay (Day),group,monthly,2023-04,3.75
Average Length Of Stay (Day),group,monthly,2023-05,3.85
Average Length Of Stay (Day),group,monthly,2023-06,4.0
Average Length Of Stay (Day),group,monthly,2023-07,3.82
Average Length Of Stay (Day),group,monthly,2023-08,4.0
Average Length Of Stay (Day),group,monthly,2023-09,3.65
Average Length Of Stay (Day),group,monthly,2023-10,3.55
Average Length Of Stay (Day),group,monthly,2023-11,3.42
Average Length Of Stay (Day),group,monthly,2023-12,3.55
Average Length Of Stay (Day),group,monthly,2024-01,3.49
Average Length Of Stay (Day),group,monthly,2024-02,3.5
Average Length Of Stay (Day),group,monthly,2024-03,3.34
Average Length Of Stay (Day),group,monthly,2024-04,3.43
Average Length Of Stay (Day),group,monthly,2024-05,3.7
Average Length Of Stay (Day),group,monthly,2024-06,3.8
Average Length Of Stay (Day),group,monthly,2024-07,3.66
Average Length Of Stay (Day),group,monthly,2024-08,3.7
Average Length Of Stay (Day),group,monthly,2024-09,3.55
Average Length Of Stay (Day),group,monthly,2024-10,3.49
Average Length Of Stay (Day),group,monthly,2024-11,3.54
Average Length Of Stay (Day),group,monthly,2024-12,3.5
Average Length Of Stay (Day),group,monthly,2025-01,3.52
Average Length Of Stay (Day),group,monthly,2025-02,3.47
Average Length Of Stay (Day),group,monthly,2025-03,3.46
Average Length Of Stay (Day),group,monthly,2025-04,3.43
Average Length Of Stay (Day),group,monthly,2025-05,3.56
Average Length Of Stay (Day),group,monthly,2025-06,3.7
Average Length Of Stay (Day),group,monthly,2025-07,3.49
Average Length Of Stay (Day),group,monthly,2025-08,3.61
Average Length Of Stay (Day),group,monthly,2025-09,3.39
Average Length Of Stay (Day),group,monthly,2025-10,3.38
Average Length Of Stay (Day),group,monthly,2025-11,3.3
Average Length Of Stay (Day),group,monthly,2025-12,3.47
Average Length Of Stay (Day),group,monthly,2026-01,3.43
Average Length Of Stay (Day),group,monthly,2026-02,3.39
Average Length Of Stay (Day),group,monthly,2026-03,3.31
Average Length Of Stay (Day),group,monthly,2026-04,3.36
Average Length Of Stay (Day),group,monthly,2026-05,3.58
Average Length Of Stay (Day),group,monthly,2026-06,3.59
"Average Length Of Stay, Year On Year Change (Per Cent)",group,monthly,2009-01,8.7
"Average Length Of Stay, Year On Year Change (Per Cent)",group,monthly,2009-02,5.1
"Average Length Of Stay, Year On Year Change (Per Cent)",group,monthly,2009-03,3.5
"Average Length Of Stay, Year On Year Change (Per Cent)",group,monthly,2009-04,4.6
"Average Length Of Stay, Year On Year Change (Per Cent)",group,monthly,2009-05,4.3
"Average Length Of Stay, Year On Year Change (Per Cent)",group,monthly,2009-06,2.0
"Average Length Of Stay, Year On Year Change (Per Cent)",group,monthly,2009-07,-1.4
"Average Length Of Stay, Year On Year Change (Per Cent)",group,monthly,2009-08,-5.5
"Average Length Of Stay, Year On Year Change (Per Cent)",group,monthly,2009-09,-5.3
"Average Length Of Stay, Year On Year Change (Per Cent)",group,monthly,2009-10,-2.5
"Average Length Of Stay, Year On Year Change (Per Cent)",group,monthly,2009-11,-5.9
"Average Length Of Stay, Year On Year Change (Per Cent)",group,monthly,2009-12,-3.4
"Average Length Of Stay, Year On Year Change (Per Cent)",group,monthly,2010-01,-7.7
"Average Length Of Stay, Year On Year Change (Per Cent)",group,monthly,2010-02,-5.8
"Average Length Of Stay, Year On Year Change (Per Cent)",group,monthly,2010-03,-1.4
"Average Length Of Stay, Year On Year Change (Per Cent)",group,monthly,2010-04,-3.6
"Average Length Of Stay, Year On Year Change (Per Cent)",group,monthly,2010-05,-4.9
"Average Length Of Stay, Year On Year Change (Per Cent)",group,monthly,2010-06,-2.6
"Average Length Of Stay, Year On Year Change (Per Cent)",group,monthly,2010-07,-2.3
"Average Length Of Stay, Year On Year Change (Per Cent)",group,monthly,2010-08,2.0
"Average Length Of Stay, Year On Year Change (Per Cent)",group,monthly,2010-09,-0.8
"Average Length Of Stay, Year On Year Change (Per Cent)",group,monthly,2010-10,-2.2
"Average Length Of Stay, Year On Year Change (Per Cent)",group,monthly,2010-11,-1.5
"Average Length Of Stay, Year On Year Change (Per Cent)",group,monthly,2010-12,-2.1
"Average Length Of Stay, Year On Year Change (Per Cent)",group,monthly,2011-01,-1.9
"Average Length Of Stay, Year On Year Change (Per Cent)",group,monthly,2011-02,-2.1
"Average Length Of Stay, Year On Year Change (Per Cent)",group,monthly,2011-03,-4.3
"Average Length Of Stay, Year On Year Change (Per Cent)",group,monthly,2011-04,-2.6
"Average Length Of Stay, Year On Year Change (Per Cent)",group,monthly,2011-05,-3.8
"Average Length Of Stay, Year On Year Change (Per Cent)",group,monthly,2011-06,-5.2
"Average Length Of Stay, Year On Year Change (Per Cent)",group,monthly,2011-07,-3.5
"Average Length Of Stay, Year On Year Change (Per Cent)",group,monthly,2011-08,-8.0
"Average Length Of Stay, Year On Year Change (Per Cent)",group,monthly,2011-09,-4.4
"Average Length Of Stay, Year On Year Change (Per Cent)",group,monthly,2011-10,-3.4
"Average Length Of Stay, Year On Year Change (Per Cent)",group,monthly,2011-11,0.9
"Average Length Of Stay, Year On Year Change (Per Cent)",group,monthly,2011-12,-1.3
"Average Length Of Stay, Year On Year Change (Per Cent)",group,monthly,2012-01,-1.8
"Average Length Of Stay, Year On Year Change (Per Cent)",group,monthly,2012-02,-4.9
"Average Length Of Stay, Year On Year Change (Per Cent)",group,monthly,2012-03,-6.0
"Average Length Of Stay, Year On Year Change (Per Cent)",group,monthly,2012-04,-5.0
"Average Length Of Stay, Year On Year Change (Per Cent)",group,monthly,2012-05,-3.6
"Average Length Of Stay, Year On Year Change (Per Cent)",group,monthly,2012-06,-3.2
"Average Length Of Stay, Year On Year Change (Per Cent)",group,monthly,2012-07,-2.5
"Average Length Of Stay, Year On Year Change (Per Cent)",group,monthly,2012-08,-3.4
"Average Length Of Stay, Year On Year Change (Per Cent)",group,monthly,2012-09,-3.4
"Average Length Of Stay, Year On Year Change (Per Cent)",group,monthly,2012-10,-6.1
"Average Length Of Stay, Year On Year Change (Per Cent)",group,monthly,2012-11,-11.6
"Average Length Of Stay, Year On Year Change (Per Cent)",group,monthly,2012-12,-8.3
"Average Length Of Stay, Year On Year Change (Per Cent)",group,monthly,2013-01,-5.8
"Average Length Of Stay, Year On Year Change (Per Cent)",group,monthly,2013-02,-1.5
"Average Length Of Stay, Year On Year Change (Per Cent)",group,monthly,2013-03,-3.1
"Average Length Of Stay, Year On Year Change (Per Cent)",group,monthly,2013-04,-5.9
"Average Length Of Stay, Year On Year Change (Per Cent)",group,monthly,2013-05,-5.2
"Average Length Of Stay, Year On Year Change (Per Cent)",group,monthly,2013-06,-5.2
"Average Length Of Stay, Year On Year Change (Per Cent)",group,monthly,2013-07,-4.6
"Average Length Of Stay, Year On Year Change (Per Cent)",group,monthly,2013-08,-2.0
"Average Length Of Stay, Year On Year Change (Per Cent)",group,monthly,2013-09,-3.4
"Average Length Of Stay, Year On Year Change (Per Cent)",group,monthly,2013-10,6.0
"Average Length Of Stay, Year On Year Change (Per Cent)",group,monthly,2013-11,8.0
"Average Length Of Stay, Year On Year Change (Per Cent)",group,monthly,2013-12,4.1
"Average Length Of Stay, Year On Year Change (Per Cent)",group,monthly,2014-01,5.3
"Average Length Of Stay, Year On Year Change (Per Cent)",group,monthly,2014-02,3.3
"Average Length Of Stay, Year On Year Change (Per Cent)",group,monthly,2014-03,7.2
"Average Length Of Stay, Year On Year Change (Per Cent)",group,monthly,2014-04,11.8
"Average Length Of Stay, Year On Year Change (Per Cent)",group,monthly,2014-05,11.7
"Average Length Of Stay, Year On Year Change (Per Cent)",group,monthly,2014-06,11.0
"Average Length Of Stay, Year On Year Change (Per Cent)",group,monthly,2014-07,8.6
"Average Length Of Stay, Year On Year Change (Per Cent)",group,monthly,2014-08,8.1
"Average Length Of Stay, Year On Year Change (Per Cent)",group,monthly,2014-09,7.0
"Average Length Of Stay, Year On Year Change (Per Cent)",group,monthly,2014-10,1.4
"Average Length Of Stay, Year On Year Change (Per Cent)",group,monthly,2014-11,2.2
"Average Length Of Stay, Year On Year Change (Per Cent)",group,monthly,2014-12,1.6
"Average Length Of Stay, Year On Year Change (Per Cent)",group,monthly,2015-01,1.2
"Average Length Of Stay, Year On Year Change (Per Cent)",group,monthly,2015-02,2.6
"Average Length Of Stay, Year On Year Change (Per Cent)",group,monthly,2015-03,5.5
"Average Length Of Stay, Year On Year Change (Per Cent)",group,monthly,2015-04,-1.7
"Average Length Of Stay, Year On Year Change (Per Cent)",group,monthly,2015-05,-4.4
"Average Length Of Stay, Year On Year Change (Per Cent)",group,monthly,2015-06,-3.5
"Average Length Of Stay, Year On Year Change (Per Cent)",group,monthly,2015-07,-4.9
"Average Length Of Stay, Year On Year Change (Per Cent)",group,monthly,2015-08,-4.3
"Average Length Of Stay, Year On Year Change (Per Cent)",group,monthly,2015-09,-3.5
"Average Length Of Stay, Year On Year Change (Per Cent)",group,monthly,2015-10,-4.3
"Average Length Of Stay, Year On Year Change (Per Cent)",group,monthly,2015-11,-7.7
"Average Length Of Stay, Year On Year Change (Per Cent)",group,monthly,2015-12,-6.2
"Average Length Of Stay, Year On Year Change (Per Cent)",group,monthly,2016-01,-7.4
"Average Length Of Stay, Year On Year Change (Per Cent)",group,monthly,2016-02,-3.0
"Average Length Of Stay, Year On Year Change (Per Cent)",group,monthly,2016-03,-11.6
"Average Length Of Stay, Year On Year Change (Per Cent)",group,monthly,2016-04,-8.8
"Average Length Of Stay, Year On Year Change (Per Cent)",group,monthly,2016-05,-6.9
"Average Length Of Stay, Year On Year Change (Per Cent)",group,monthly,2016-06,-5.2
"Average Length Of Stay, Year On Year Change (Per Cent)",group,monthly,2016-07,-1.5
"Average Length Of Stay, Year On Year Change (Per Cent)",group,monthly,2016-08,-4.6
"Average Length Of Stay, Year On Year Change (Per Cent)",group,monthly,2016-09,-2.5
"Average Length Of Stay, Year On Year Change (Per Cent)",group,monthly,2016-10,-3.7
"Average Length Of Stay, Year On Year Change (Per Cent)",group,monthly,2016-11,-3.4
"Average Length Of Stay, Year On Year Change (Per Cent)",group,monthly,2016-12,-2.6
"Average Length Of Stay, Year On Year Change (Per Cent)",group,monthly,2017-01,0.1
"Average Length Of Stay, Year On Year Change (Per Cent)",group,monthly,2017-02,-2.9
"Average Length Of Stay, Year On Year Change (Per Cent)",group,monthly,2017-03,-2.4
"Average Length Of Stay, Year On Year Change (Per Cent)",group,monthly,2017-04,-1.7
"Average Length Of Stay, Year On Year Change (Per Cent)",group,monthly,2017-05,1.6
"Average Length Of Stay, Year On Year Change (Per Cent)",group,monthly,2017-06,-0.6
"Average Length Of Stay, Year On Year Change (Per Cent)",group,monthly,2017-07,-1.1
"Average Length Of Stay, Year On Year Change (Per Cent)",group,monthly,2017-08,-1.2
"Average Length Of Stay, Year On Year Change (Per Cent)",group,monthly,2017-09,-5.6
"Average Length Of Stay, Year On Year Change (Per Cent)",group,monthly,2017-10,-2.3
"Average Length Of Stay, Year On Year Change (Per Cent)",group,monthly,2017-11,-3.0
"Average Length Of Stay, Year On Year Change (Per Cent)",group,monthly,2017-12,0.3
"Average Length Of Stay, Year On Year Change (Per Cent)",group,monthly,2018-01,-4.1
"Average Length Of Stay, Year On Year Change (Per Cent)",group,monthly,2018-02,-2.2
"Average Length Of Stay, Year On Year Change (Per Cent)",group,monthly,2018-03,1.7
"Average Length Of Stay, Year On Year Change (Per Cent)",group,monthly,2018-04,-2.3
"Average Length Of Stay, Year On Year Change (Per Cent)",group,monthly,2018-05,-1.9
"Average Length Of Stay, Year On Year Change (Per Cent)",group,monthly,2018-06,-1.9
"Average Length Of Stay, Year On Year Change (Per Cent)",group,monthly,2018-07,-2.7
"Average Length Of Stay, Year On Year Change (Per Cent)",group,monthly,2018-08,-1.2
"Average Length Of Stay, Year On Year Change (Per Cent)",group,monthly,2018-09,-2.0
"Average Length Of Stay, Year On Year Change (Per Cent)",group,monthly,2018-10,-1.4
"Average Length Of Stay, Year On Year Change (Per Cent)",group,monthly,2018-11,1.5
"Average Length Of Stay, Year On Year Change (Per Cent)",group,monthly,2018-12,0.0
"Average Length Of Stay, Year On Year Change (Per Cent)",group,monthly,2019-01,1.4
"Average Length Of Stay, Year On Year Change (Per Cent)",group,monthly,2019-02,3.3
"Average Length Of Stay, Year On Year Change (Per Cent)",group,monthly,2019-03,-2.1
"Average Length Of Stay, Year On Year Change (Per Cent)",group,monthly,2019-04,0.6
"Average Length Of Stay, Year On Year Change (Per Cent)",group,monthly,2019-05,1.4
"Average Length Of Stay, Year On Year Change (Per Cent)",group,monthly,2019-06,2.0
"Average Length Of Stay, Year On Year Change (Per Cent)",group,monthly,2019-07,1.0
"Average Length Of Stay, Year On Year Change (Per Cent)",group,monthly,2019-08,2.1
"Average Length Of Stay, Year On Year Change (Per Cent)",group,monthly,2019-09,1.0
"Average Length Of Stay, Year On Year Change (Per Cent)",group,monthly,2019-10,2.1
"Average Length Of Stay, Year On Year Change (Per Cent)",group,monthly,2019-11,-0.5
"Average Length Of Stay, Year On Year Change (Per Cent)",group,monthly,2019-12,-3.0
"Average Length Of Stay, Year On Year Change (Per Cent)",group,monthly,2020-01,2.1
"Average Length Of Stay, Year On Year Change (Per Cent)",group,monthly,2020-02,17.0
"Average Length Of Stay, Year On Year Change (Per Cent)",group,monthly,2020-03,85.5
"Average Length Of Stay, Year On Year Change (Per Cent)",group,monthly,2020-04,1112.8
"Average Length Of Stay, Year On Year Change (Per Cent)",group,monthly,2020-05,1369.4
"Average Length Of Stay, Year On Year Change (Per Cent)",group,monthly,2020-06,1424.9
"Average Length Of Stay, Year On Year Change (Per Cent)",group,monthly,2020-07,1432.3
"Average Length Of Stay, Year On Year Change (Per Cent)",group,monthly,2020-08,1233.7
"Average Length Of Stay, Year On Year Change (Per Cent)",group,monthly,2020-09,927.6
"Average Length Of Stay, Year On Year Change (Per Cent)",group,monthly,2020-10,740.4
"Average Length Of Stay, Year On Year Change (Per Cent)",group,monthly,2020-11,638.0
"Average Length Of Stay, Year On Year Change (Per Cent)",group,monthly,2020-12,553.0
"Average Length Of Stay, Year On Year Change (Per Cent)",group,monthly,2021-01,560.4
"Average Length Of Stay, Year On Year Change (Per Cent)",group,monthly,2021-02,547.5
"Average Length Of Stay, Year On Year Change (Per Cent)",group,monthly,2021-03,371.6
"Average Length Of Stay, Year On Year Change (Per Cent)",group,monthly,2021-04,-26.2
"Average Length Of Stay, Year On Year Change (Per Cent)",group,monthly,2021-05,-45.6
"Average Length Of Stay, Year On Year Change (Per Cent)",group,monthly,2021-06,-39.0
"Average Length Of Stay, Year On Year Change (Per Cent)",group,monthly,2021-07,-44.3
"Average Length Of Stay, Year On Year Change (Per Cent)",group,monthly,2021-08,-44.1
"Average Length Of Stay, Year On Year Change (Per Cent)",group,monthly,2021-09,-27.5
"Average Length Of Stay, Year On Year Change (Per Cent)",group,monthly,2021-10,-8.8
"Average Length Of Stay, Year On Year Change (Per Cent)",group,monthly,2021-11,-30.3
"Average Length Of Stay, Year On Year Change (Per Cent)",group,monthly,2021-12,-35.4
"Average Length Of Stay, Year On Year Change (Per Cent)",group,monthly,2022-01,-18.4
"Average Length Of Stay, Year On Year Change (Per Cent)",group,monthly,2022-02,-35.6
"Average Length Of Stay, Year On Year Change (Per Cent)",group,monthly,2022-03,-54.6
"Average Length Of Stay, Year On Year Change (Per Cent)",group,monthly,2022-04,-74.6
"Average Length Of Stay, Year On Year Change (Per Cent)",group,monthly,2022-05,-78.4
"Average Length Of Stay, Year On Year Change (Per Cent)",group,monthly,2022-06,-83.1
"Average Length Of Stay, Year On Year Change (Per Cent)",group,monthly,2022-07,-82.5
"Average Length Of Stay, Year On Year Change (Per Cent)",group,monthly,2022-08,-81.7
"Average Length Of Stay, Year On Year Change (Per Cent)",group,monthly,2022-09,-82.2
"Average Length Of Stay, Year On Year Change (Per Cent)",group,monthly,2022-10,-82.5
"Average Length Of Stay, Year On Year Change (Per Cent)",group,monthly,2022-11,-74.2
"Average Length Of Stay, Year On Year Change (Per Cent)",group,monthly,2022-12,-68.4
"Average Length Of Stay, Year On Year Change (Per Cent)",group,monthly,2023-01,-77.0
"Average Length Of Stay, Year On Year Change (Per Cent)",group,monthly,2023-02,-77.5
"Average Length Of Stay, Year On Year Change (Per Cent)",group,monthly,2023-03,-69.5
"Average Length Of Stay, Year On Year Change (Per Cent)",group,monthly,2023-04,-48.9
"Average Length Of Stay, Year On Year Change (Per Cent)",group,monthly,2023-05,-36.8
"Average Length Of Stay, Year On Year Change (Per Cent)",group,monthly,2023-06,-29.7
"Average Length Of Stay, Year On Year Change (Per Cent)",group,monthly,2023-07,-25.5
"Average Length Of Stay, Year On Year Change (Per Cent)",group,monthly,2023-08,-17.9
"Average Length Of Stay, Year On Year Change (Per Cent)",group,monthly,2023-09,-16.6
"Average Length Of Stay, Year On Year Change (Per Cent)",group,monthly,2023-10,-19.0
"Average Length Of Stay, Year On Year Change (Per Cent)",group,monthly,2023-11,-17.6
"Average Length Of Stay, Year On Year Change (Per Cent)",group,monthly,2023-12,-14.8
"Average Length Of Stay, Year On Year Change (Per Cent)",group,monthly,2024-01,-19.1
"Average Length Of Stay, Year On Year Change (Per Cent)",group,monthly,2024-02,-7.5
"Average Length Of Stay, Year On Year Change (Per Cent)",group,monthly,2024-03,-12.1
"Average Length Of Stay, Year On Year Change (Per Cent)",group,monthly,2024-04,-8.6
"Average Length Of Stay, Year On Year Change (Per Cent)",group,monthly,2024-05,-3.9
"Average Length Of Stay, Year On Year Change (Per Cent)",group,monthly,2024-06,-5.2
"Average Length Of Stay, Year On Year Change (Per Cent)",group,monthly,2024-07,-4.1
"Average Length Of Stay, Year On Year Change (Per Cent)",group,monthly,2024-08,-7.6
"Average Length Of Stay, Year On Year Change (Per Cent)",group,monthly,2024-09,-2.7
"Average Length Of Stay, Year On Year Change (Per Cent)",group,monthly,2024-10,-1.9
"Average Length Of Stay, Year On Year Change (Per Cent)",group,monthly,2024-11,3.5
"Average Length Of Stay, Year On Year Change (Per Cent)",group,monthly,2024-12,-1.4
"Average Length Of Stay, Year On Year Change (Per Cent)",group,monthly,2025-01,0.8
"Average Length Of Stay, Year On Year Change (Per Cent)",group,monthly,2025-02,-1.1
"Average Length Of Stay, Year On Year Change (Per Cent)",group,monthly,2025-03,3.8
"Average Length Of Stay, Year On Year Change (Per Cent)",group,monthly,2025-04,-0.1
"Average Length Of Stay, Year On Year Change (Per Cent)",group,monthly,2025-05,-3.8
"Average Length Of Stay, Year On Year Change (Per Cent)",group,monthly,2025-06,-2.4
"Average Length Of Stay, Year On Year Change (Per Cent)",group,monthly,2025-07,-4.7
"Average Length Of Stay, Year On Year Change (Per Cent)",group,monthly,2025-08,-2.4
"Average Length Of Stay, Year On Year Change (Per Cent)",group,monthly,2025-09,-4.7
"Average Length Of Stay, Year On Year Change (Per Cent)",group,monthly,2025-10,-3.1
"Average Length Of Stay, Year On Year Change (Per Cent)",group,monthly,2025-11,-6.8
"Average Length Of Stay, Year On Year Change (Per Cent)",group,monthly,2025-12,-0.8
"Average Length Of Stay, Year On Year Change (Per Cent)",group,monthly,2026-01,-2.5
"Average Length Of Stay, Year On Year Change (Per Cent)",group,monthly,2026-02,-2.3
"Average Length Of Stay, Year On Year Change (Per Cent)",group,monthly,2026-03,-4.5
"Average Length Of Stay, Year On Year Change (Per Cent)",group,monthly,2026-04,-2.1
"Average Length Of Stay, Year On Year Change (Per Cent)",group,monthly,2026-05,0.5
"Average Length Of Stay, Year On Year Change (Per Cent)",group,monthly,2026-06,-3.0
Total International Visitor Arrivals (Number),total,monthly,2008-01,878499.0
Total International Visitor Arrivals (Number),total,monthly,2008-02,768034.0
Total International Visitor Arrivals (Number),total,monthly,2008-03,860202.0
Total International Visitor Arrivals (Number),total,monthly,2008-04,773860.0
Total International Visitor Arrivals (Number),total,monthly,2008-05,776593.0
Total International Visitor Arrivals (Number),total,monthly,2008-06,760591.0
Total International Visitor Arrivals (Number),total,monthly,2008-07,858880.0
Total International Visitor Arrivals (Number),total,monthly,2008-08,819068.0
Total International Visitor Arrivals (Number),total,monthly,2008-09,672265.0
Total International Visitor Arrivals (Number),total,monthly,2008-10,820394.0
Total International Visitor Arrivals (Number),total,monthly,2008-11,722891.0
Total International Visitor Arrivals (Number),total,monthly,2008-12,791862.0
Total International Visitor Arrivals (Number),total,monthly,2009-01,786047.0
Total International Visitor Arrivals (Number),total,monthly,2009-02,656552.0
Total International Visitor Arrivals (Number),total,monthly,2009-03,753557.0
Total International Visitor Arrivals (Number),total,monthly,2009-04,733206.0
Total International Visitor Arrivals (Number),total,monthly,2009-05,694702.0
Total International Visitor Arrivals (Number),total,monthly,2009-06,701927.0
Total International Visitor Arrivals (Number),total,monthly,2009-07,833676.0
Total International Visitor Arrivals (Number),total,monthly,2009-08,826405.0
Total International Visitor Arrivals (Number),total,monthly,2009-09,754554.0
Total International Visitor Arrivals (Number),total,monthly,2009-10,808211.0
Total International Visitor Arrivals (Number),total,monthly,2009-11,796273.0
Total International Visitor Arrivals (Number),total,monthly,2009-12,869834.0
Total International Visitor Arrivals (Number),total,monthly,2010-01,924564.0
Total International Visitor Arrivals (Number),total,monthly,2010-02,826545.0
Total International Visitor Arrivals (Number),total,monthly,2010-03,881804.0
Total International Visitor Arrivals (Number),total,monthly,2010-04,884861.0
Total International Visitor Arrivals (Number),total,monthly,2010-05,915097.0
Total International Visitor Arrivals (Number),total,monthly,2010-06,889523.0
Total International Visitor Arrivals (Number),total,monthly,2010-07,1044116.0
Total International Visitor Arrivals (Number),total,monthly,2010-08,985752.0
Total International Visitor Arrivals (Number),total,monthly,2010-09,901546.0
Total International Visitor Arrivals (Number),total,monthly,2010-10,939225.0
Total International Visitor Arrivals (Number),total,monthly,2010-11,926337.0
Total International Visitor Arrivals (Number),total,monthly,2010-12,1007543.0
Total International Visitor Arrivals (Number),total,monthly,2011-01,1098420.0
Total International Visitor Arrivals (Number),total,monthly,2011-02,953804.0
Total International Visitor Arrivals (Number),total,monthly,2011-03,1014598.0
Total International Visitor Arrivals (Number),total,monthly,2011-04,1042104.0
Total International Visitor Arrivals (Number),total,monthly,2011-05,1034352.0
Total International Visitor Arrivals (Number),total,monthly,2011-06,1008452.0
Total International Visitor Arrivals (Number),total,monthly,2011-07,1231665.0
Total International Visitor Arrivals (Number),total,monthly,2011-08,1116857.0
Total International Visitor Arrivals (Number),total,monthly,2011-09,1019383.0
Total International Visitor Arrivals (Number),total,monthly,2011-10,1045917.0
Total International Visitor Arrivals (Number),total,monthly,2011-11,996617.0
Total International Visitor Arrivals (Number),total,monthly,2011-12,1082324.0
Total International Visitor Arrivals (Number),total,monthly,2012-01,1242918.0
Total International Visitor Arrivals (Number),total,monthly,2012-02,1093569.0
Total International Visitor Arrivals (Number),total,monthly,2012-03,1178340.0
Total International Visitor Arrivals (Number),total,monthly,2012-04,1158399.0
Total International Visitor Arrivals (Number),total,monthly,2012-05,1105335.0
Total International Visitor Arrivals (Number),total,monthly,2012-06,1086489.0
Total International Visitor Arrivals (Number),total,monthly,2012-07,1249355.0
Total International Visitor Arrivals (Number),total,monthly,2012-08,1273020.0
Total International Visitor Arrivals (Number),total,monthly,2012-09,1002435.0
Total International Visitor Arrivals (Number),total,monthly,2012-10,1148771.0
Total International Visitor Arrivals (Number),total,monthly,2012-11,1162183.0
Total International Visitor Arrivals (Number),total,monthly,2012-12,1236424.0
Total International Visitor Arrivals (Number),total,monthly,2013-01,1316952.0
Total International Visitor Arrivals (Number),total,monthly,2013-02,1185751.0
Total International Visitor Arrivals (Number),total,monthly,2013-03,1309397.0
Total International Visitor Arrivals (Number),total,monthly,2013-04,1227047.0
Total International Visitor Arrivals (Number),total,monthly,2013-05,1233542.0
Total International Visitor Arrivals (Number),total,monthly,2013-06,1235672.0
Total International Visitor Arrivals (Number),total,monthly,2013-07,1357088.0
Total International Visitor Arrivals (Number),total,monthly,2013-08,1456190.0
Total International Visitor Arrivals (Number),total,monthly,2013-09,1128860.0
Total International Visitor Arrivals (Number),total,monthly,2013-10,1160875.0
Total International Visitor Arrivals (Number),total,monthly,2013-11,1137413.0
Total International Visitor Arrivals (Number),total,monthly,2013-12,1234335.0
Total International Visitor Arrivals (Number),total,monthly,2014-01,1343648.0
Total International Visitor Arrivals (Number),total,monthly,2014-02,1233160.0
Total International Visitor Arrivals (Number),total,monthly,2014-03,1249675.0
Total International Visitor Arrivals (Number),total,monthly,2014-04,1195908.0
Total International Visitor Arrivals (Number),total,monthly,2014-05,1150394.0
Total International Visitor Arrivals (Number),total,monthly,2014-06,1145837.0
Total International Visitor Arrivals (Number),total,monthly,2014-07,1312342.0
Total International Visitor Arrivals (Number),total,monthly,2014-08,1370094.0
Total International Visitor Arrivals (Number),total,monthly,2014-09,1048464.0
Total International Visitor Arrivals (Number),total,monthly,2014-10,1155348.0
Total International Visitor Arrivals (Number),total,monthly,2014-11,1095132.0
Total International Visitor Arrivals (Number),total,monthly,2014-12,1213355.0
Total International Visitor Arrivals (Number),total,monthly,2015-01,1266819.0
Total International Visitor Arrivals (Number),total,monthly,2015-02,1147699.0
Total International Visitor Arrivals (Number),total,monthly,2015-03,1163929.0
Total International Visitor Arrivals (Number),total,monthly,2015-04,1132283.0
Total International Visitor Arrivals (Number),total,monthly,2015-05,1190243.0
Total International Visitor Arrivals (Number),total,monthly,2015-06,1139240.0
Total International Visitor Arrivals (Number),total,monthly,2015-07,1427501.0
Total International Visitor Arrivals (Number),total,monthly,2015-08,1431209.0
Total International Visitor Arrivals (Number),total,monthly,2015-09,1052798.0
Total International Visitor Arrivals (Number),total,monthly,2015-10,1194336.0
Total International Visitor Arrivals (Number),total,monthly,2015-11,1180393.0
Total International Visitor Arrivals (Number),total,monthly,2015-12,1268792.0
Total International Visitor Arrivals (Number),total,monthly,2016-01,1448355.0
Total International Visitor Arrivals (Number),total,monthly,2016-02,1315729.0
Total International Visitor Arrivals (Number),total,monthly,2016-03,1334929.0
Total International Visitor Arrivals (Number),total,monthly,2016-04,1316721.0
Total International Visitor Arrivals (Number),total,monthly,2016-05,1343467.0
Total International Visitor Arrivals (Number),total,monthly,2016-06,1213905.0
Total International Visitor Arrivals (Number),total,monthly,2016-07,1556655.0
Total International Visitor Arrivals (Number),total,monthly,2016-08,1479168.0
Total International Visitor Arrivals (Number),total,monthly,2016-09,1081193.0
Total International Visitor Arrivals (Number),total,monthly,2016-10,1204156.0
Total International Visitor Arrivals (Number),total,monthly,2016-11,1194763.0
Total International Visitor Arrivals (Number),total,monthly,2016-12,1349794.0
Total International Visitor Arrivals (Number),total,monthly,2017-01,1496754.0
Total International Visitor Arrivals (Number),total,monthly,2017-02,1358805.0
Total International Visitor Arrivals (Number),total,monthly,2017-03,1377851.0
Total International Visitor Arrivals (Number),total,monthly,2017-04,1419965.0
Total International Visitor Arrivals (Number),total,monthly,2017-05,1337630.0
Total International Visitor Arrivals (Number),total,monthly,2017-06,1311616.0
Total International Visitor Arrivals (Number),total,monthly,2017-07,1596103.0
Total International Visitor Arrivals (Number),total,monthly,2017-08,1515231.0
Total International Visitor Arrivals (Number),total,monthly,2017-09,1255703.0
Total International Visitor Arrivals (Number),total,monthly,2017-10,1392589.0
Total International Visitor Arrivals (Number),total,monthly,2017-11,1351489.0
Total International Visitor Arrivals (Number),total,monthly,2017-12,1431496.0
Total International Visitor Arrivals (Number),total,monthly,2018-01,1594026.0
Total International Visitor Arrivals (Number),total,monthly,2018-02,1473240.0
Total International Visitor Arrivals (Number),total,monthly,2018-03,1512927.0
Total International Visitor Arrivals (Number),total,monthly,2018-04,1496112.0
Total International Visitor Arrivals (Number),total,monthly,2018-05,1444114.0
Total International Visitor Arrivals (Number),total,monthly,2018-06,1480846.0
Total International Visitor Arrivals (Number),total,monthly,2018-07,1684190.0
Total International Visitor Arrivals (Number),total,monthly,2018-08,1661809.0
Total International Visitor Arrivals (Number),total,monthly,2018-09,1373355.0
Total International Visitor Arrivals (Number),total,monthly,2018-10,1439695.0
Total International Visitor Arrivals (Number),total,monthly,2018-11,1363474.0
Total International Visitor Arrivals (Number),total,monthly,2018-12,1354084.0
Total International Visitor Arrivals (Number),total,monthly,2019-01,1670196.0
Total International Visitor Arrivals (Number),total,monthly,2019-02,1465816.0
Total International Visitor Arrivals (Number),total,monthly,2019-03,1529019.0
Total International Visitor Arrivals (Number),total,monthly,2019-04,1493378.0
Total International Visitor Arrivals (Number),total,monthly,2019-05,1464268.0
Total International Visitor Arrivals (Number),total,monthly,2019-06,1505694.0
Total International Visitor Arrivals (Number),total,monthly,2019-07,1723838.0
Total International Visitor Arrivals (Number),total,monthly,2019-08,1723181.0
Total International Visitor Arrivals (Number),total,monthly,2019-09,1417836.0
Total International Visitor Arrivals (Number),total,monthly,2019-10,1491653.0
Total International Visitor Arrivals (Number),total,monthly,2019-11,1477301.0
Total International Visitor Arrivals (Number),total,monthly,2019-12,1594457.0
Total International Visitor Arrivals (Number),total,monthly,2020-01,1753311.0
Total International Visitor Arrivals (Number),total,monthly,2020-02,778162.0
Total International Visitor Arrivals (Number),total,monthly,2020-03,255112.0
Total International Visitor Arrivals (Number),total,monthly,2020-04,5010.0
Total International Visitor Arrivals (Number),total,monthly,2020-05,3985.0
Total International Visitor Arrivals (Number),total,monthly,2020-06,4787.0
Total International Visitor Arrivals (Number),total,monthly,2020-07,3409.0
Total International Visitor Arrivals (Number),total,monthly,2020-08,3063.0
Total International Visitor Arrivals (Number),total,monthly,2020-09,2420.0
Total International Visitor Arrivals (Number),total,monthly,2020-10,2744.0
Total International Visitor Arrivals (Number),total,monthly,2020-11,3240.0
Total International Visitor Arrivals (Number),total,monthly,2020-12,5334.0
Total International Visitor Arrivals (Number),total,monthly,2021-01,5918.0
Total International Visitor Arrivals (Number),total,monthly,2021-02,4304.0
Total International Visitor Arrivals (Number),total,monthly,2021-03,5928.0
Total International Visitor Arrivals (Number),total,monthly,2021-04,6230.0
Total International Visitor Arrivals (Number),total,monthly,2021-05,6661.0
Total International Visitor Arrivals (Number),total,monthly,2021-06,4959.0
Total International Visitor Arrivals (Number),total,monthly,2021-07,5406.0
Total International Visitor Arrivals (Number),total,monthly,2021-08,5053.0
Total International Visitor Arrivals (Number),total,monthly,2021-09,5033.0
Total International Visitor Arrivals (Number),total,monthly,2021-10,6406.0
Total International Visitor Arrivals (Number),total,monthly,2021-11,10040.0
Total International Visitor Arrivals (Number),total,monthly,2021-12,22535.0
Total International Visitor Arrivals (Number),total,monthly,2022-01,28891.0
Total International Visitor Arrivals (Number),total,monthly,2022-02,33627.0
Total International Visitor Arrivals (Number),total,monthly,2022-03,64995.0
Total International Visitor Arrivals (Number),total,monthly,2022-04,203848.0
Total International Visitor Arrivals (Number),total,monthly,2022-05,382361.0
Total International Visitor Arrivals (Number),total,monthly,2022-06,480906.0
Total International Visitor Arrivals (Number),total,monthly,2022-07,666323.0
Total International Visitor Arrivals (Number),total,monthly,2022-08,685839.0
Total International Visitor Arrivals (Number),total,monthly,2022-09,691452.0
Total International Visitor Arrivals (Number),total,monthly,2022-10,806219.0
Total International Visitor Arrivals (Number),total,monthly,2022-11,775806.0
Total International Visitor Arrivals (Number),total,monthly,2022-12,816448.0
Total International Visitor Arrivals (Number),total,monthly,2023-01,958498.0
Total International Visitor Arrivals (Number),total,monthly,2023-02,908294.0
Total International Visitor Arrivals (Number),total,monthly,2023-03,965404.0
Total International Visitor Arrivals (Number),total,monthly,2023-04,1048781.0
Total International Visitor Arrivals (Number),total,monthly,2023-05,1097757.0
Total International Visitor Arrivals (Number),total,monthly,2023-06,1045382.0
Total International Visitor Arrivals (Number),total,monthly,2023-07,1366357.0
Total International Visitor Arrivals (Number),total,monthly,2023-08,1308191.0
Total International Visitor Arrivals (Number),total,monthly,2023-09,1056290.0
Total International Visitor Arrivals (Number),total,monthly,2023-10,1120295.0
Total International Visitor Arrivals (Number),total,monthly,2023-11,1056646.0
Total International Visitor Arrivals (Number),total,monthly,2023-12,1113842.0
Total International Visitor Arrivals (Number),total,monthly,2024-01,1399307.0
Total International Visitor Arrivals (Number),total,monthly,2024-02,1396637.0
Total International Visitor Arrivals (Number),total,monthly,2024-03,1427987.0
Total International Visitor Arrivals (Number),total,monthly,2024-04,1293076.0
Total International Visitor Arrivals (Number),total,monthly,2024-05,1232455.0
Total International Visitor Arrivals (Number),total,monthly,2024-06,1181712.0
Total International Visitor Arrivals (Number),total,monthly,2024-07,1530440.0
Total International Visitor Arrivals (Number),total,monthly,2024-08,1534318.0
Total International Visitor Arrivals (Number),total,monthly,2024-09,1220318.0
Total International Visitor Arrivals (Number),total,monthly,2024-10,1273901.0
Total International Visitor Arrivals (Number),total,monthly,2024-11,1175085.0
Total International Visitor Arrivals (Number),total,monthly,2024-12,1267695.0
Total International Visitor Arrivals (Number),total,monthly,2025-01,1564285.0
Total International Visitor Arrivals (Number),total,monthly,2025-02,1386449.0
Total International Visitor Arrivals (Number),total,monthly,2025-03,1232032.0
Total International Visitor Arrivals (Number),total,monthly,2025-04,1353053.0
Total International Visitor Arrivals (Number),total,monthly,2025-05,1320234.0
Total International Visitor Arrivals (Number),total,monthly,2025-06,1213841.0
Total International Visitor Arrivals (Number),total,monthly,2025-07,1571981.0
Total International Visitor Arrivals (Number),total,monthly,2025-08,1605433.0
Total International Visitor Arrivals (Number),total,monthly,2025-09,1175153.0
Total International Visitor Arrivals (Number),total,monthly,2025-10,1325667.0
Total International Visitor Arrivals (Number),total,monthly,2025-11,1247712.0
Total International Visitor Arrivals (Number),total,monthly,2025-12,1223956.0
Total International Visitor Arrivals (Number),total,monthly,2026-01,1489461.0
Total International Visitor Arrivals (Number),total,monthly,2026-02,1462569.0
Total International Visitor Arrivals (Number),total,monthly,2026-03,1406157.0
Total International Visitor Arrivals (Number),total,monthly,2026-04,1258298.0
Total International Visitor Arrivals (Number),total,monthly,2026-05,1208095.0
Total International Visitor Arrivals (Number),total,monthly,2026-06,1132432.0
Under 1 Day (Number),group,monthly,2008-01,212950.0
Under 1 Day (Number),group,monthly,2008-02,197754.0
Under 1 Day (Number),group,monthly,2008-03,210089.0
Under 1 Day (Number),group,monthly,2008-04,196235.0
Under 1 Day (Number),group,monthly,2008-05,188310.0
Under 1 Day (Number),group,monthly,2008-06,179926.0
Under 1 Day (Number),group,monthly,2008-07,199246.0
Under 1 Day (Number),group,monthly,2008-08,190223.0
Under 1 Day (Number),group,monthly,2008-09,169026.0
Under 1 Day (Number),group,monthly,2008-10,201476.0
Under 1 Day (Number),group,monthly,2008-11,187165.0
Under 1 Day (Number),group,monthly,2008-12,205634.0
Under 1 Day (Number),group,monthly,2009-01,188730.0
Under 1 Day (Number),group,monthly,2009-02,166371.0
Under 1 Day (Number),group,monthly,2009-03,187631.0
Under 1 Day (Number),group,monthly,2009-04,182541.0
Under 1 Day (Number),group,monthly,2009-05,161655.0
Under 1 Day (Number),group,monthly,2009-06,159543.0
Under 1 Day (Number),group,monthly,2009-07,186315.0
Under 1 Day (Number),group,monthly,2009-08,189860.0
Under 1 Day (Number),group,monthly,2009-09,176424.0
Under 1 Day (Number),group,monthly,2009-10,189146.0
Under 1 Day (Number),group,monthly,2009-11,194621.0
Under 1 Day (Number),group,monthly,2009-12,211391.0
Under 1 Day (Number),group,monthly,2010-01,217050.0
Under 1 Day (Number),group,monthly,2010-02,205529.0
Under 1 Day (Number),group,monthly,2010-03,212403.0
Under 1 Day (Number),group,monthly,2010-04,210528.0
Under 1 Day (Number),group,monthly,2010-05,192020.0
Under 1 Day (Number),group,monthly,2010-06,189011.0
Under 1 Day (Number),group,monthly,2010-07,218123.0
Under 1 Day (Number),group,monthly,2010-08,207424.0
Under 1 Day (Number),group,monthly,2010-09,201235.0
Under 1 Day (Number),group,monthly,2010-10,202673.0
Under 1 Day (Number),group,monthly,2010-11,200986.0
Under 1 Day (Number),group,monthly,2010-12,223547.0
Under 1 Day (Number),group,monthly,2011-01,233560.0
Under 1 Day (Number),group,monthly,2011-02,211345.0
Under 1 Day (Number),group,monthly,2011-03,228527.0
Under 1 Day (Number),group,monthly,2011-04,233547.0
Under 1 Day (Number),group,monthly,2011-05,219823.0
Under 1 Day (Number),group,monthly,2011-06,212865.0
Under 1 Day (Number),group,monthly,2011-07,248803.0
Under 1 Day (Number),group,monthly,2011-08,248222.0
Under 1 Day (Number),group,monthly,2011-09,229753.0
Under 1 Day (Number),group,monthly,2011-10,235132.0
Under 1 Day (Number),group,monthly,2011-11,227447.0
Under 1 Day (Number),group,monthly,2011-12,252068.0
Under 1 Day (Number),group,monthly,2012-01,284146.0
Under 1 Day (Number),group,monthly,2012-02,267702.0
Under 1 Day (Number),group,monthly,2012-03,305720.0
Under 1 Day (Number),group,monthly,2012-04,280762.0
Under 1 Day (Number),group,monthly,2012-05,260872.0
Under 1 Day (Number),group,monthly,2012-06,259112.0
Under 1 Day (Number),group,monthly,2012-07,278803.0
Under 1 Day (Number),group,monthly,2012-08,305689.0
Under 1 Day (Number),group,monthly,2012-09,245782.0
Under 1 Day (Number),group,monthly,2012-10,283732.0
Under 1 Day (Number),group,monthly,2012-11,306911.0
Under 1 Day (Number),group,monthly,2012-12,318587.0
Under 1 Day (Number),group,monthly,2013-01,322062.0
Under 1 Day (Number),group,monthly,2013-02,309304.0
Under 1 Day (Number),group,monthly,2013-03,343747.0
Under 1 Day (Number),group,monthly,2013-04,319077.0
Under 1 Day (Number),group,monthly,2013-05,311912.0
Under 1 Day (Number),group,monthly,2013-06,300027.0
Under 1 Day (Number),group,monthly,2013-07,311258.0
Under 1 Day (Number),group,monthly,2013-08,338497.0
Under 1 Day (Number),group,monthly,2013-09,272390.0
Under 1 Day (Number),group,monthly,2013-10,257166.0
Under 1 Day (Number),group,monthly,2013-11,279979.0
Under 1 Day (Number),group,monthly,2013-12,304049.0
Under 1 Day (Number),group,monthly,2014-01,313676.0
Under 1 Day (Number),group,monthly,2014-02,297363.0
Under 1 Day (Number),group,monthly,2014-03,298828.0
Under 1 Day (Number),group,monthly,2014-04,266510.0
Under 1 Day (Number),group,monthly,2014-05,248252.0
Under 1 Day (Number),group,monthly,2014-06,242100.0
Under 1 Day (Number),group,monthly,2014-07,269003.0
Under 1 Day (Number),group,monthly,2014-08,270892.0
Under 1 Day (Number),group,monthly,2014-09,228842.0
Under 1 Day (Number),group,monthly,2014-10,248470.0
Under 1 Day (Number),group,monthly,2014-11,252368.0
Under 1 Day (Number),group,monthly,2014-12,294969.0
Under 1 Day (Number),group,monthly,2015-01,290026.0
Under 1 Day (Number),group,monthly,2015-02,259460.0
Under 1 Day (Number),group,monthly,2015-03,257811.0
Under 1 Day (Number),group,monthly,2015-04,251551.0
Under 1 Day (Number),group,monthly,2015-05,249643.0
Under 1 Day (Number),group,monthly,2015-06,235716.0
Under 1 Day (Number),group,monthly,2015-07,298310.0
Under 1 Day (Number),group,monthly,2015-08,274118.0
Under 1 Day (Number),group,monthly,2015-09,219030.0
Under 1 Day (Number),group,monthly,2015-10,253093.0
Under 1 Day (Number),group,monthly,2015-11,271110.0
Under 1 Day (Number),group,monthly,2015-12,319672.0
Under 1 Day (Number),group,monthly,2016-01,337969.0
Under 1 Day (Number),group,monthly,2016-02,299201.0
Under 1 Day (Number),group,monthly,2016-03,315103.0
Under 1 Day (Number),group,monthly,2016-04,301119.0
Under 1 Day (Number),group,monthly,2016-05,288203.0
Under 1 Day (Number),group,monthly,2016-06,253445.0
Under 1 Day (Number),group,monthly,2016-07,312952.0
Under 1 Day (Number),group,monthly,2016-08,284312.0
Under 1 Day (Number),group,monthly,2016-09,225665.0
Under 1 Day (Number),group,monthly,2016-10,259193.0
Under 1 Day (Number),group,monthly,2016-11,284864.0
Under 1 Day (Number),group,monthly,2016-12,327994.0
Under 1 Day (Number),group,monthly,2017-01,319250.0
Under 1 Day (Number),group,monthly,2017-02,293284.0
Under 1 Day (Number),group,monthly,2017-03,316273.0
Under 1 Day (Number),group,monthly,2017-04,295215.0
Under 1 Day (Number),group,monthly,2017-05,265333.0
Under 1 Day (Number),group,monthly,2017-06,270337.0
Under 1 Day (Number),group,monthly,2017-07,296939.0
Under 1 Day (Number),group,monthly,2017-08,280542.0
Under 1 Day (Number),group,monthly,2017-09,264665.0
Under 1 Day (Number),group,monthly,2017-10,287456.0
Under 1 Day (Number),group,monthly,2017-11,301021.0
Under 1 Day (Number),group,monthly,2017-12,330941.0
Under 1 Day (Number),group,monthly,2018-01,346688.0
Under 1 Day (Number),group,monthly,2018-02,314178.0
Under 1 Day (Number),group,monthly,2018-03,347925.0
Under 1 Day (Number),group,monthly,2018-04,326941.0
Under 1 Day (Number),group,monthly,2018-05,300213.0
Under 1 Day (Number),group,monthly,2018-06,321685.0
Under 1 Day (Number),group,monthly,2018-07,318888.0
Under 1 Day (Number),group,monthly,2018-08,315003.0
Under 1 Day (Number),group,monthly,2018-09,305857.0
Under 1 Day (Number),group,monthly,2018-10,309737.0
Under 1 Day (Number),group,monthly,2018-11,310477.0
Under 1 Day (Number),group,monthly,2018-12,317741.0
Under 1 Day (Number),group,monthly,2019-01,371496.0
Under 1 Day (Number),group,monthly,2019-02,319815.0
Under 1 Day (Number),group,monthly,2019-03,346186.0
Under 1 Day (Number),group,monthly,2019-04,332302.0
Under 1 Day (Number),group,monthly,2019-05,311731.0
Under 1 Day (Number),group,monthly,2019-06,321115.0
Under 1 Day (Number),group,monthly,2019-07,330110.0
Under 1 Day (Number),group,monthly,2019-08,325444.0
Under 1 Day (Number),group,monthly,2019-09,301226.0
Under 1 Day (Number),group,monthly,2019-10,320967.0
Under 1 Day (Number),group,monthly,2019-11,333388.0
Under 1 Day (Number),group,monthly,2019-12,383015.0
Under 1 Day (Number),group,monthly,2020-01,387191.0
Under 1 Day (Number),group,monthly,2020-02,200386.0
Under 1 Day (Number),group,monthly,2020-03,64518.0
Under 1 Day (Number),group,monthly,2020-04,229.0
Under 1 Day (Number),group,monthly,2020-05,249.0
Under 1 Day (Number),group,monthly,2020-06,324.0
Under 1 Day (Number),group,monthly,2020-07,319.0
Under 1 Day (Number),group,monthly,2020-08,455.0
Under 1 Day (Number),group,monthly,2020-09,688.0
Under 1 Day (Number),group,monthly,2020-10,742.0
Under 1 Day (Number),group,monthly,2020-11,736.0
Under 1 Day (Number),group,monthly,2020-12,700.0
Under 1 Day (Number),group,monthly,2021-01,522.0
Under 1 Day (Number),group,monthly,2021-02,508.0
Under 1 Day (Number),group,monthly,2021-03,671.0
Under 1 Day (Number),group,monthly,2021-04,530.0
Under 1 Day (Number),group,monthly,2021-05,371.0
Under 1 Day (Number),group,monthly,2021-06,230.0
Under 1 Day (Number),group,monthly,2021-07,229.0
Under 1 Day (Number),group,monthly,2021-08,221.0
Under 1 Day (Number),group,monthly,2021-09,271.0
Under 1 Day (Number),group,monthly,2021-10,342.0
Under 1 Day (Number),group,monthly,2021-11,347.0
Under 1 Day (Number),group,monthly,2021-12,371.0
Under 1 Day (Number),group,monthly,2022-01,371.0
Under 1 Day (Number),group,monthly,2022-02,473.0
Under 1 Day (Number),group,monthly,2022-03,1541.0
Under 1 Day (Number),group,monthly,2022-04,20852.0
Under 1 Day (Number),group,monthly,2022-05,47802.0
Under 1 Day (Number),group,monthly,2022-06,70617.0
Under 1 Day (Number),group,monthly,2022-07,108581.0
Under 1 Day (Number),group,monthly,2022-08,125981.0
Under 1 Day (Number),group,monthly,2022-09,134931.0
Under 1 Day (Number),group,monthly,2022-10,136801.0
Under 1 Day (Number),group,monthly,2022-11,146631.0
Under 1 Day (Number),group,monthly,2022-12,166760.0
Under 1 Day (Number),group,monthly,2023-01,211952.0
Under 1 Day (Number),group,monthly,2023-02,206531.0
Under 1 Day (Number),group,monthly,2023-03,213290.0
Under 1 Day (Number),group,monthly,2023-04,233128.0
Under 1 Day (Number),group,monthly,2023-05,228794.0
Under 1 Day (Number),group,monthly,2023-06,213730.0
Under 1 Day (Number),group,monthly,2023-07,269994.0
Under 1 Day (Number),group,monthly,2023-08,248805.0
Under 1 Day (Number),group,monthly,2023-09,227788.0
Under 1 Day (Number),group,monthly,2023-10,236035.0
Under 1 Day (Number),group,monthly,2023-11,240351.0
Under 1 Day (Number),group,monthly,2023-12,259568.0
Under 1 Day (Number),group,monthly,2024-01,318829.0
Under 1 Day (Number),group,monthly,2024-02,323443.0
Under 1 Day (Number),group,monthly,2024-03,302921.0
Under 1 Day (Number),group,monthly,2024-04,297949.0
Under 1 Day (Number),group,monthly,2024-05,265610.0
Under 1 Day (Number),group,monthly,2024-06,255957.0
Under 1 Day (Number),group,monthly,2024-07,310267.0
Under 1 Day (Number),group,monthly,2024-08,304266.0
Under 1 Day (Number),group,monthly,2024-09,272589.0
Under 1 Day (Number),group,monthly,2024-10,276016.0
Under 1 Day (Number),group,monthly,2024-11,265563.0
Under 1 Day (Number),group,monthly,2024-12,307991.0
Under 1 Day (Number),group,monthly,2025-01,372792.0
Under 1 Day (Number),group,monthly,2025-02,338692.0
Under 1 Day (Number),group,monthly,2025-03,299495.0
Under 1 Day (Number),group,monthly,2025-04,338828.0
Under 1 Day (Number),group,monthly,2025-05,289047.0
Under 1 Day (Number),group,monthly,2025-06,289602.0
Under 1 Day (Number),group,monthly,2025-07,346672.0
Under 1 Day (Number),group,monthly,2025-08,332444.0
Under 1 Day (Number),group,monthly,2025-09,292016.0
Under 1 Day (Number),group,monthly,2025-10,305670.0
Under 1 Day (Number),group,monthly,2025-11,294391.0
Under 1 Day (Number),group,monthly,2025-12,287914.0
Under 1 Day (Number),group,monthly,2026-01,380004.0
Under 1 Day (Number),group,monthly,2026-02,349542.0
Under 1 Day (Number),group,monthly,2026-03,370452.0
Under 1 Day (Number),group,monthly,2026-04,324454.0
Under 1 Day (Number),group,monthly,2026-05,298504.0
Under 1 Day (Number),group,monthly,2026-06,282049.0
1 Day (Number),group,annual,2008,2042618.0
1 Day (Number),group,annual,2009,1907351.0
1 Day (Number),group,annual,2010,2188401.0
1 Day (Number),group,annual,2011,2464014.0
1 Day (Number),group,annual,2012,2786703.0
1 Day (Number),group,annual,2013,3065161.0
1 Day (Number),group,annual,2014,2627132.0
1 Day (Number),group,annual,2015,2729678.0
1 Day (Number),group,annual,2016,3194120.0
1 Day (Number),group,annual,2017,3481768.0
1 Day (Number),group,annual,2018,3623436.0
1 Day (Number),group,annual,2019,3667917.0
1 Day (Number),group,annual,2020,476855.0
1 Day (Number),group,annual,2021,1554.0
1 Day (Number),group,annual,2022,728475.0
1 Day (Number),group,annual,2023,2015672.0
1 Day (Number),group,annual,2024,2688281.0
1 Day (Number),group,annual,2025,2628563.0
11-14 Days (Number),group,annual,2008,187870.0
11-14 Days (Number),group,annual,2009,180572.0
11-14 Days (Number),group,annual,2010,204698.0
11-14 Days (Number),group,annual,2011,220096.0
11-14 Days (Number),group,annual,2012,221234.0
11-14 Days (Number),group,annual,2013,229503.0
11-14 Days (Number),group,annual,2014,236072.0
11-14 Days (Number),group,annual,2015,235937.0
11-14 Days (Number),group,annual,2016,232423.0
11-14 Days (Number),group,annual,2017,237865.0
11-14 Days (Number),group,annual,2018,247358.0
11-14 Days (Number),group,annual,2019,254673.0
11-14 Days (Number),group,annual,2020,54506.0
11-14 Days (Number),group,annual,2021,9670.0
11-14 Days (Number),group,annual,2022,157751.0
11-14 Days (Number),group,annual,2023,230827.0
11-14 Days (Number),group,annual,2024,251982.0
11-14 Days (Number),group,annual,2025,251308.0
15-29 Days (Number),group,annual,2008,304554.0
15-29 Days (Number),group,annual,2009,297891.0
15-29 Days (Number),group,annual,2010,352655.0
15-29 Days (Number),group,annual,2011,373692.0
15-29 Days (Number),group,annual,2012,387514.0
15-29 Days (Number),group,annual,2013,408159.0
15-29 Days (Number),group,annual,2014,438632.0
15-29 Days (Number),group,annual,2015,415627.0
15-29 Days (Number),group,annual,2016,396506.0
15-29 Days (Number),group,annual,2017,393185.0
15-29 Days (Number),group,annual,2018,396682.0
15-29 Days (Number),group,annual,2019,413372.0
15-29 Days (Number),group,annual,2020,93477.0
15-29 Days (Number),group,annual,2021,24670.0
15-29 Days (Number),group,annual,2022,228577.0
15-29 Days (Number),group,annual,2023,333361.0
15-29 Days (Number),group,annual,2024,389504.0
15-29 Days (Number),group,annual,2025,401945.0
2 Days (Number),group,annual,2008,1604872.0
2 Days (Number),group,annual,2009,1589921.0
2 Days (Number),group,annual,2010,1961054.0
2 Days (Number),group,annual,2011,2225661.0
2 Days (Number),group,annual,2012,2358745.0
2 Days (Number),group,annual,2013,2565380.0
2 Days (Number),group,annual,2014,2572346.0
2 Days (Number),group,annual,2015,2494439.0
2 Days (Number),group,annual,2016,2631041.0
2 Days (Number),group,annual,2017,2780537.0
2 Days (Number),group,annual,2018,2878519.0
2 Days (Number),group,annual,2019,2953313.0
2 Days (Number),group,annual,2020,424119.0
2 Days (Number),group,annual,2021,2805.0
2 Days (Number),group,annual,2022,796426.0
2 Days (Number),group,annual,2023,2018095.0
2 Days (Number),group,annual,2024,2491578.0
2 Days (Number),group,annual,2025,2516930.0
3 Days (Number),group,annual,2008,1184379.0
3 Days (Number),group,annual,2009,1225355.0
3 Days (Number),group,annual,2010,1636199.0
3 Days (Number),group,annual,2011,1954832.0
3 Days (Number),group,annual,2012,2058560.0
3 Days (Number),group,annual,2013,2156892.0
3 Days (Number),group,annual,2014,2265362.0
3 Days (Number),group,annual,2015,2274847.0
3 Days (Number),group,annual,2016,2406472.0
3 Days (Number),group,annual,2017,2609231.0
3 Days (Number),group,annual,2018,2771851.0
3 Days (Number),group,annual,2019,2866768.0
3 Days (Number),group,annual,2020,413544.0
3 Days (Number),group,annual,2021,3166.0
3 Days (Number),group,annual,2022,915919.0
3 Days (Number),group,annual,2023,2105369.0
3 Days (Number),group,annual,2024,2538700.0
3 Days (Number),group,annual,2025,2589970.0
30-59 Days (Number),group,annual,2008,137361.0
30-59 Days (Number),group,annual,2009,130275.0
30-59 Days (Number),group,annual,2010,130667.0
30-59 Days (Number),group,annual,2011,133536.0
30-59 Days (Number),group,annual,2012,137525.0
30-59 Days (Number),group,annual,2013,141287.0
30-59 Days (Number),group,annual,2014,140909.0
30-59 Days (Number),group,annual,2015,117063.0
30-59 Days (Number),group,annual,2016,110952.0
30-59 Days (Number),group,annual,2017,106846.0
30-59 Days (Number),group,annual,2018,106799.0
30-59 Days (Number),group,annual,2019,111332.0
30-59 Days (Number),group,annual,2020,30970.0
30-59 Days (Number),group,annual,2021,8415.0
30-59 Days (Number),group,annual,2022,83639.0
30-59 Days (Number),group,annual,2023,106919.0
30-59 Days (Number),group,annual,2024,100933.0
30-59 Days (Number),group,annual,2025,97393.0
4 Days (Number),group,annual,2008,635640.0
4 Days (Number),group,annual,2009,643047.0
4 Days (Number),group,annual,2010,874475.0
4 Days (Number),group,annual,2011,1045018.0
4 Days (Number),group,annual,2012,1094447.0
4 Days (Number),group,annual,2013,1170409.0
4 Days (Number),group,annual,2014,1286486.0
4 Days (Number),group,annual,2015,1370187.0
4 Days (Number),group,annual,2016,1470270.0
4 Days (Number),group,annual,2017,1617347.0
4 Days (Number),group,annual,2018,1756883.0
4 Days (Number),group,annual,2019,1866024.0
4 Days (Number),group,annual,2020,268598.0
4 Days (Number),group,annual,2021,3741.0
4 Days (Number),group,annual,2022,641959.0
4 Days (Number),group,annual,2023,1435373.0
4 Days (Number),group,annual,2024,1721032.0
4 Days (Number),group,annual,2025,1710627.0
5 Days (Number),group,annual,2008,361960.0
5 Days (Number),group,annual,2009,354409.0
5 Days (Number),group,annual,2010,469802.0
5 Days (Number),group,annual,2011,534996.0
5 Days (Number),group,annual,2012,559976.0
5 Days (Number),group,annual,2013,592991.0
5 Days (Number),group,annual,2014,659512.0
5 Days (Number),group,annual,2015,707376.0
5 Days (Number),group,annual,2016,780958.0
5 Days (Number),group,annual,2017,868877.0
5 Days (Number),group,annual,2018,959404.0
5 Days (Number),group,annual,2019,1042221.0
5 Days (Number),group,annual,2020,153485.0
5 Days (Number),group,annual,2021,3492.0
5 Days (Number),group,annual,2022,387222.0
5 Days (Number),group,annual,2023,803046.0
5 Days (Number),group,annual,2024,935361.0
5 Days (Number),group,annual,2025,927418.0
6 Days (Number),group,annual,2008,234338.0
6 Days (Number),group,annual,2009,227671.0
6 Days (Number),group,annual,2010,289053.0
6 Days (Number),group,annual,2011,321552.0
6 Days (Number),group,annual,2012,333623.0
6 Days (Number),group,annual,2013,353345.0
6 Days (Number),group,annual,2014,388460.0
6 Days (Number),group,annual,2015,398587.0
6 Days (Number),group,annual,2016,433629.0
6 Days (Number),group,annual,2017,491052.0
6 Days (Number),group,annual,2018,527798.0
6 Days (Number),group,annual,2019,575557.0
6 Days (Number),group,annual,2020,86341.0
6 Days (Number),group,annual,2021,3023.0
6 Days (Number),group,annual,2022,251313.0
6 Days (Number),group,annual,2023,467897.0
6 Days (Number),group,annual,2024,527880.0
6 Days (Number),group,annual,2025,527534.0
60 Days & Over (Number),group,annual,2008,55091.0
60 Days & Over (Number),group,annual,2009,49346.0
60 Days & Over (Number),group,annual,2010,49795.0
60 Days & Over (Number),group,annual,2011,47944.0
60 Days & Over (Number),group,annual,2012,48670.0
60 Days & Over (Number),group,annual,2013,51071.0
60 Days & Over (Number),group,annual,2014,50663.0
60 Days & Over (Number),group,annual,2015,46730.0
60 Days & Over (Number),group,annual,2016,44935.0
60 Days & Over (Number),group,annual,2017,40984.0
60 Days & Over (Number),group,annual,2018,40486.0
60 Days & Over (Number),group,annual,2019,42313.0
60 Days & Over (Number),group,annual,2020,26987.0
60 Days & Over (Number),group,annual,2021,13218.0
60 Days & Over (Number),group,annual,2022,42495.0
60 Days & Over (Number),group,annual,2023,41742.0
60 Days & Over (Number),group,annual,2024,45273.0
60 Days & Over (Number),group,annual,2025,36810.0
7 Days (Number),group,annual,2008,172602.0
7 Days (Number),group,annual,2009,171090.0
7 Days (Number),group,annual,2010,204331.0
7 Days (Number),group,annual,2011,226757.0
7 Days (Number),group,annual,2012,232376.0
7 Days (Number),group,annual,2013,245887.0
7 Days (Number),group,annual,2014,264552.0
7 Days (Number),group,annual,2015,270660.0
7 Days (Number),group,annual,2016,286381.0
7 Days (Number),group,annual,2017,313814.0
7 Days (Number),group,annual,2018,334956.0
7 Days (Number),group,annual,2019,353377.0
7 Days (Number),group,annual,2020,57277.0
7 Days (Number),group,annual,2021,4209.0
7 Days (Number),group,annual,2022,192355.0
7 Days (Number),group,annual,2023,311802.0
7 Days (Number),group,annual,2024,336002.0
7 Days (Number),group,annual,2025,334362.0
8-10 Days (Number),group,annual,2008,243820.0
8-10 Days (Number),group,annual,2009,243788.0
8-10 Days (Number),group,annual,2010,285254.0
8-10 Days (Number),group,annual,2011,315303.0
8-10 Days (Number),group,annual,2012,320047.0
8-10 Days (Number),group,annual,2013,333569.0
8-10 Days (Number),group,annual,2014,351958.0
8-10 Days (Number),group,annual,2015,354571.0
8-10 Days (Number),group,annual,2016,361128.0
8-10 Days (Number),group,annual,2017,382470.0
8-10 Days (Number),group,annual,2018,398367.0
8-10 Days (Number),group,annual,2019,412975.0
8-10 Days (Number),group,annual,2020,77881.0
8-10 Days (Number),group,annual,2021,5897.0
8-10 Days (Number),group,annual,2022,249243.0
8-10 Days (Number),group,annual,2023,385668.0
8-10 Days (Number),group,annual,2024,405004.0
8-10 Days (Number),group,annual,2025,409373.0
Average Length Of Stay (Day),group,annual,2008,3.96
Average Length Of Stay (Day),group,annual,2009,3.96
Average Length Of Stay (Day),group,annual,2010,3.86
Average Length Of Stay (Day),group,annual,2011,3.73
Average Length Of Stay (Day),group,annual,2012,3.54
Average Length Of Stay (Day),group,annual,2013,3.48
Average Length Of Stay (Day),group,annual,2014,3.71
Average Length Of Stay (Day),group,annual,2015,3.61
Average Length Of Stay (Day),group,annual,2016,3.43
Average Length Of Stay (Day),group,annual,2017,3.38
Average Length Of Stay (Day),group,annual,2018,3.33
Average Length Of Stay (Day),group,annual,2019,3.36
Average Length Of Stay (Day),group,annual,2020,4.29
Average Length Of Stay (Day),group,annual,2021,22.42
Average Length Of Stay (Day),group,annual,2022,5.04
Average Length Of Stay (Day),group,annual,2023,3.79
Average Length Of Stay (Day),group,annual,2024,3.56
Average Length Of Stay (Day),group,annual,2025,3.48
"Average Length Of Stay, Year On Year Change (Per Cent)",group,annual,2009,0.2
"Average Length Of Stay, Year On Year Change (Per Cent)",group,annual,2010,-2.6
"Average Length Of Stay, Year On Year Change (Per Cent)",group,annual,2011,-3.4
"Average Length Of Stay, Year On Year Change (Per Cent)",group,annual,2012,-5.0
"Average Length Of Stay, Year On Year Change (Per Cent)",group,annual,2013,-1.7
"Average Length Of Stay, Year On Year Change (Per Cent)",group,annual,2014,6.6
"Average Length Of Stay, Year On Year Change (Per Cent)",group,annual,2015,-2.7
"Average Length Of Stay, Year On Year Change (Per Cent)",group,annual,2016,-5.1
"Average Length Of Stay, Year On Year Change (Per Cent)",group,annual,2017,-1.6
"Average Length Of Stay, Year On Year Change (Per Cent)",group,annual,2018,-1.4
"Average Length Of Stay, Year On Year Change (Per Cent)",group,annual,2019,0.8
"Average Length Of Stay, Year On Year Change (Per Cent)",group,annual,2020,27.8
"Average Length Of Stay, Year On Year Change (Per Cent)",group,annual,2021,422.9
"Average Length Of Stay, Year On Year Change (Per Cent)",group,annual,2022,-77.5
"Average Length Of Stay, Year On Year Change (Per Cent)",group,annual,2023,-24.8
"Average Length Of Stay, Year On Year Change (Per Cent)",group,annual,2024,-6.2
"Average Length Of Stay, Year On Year Change (Per Cent)",group,annual,2025,-2.1
Total International Visitor Arrivals (Number),total,annual,2008,9503139.0
Total International Visitor Arrivals (Number),total,annual,2009,9214944.0
Total International Visitor Arrivals (Number),total,annual,2010,11126913.0
Total International Visitor Arrivals (Number),total,annual,2011,12644493.0
Total International Visitor Arrivals (Number),total,annual,2012,13937238.0
Total International Visitor Arrivals (Number),total,annual,2013,14983122.0
Total International Visitor Arrivals (Number),total,annual,2014,14513357.0
Total International Visitor Arrivals (Number),total,annual,2015,14595242.0
Total International Visitor Arrivals (Number),total,annual,2016,15838835.0
Total International Visitor Arrivals (Number),total,annual,2017,16845232.0
Total International Visitor Arrivals (Number),total,annual,2018,17877872.0
Total International Visitor Arrivals (Number),total,annual,2019,18556637.0
Total International Visitor Arrivals (Number),total,annual,2020,2820577.0
Total International Visitor Arrivals (Number),total,annual,2021,88473.0
Total International Visitor Arrivals (Number),total,annual,2022,5636715.0
Total International Visitor Arrivals (Number),total,annual,2023,13045737.0
Total International Visitor Arrivals (Number),total,annual,2024,15932931.0
Total International Visitor Arrivals (Number),total,annual,2025,16219796.0
Under 1 Day (Number),group,annual,2008,2338034.0
Under 1 Day (Number),group,annual,2009,2194228.0
Under 1 Day (Number),group,annual,2010,2480529.0
Under 1 Day (Number),group,annual,2011,2781092.0
Under 1 Day (Number),group,annual,2012,3397818.0
Under 1 Day (Number),group,annual,2013,3669468.0
Under 1 Day (Number),group,annual,2014,3231273.0
Under 1 Day (Number),group,annual,2015,3179540.0
Under 1 Day (Number),group,annual,2016,3490020.0
Under 1 Day (Number),group,annual,2017,3521256.0
Under 1 Day (Number),group,annual,2018,3835333.0
Under 1 Day (Number),group,annual,2019,3996795.0
Under 1 Day (Number),group,annual,2020,656537.0
Under 1 Day (Number),group,annual,2021,4613.0
Under 1 Day (Number),group,annual,2022,961341.0
Under 1 Day (Number),group,annual,2023,2789966.0
Under 1 Day (Number),group,annual,2024,3501401.0
Under 1 Day (Number),group,annual,2025,3787563.0
