series,level,date,value
Africa,group,2008-01,9504
Africa,group,2008-02,5022
Africa,group,2008-03,7734
Africa,group,2008-04,7903
Africa,group,2008-05,5910
Africa,group,2008-06,6431
Africa,group,2008-07,8293
Africa,group,2008-08,8727
Africa,group,2008-09,6013
Africa,group,2008-10,7873
Africa,group,2008-11,6482
Africa,group,2008-12,10628
Africa,group,2009-01,6874
Africa,group,2009-02,4438
Africa,group,2009-03,5570
Africa,group,2009-04,6044
Africa,group,2009-05,5007
Africa,group,2009-06,5626
Africa,group,2009-07,7357
Africa,group,2009-08,6801
Africa,group,2009-09,5101
Africa,group,2009-10,6693
Africa,group,2009-11,6248
Africa,group,2009-12,10506
Africa,group,2010-01,7363
Africa,group,2010-02,4418
Africa,group,2010-03,5907
Africa,group,2010-04,6449
Africa,group,2010-05,4999
Africa,group,2010-06,5095
Africa,group,2010-07,6376
Africa,group,2010-08,6994
Africa,group,2010-09,5739
Africa,group,2010-10,6013
Africa,group,2010-11,5830
Africa,group,2010-12,10205
Africa,group,2011-01,7843
Africa,group,2011-02,3897
Africa,group,2011-03,5521
Africa,group,2011-04,6525
Africa,group,2011-05,4536
Africa,group,2011-06,5249
Africa,group,2011-07,7454
Africa,group,2011-08,5200
Africa,group,2011-09,5934
Africa,group,2011-10,6042
Africa,group,2011-11,5403
Africa,group,2011-12,9634
Africa,group,2012-01,6107
Africa,group,2012-02,4508
Africa,group,2012-03,5855
Africa,group,2012-04,6211
Africa,group,2012-05,4451
Africa,group,2012-06,5083
Africa,group,2012-07,5809
Africa,group,2012-08,5106
Africa,group,2012-09,5498
Africa,group,2012-10,4910
Africa,group,2012-11,5397
Africa,group,2012-12,8884
Africa,group,2013-01,6338
Africa,group,2013-02,3659
Africa,group,2013-03,5755
Africa,group,2013-04,5056
Africa,group,2013-05,4506
Africa,group,2013-06,5298
Africa,group,2013-07,5242
Africa,group,2013-08,5357
Africa,group,2013-09,5852
Africa,group,2013-10,4917
Africa,group,2013-11,4932
Africa,group,2013-12,9575
Africa,group,2014-01,5729
Africa,group,2014-02,4238
Africa,group,2014-03,4948
Africa,group,2014-04,6291
Africa,group,2014-05,4305
Africa,group,2014-06,4382
Africa,group,2014-07,5435
Africa,group,2014-08,6468
Africa,group,2014-09,4846
Africa,group,2014-10,4191
Africa,group,2014-11,5507
Africa,group,2014-12,9594
Africa,group,2015-01,6377
Africa,group,2015-02,3562
Africa,group,2015-03,5138
Africa,group,2015-04,6410
Africa,group,2015-05,4663
Africa,group,2015-06,4051
Africa,group,2015-07,5383
Africa,group,2015-08,6102
Africa,group,2015-09,5206
Africa,group,2015-10,5857
Africa,group,2015-11,5417
Africa,group,2015-12,9136
Africa,group,2016-01,6364
Africa,group,2016-02,3591
Africa,group,2016-03,6045
Africa,group,2016-04,6308
Africa,group,2016-05,4941
Africa,group,2016-06,3932
Africa,group,2016-07,6165
Africa,group,2016-08,6478
Africa,group,2016-09,5308
Africa,group,2016-10,6015
Africa,group,2016-11,6478
Africa,group,2016-12,10784
Africa,group,2017-01,7040
Africa,group,2017-02,4403
Africa,group,2017-03,5566
Africa,group,2017-04,7195
Africa,group,2017-05,4787
Africa,group,2017-06,4427
Africa,group,2017-07,6948
Africa,group,2017-08,6979
Africa,group,2017-09,5451
Africa,group,2017-10,5627
Africa,group,2017-11,6705
Africa,group,2017-12,11583
Africa,group,2018-01,7433
Africa,group,2018-02,4715
Africa,group,2018-03,6648
Africa,group,2018-04,7346
Africa,group,2018-05,4851
Africa,group,2018-06,5287
Africa,group,2018-07,8256
Africa,group,2018-08,7834
Africa,group,2018-09,6146
Africa,group,2018-10,6129
Africa,group,2018-11,6088
Africa,group,2018-12,13072
Africa,group,2019-01,7083
Africa,group,2019-02,4480
Africa,group,2019-03,6106
Africa,group,2019-04,7247
Africa,group,2019-05,4961
Africa,group,2019-06,6787
Africa,group,2019-07,7548
Africa,group,2019-08,8289
Africa,group,2019-09,7961
Africa,group,2019-10,6697
Africa,group,2019-11,7472
Africa,group,2019-12,16335
Africa,group,2020-01,9271
Africa,group,2020-02,3435
Africa,group,2020-03,1381
Africa,group,2020-04,3
Africa,group,2020-05,1
Africa,group,2020-06,9
Africa,group,2020-07,19
Africa,group,2020-08,55
Africa,group,2020-09,41
Africa,group,2020-10,49
Africa,group,2020-11,39
Africa,group,2020-12,61
Africa,group,2021-01,42
Africa,group,2021-02,35
Africa,group,2021-03,36
Africa,group,2021-04,35
Africa,group,2021-05,44
Africa,group,2021-06,8
Africa,group,2021-07,31
Africa,group,2021-08,54
Africa,group,2021-09,43
Africa,group,2021-10,71
Africa,group,2021-11,79
Africa,group,2021-12,74
Africa,group,2022-01,114
Africa,group,2022-02,58
Africa,group,2022-03,129
Africa,group,2022-04,814
Africa,group,2022-05,1300
Africa,group,2022-06,2184
Africa,group,2022-07,2582
Africa,group,2022-08,2903
Africa,group,2022-09,3713
Africa,group,2022-10,3738
Africa,group,2022-11,4266
Africa,group,2022-12,6334
Africa,group,2023-01,4182
Africa,group,2023-02,4073
Africa,group,2023-03,4300
Africa,group,2023-04,4812
Africa,group,2023-05,4515
Africa,group,2023-06,4575
Africa,group,2023-07,5926
Africa,group,2023-08,6132
Africa,group,2023-09,5582
Africa,group,2023-10,5233
Africa,group,2023-11,4995
Africa,group,2023-12,8874
Africa,group,2024-01,6104
Africa,group,2024-02,3973
Africa,group,2024-03,5175
Africa,group,2024-04,4851
Africa,group,2024-05,6689
Africa,group,2024-06,5393
Africa,group,2024-07,6104
Africa,group,2024-08,7027
Africa,group,2024-09,6193
Africa,group,2024-10,5324
Africa,group,2024-11,5659
Africa,group,2024-12,11486
Africa,group,2025-01,6525
Africa,group,2025-02,4378
Africa,group,2025-03,4662
Africa,group,2025-04,6784
Africa,group,2025-05,5653
Africa,group,2025-06,5509
Africa,group,2025-07,8690
Africa,group,2025-08,9569
Africa,group,2025-09,6714
Africa,group,2025-10,8340
Africa,group,2025-11,7634
Africa,group,2025-12,14136
Africa,group,2026-01,7717
Africa,group,2026-02,4571
Africa,group,2026-03,5866
Africa,group,2026-04,7611
Africa,group,2026-05,6344
Africa,group,2026-06,6519
Americas,group,2008-01,47540
Americas,group,2008-02,42718
Americas,group,2008-03,50240
Americas,group,2008-04,39477
Americas,group,2008-05,38871
Americas,group,2008-06,42579
Americas,group,2008-07,48591
Americas,group,2008-08,40453
Americas,group,2008-09,31823
Americas,group,2008-10,41640
Americas,group,2008-11,40132
Americas,group,2008-12,41347
Americas,group,2009-01,38044
Americas,group,2009-02,35014
Americas,group,2009-03,41421
Americas,group,2009-04,36347
Americas,group,2009-05,33982
Americas,group,2009-06,39140
Americas,group,2009-07,45315
Americas,group,2009-08,40065
Americas,group,2009-09,30958
Americas,group,2009-10,41428
Americas,group,2009-11,43839
Americas,group,2009-12,42170
Americas,group,2010-01,44900
Americas,group,2010-02,39669
Americas,group,2010-03,46657
Americas,group,2010-04,43034
Americas,group,2010-05,40131
Americas,group,2010-06,46349
Americas,group,2010-07,50467
Americas,group,2010-08,44148
Americas,group,2010-09,34775
Americas,group,2010-10,45972
Americas,group,2010-11,43978
Americas,group,2010-12,44765
Americas,group,2011-01,49308
Americas,group,2011-02,43634
Americas,group,2011-03,56454
Americas,group,2011-04,45449
Americas,group,2011-05,43167
Americas,group,2011-06,47880
Americas,group,2011-07,53651
Americas,group,2011-08,43227
Americas,group,2011-09,37354
Americas,group,2011-10,47929
Americas,group,2011-11,48158
Americas,group,2011-12,47529
Americas,group,2012-01,51653
Americas,group,2012-02,54048
Americas,group,2012-03,60074
Americas,group,2012-04,47323
Americas,group,2012-05,46711
Americas,group,2012-06,52552
Americas,group,2012-07,55947
Americas,group,2012-08,46622
Americas,group,2012-09,41010
Americas,group,2012-10,50635
Americas,group,2012-11,52501
Americas,group,2012-12,57292
Americas,group,2013-01,61382
Americas,group,2013-02,54112
Americas,group,2013-03,62006
Americas,group,2013-04,52338
Americas,group,2013-05,47760
Americas,group,2013-06,56119
Americas,group,2013-07,56981
Americas,group,2013-08,49860
Americas,group,2013-09,43109
Americas,group,2013-10,50079
Americas,group,2013-11,51911
Americas,group,2013-12,55788
Americas,group,2014-01,60370
Americas,group,2014-02,58987
Americas,group,2014-03,66875
Americas,group,2014-04,48811
Americas,group,2014-05,46359
Americas,group,2014-06,50633
Americas,group,2014-07,54556
Americas,group,2014-08,47977
Americas,group,2014-09,42437
Americas,group,2014-10,47969
Americas,group,2014-11,52340
Americas,group,2014-12,57955
Americas,group,2015-01,64780
Americas,group,2015-02,57924
Americas,group,2015-03,64764
Americas,group,2015-04,49143
Americas,group,2015-05,48014
Americas,group,2015-06,55325
Americas,group,2015-07,56521
Americas,group,2015-08,49942
Americas,group,2015-09,42354
Americas,group,2015-10,52973
Americas,group,2015-11,55155
Americas,group,2015-12,60391
Americas,group,2016-01,66988
Americas,group,2016-02,58800
Americas,group,2016-03,63521
Americas,group,2016-04,52570
Americas,group,2016-05,50578
Americas,group,2016-06,56233
Americas,group,2016-07,59258
Americas,group,2016-08,48661
Americas,group,2016-09,42901
Americas,group,2016-10,53083
Americas,group,2016-11,60401
Americas,group,2016-12,67650
Americas,group,2017-01,72376
Americas,group,2017-02,68575
Americas,group,2017-03,72468
Americas,group,2017-04,55814
Americas,group,2017-05,54290
Americas,group,2017-06,64461
Americas,group,2017-07,66833
Americas,group,2017-08,53414
Americas,group,2017-09,48313
Americas,group,2017-10,54388
Americas,group,2017-11,74042
Americas,group,2017-12,73679
Americas,group,2018-01,81781
Americas,group,2018-02,76079
Americas,group,2018-03,85412
Americas,group,2018-04,69578
Americas,group,2018-05,62094
Americas,group,2018-06,70116
Americas,group,2018-07,76827
Americas,group,2018-08,60752
Americas,group,2018-09,56056
Americas,group,2018-10,62266
Americas,group,2018-11,75548
Americas,group,2018-12,85208
Americas,group,2019-01,92393
Americas,group,2019-02,77043
Americas,group,2019-03,91115
Americas,group,2019-04,75440
Americas,group,2019-05,69238
Americas,group,2019-06,81305
Americas,group,2019-07,88663
Americas,group,2019-08,71328
Americas,group,2019-09,64342
Americas,group,2019-10,68654
Americas,group,2019-11,82972
Americas,group,2019-12,100218
Americas,group,2020-01,98790
Americas,group,2020-02,53615
Americas,group,2020-03,15567
Americas,group,2020-04,13
Americas,group,2020-05,38
Americas,group,2020-06,153
Americas,group,2020-07,443
Americas,group,2020-08,506
Americas,group,2020-09,443
Americas,group,2020-10,506
Americas,group,2020-11,522
Americas,group,2020-12,656
Americas,group,2021-01,669
Americas,group,2021-02,523
Americas,group,2021-03,582
Americas,group,2021-04,684
Americas,group,2021-05,342
Americas,group,2021-06,245
Americas,group,2021-07,777
Americas,group,2021-08,1001
Americas,group,2021-09,867
Americas,group,2021-10,1092
Americas,group,2021-11,2231
Americas,group,2021-12,4590
Americas,group,2022-01,2928
Americas,group,2022-02,4442
Americas,group,2022-03,6521
Americas,group,2022-04,14729
Americas,group,2022-05,25106
Americas,group,2022-06,36723
Americas,group,2022-07,47365
Americas,group,2022-08,44100
Americas,group,2022-09,46342
Americas,group,2022-10,49922
Americas,group,2022-11,61086
Americas,group,2022-12,67342
Americas,group,2023-01,67902
Americas,group,2023-02,72702
Americas,group,2023-03,73624
Americas,group,2023-04,61029
Americas,group,2023-05,70426
Americas,group,2023-06,70361
Americas,group,2023-07,81637
Americas,group,2023-08,62996
Americas,group,2023-09,62765
Americas,group,2023-10,60726
Americas,group,2023-11,80020
Americas,group,2023-12,83791
Americas,group,2024-01,84236
Americas,group,2024-02,81005
Americas,group,2024-03,85427
Americas,group,2024-04,68988
Americas,group,2024-05,73314
Americas,group,2024-06,75679
Americas,group,2024-07,82707
Americas,group,2024-08,67753
Americas,group,2024-09,64689
Americas,group,2024-10,69879
Americas,group,2024-11,86005
Americas,group,2024-12,84452
Americas,group,2025-01,97422
Americas,group,2025-02,89921
Americas,group,2025-03,94760
Americas,group,2025-04,74503
Americas,group,2025-05,65892
Americas,group,2025-06,76490
Americas,group,2025-07,86787
Americas,group,2025-08,67200
Americas,group,2025-09,60482
Americas,group,2025-10,70842
Americas,group,2025-11,87880
Americas,group,2025-12,94886
Americas,group,2026-01,99809
Americas,group,2026-02,85810
Americas,group,2026-03,100338
Americas,group,2026-04,82301
Americas,group,2026-05,68019
Americas,group,2026-06,73490
Australia,item,2008-01,82778
Australia,item,2008-02,52457
Australia,item,2008-03,61681
Australia,item,2008-04,63079
Australia,item,2008-05,65901
Australia,item,2008-06,73802
Australia,item,2008-07,79776
Australia,item,2008-08,65465
Australia,item,2008-09,72816
Australia,item,2008-10,75866
Australia,item,2008-11,60257
Australia,item,2008-12,79278
Australia,item,2009-01,80008
Australia,item,2009-02,51144
Australia,item,2009-03,54821
Australia,item,2009-04,65046
Australia,item,2009-05,59136
Australia,item,2009-06,65796
Australia,item,2009-07,79439
Australia,item,2009-08,67152
Australia,item,2009-09,73407
Australia,item,2009-10,81622
Australia,item,2009-11,68570
Australia,item,2009-12,84158
Australia,item,2010-01,89584
Australia,item,2010-02,55364
Australia,item,2010-03,63659
Australia,item,2010-04,70079
Australia,item,2010-05,63517
Australia,item,2010-06,74597
Australia,item,2010-07,87289
Australia,item,2010-08,68222
Australia,item,2010-09,80293
Australia,item,2010-10,77097
Australia,item,2010-11,64152
Australia,item,2010-12,86705
Australia,item,2011-01,98023
Australia,item,2011-02,58135
Australia,item,2011-03,65885
Australia,item,2011-04,85297
Australia,item,2011-05,72365
Australia,item,2011-06,84371
Australia,item,2011-07,94690
Australia,item,2011-08,71953
Australia,item,2011-09,86076
Australia,item,2011-10,84509
Australia,item,2011-11,70012
Australia,item,2011-12,84723
Australia,item,2012-01,94946
Australia,item,2012-02,63878
Australia,item,2012-03,70960
Australia,item,2012-04,81927
Australia,item,2012-05,72641
Australia,item,2012-06,92951
Australia,item,2012-07,105570
Australia,item,2012-08,79292
Australia,item,2012-09,100891
Australia,item,2012-10,100138
Australia,item,2012-11,83972
Australia,item,2012-12,103207
Australia,item,2013-01,119592
Australia,item,2013-02,69470
Australia,item,2013-03,87652
Australia,item,2013-04,94285
Australia,item,2013-05,84444
Australia,item,2013-06,91231
Australia,item,2013-07,112743
Australia,item,2013-08,79221
Australia,item,2013-09,105179
Australia,item,2013-10,96454
Australia,item,2013-11,78324
Australia,item,2013-12,106584
Australia,item,2014-01,126119
Australia,item,2014-02,69119
Australia,item,2014-03,74578
Australia,item,2014-04,99811
Australia,item,2014-05,78280
Australia,item,2014-06,81558
Australia,item,2014-07,106641
Australia,item,2014-08,82448
Australia,item,2014-09,97642
Australia,item,2014-10,87565
Australia,item,2014-11,73262
Australia,item,2014-12,97855
Australia,item,2015-01,115584
Australia,item,2015-02,65009
Australia,item,2015-03,70708
Australia,item,2015-04,83497
Australia,item,2015-05,73965
Australia,item,2015-06,82755
Australia,item,2015-07,97583
Australia,item,2015-08,83063
Australia,item,2015-09,97071
Australia,item,2015-10,96340
Australia,item,2015-11,76369
Australia,item,2015-12,101624
Australia,item,2016-01,117073
Australia,item,2016-02,61900
Australia,item,2016-03,78701
Australia,item,2016-04,93320
Australia,item,2016-05,64175
Australia,item,2016-06,77805
Australia,item,2016-07,103689
Australia,item,2016-08,78888
Australia,item,2016-09,92210
Australia,item,2016-10,85395
Australia,item,2016-11,73308
Australia,item,2016-12,100849
Australia,item,2017-01,115930
Australia,item,2017-02,71416
Australia,item,2017-03,85040
Australia,item,2017-04,93927
Australia,item,2017-05,71970
Australia,item,2017-06,84840
Australia,item,2017-07,104873
Australia,item,2017-08,75171
Australia,item,2017-09,100987
Australia,item,2017-10,90940
Australia,item,2017-11,81822
Australia,item,2017-12,105085
Australia,item,2018-01,114846
Australia,item,2018-02,63229
Australia,item,2018-03,87152
Australia,item,2018-04,99046
Australia,item,2018-05,78210
Australia,item,2018-06,90665
Australia,item,2018-07,108107
Australia,item,2018-08,83185
Australia,item,2018-09,107933
Australia,item,2018-10,95096
Australia,item,2018-11,74827
Australia,item,2018-12,104928
Australia,item,2019-01,122672
Australia,item,2019-02,66199
Australia,item,2019-03,73841
Australia,item,2019-04,107503
Australia,item,2019-05,80476
Australia,item,2019-06,87793
Australia,item,2019-07,107383
Australia,item,2019-08,84023
Australia,item,2019-09,109506
Australia,item,2019-10,97092
Australia,item,2019-11,89052
Australia,item,2019-12,117796
Australia,item,2020-01,130626
Australia,item,2020-02,54791
Australia,item,2020-03,18736
Australia,item,2020-04,7
Australia,item,2020-05,16
Australia,item,2020-06,63
Australia,item,2020-07,131
Australia,item,2020-08,166
Australia,item,2020-09,155
Australia,item,2020-10,223
Australia,item,2020-11,438
Australia,item,2020-12,887
Australia,item,2021-01,579
Australia,item,2021-02,234
Australia,item,2021-03,274
Australia,item,2021-04,242
Australia,item,2021-05,250
Australia,item,2021-06,193
Australia,item,2021-07,289
Australia,item,2021-08,301
Australia,item,2021-09,278
Australia,item,2021-10,263
Australia,item,2021-11,1624
Australia,item,2021-12,5525
Australia,item,2022-01,3759
Australia,item,2022-02,4546
Australia,item,2022-03,7883
Australia,item,2022-04,27380
Australia,item,2022-05,31406
Australia,item,2022-06,50412
Australia,item,2022-07,68378
Australia,item,2022-08,56917
Australia,item,2022-09,83070
Australia,item,2022-10,73728
Australia,item,2022-11,69046
Australia,item,2022-12,89159
Australia,item,2023-01,102888
Australia,item,2023-02,72385
Australia,item,2023-03,74268
Australia,item,2023-04,92937
Australia,item,2023-05,79700
Australia,item,2023-06,90770
Australia,item,2023-07,98408
Australia,item,2023-08,80605
Australia,item,2023-09,104497
Australia,item,2023-10,88033
Australia,item,2023-11,88201
Australia,item,2023-12,112197
Australia,item,2024-01,124075
Australia,item,2024-02,79370
Australia,item,2024-03,90428
Australia,item,2024-04,96751
Australia,item,2024-05,79688
Australia,item,2024-06,88548
Australia,item,2024-07,105706
Australia,item,2024-08,82959
Australia,item,2024-09,110930
Australia,item,2024-10,100935
Australia,item,2024-11,92661
Australia,item,2024-12,122321
Australia,item,2025-01,141337
Australia,item,2025-02,85012
Australia,item,2025-03,81781
Australia,item,2025-04,116848
Australia,item,2025-05,90145
Australia,item,2025-06,90887
Australia,item,2025-07,121503
Australia,item,2025-08,84925
Australia,item,2025-09,107322
Australia,item,2025-10,116372
Australia,item,2025-11,103833
Australia,item,2025-12,127495
Australia,item,2026-01,140988
Australia,item,2026-02,80750
Australia,item,2026-03,90148
Australia,item,2026-04,115343
Australia,item,2026-05,83512
Australia,item,2026-06,95231
Bangladesh,item,2008-01,7252
Bangladesh,item,2008-02,6700
Bangladesh,item,2008-03,7986
Bangladesh,item,2008-04,7718
Bangladesh,item,2008-05,8495
Bangladesh,item,2008-06,8853
Bangladesh,item,2008-07,9581
Bangladesh,item,2008-08,8481
Bangladesh,item,2008-09,7914
Bangladesh,item,2008-10,8167
Bangladesh,item,2008-11,7379
Bangladesh,item,2008-12,7292
Bangladesh,item,2009-01,6209
Bangladesh,item,2009-02,6299
Bangladesh,item,2009-03,6699
Bangladesh,item,2009-04,6521
Bangladesh,item,2009-05,6427
Bangladesh,item,2009-06,7387
Bangladesh,item,2009-07,9521
Bangladesh,item,2009-08,7442
Bangladesh,item,2009-09,7105
Bangladesh,item,2009-10,8291
Bangladesh,item,2009-11,6735
Bangladesh,item,2009-12,8001
Bangladesh,item,2010-01,7762
Bangladesh,item,2010-02,5726
Bangladesh,item,2010-03,7747
Bangladesh,item,2010-04,7529
Bangladesh,item,2010-05,7704
Bangladesh,item,2010-06,8524
Bangladesh,item,2010-07,9373
Bangladesh,item,2010-08,7144
Bangladesh,item,2010-09,7942
Bangladesh,item,2010-10,7543
Bangladesh,item,2010-11,7439
Bangladesh,item,2010-12,7879
Bangladesh,item,2011-01,8228
Bangladesh,item,2011-02,6368
Bangladesh,item,2011-03,8133
Bangladesh,item,2011-04,7707
Bangladesh,item,2011-05,7830
Bangladesh,item,2011-06,7984
Bangladesh,item,2011-07,9038
Bangladesh,item,2011-08,7316
Bangladesh,item,2011-09,8866
Bangladesh,item,2011-10,8085
Bangladesh,item,2011-11,7610
Bangladesh,item,2011-12,8366
Bangladesh,item,2012-01,7250
Bangladesh,item,2012-02,7639
Bangladesh,item,2012-03,8951
Bangladesh,item,2012-04,9279
Bangladesh,item,2012-05,9231
Bangladesh,item,2012-06,9782
Bangladesh,item,2012-07,10330
Bangladesh,item,2012-08,9707
Bangladesh,item,2012-09,10030
Bangladesh,item,2012-10,9456
Bangladesh,item,2012-11,8922
Bangladesh,item,2012-12,10096
Bangladesh,item,2013-01,10584
Bangladesh,item,2013-02,7379
Bangladesh,item,2013-03,9617
Bangladesh,item,2013-04,9832
Bangladesh,item,2013-05,9611
Bangladesh,item,2013-06,10360
Bangladesh,item,2013-07,11364
Bangladesh,item,2013-08,10463
Bangladesh,item,2013-09,9589
Bangladesh,item,2013-10,9843
Bangladesh,item,2013-11,9899
Bangladesh,item,2013-12,10783
Bangladesh,item,2014-01,10428
Bangladesh,item,2014-02,9343
Bangladesh,item,2014-03,10721
Bangladesh,item,2014-04,9817
Bangladesh,item,2014-05,9853
Bangladesh,item,2014-06,11100
Bangladesh,item,2014-07,10108
Bangladesh,item,2014-08,11690
Bangladesh,item,2014-09,9486
Bangladesh,item,2014-10,10722
Bangladesh,item,2014-11,10027
Bangladesh,item,2014-12,11631
Bangladesh,item,2015-01,10923
Bangladesh,item,2015-02,7960
Bangladesh,item,2015-03,10186
Bangladesh,item,2015-04,9809
Bangladesh,item,2015-05,10447
Bangladesh,item,2015-06,9737
Bangladesh,item,2015-07,11793
Bangladesh,item,2015-08,10353
Bangladesh,item,2015-09,10159
Bangladesh,item,2015-10,10394
Bangladesh,item,2015-11,9272
Bangladesh,item,2015-12,11554
Bangladesh,item,2016-01,11151
Bangladesh,item,2016-02,8445
Bangladesh,item,2016-03,10845
Bangladesh,item,2016-04,10303
Bangladesh,item,2016-05,10700
Bangladesh,item,2016-06,8949
Bangladesh,item,2016-07,12303
Bangladesh,item,2016-08,9694
Bangladesh,item,2016-09,10081
Bangladesh,item,2016-10,10078
Bangladesh,item,2016-11,9830
Bangladesh,item,2016-12,10960
Bangladesh,item,2017-01,9712
Bangladesh,item,2017-02,8788
Bangladesh,item,2017-03,10218
Bangladesh,item,2017-04,8949
Bangladesh,item,2017-05,9548
Bangladesh,item,2017-06,9972
Bangladesh,item,2017-07,11416
Bangladesh,item,2017-08,9652
Bangladesh,item,2017-09,11277
Bangladesh,item,2017-10,9555
Bangladesh,item,2017-11,9023
Bangladesh,item,2017-12,12479
Bangladesh,item,2018-01,11716
Bangladesh,item,2018-02,9397
Bangladesh,item,2018-03,11243
Bangladesh,item,2018-04,10084
Bangladesh,item,2018-05,9341
Bangladesh,item,2018-06,11161
Bangladesh,item,2018-07,10784
Bangladesh,item,2018-08,11010
Bangladesh,item,2018-09,10074
Bangladesh,item,2018-10,11206
Bangladesh,item,2018-11,9001
Bangladesh,item,2018-12,11297
Bangladesh,item,2019-01,9960
Bangladesh,item,2019-02,9321
Bangladesh,item,2019-03,10894
Bangladesh,item,2019-04,11091
Bangladesh,item,2019-05,9595
Bangladesh,item,2019-06,13393
Bangladesh,item,2019-07,12564
Bangladesh,item,2019-08,11808
Bangladesh,item,2019-09,10698
Bangladesh,item,2019-10,12810
Bangladesh,item,2019-11,11040
Bangladesh,item,2019-12,13812
Bangladesh,item,2020-01,11631
Bangladesh,item,2020-02,6054
Bangladesh,item,2020-03,3738
Bangladesh,item,2020-04,4
Bangladesh,item,2020-05,1
Bangladesh,item,2020-06,11
Bangladesh,item,2020-07,3
Bangladesh,item,2020-08,35
Bangladesh,item,2020-09,36
Bangladesh,item,2020-10,52
Bangladesh,item,2020-11,65
Bangladesh,item,2020-12,267
Bangladesh,item,2021-01,1027
Bangladesh,item,2021-02,1203
Bangladesh,item,2021-03,2736
Bangladesh,item,2021-04,1700
Bangladesh,item,2021-05,32
Bangladesh,item,2021-06,3
Bangladesh,item,2021-07,1
Bangladesh,item,2021-08,2
Bangladesh,item,2021-09,385
Bangladesh,item,2021-10,1079
Bangladesh,item,2021-11,4170
Bangladesh,item,2021-12,5559
Bangladesh,item,2022-01,4893
Bangladesh,item,2022-02,3361
Bangladesh,item,2022-03,7480
Bangladesh,item,2022-04,7595
Bangladesh,item,2022-05,6352
Bangladesh,item,2022-06,7352
Bangladesh,item,2022-07,13119
Bangladesh,item,2022-08,10828
Bangladesh,item,2022-09,10694
Bangladesh,item,2022-10,10975
Bangladesh,item,2022-11,10481
Bangladesh,item,2022-12,9857
Bangladesh,item,2023-01,8789
Bangladesh,item,2023-02,8006
Bangladesh,item,2023-03,9711
Bangladesh,item,2023-04,9824
Bangladesh,item,2023-05,9529
Bangladesh,item,2023-06,9685
Bangladesh,item,2023-07,11100
Bangladesh,item,2023-08,11124
Bangladesh,item,2023-09,10240
Bangladesh,item,2023-10,10721
Bangladesh,item,2023-11,10118
Bangladesh,item,2023-12,11743
Bangladesh,item,2024-01,10333
Bangladesh,item,2024-02,8792
Bangladesh,item,2024-03,8616
Bangladesh,item,2024-04,11706
Bangladesh,item,2024-05,10960
Bangladesh,item,2024-06,12587
Bangladesh,item,2024-07,12234
Bangladesh,item,2024-08,11027
Bangladesh,item,2024-09,11473
Bangladesh,item,2024-10,12938
Bangladesh,item,2024-11,11092
Bangladesh,item,2024-12,13441
Bangladesh,item,2025-01,12532
Bangladesh,item,2025-02,10851
Bangladesh,item,2025-03,11219
Bangladesh,item,2025-04,13591
Bangladesh,item,2025-05,12456
Bangladesh,item,2025-06,14023
Bangladesh,item,2025-07,13576
Bangladesh,item,2025-08,13833
Bangladesh,item,2025-09,14045
Bangladesh,item,2025-10,14389
Bangladesh,item,2025-11,12430
Bangladesh,item,2025-12,14014
Bangladesh,item,2026-01,12249
Bangladesh,item,2026-02,8958
Bangladesh,item,2026-03,12120
Bangladesh,item,2026-04,12205
Bangladesh,item,2026-05,11172
Bangladesh,item,2026-06,10299
Belgium & Luxembourg,item,2008-01,1574
Belgium & Luxembourg,item,2008-02,1672
Belgium & Luxembourg,item,2008-03,2152
Belgium & Luxembourg,item,2008-04,1598
Belgium & Luxembourg,item,2008-05,1449
Belgium & Luxembourg,item,2008-06,1409
Belgium & Luxembourg,item,2008-07,2243
Belgium & Luxembourg,item,2008-08,2108
Belgium & Luxembourg,item,2008-09,1440
Belgium & Luxembourg,item,2008-10,1563
Belgium & Luxembourg,item,2008-11,2033
Belgium & Luxembourg,item,2008-12,1859
Belgium & Luxembourg,item,2009-01,1472
Belgium & Luxembourg,item,2009-02,1447
Belgium & Luxembourg,item,2009-03,1868
Belgium & Luxembourg,item,2009-04,1946
Belgium & Luxembourg,item,2009-05,1316
Belgium & Luxembourg,item,2009-06,1447
Belgium & Luxembourg,item,2009-07,2387
Belgium & Luxembourg,item,2009-08,2254
Belgium & Luxembourg,item,2009-09,1707
Belgium & Luxembourg,item,2009-10,1806
Belgium & Luxembourg,item,2009-11,1967
Belgium & Luxembourg,item,2009-12,1748
Belgium & Luxembourg,item,2010-01,1954
Belgium & Luxembourg,item,2010-02,1882
Belgium & Luxembourg,item,2010-03,2249
Belgium & Luxembourg,item,2010-04,2089
Belgium & Luxembourg,item,2010-05,1542
Belgium & Luxembourg,item,2010-06,1535
Belgium & Luxembourg,item,2010-07,2625
Belgium & Luxembourg,item,2010-08,2542
Belgium & Luxembourg,item,2010-09,1878
Belgium & Luxembourg,item,2010-10,1977
Belgium & Luxembourg,item,2010-11,2168
Belgium & Luxembourg,item,2010-12,1958
Belgium & Luxembourg,item,2011-01,2059
Belgium & Luxembourg,item,2011-02,1755
Belgium & Luxembourg,item,2011-03,2452
Belgium & Luxembourg,item,2011-04,2198
Belgium & Luxembourg,item,2011-05,1623
Belgium & Luxembourg,item,2011-06,1498
Belgium & Luxembourg,item,2011-07,2683
Belgium & Luxembourg,item,2011-08,2464
Belgium & Luxembourg,item,2011-09,1819
Belgium & Luxembourg,item,2011-10,2222
Belgium & Luxembourg,item,2011-11,2181
Belgium & Luxembourg,item,2011-12,2025
Belgium & Luxembourg,item,2012-01,2153
Belgium & Luxembourg,item,2012-02,2392
Belgium & Luxembourg,item,2012-03,2610
Belgium & Luxembourg,item,2012-04,2637
Belgium & Luxembourg,item,2012-05,1661
Belgium & Luxembourg,item,2012-06,1669
Belgium & Luxembourg,item,2012-07,2884
Belgium & Luxembourg,item,2012-08,2692
Belgium & Luxembourg,item,2012-09,1970
Belgium & Luxembourg,item,2012-10,2046
Belgium & Luxembourg,item,2012-11,2188
Belgium & Luxembourg,item,2012-12,1922
Belgium & Luxembourg,item,2013-01,2185
Belgium & Luxembourg,item,2013-02,1973
Belgium & Luxembourg,item,2013-03,2712
Belgium & Luxembourg,item,2013-04,2025
Belgium & Luxembourg,item,2013-05,1850
Belgium & Luxembourg,item,2013-06,1735
Belgium & Luxembourg,item,2013-07,3049
Belgium & Luxembourg,item,2013-08,2838
Belgium & Luxembourg,item,2013-09,2051
Belgium & Luxembourg,item,2013-10,2219
Belgium & Luxembourg,item,2013-11,2390
Belgium & Luxembourg,item,2013-12,2325
Belgium & Luxembourg,item,2014-01,2220
Belgium & Luxembourg,item,2014-02,2482
Belgium & Luxembourg,item,2014-03,2821
Belgium & Luxembourg,item,2014-04,2664
Belgium & Luxembourg,item,2014-05,1792
Belgium & Luxembourg,item,2014-06,1654
Belgium & Luxembourg,item,2014-07,2987
Belgium & Luxembourg,item,2014-08,2946
Belgium & Luxembourg,item,2014-09,2233
Belgium & Luxembourg,item,2014-10,2029
Belgium & Luxembourg,item,2014-11,2546
Belgium & Luxembourg,item,2014-12,2321
Belgium & Luxembourg,item,2015-01,2063
Belgium & Luxembourg,item,2015-02,1968
Belgium & Luxembourg,item,2015-03,2594
Belgium & Luxembourg,item,2015-04,2369
Belgium & Luxembourg,item,2015-05,1765
Belgium & Luxembourg,item,2015-06,1599
Belgium & Luxembourg,item,2015-07,3225
Belgium & Luxembourg,item,2015-08,2905
Belgium & Luxembourg,item,2015-09,2155
Belgium & Luxembourg,item,2015-10,2336
Belgium & Luxembourg,item,2015-11,2271
Belgium & Luxembourg,item,2015-12,2329
Belgium & Luxembourg,item,2016-01,2289
Belgium & Luxembourg,item,2016-02,2503
Belgium & Luxembourg,item,2016-03,2760
Belgium & Luxembourg,item,2016-04,2411
Belgium & Luxembourg,item,2016-05,1848
Belgium & Luxembourg,item,2016-06,1586
Belgium & Luxembourg,item,2016-07,3310
Belgium & Luxembourg,item,2016-08,3147
Belgium & Luxembourg,item,2016-09,2282
Belgium & Luxembourg,item,2016-10,2565
Belgium & Luxembourg,item,2016-11,2491
Belgium & Luxembourg,item,2016-12,2166
Belgium & Luxembourg,item,2017-01,2336
Belgium & Luxembourg,item,2017-02,2431
Belgium & Luxembourg,item,2017-03,2678
Belgium & Luxembourg,item,2017-04,2955
Belgium & Luxembourg,item,2017-05,1758
Belgium & Luxembourg,item,2017-06,1741
Belgium & Luxembourg,item,2017-07,4055
Belgium & Luxembourg,item,2017-08,3249
Belgium & Luxembourg,item,2017-09,2500
Belgium & Luxembourg,item,2017-10,2425
Belgium & Luxembourg,item,2017-11,2454
Belgium & Luxembourg,item,2017-12,2218
Belgium & Luxembourg,item,2018-01,2482
Belgium & Luxembourg,item,2018-02,2591
Belgium & Luxembourg,item,2018-03,3029
Belgium & Luxembourg,item,2018-04,2938
Belgium & Luxembourg,item,2018-05,1874
Belgium & Luxembourg,item,2018-06,1845
Belgium & Luxembourg,item,2018-07,4902
Belgium & Luxembourg,item,2018-08,4142
Belgium & Luxembourg,item,2018-09,2586
Belgium & Luxembourg,item,2018-10,2670
Belgium & Luxembourg,item,2018-11,2727
Belgium & Luxembourg,item,2018-12,2481
Belgium & Luxembourg,item,2019-01,2632
Belgium & Luxembourg,item,2019-02,2489
Belgium & Luxembourg,item,2019-03,2800
Belgium & Luxembourg,item,2019-04,3530
Belgium & Luxembourg,item,2019-05,1967
Belgium & Luxembourg,item,2019-06,1860
Belgium & Luxembourg,item,2019-07,4483
Belgium & Luxembourg,item,2019-08,4092
Belgium & Luxembourg,item,2019-09,2677
Belgium & Luxembourg,item,2019-10,2576
Belgium & Luxembourg,item,2019-11,2820
Belgium & Luxembourg,item,2019-12,2536
Belgium & Luxembourg,item,2020-01,2704
Belgium & Luxembourg,item,2020-02,2444
Belgium & Luxembourg,item,2020-03,819
Belgium & Luxembourg,item,2020-04,0
Belgium & Luxembourg,item,2020-05,3
Belgium & Luxembourg,item,2020-06,3
Belgium & Luxembourg,item,2020-07,19
Belgium & Luxembourg,item,2020-08,15
Belgium & Luxembourg,item,2020-09,12
Belgium & Luxembourg,item,2020-10,16
Belgium & Luxembourg,item,2020-11,10
Belgium & Luxembourg,item,2020-12,14
Belgium & Luxembourg,item,2021-01,24
Belgium & Luxembourg,item,2021-02,22
Belgium & Luxembourg,item,2021-03,14
Belgium & Luxembourg,item,2021-04,26
Belgium & Luxembourg,item,2021-05,26
Belgium & Luxembourg,item,2021-06,6
Belgium & Luxembourg,item,2021-07,23
Belgium & Luxembourg,item,2021-08,40
Belgium & Luxembourg,item,2021-09,33
Belgium & Luxembourg,item,2021-10,22
Belgium & Luxembourg,item,2021-11,51
Belgium & Luxembourg,item,2021-12,68
Belgium & Luxembourg,item,2022-01,61
Belgium & Luxembourg,item,2022-02,70
Belgium & Luxembourg,item,2022-03,214
Belgium & Luxembourg,item,2022-04,564
Belgium & Luxembourg,item,2022-05,765
Belgium & Luxembourg,item,2022-06,885
Belgium & Luxembourg,item,2022-07,2206
Belgium & Luxembourg,item,2022-08,2256
Belgium & Luxembourg,item,2022-09,2190
Belgium & Luxembourg,item,2022-10,1730
Belgium & Luxembourg,item,2022-11,1965
Belgium & Luxembourg,item,2022-12,1458
Belgium & Luxembourg,item,2023-01,1707
Belgium & Luxembourg,item,2023-02,2079
Belgium & Luxembourg,item,2023-03,2215
Belgium & Luxembourg,item,2023-04,2144
Belgium & Luxembourg,item,2023-05,2066
Belgium & Luxembourg,item,2023-06,1646
Belgium & Luxembourg,item,2023-07,3995
Belgium & Luxembourg,item,2023-08,3466
Belgium & Luxembourg,item,2023-09,2850
Belgium & Luxembourg,item,2023-10,2371
Belgium & Luxembourg,item,2023-11,2469
Belgium & Luxembourg,item,2023-12,1912
Belgium & Luxembourg,item,2024-01,2302
Belgium & Luxembourg,item,2024-02,2444
Belgium & Luxembourg,item,2024-03,2741
Belgium & Luxembourg,item,2024-04,2969
Belgium & Luxembourg,item,2024-05,2632
Belgium & Luxembourg,item,2024-06,2252
Belgium & Luxembourg,item,2024-07,5326
Belgium & Luxembourg,item,2024-08,4458
Belgium & Luxembourg,item,2024-09,3334
Belgium & Luxembourg,item,2024-10,2865
Belgium & Luxembourg,item,2024-11,2906
Belgium & Luxembourg,item,2024-12,2533
Belgium & Luxembourg,item,2025-01,2634
Belgium & Luxembourg,item,2025-02,2871
Belgium & Luxembourg,item,2025-03,2813
Belgium & Luxembourg,item,2025-04,3139
Belgium & Luxembourg,item,2025-05,2470
Belgium & Luxembourg,item,2025-06,2238
Belgium & Luxembourg,item,2025-07,5708
Belgium & Luxembourg,item,2025-08,4703
Belgium & Luxembourg,item,2025-09,3008
Belgium & Luxembourg,item,2025-10,3033
Belgium & Luxembourg,item,2025-11,2965
Belgium & Luxembourg,item,2025-12,2571
Belgium & Luxembourg,item,2026-01,2686
Belgium & Luxembourg,item,2026-02,3038
Belgium & Luxembourg,item,2026-03,2711
Belgium & Luxembourg,item,2026-04,3380
Belgium & Luxembourg,item,2026-05,2404
Belgium & Luxembourg,item,2026-06,2055
Brunei Darussalam,item,2008-01,4126
Brunei Darussalam,item,2008-02,3338
Brunei Darussalam,item,2008-03,5406
Brunei Darussalam,item,2008-04,3409
Brunei Darussalam,item,2008-05,3927
Brunei Darussalam,item,2008-06,5959
Brunei Darussalam,item,2008-07,4505
Brunei Darussalam,item,2008-08,4627
Brunei Darussalam,item,2008-09,3569
Brunei Darussalam,item,2008-10,3340
Brunei Darussalam,item,2008-11,3989
Brunei Darussalam,item,2008-12,8090
Brunei Darussalam,item,2009-01,4080
Brunei Darussalam,item,2009-02,3421
Brunei Darussalam,item,2009-03,5390
Brunei Darussalam,item,2009-04,3759
Brunei Darussalam,item,2009-05,3935
Brunei Darussalam,item,2009-06,5618
Brunei Darussalam,item,2009-07,3598
Brunei Darussalam,item,2009-08,3520
Brunei Darussalam,item,2009-09,4257
Brunei Darussalam,item,2009-10,3988
Brunei Darussalam,item,2009-11,5260
Brunei Darussalam,item,2009-12,9705
Brunei Darussalam,item,2010-01,5245
Brunei Darussalam,item,2010-02,4139
Brunei Darussalam,item,2010-03,5692
Brunei Darussalam,item,2010-04,3943
Brunei Darussalam,item,2010-05,4796
Brunei Darussalam,item,2010-06,5953
Brunei Darussalam,item,2010-07,5578
Brunei Darussalam,item,2010-08,4244
Brunei Darussalam,item,2010-09,4628
Brunei Darussalam,item,2010-10,3750
Brunei Darussalam,item,2010-11,4673
Brunei Darussalam,item,2010-12,9516
Brunei Darussalam,item,2011-01,4547
Brunei Darussalam,item,2011-02,3890
Brunei Darussalam,item,2011-03,5795
Brunei Darussalam,item,2011-04,3747
Brunei Darussalam,item,2011-05,4007
Brunei Darussalam,item,2011-06,6510
Brunei Darussalam,item,2011-07,5522
Brunei Darussalam,item,2011-08,4556
Brunei Darussalam,item,2011-09,3910
Brunei Darussalam,item,2011-10,4238
Brunei Darussalam,item,2011-11,5139
Brunei Darussalam,item,2011-12,10382
Brunei Darussalam,item,2012-01,4862
Brunei Darussalam,item,2012-02,4782
Brunei Darussalam,item,2012-03,6942
Brunei Darussalam,item,2012-04,4472
Brunei Darussalam,item,2012-05,4649
Brunei Darussalam,item,2012-06,6980
Brunei Darussalam,item,2012-07,5485
Brunei Darussalam,item,2012-08,5860
Brunei Darussalam,item,2012-09,4106
Brunei Darussalam,item,2012-10,5070
Brunei Darussalam,item,2012-11,6194
Brunei Darussalam,item,2012-12,12353
Brunei Darussalam,item,2013-01,5773
Brunei Darussalam,item,2013-02,4427
Brunei Darussalam,item,2013-03,8290
Brunei Darussalam,item,2013-04,4486
Brunei Darussalam,item,2013-05,5574
Brunei Darussalam,item,2013-06,7837
Brunei Darussalam,item,2013-07,5922
Brunei Darussalam,item,2013-08,6109
Brunei Darussalam,item,2013-09,4824
Brunei Darussalam,item,2013-10,5879
Brunei Darussalam,item,2013-11,7346
Brunei Darussalam,item,2013-12,13399
Brunei Darussalam,item,2014-01,6418
Brunei Darussalam,item,2014-02,5076
Brunei Darussalam,item,2014-03,7545
Brunei Darussalam,item,2014-04,4741
Brunei Darussalam,item,2014-05,6254
Brunei Darussalam,item,2014-06,7393
Brunei Darussalam,item,2014-07,6305
Brunei Darussalam,item,2014-08,5079
Brunei Darussalam,item,2014-09,5601
Brunei Darussalam,item,2014-10,5440
Brunei Darussalam,item,2014-11,5806
Brunei Darussalam,item,2014-12,11998
Brunei Darussalam,item,2015-01,5521
Brunei Darussalam,item,2015-02,4759
Brunei Darussalam,item,2015-03,6989
Brunei Darussalam,item,2015-04,4977
Brunei Darussalam,item,2015-05,5378
Brunei Darussalam,item,2015-06,4992
Brunei Darussalam,item,2015-07,7237
Brunei Darussalam,item,2015-08,4585
Brunei Darussalam,item,2015-09,5761
Brunei Darussalam,item,2015-10,4825
Brunei Darussalam,item,2015-11,6191
Brunei Darussalam,item,2015-12,12379
Brunei Darussalam,item,2016-01,5596
Brunei Darussalam,item,2016-02,4768
Brunei Darussalam,item,2016-03,7100
Brunei Darussalam,item,2016-04,5466
Brunei Darussalam,item,2016-05,5768
Brunei Darussalam,item,2016-06,5061
Brunei Darussalam,item,2016-07,6409
Brunei Darussalam,item,2016-08,4665
Brunei Darussalam,item,2016-09,5551
Brunei Darussalam,item,2016-10,4022
Brunei Darussalam,item,2016-11,5256
Brunei Darussalam,item,2016-12,10229
Brunei Darussalam,item,2017-01,5297
Brunei Darussalam,item,2017-02,4379
Brunei Darussalam,item,2017-03,7835
Brunei Darussalam,item,2017-04,4662
Brunei Darussalam,item,2017-05,4645
Brunei Darussalam,item,2017-06,5758
Brunei Darussalam,item,2017-07,5625
Brunei Darussalam,item,2017-08,4610
Brunei Darussalam,item,2017-09,5387
Brunei Darussalam,item,2017-10,4202
Brunei Darussalam,item,2017-11,5258
Brunei Darussalam,item,2017-12,10761
Brunei Darussalam,item,2018-01,6076
Brunei Darussalam,item,2018-02,5105
Brunei Darussalam,item,2018-03,8171
Brunei Darussalam,item,2018-04,5766
Brunei Darussalam,item,2018-05,5250
Brunei Darussalam,item,2018-06,5897
Brunei Darussalam,item,2018-07,5769
Brunei Darussalam,item,2018-08,5168
Brunei Darussalam,item,2018-09,6133
Brunei Darussalam,item,2018-10,5017
Brunei Darussalam,item,2018-11,6118
Brunei Darussalam,item,2018-12,10490
Brunei Darussalam,item,2019-01,5953
Brunei Darussalam,item,2019-02,4105
Brunei Darussalam,item,2019-03,7996
Brunei Darussalam,item,2019-04,5159
Brunei Darussalam,item,2019-05,5370
Brunei Darussalam,item,2019-06,5276
Brunei Darussalam,item,2019-07,5882
Brunei Darussalam,item,2019-08,5156
Brunei Darussalam,item,2019-09,6356
Brunei Darussalam,item,2019-10,4687
Brunei Darussalam,item,2019-11,6366
Brunei Darussalam,item,2019-12,10298
Brunei Darussalam,item,2020-01,5364
Brunei Darussalam,item,2020-02,1764
Brunei Darussalam,item,2020-03,514
Brunei Darussalam,item,2020-04,3
Brunei Darussalam,item,2020-05,0
Brunei Darussalam,item,2020-06,1
Brunei Darussalam,item,2020-07,14
Brunei Darussalam,item,2020-08,8
Brunei Darussalam,item,2020-09,91
Brunei Darussalam,item,2020-10,120
Brunei Darussalam,item,2020-11,104
Brunei Darussalam,item,2020-12,170
Brunei Darussalam,item,2021-01,108
Brunei Darussalam,item,2021-02,84
Brunei Darussalam,item,2021-03,119
Brunei Darussalam,item,2021-04,80
Brunei Darussalam,item,2021-05,48
Brunei Darussalam,item,2021-06,64
Brunei Darussalam,item,2021-07,104
Brunei Darussalam,item,2021-08,81
Brunei Darussalam,item,2021-09,70
Brunei Darussalam,item,2021-10,121
Brunei Darussalam,item,2021-11,138
Brunei Darussalam,item,2021-12,231
Brunei Darussalam,item,2022-01,113
Brunei Darussalam,item,2022-02,163
Brunei Darussalam,item,2022-03,280
Brunei Darussalam,item,2022-04,807
Brunei Darussalam,item,2022-05,2271
Brunei Darussalam,item,2022-06,2202
Brunei Darussalam,item,2022-07,3239
Brunei Darussalam,item,2022-08,3426
Brunei Darussalam,item,2022-09,3809
Brunei Darussalam,item,2022-10,3733
Brunei Darussalam,item,2022-11,4273
Brunei Darussalam,item,2022-12,7324
Brunei Darussalam,item,2023-01,3653
Brunei Darussalam,item,2023-02,4739
Brunei Darussalam,item,2023-03,4460
Brunei Darussalam,item,2023-04,5850
Brunei Darussalam,item,2023-05,4570
Brunei Darussalam,item,2023-06,4121
Brunei Darussalam,item,2023-07,5108
Brunei Darussalam,item,2023-08,6214
Brunei Darussalam,item,2023-09,4502
Brunei Darussalam,item,2023-10,4390
Brunei Darussalam,item,2023-11,4799
Brunei Darussalam,item,2023-12,9281
Brunei Darussalam,item,2024-01,5223
Brunei Darussalam,item,2024-02,4584
Brunei Darussalam,item,2024-03,4779
Brunei Darussalam,item,2024-04,4849
Brunei Darussalam,item,2024-05,3870
Brunei Darussalam,item,2024-06,3758
Brunei Darussalam,item,2024-07,4412
Brunei Darussalam,item,2024-08,5679
Brunei Darussalam,item,2024-09,3968
Brunei Darussalam,item,2024-10,3959
Brunei Darussalam,item,2024-11,4500
Brunei Darussalam,item,2024-12,8439
Brunei Darussalam,item,2025-01,4535
Brunei Darussalam,item,2025-02,3766
Brunei Darussalam,item,2025-03,4435
Brunei Darussalam,item,2025-04,4107
Brunei Darussalam,item,2025-05,4395
Brunei Darussalam,item,2025-06,4591
Brunei Darussalam,item,2025-07,4123
Brunei Darussalam,item,2025-08,5475
Brunei Darussalam,item,2025-09,3895
Brunei Darussalam,item,2025-10,3946
Brunei Darussalam,item,2025-11,4614
Brunei Darussalam,item,2025-12,8243
Brunei Darussalam,item,2026-01,4244
Brunei Darussalam,item,2026-02,3222
Brunei Darussalam,item,2026-03,5091
Brunei Darussalam,item,2026-04,3510
Brunei Darussalam,item,2026-05,4259
Brunei Darussalam,item,2026-06,3916
Canada,item,2008-01,8760
Canada,item,2008-02,7661
Canada,item,2008-03,8239
Canada,item,2008-04,6058
Canada,item,2008-05,5699
Canada,item,2008-06,5078
Canada,item,2008-07,6838
Canada,item,2008-08,6026
Canada,item,2008-09,4273
Canada,item,2008-10,6708
Canada,item,2008-11,7040
Canada,item,2008-12,7664
Canada,item,2009-01,7121
Canada,item,2009-02,6443
Canada,item,2009-03,7104
Canada,item,2009-04,5866
Canada,item,2009-05,4956
Canada,item,2009-06,4495
Canada,item,2009-07,5732
Canada,item,2009-08,5623
Canada,item,2009-09,3761
Canada,item,2009-10,5752
Canada,item,2009-11,6391
Canada,item,2009-12,6790
Canada,item,2010-01,6860
Canada,item,2010-02,6424
Canada,item,2010-03,7048
Canada,item,2010-04,6734
Canada,item,2010-05,5457
Canada,item,2010-06,4969
Canada,item,2010-07,6646
Canada,item,2010-08,6397
Canada,item,2010-09,4337
Canada,item,2010-10,6161
Canada,item,2010-11,6485
Canada,item,2010-12,7624
Canada,item,2011-01,7897
Canada,item,2011-02,6898
Canada,item,2011-03,9415
Canada,item,2011-04,7163
Canada,item,2011-05,6116
Canada,item,2011-06,5125
Canada,item,2011-07,7098
Canada,item,2011-08,6399
Canada,item,2011-09,4554
Canada,item,2011-10,6814
Canada,item,2011-11,7843
Canada,item,2011-12,7610
Canada,item,2012-01,8495
Canada,item,2012-02,8303
Canada,item,2012-03,9930
Canada,item,2012-04,7294
Canada,item,2012-05,6166
Canada,item,2012-06,5356
Canada,item,2012-07,7346
Canada,item,2012-08,6454
Canada,item,2012-09,4858
Canada,item,2012-10,7002
Canada,item,2012-11,7659
Canada,item,2012-12,8932
Canada,item,2013-01,9798
Canada,item,2013-02,8995
Canada,item,2013-03,9635
Canada,item,2013-04,7769
Canada,item,2013-05,6699
Canada,item,2013-06,5748
Canada,item,2013-07,7401
Canada,item,2013-08,7008
Canada,item,2013-09,4937
Canada,item,2013-10,7158
Canada,item,2013-11,8000
Canada,item,2013-12,9537
Canada,item,2014-01,10317
Canada,item,2014-02,10118
Canada,item,2014-03,10905
Canada,item,2014-04,6861
Canada,item,2014-05,6803
Canada,item,2014-06,5516
Canada,item,2014-07,7052
Canada,item,2014-08,6641
Canada,item,2014-09,5022
Canada,item,2014-10,6696
Canada,item,2014-11,7662
Canada,item,2014-12,9234
Canada,item,2015-01,10875
Canada,item,2015-02,9915
Canada,item,2015-03,10515
Canada,item,2015-04,7086
Canada,item,2015-05,6637
Canada,item,2015-06,5914
Canada,item,2015-07,6984
Canada,item,2015-08,6734
Canada,item,2015-09,5196
Canada,item,2015-10,7858
Canada,item,2015-11,8581
Canada,item,2015-12,9952
Canada,item,2016-01,11209
Canada,item,2016-02,10558
Canada,item,2016-03,10517
Canada,item,2016-04,7598
Canada,item,2016-05,7211
Canada,item,2016-06,5360
Canada,item,2016-07,7547
Canada,item,2016-08,6896
Canada,item,2016-09,5257
Canada,item,2016-10,7170
Canada,item,2016-11,9104
Canada,item,2016-12,10047
Canada,item,2017-01,11225
Canada,item,2017-02,11213
Canada,item,2017-03,11493
Canada,item,2017-04,7684
Canada,item,2017-05,7617
Canada,item,2017-06,6217
Canada,item,2017-07,7924
Canada,item,2017-08,7808
Canada,item,2017-09,5999
Canada,item,2017-10,7388
Canada,item,2017-11,10203
Canada,item,2017-12,10443
Canada,item,2018-01,13482
Canada,item,2018-02,13438
Canada,item,2018-03,14317
Canada,item,2018-04,10655
Canada,item,2018-05,9354
Canada,item,2018-06,6964
Canada,item,2018-07,9182
Canada,item,2018-08,9887
Canada,item,2018-09,7669
Canada,item,2018-10,8923
Canada,item,2018-11,12031
Canada,item,2018-12,13614
Canada,item,2019-01,14958
Canada,item,2019-02,13833
Canada,item,2019-03,15968
Canada,item,2019-04,11429
Canada,item,2019-05,11015
Canada,item,2019-06,7436
Canada,item,2019-07,10260
Canada,item,2019-08,11130
Canada,item,2019-09,7996
Canada,item,2019-10,8869
Canada,item,2019-11,11355
Canada,item,2019-12,14314
Canada,item,2020-01,15044
Canada,item,2020-02,9146
Canada,item,2020-03,2414
Canada,item,2020-04,0
Canada,item,2020-05,0
Canada,item,2020-06,10
Canada,item,2020-07,49
Canada,item,2020-08,39
Canada,item,2020-09,45
Canada,item,2020-10,47
Canada,item,2020-11,62
Canada,item,2020-12,71
Canada,item,2021-01,87
Canada,item,2021-02,76
Canada,item,2021-03,77
Canada,item,2021-04,50
Canada,item,2021-05,27
Canada,item,2021-06,14
Canada,item,2021-07,53
Canada,item,2021-08,72
Canada,item,2021-09,139
Canada,item,2021-10,121
Canada,item,2021-11,229
Canada,item,2021-12,743
Canada,item,2022-01,469
Canada,item,2022-02,545
Canada,item,2022-03,871
Canada,item,2022-04,2004
Canada,item,2022-05,3604
Canada,item,2022-06,3651
Canada,item,2022-07,5268
Canada,item,2022-08,6116
Canada,item,2022-09,6594
Canada,item,2022-10,7217
Canada,item,2022-11,9638
Canada,item,2022-12,9047
Canada,item,2023-01,11207
Canada,item,2023-02,13407
Canada,item,2023-03,12626
Canada,item,2023-04,9428
Canada,item,2023-05,12592
Canada,item,2023-06,6664
Canada,item,2023-07,9770
Canada,item,2023-08,9877
Canada,item,2023-09,8407
Canada,item,2023-10,9006
Canada,item,2023-11,13173
Canada,item,2023-12,10998
Canada,item,2024-01,12878
Canada,item,2024-02,12946
Canada,item,2024-03,12439
Canada,item,2024-04,11313
Canada,item,2024-05,11122
Canada,item,2024-06,7895
Canada,item,2024-07,10875
Canada,item,2024-08,10796
Canada,item,2024-09,9230
Canada,item,2024-10,11402
Canada,item,2024-11,14791
Canada,item,2024-12,12839
Canada,item,2025-01,16855
Canada,item,2025-02,16299
Canada,item,2025-03,17576
Canada,item,2025-04,11702
Canada,item,2025-05,10765
Canada,item,2025-06,7461
Canada,item,2025-07,11657
Canada,item,2025-08,11370
Canada,item,2025-09,8992
Canada,item,2025-10,11814
Canada,item,2025-11,14515
Canada,item,2025-12,14794
Canada,item,2026-01,17781
Canada,item,2026-02,16255
Canada,item,2026-03,18110
Canada,item,2026-04,13721
Canada,item,2026-05,10364
Canada,item,2026-06,7211
China,item,2008-01,108486
China,item,2008-02,121031
China,item,2008-03,98180
China,item,2008-04,107639
China,item,2008-05,86785
China,item,2008-06,70565
China,item,2008-07,105528
China,item,2008-08,91325
China,item,2008-09,66582
China,item,2008-10,76836
China,item,2008-11,79096
China,item,2008-12,66689
China,item,2009-01,105144
China,item,2009-02,80037
China,item,2009-03,91275
China,item,2009-04,86525
China,item,2009-05,52058
China,item,2009-06,41650
China,item,2009-07,72326
China,item,2009-08,86530
China,item,2009-09,59588
China,item,2009-10,83273
China,item,2009-11,90358
China,item,2009-12,87983
China,item,2010-01,98918
China,item,2010-02,143050
China,item,2010-03,88038
China,item,2010-04,91702
China,item,2010-05,71636
China,item,2010-06,69081
China,item,2010-07,117778
China,item,2010-08,130593
China,item,2010-09,74457
China,item,2010-10,92627
China,item,2010-11,94035
China,item,2010-12,99578
China,item,2011-01,132040
China,item,2011-02,149941
China,item,2011-03,129749
China,item,2011-04,131797
China,item,2011-05,110920
China,item,2011-06,103335
China,item,2011-07,183862
China,item,2011-08,183890
China,item,2011-09,104211
China,item,2011-10,133563
China,item,2011-11,100824
China,item,2011-12,113390
China,item,2012-01,201742
China,item,2012-02,158002
China,item,2012-03,182348
China,item,2012-04,173543
China,item,2012-05,139946
China,item,2012-06,122630
China,item,2012-07,201652
China,item,2012-08,206734
China,item,2012-09,128830
China,item,2012-10,170529
China,item,2012-11,177112
China,item,2012-12,171109
China,item,2013-01,189107
China,item,2013-02,252958
China,item,2013-03,205790
China,item,2013-04,227870
China,item,2013-05,198429
China,item,2013-06,166890
China,item,2013-07,248635
China,item,2013-08,242256
China,item,2013-09,179130
China,item,2013-10,117955
China,item,2013-11,119618
China,item,2013-12,121232
China,item,2014-01,188237
China,item,2014-02,203600
China,item,2014-03,165642
China,item,2014-04,126507
China,item,2014-05,95987
China,item,2014-06,91485
China,item,2014-07,180653
China,item,2014-08,174150
China,item,2014-09,105780
China,item,2014-10,133993
China,item,2014-11,131731
China,item,2014-12,124615
China,item,2015-01,140548
China,item,2015-02,238011
China,item,2015-03,130827
China,item,2015-04,153784
China,item,2015-05,141375
China,item,2015-06,144533
China,item,2015-07,246819
China,item,2015-08,267122
China,item,2015-09,149929
China,item,2015-10,165649
China,item,2015-11,158736
China,item,2015-12,168831
China,item,2016-01,229150
China,item,2016-02,277926
China,item,2016-03,241230
China,item,2016-04,269560
China,item,2016-05,234089
China,item,2016-06,221614
China,item,2016-07,311124
China,item,2016-08,315548
China,item,2016-09,170204
China,item,2016-10,173185
China,item,2016-11,193984
China,item,2016-12,226020
China,item,2017-01,316805
China,item,2017-02,268993
China,item,2017-03,264711
China,item,2017-04,252135
China,item,2017-05,232361
China,item,2017-06,218118
China,item,2017-07,349654
China,item,2017-08,357287
China,item,2017-09,226978
China,item,2017-10,245755
China,item,2017-11,251096
China,item,2017-12,244241
China,item,2018-01,291208
China,item,2018-02,366616
China,item,2018-03,274879
China,item,2018-04,291119
China,item,2018-05,264802
China,item,2018-06,242118
China,item,2018-07,361019
China,item,2018-08,380108
China,item,2018-09,239824
China,item,2018-10,247664
China,item,2018-11,220053
China,item,2018-12,238194
China,item,2019-01,320581
China,item,2019-02,339550
China,item,2019-03,300209
China,item,2019-04,302098
China,item,2019-05,283445
China,item,2019-06,266107
China,item,2019-07,389503
China,item,2019-08,397070
China,item,2019-09,248568
China,item,2019-10,258611
China,item,2019-11,248636
China,item,2019-12,272742
China,item,2020-01,329047
China,item,2020-02,6222
China,item,2020-03,1488
China,item,2020-04,18
China,item,2020-05,23
China,item,2020-06,118
China,item,2020-07,958
China,item,2020-08,2163
China,item,2020-09,2422
China,item,2020-10,3169
China,item,2020-11,4007
China,item,2020-12,7657
China,item,2021-01,6599
China,item,2021-02,4498
China,item,2021-03,8892
China,item,2021-04,9056
China,item,2021-05,7388
China,item,2021-06,6983
China,item,2021-07,12669
China,item,2021-08,8907
China,item,2021-09,8952
China,item,2021-10,6065
China,item,2021-11,3479
China,item,2021-12,4764
China,item,2022-01,4361
China,item,2022-02,3823
China,item,2022-03,4131
China,item,2022-04,5048
China,item,2022-05,7150
China,item,2022-06,10191
China,item,2022-07,16622
China,item,2022-08,14735
China,item,2022-09,14127
China,item,2022-10,14971
China,item,2022-11,16024
China,item,2022-12,19685
China,item,2023-01,28375
China,item,2023-02,35312
China,item,2023-03,60888
China,item,2023-04,90725
China,item,2023-05,95613
China,item,2023-06,113290
China,item,2023-07,231331
China,item,2023-08,215442
China,item,2023-09,135677
China,item,2023-10,122765
China,item,2023-11,104347
China,item,2023-12,130156
China,item,2024-01,211150
China,item,2024-02,326860
China,item,2024-03,247622
China,item,2024-04,220332
China,item,2024-05,222010
China,item,2024-06,216170
China,item,2024-07,412805
China,item,2024-08,403138
China,item,2024-09,217205
China,item,2024-10,234528
China,item,2024-11,174751
China,item,2024-12,193483
China,item,2025-01,376481
China,item,2025-02,267974
China,item,2025-03,187036
China,item,2025-04,207505
China,item,2025-05,242013
China,item,2025-06,197185
China,item,2025-07,414488
China,item,2025-08,398206
China,item,2025-09,207028
China,item,2025-10,226010
China,item,2025-11,203532
China,item,2025-12,172698
China,item,2026-01,271985
China,item,2026-02,432328
China,item,2026-03,209094
China,item,2026-04,217874
China,item,2026-05,204643
China,item,2026-06,197105
Denmark,item,2008-01,3348
Denmark,item,2008-02,3992
Denmark,item,2008-03,3720
Denmark,item,2008-04,2454
Denmark,item,2008-05,1915
Denmark,item,2008-06,2003
Denmark,item,2008-07,3121
Denmark,item,2008-08,2056
Denmark,item,2008-09,1966
Denmark,item,2008-10,2775
Denmark,item,2008-11,2507
Denmark,item,2008-12,2459
Denmark,item,2009-01,3373
Denmark,item,2009-02,3415
Denmark,item,2009-03,2949
Denmark,item,2009-04,2511
Denmark,item,2009-05,1682
Denmark,item,2009-06,1803
Denmark,item,2009-07,3007
Denmark,item,2009-08,1885
Denmark,item,2009-09,1940
Denmark,item,2009-10,2795
Denmark,item,2009-11,2811
Denmark,item,2009-12,2400
Denmark,item,2010-01,3453
Denmark,item,2010-02,3786
Denmark,item,2010-03,3584
Denmark,item,2010-04,2345
Denmark,item,2010-05,1666
Denmark,item,2010-06,1820
Denmark,item,2010-07,2934
Denmark,item,2010-08,1832
Denmark,item,2010-09,1590
Denmark,item,2010-10,2451
Denmark,item,2010-11,2266
Denmark,item,2010-12,1908
Denmark,item,2011-01,2868
Denmark,item,2011-02,3188
Denmark,item,2011-03,2723
Denmark,item,2011-04,2307
Denmark,item,2011-05,1467
Denmark,item,2011-06,1578
Denmark,item,2011-07,3064
Denmark,item,2011-08,1595
Denmark,item,2011-09,1659
Denmark,item,2011-10,2241
Denmark,item,2011-11,2279
Denmark,item,2011-12,2232
Denmark,item,2012-01,3250
Denmark,item,2012-02,4261
Denmark,item,2012-03,3557
Denmark,item,2012-04,2660
Denmark,item,2012-05,1644
Denmark,item,2012-06,1801
Denmark,item,2012-07,3359
Denmark,item,2012-08,1864
Denmark,item,2012-09,1885
Denmark,item,2012-10,2517
Denmark,item,2012-11,2290
Denmark,item,2012-12,2391
Denmark,item,2013-01,3745
Denmark,item,2013-02,3673
Denmark,item,2013-03,3545
Denmark,item,2013-04,2149
Denmark,item,2013-05,1691
Denmark,item,2013-06,1868
Denmark,item,2013-07,3672
Denmark,item,2013-08,1995
Denmark,item,2013-09,1964
Denmark,item,2013-10,2877
Denmark,item,2013-11,2345
Denmark,item,2013-12,2396
Denmark,item,2014-01,3717
Denmark,item,2014-02,3860
Denmark,item,2014-03,3234
Denmark,item,2014-04,2649
Denmark,item,2014-05,1624
Denmark,item,2014-06,1653
Denmark,item,2014-07,3293
Denmark,item,2014-08,2052
Denmark,item,2014-09,2199
Denmark,item,2014-10,2754
Denmark,item,2014-11,2372
Denmark,item,2014-12,2485
Denmark,item,2015-01,3440
Denmark,item,2015-02,3634
Denmark,item,2015-03,3246
Denmark,item,2015-04,2301
Denmark,item,2015-05,1642
Denmark,item,2015-06,1635
Denmark,item,2015-07,3786
Denmark,item,2015-08,2161
Denmark,item,2015-09,1974
Denmark,item,2015-10,2590
Denmark,item,2015-11,2656
Denmark,item,2015-12,2324
Denmark,item,2016-01,3833
Denmark,item,2016-02,3988
Denmark,item,2016-03,3441
Denmark,item,2016-04,2273
Denmark,item,2016-05,1618
Denmark,item,2016-06,1515
Denmark,item,2016-07,3506
Denmark,item,2016-08,1940
Denmark,item,2016-09,1891
Denmark,item,2016-10,2795
Denmark,item,2016-11,2273
Denmark,item,2016-12,2173
Denmark,item,2017-01,3364
Denmark,item,2017-02,4099
Denmark,item,2017-03,3182
Denmark,item,2017-04,2977
Denmark,item,2017-05,1671
Denmark,item,2017-06,1685
Denmark,item,2017-07,4278
Denmark,item,2017-08,2321
Denmark,item,2017-09,2152
Denmark,item,2017-10,2942
Denmark,item,2017-11,2785
Denmark,item,2017-12,2530
Denmark,item,2018-01,3903
Denmark,item,2018-02,4597
Denmark,item,2018-03,4091
Denmark,item,2018-04,2734
Denmark,item,2018-05,1996
Denmark,item,2018-06,1868
Denmark,item,2018-07,4796
Denmark,item,2018-08,2525
Denmark,item,2018-09,2519
Denmark,item,2018-10,3097
Denmark,item,2018-11,2631
Denmark,item,2018-12,2660
Denmark,item,2019-01,3542
Denmark,item,2019-02,4049
Denmark,item,2019-03,3562
Denmark,item,2019-04,3286
Denmark,item,2019-05,1850
Denmark,item,2019-06,1881
Denmark,item,2019-07,5408
Denmark,item,2019-08,2781
Denmark,item,2019-09,2878
Denmark,item,2019-10,3168
Denmark,item,2019-11,2800
Denmark,item,2019-12,2844
Denmark,item,2020-01,3835
Denmark,item,2020-02,4082
Denmark,item,2020-03,1206
Denmark,item,2020-04,0
Denmark,item,2020-05,0
Denmark,item,2020-06,1
Denmark,item,2020-07,11
Denmark,item,2020-08,24
Denmark,item,2020-09,25
Denmark,item,2020-10,19
Denmark,item,2020-11,27
Denmark,item,2020-12,18
Denmark,item,2021-01,49
Denmark,item,2021-02,23
Denmark,item,2021-03,30
Denmark,item,2021-04,23
Denmark,item,2021-05,17
Denmark,item,2021-06,3
Denmark,item,2021-07,7
Denmark,item,2021-08,33
Denmark,item,2021-09,37
Denmark,item,2021-10,74
Denmark,item,2021-11,190
Denmark,item,2021-12,244
Denmark,item,2022-01,194
Denmark,item,2022-02,340
Denmark,item,2022-03,438
Denmark,item,2022-04,1004
Denmark,item,2022-05,898
Denmark,item,2022-06,1098
Denmark,item,2022-07,2634
Denmark,item,2022-08,1608
Denmark,item,2022-09,2070
Denmark,item,2022-10,2340
Denmark,item,2022-11,2014
Denmark,item,2022-12,1769
Denmark,item,2023-01,2674
Denmark,item,2023-02,3216
Denmark,item,2023-03,2679
Denmark,item,2023-04,2407
Denmark,item,2023-05,1727
Denmark,item,2023-06,1499
Denmark,item,2023-07,2881
Denmark,item,2023-08,1703
Denmark,item,2023-09,2158
Denmark,item,2023-10,2636
Denmark,item,2023-11,2276
Denmark,item,2023-12,2042
Denmark,item,2024-01,2986
Denmark,item,2024-02,3320
Denmark,item,2024-03,2972
Denmark,item,2024-04,2395
Denmark,item,2024-05,1738
Denmark,item,2024-06,1457
Denmark,item,2024-07,3644
Denmark,item,2024-08,1988
Denmark,item,2024-09,2219
Denmark,item,2024-10,2636
Denmark,item,2024-11,2577
Denmark,item,2024-12,2415
Denmark,item,2025-01,3162
Denmark,item,2025-02,3909
Denmark,item,2025-03,2935
Denmark,item,2025-04,2585
Denmark,item,2025-05,1527
Denmark,item,2025-06,1481
Denmark,item,2025-07,3746
Denmark,item,2025-08,2100
Denmark,item,2025-09,1856
Denmark,item,2025-10,3136
Denmark,item,2025-11,2502
Denmark,item,2025-12,2210
Denmark,item,2026-01,3264
Denmark,item,2026-02,3675
Denmark,item,2026-03,3461
Denmark,item,2026-04,2353
Denmark,item,2026-05,1441
Denmark,item,2026-06,1461
Egypt,item,2008-01,426
Egypt,item,2008-02,312
Egypt,item,2008-03,338
Egypt,item,2008-04,388
Egypt,item,2008-05,295
Egypt,item,2008-06,371
Egypt,item,2008-07,565
Egypt,item,2008-08,521
Egypt,item,2008-09,241
Egypt,item,2008-10,337
Egypt,item,2008-11,277
Egypt,item,2008-12,382
Egypt,item,2009-01,300
Egypt,item,2009-02,362
Egypt,item,2009-03,334
Egypt,item,2009-04,297
Egypt,item,2009-05,220
Egypt,item,2009-06,383
Egypt,item,2009-07,397
Egypt,item,2009-08,301
Egypt,item,2009-09,200
Egypt,item,2009-10,390
Egypt,item,2009-11,365
Egypt,item,2009-12,312
Egypt,item,2010-01,306
Egypt,item,2010-02,315
Egypt,item,2010-03,379
Egypt,item,2010-04,363
Egypt,item,2010-05,307
Egypt,item,2010-06,348
Egypt,item,2010-07,607
Egypt,item,2010-08,524
Egypt,item,2010-09,298
Egypt,item,2010-10,444
Egypt,item,2010-11,424
Egypt,item,2010-12,431
Egypt,item,2011-01,397
Egypt,item,2011-02,233
Egypt,item,2011-03,292
Egypt,item,2011-04,266
Egypt,item,2011-05,278
Egypt,item,2011-06,331
Egypt,item,2011-07,496
Egypt,item,2011-08,238
Egypt,item,2011-09,393
Egypt,item,2011-10,373
Egypt,item,2011-11,279
Egypt,item,2011-12,253
Egypt,item,2012-01,269
Egypt,item,2012-02,319
Egypt,item,2012-03,271
Egypt,item,2012-04,345
Egypt,item,2012-05,267
Egypt,item,2012-06,304
Egypt,item,2012-07,315
Egypt,item,2012-08,258
Egypt,item,2012-09,340
Egypt,item,2012-10,324
Egypt,item,2012-11,341
Egypt,item,2012-12,277
Egypt,item,2013-01,277
Egypt,item,2013-02,288
Egypt,item,2013-03,289
Egypt,item,2013-04,324
Egypt,item,2013-05,249
Egypt,item,2013-06,410
Egypt,item,2013-07,224
Egypt,item,2013-08,371
Egypt,item,2013-09,316
Egypt,item,2013-10,418
Egypt,item,2013-11,293
Egypt,item,2013-12,323
Egypt,item,2014-01,399
Egypt,item,2014-02,351
Egypt,item,2014-03,328
Egypt,item,2014-04,333
Egypt,item,2014-05,322
Egypt,item,2014-06,307
Egypt,item,2014-07,214
Egypt,item,2014-08,448
Egypt,item,2014-09,399
Egypt,item,2014-10,406
Egypt,item,2014-11,397
Egypt,item,2014-12,457
Egypt,item,2015-01,453
Egypt,item,2015-02,268
Egypt,item,2015-03,419
Egypt,item,2015-04,348
Egypt,item,2015-05,355
Egypt,item,2015-06,226
Egypt,item,2015-07,296
Egypt,item,2015-08,574
Egypt,item,2015-09,444
Egypt,item,2015-10,532
Egypt,item,2015-11,325
Egypt,item,2015-12,298
Egypt,item,2016-01,387
Egypt,item,2016-02,416
Egypt,item,2016-03,283
Egypt,item,2016-04,410
Egypt,item,2016-05,424
Egypt,item,2016-06,197
Egypt,item,2016-07,340
Egypt,item,2016-08,462
Egypt,item,2016-09,448
Egypt,item,2016-10,370
Egypt,item,2016-11,350
Egypt,item,2016-12,338
Egypt,item,2017-01,281
Egypt,item,2017-02,312
Egypt,item,2017-03,390
Egypt,item,2017-04,342
Egypt,item,2017-05,260
Egypt,item,2017-06,191
Egypt,item,2017-07,368
Egypt,item,2017-08,373
Egypt,item,2017-09,339
Egypt,item,2017-10,403
Egypt,item,2017-11,388
Egypt,item,2017-12,382
Egypt,item,2018-01,419
Egypt,item,2018-02,265
Egypt,item,2018-03,466
Egypt,item,2018-04,427
Egypt,item,2018-05,271
Egypt,item,2018-06,240
Egypt,item,2018-07,423
Egypt,item,2018-08,368
Egypt,item,2018-09,372
Egypt,item,2018-10,393
Egypt,item,2018-11,289
Egypt,item,2018-12,435
Egypt,item,2019-01,349
Egypt,item,2019-02,341
Egypt,item,2019-03,314
Egypt,item,2019-04,415
Egypt,item,2019-05,198
Egypt,item,2019-06,493
Egypt,item,2019-07,705
Egypt,item,2019-08,440
Egypt,item,2019-09,414
Egypt,item,2019-10,402
Egypt,item,2019-11,474
Egypt,item,2019-12,637
Egypt,item,2020-01,584
Egypt,item,2020-02,302
Egypt,item,2020-03,69
Egypt,item,2020-04,0
Egypt,item,2020-05,0
Egypt,item,2020-06,0
Egypt,item,2020-07,4
Egypt,item,2020-08,12
Egypt,item,2020-09,10
Egypt,item,2020-10,6
Egypt,item,2020-11,6
Egypt,item,2020-12,13
Egypt,item,2021-01,6
Egypt,item,2021-02,6
Egypt,item,2021-03,8
Egypt,item,2021-04,6
Egypt,item,2021-05,5
Egypt,item,2021-06,1
Egypt,item,2021-07,0
Egypt,item,2021-08,12
Egypt,item,2021-09,7
Egypt,item,2021-10,10
Egypt,item,2021-11,19
Egypt,item,2021-12,14
Egypt,item,2022-01,12
Egypt,item,2022-02,7
Egypt,item,2022-03,19
Egypt,item,2022-04,34
Egypt,item,2022-05,62
Egypt,item,2022-06,132
Egypt,item,2022-07,164
Egypt,item,2022-08,197
Egypt,item,2022-09,255
Egypt,item,2022-10,259
Egypt,item,2022-11,283
Egypt,item,2022-12,220
Egypt,item,2023-01,192
Egypt,item,2023-02,205
Egypt,item,2023-03,168
Egypt,item,2023-04,155
Egypt,item,2023-05,253
Egypt,item,2023-06,211
Egypt,item,2023-07,348
Egypt,item,2023-08,243
Egypt,item,2023-09,272
Egypt,item,2023-10,265
Egypt,item,2023-11,269
Egypt,item,2023-12,188
Egypt,item,2024-01,279
Egypt,item,2024-02,220
Egypt,item,2024-03,175
Egypt,item,2024-04,152
Egypt,item,2024-05,284
Egypt,item,2024-06,236
Egypt,item,2024-07,201
Egypt,item,2024-08,244
Egypt,item,2024-09,267
Egypt,item,2024-10,306
Egypt,item,2024-11,364
Egypt,item,2024-12,239
Egypt,item,2025-01,426
Egypt,item,2025-02,222
Egypt,item,2025-03,152
Egypt,item,2025-04,205
Egypt,item,2025-05,253
Egypt,item,2025-06,254
Egypt,item,2025-07,329
Egypt,item,2025-08,307
Egypt,item,2025-09,280
Egypt,item,2025-10,505
Egypt,item,2025-11,286
Egypt,item,2025-12,281
Egypt,item,2026-01,260
Egypt,item,2026-02,201
Egypt,item,2026-03,136
Egypt,item,2026-04,225
Egypt,item,2026-05,206
Egypt,item,2026-06,185
Europe,group,2008-01,124515
Europe,group,2008-02,122346
Europe,group,2008-03,141721
Europe,group,2008-04,107745
Europe,group,2008-05,85942
Europe,group,2008-06,79538
Europe,group,2008-07,106176
Europe,group,2008-08,115651
Europe,group,2008-09,94826
Europe,group,2008-10,110068
Europe,group,2008-11,117515
Europe,group,2008-12,116318
Europe,group,2009-01,116663
Europe,group,2009-02,116089
Europe,group,2009-03,130029
Europe,group,2009-04,108721
Europe,group,2009-05,82992
Europe,group,2009-06,78469
Europe,group,2009-07,107151
Europe,group,2009-08,120519
Europe,group,2009-09,98164
Europe,group,2009-10,114992
Europe,group,2009-11,122820
Europe,group,2009-12,110895
Europe,group,2010-01,130002
Europe,group,2010-02,124919
Europe,group,2010-03,144873
Europe,group,2010-04,113930
Europe,group,2010-05,92340
Europe,group,2010-06,82013
Europe,group,2010-07,107517
Europe,group,2010-08,123392
Europe,group,2010-09,95864
Europe,group,2010-10,113339
Europe,group,2010-11,129448
Europe,group,2010-12,116043
Europe,group,2011-01,132616
Europe,group,2011-02,120443
Europe,group,2011-03,140756
Europe,group,2011-04,121349
Europe,group,2011-05,87405
Europe,group,2011-06,80166
Europe,group,2011-07,113854
Europe,group,2011-08,124298
Europe,group,2011-09,104492
Europe,group,2011-10,117723
Europe,group,2011-11,130163
Europe,group,2011-12,128389
Europe,group,2012-01,150022
Europe,group,2012-02,159924
Europe,group,2012-03,165101
Europe,group,2012-04,126201
Europe,group,2012-05,91559
Europe,group,2012-06,87205
Europe,group,2012-07,122181
Europe,group,2012-08,134641
Europe,group,2012-09,113107
Europe,group,2012-10,124645
Europe,group,2012-11,131485
Europe,group,2012-12,131438
Europe,group,2013-01,155741
Europe,group,2013-02,144455
Europe,group,2013-03,170603
Europe,group,2013-04,123042
Europe,group,2013-05,101794
Europe,group,2013-06,94881
Europe,group,2013-07,130507
Europe,group,2013-08,150069
Europe,group,2013-09,117020
Europe,group,2013-10,130033
Europe,group,2013-11,135130
Europe,group,2013-12,138066
Europe,group,2014-01,162551
Europe,group,2014-02,156630
Europe,group,2014-03,168535
Europe,group,2014-04,140349
Europe,group,2014-05,100622
Europe,group,2014-06,88947
Europe,group,2014-07,124542
Europe,group,2014-08,153482
Europe,group,2014-09,120902
Europe,group,2014-10,129264
Europe,group,2014-11,134238
Europe,group,2014-12,137315
Europe,group,2015-01,158529
Europe,group,2015-02,147155
Europe,group,2015-03,160349
Europe,group,2015-04,128157
Europe,group,2015-05,99889
Europe,group,2015-06,88472
Europe,group,2015-07,136833
Europe,group,2015-08,163413
Europe,group,2015-09,119898
Europe,group,2015-10,139262
Europe,group,2015-11,146342
Europe,group,2015-12,147577
Europe,group,2016-01,179868
Europe,group,2016-02,173348
Europe,group,2016-03,181967
Europe,group,2016-04,141925
Europe,group,2016-05,103933
Europe,group,2016-06,86155
Europe,group,2016-07,140279
Europe,group,2016-08,167971
Europe,group,2016-09,123106
Europe,group,2016-10,149426
Europe,group,2016-11,144990
Europe,group,2016-12,150103
Europe,group,2017-01,177009
Europe,group,2017-02,188107
Europe,group,2017-03,188890
Europe,group,2017-04,163089
Europe,group,2017-05,107646
Europe,group,2017-06,97934
Europe,group,2017-07,154203
Europe,group,2017-08,179183
Europe,group,2017-09,138100
Europe,group,2017-10,149618
Europe,group,2017-11,159370
Europe,group,2017-12,150754
Europe,group,2018-01,204876
Europe,group,2018-02,200960
Europe,group,2018-03,210751
Europe,group,2018-04,168796
Europe,group,2018-05,121103
Europe,group,2018-06,108999
Europe,group,2018-07,176230
Europe,group,2018-08,206031
Europe,group,2018-09,159993
Europe,group,2018-10,162926
Europe,group,2018-11,167566
Europe,group,2018-12,175053
Europe,group,2019-01,224478
Europe,group,2019-02,213198
Europe,group,2019-03,213342
Europe,group,2019-04,181375
Europe,group,2019-05,119900
Europe,group,2019-06,110587
Europe,group,2019-07,173060
Europe,group,2019-08,203813
Europe,group,2019-09,159864
Europe,group,2019-10,164050
Europe,group,2019-11,179959
Europe,group,2019-12,189183
Europe,group,2020-01,225192
Europe,group,2020-02,190088
Europe,group,2020-03,67261
Europe,group,2020-04,47
Europe,group,2020-05,90
Europe,group,2020-06,266
Europe,group,2020-07,850
Europe,group,2020-08,1078
Europe,group,2020-09,1007
Europe,group,2020-10,1066
Europe,group,2020-11,968
Europe,group,2020-12,1210
Europe,group,2021-01,1690
Europe,group,2021-02,1128
Europe,group,2021-03,1085
Europe,group,2021-04,1014
Europe,group,2021-05,499
Europe,group,2021-06,286
Europe,group,2021-07,874
Europe,group,2021-08,1515
Europe,group,2021-09,2297
Europe,group,2021-10,3453
Europe,group,2021-11,5668
Europe,group,2021-12,9450
Europe,group,2022-01,7225
Europe,group,2022-02,10444
Europe,group,2022-03,14625
Europe,group,2022-04,32971
Europe,group,2022-05,42110
Europe,group,2022-06,48879
Europe,group,2022-07,83308
Europe,group,2022-08,110258
Europe,group,2022-09,100653
Europe,group,2022-10,103897
Europe,group,2022-11,109366
Europe,group,2022-12,102982
Europe,group,2023-01,131839
Europe,group,2023-02,156384
Europe,group,2023-03,161938
Europe,group,2023-04,135415
Europe,group,2023-05,113597
Europe,group,2023-06,88537
Europe,group,2023-07,144826
Europe,group,2023-08,173132
Europe,group,2023-09,137745
Europe,group,2023-10,132680
Europe,group,2023-11,141356
Europe,group,2023-12,138310
Europe,group,2024-01,191720
Europe,group,2024-02,201178
Europe,group,2024-03,198063
Europe,group,2024-04,155889
Europe,group,2024-05,125282
Europe,group,2024-06,100934
Europe,group,2024-07,166248
Europe,group,2024-08,204247
Europe,group,2024-09,149578
Europe,group,2024-10,151359
Europe,group,2024-11,161891
Europe,group,2024-12,155696
Europe,group,2025-01,200004
Europe,group,2025-02,208194
Europe,group,2025-03,193320
Europe,group,2025-04,175269
Europe,group,2025-05,133831
Europe,group,2025-06,108667
Europe,group,2025-07,194150
Europe,group,2025-08,231389
Europe,group,2025-09,148925
Europe,group,2025-10,162710
Europe,group,2025-11,163099
Europe,group,2025-12,166095
Europe,group,2026-01,208808
Europe,group,2026-02,217494
Europe,group,2026-03,198465
Europe,group,2026-04,159680
Europe,group,2026-05,119997
Europe,group,2026-06,102358
Finland,item,2008-01,1513
Finland,item,2008-02,1554
Finland,item,2008-03,1431
Finland,item,2008-04,982
Finland,item,2008-05,854
Finland,item,2008-06,806
Finland,item,2008-07,784
Finland,item,2008-08,648
Finland,item,2008-09,1181
Finland,item,2008-10,946
Finland,item,2008-11,1169
Finland,item,2008-12,1512
Finland,item,2009-01,1549
Finland,item,2009-02,1827
Finland,item,2009-03,1801
Finland,item,2009-04,1361
Finland,item,2009-05,1202
Finland,item,2009-06,1332
Finland,item,2009-07,969
Finland,item,2009-08,704
Finland,item,2009-09,997
Finland,item,2009-10,1137
Finland,item,2009-11,1395
Finland,item,2009-12,1761
Finland,item,2010-01,1972
Finland,item,2010-02,1539
Finland,item,2010-03,1775
Finland,item,2010-04,1064
Finland,item,2010-05,878
Finland,item,2010-06,991
Finland,item,2010-07,968
Finland,item,2010-08,754
Finland,item,2010-09,986
Finland,item,2010-10,1359
Finland,item,2010-11,1535
Finland,item,2010-12,1790
Finland,item,2011-01,2217
Finland,item,2011-02,1757
Finland,item,2011-03,1649
Finland,item,2011-04,1138
Finland,item,2011-05,1056
Finland,item,2011-06,1985
Finland,item,2011-07,1991
Finland,item,2011-08,1240
Finland,item,2011-09,1259
Finland,item,2011-10,2202
Finland,item,2011-11,3092
Finland,item,2011-12,4319
Finland,item,2012-01,4792
Finland,item,2012-02,5586
Finland,item,2012-03,4144
Finland,item,2012-04,2358
Finland,item,2012-05,1607
Finland,item,2012-06,1745
Finland,item,2012-07,1425
Finland,item,2012-08,992
Finland,item,2012-09,1586
Finland,item,2012-10,2541
Finland,item,2012-11,2889
Finland,item,2012-12,3668
Finland,item,2013-01,3877
Finland,item,2013-02,3755
Finland,item,2013-03,3271
Finland,item,2013-04,2213
Finland,item,2013-05,1527
Finland,item,2013-06,1620
Finland,item,2013-07,1295
Finland,item,2013-08,1092
Finland,item,2013-09,1558
Finland,item,2013-10,2249
Finland,item,2013-11,3280
Finland,item,2013-12,3638
Finland,item,2014-01,4427
Finland,item,2014-02,4580
Finland,item,2014-03,3449
Finland,item,2014-04,2305
Finland,item,2014-05,1495
Finland,item,2014-06,1532
Finland,item,2014-07,1266
Finland,item,2014-08,1108
Finland,item,2014-09,1759
Finland,item,2014-10,2522
Finland,item,2014-11,3054
Finland,item,2014-12,3210
Finland,item,2015-01,3740
Finland,item,2015-02,3390
Finland,item,2015-03,3110
Finland,item,2015-04,2198
Finland,item,2015-05,1373
Finland,item,2015-06,1551
Finland,item,2015-07,1308
Finland,item,2015-08,1222
Finland,item,2015-09,1451
Finland,item,2015-10,2569
Finland,item,2015-11,2761
Finland,item,2015-12,3231
Finland,item,2016-01,4431
Finland,item,2016-02,3959
Finland,item,2016-03,3186
Finland,item,2016-04,1889
Finland,item,2016-05,1490
Finland,item,2016-06,1434
Finland,item,2016-07,1586
Finland,item,2016-08,1114
Finland,item,2016-09,1688
Finland,item,2016-10,2725
Finland,item,2016-11,2390
Finland,item,2016-12,2750
Finland,item,2017-01,3929
Finland,item,2017-02,3834
Finland,item,2017-03,3101
Finland,item,2017-04,2492
Finland,item,2017-05,1596
Finland,item,2017-06,1885
Finland,item,2017-07,1618
Finland,item,2017-08,1294
Finland,item,2017-09,2076
Finland,item,2017-10,2940
Finland,item,2017-11,3170
Finland,item,2017-12,3392
Finland,item,2018-01,4558
Finland,item,2018-02,4780
Finland,item,2018-03,3963
Finland,item,2018-04,2203
Finland,item,2018-05,1379
Finland,item,2018-06,1876
Finland,item,2018-07,1835
Finland,item,2018-08,1156
Finland,item,2018-09,2021
Finland,item,2018-10,2867
Finland,item,2018-11,2585
Finland,item,2018-12,3357
Finland,item,2019-01,3642
Finland,item,2019-02,4220
Finland,item,2019-03,3106
Finland,item,2019-04,2148
Finland,item,2019-05,1483
Finland,item,2019-06,1867
Finland,item,2019-07,1992
Finland,item,2019-08,1226
Finland,item,2019-09,2210
Finland,item,2019-10,2843
Finland,item,2019-11,2775
Finland,item,2019-12,3263
Finland,item,2020-01,3713
Finland,item,2020-02,4009
Finland,item,2020-03,1179
Finland,item,2020-04,2
Finland,item,2020-05,0
Finland,item,2020-06,0
Finland,item,2020-07,5
Finland,item,2020-08,45
Finland,item,2020-09,21
Finland,item,2020-10,18
Finland,item,2020-11,17
Finland,item,2020-12,12
Finland,item,2021-01,45
Finland,item,2021-02,17
Finland,item,2021-03,15
Finland,item,2021-04,11
Finland,item,2021-05,16
Finland,item,2021-06,6
Finland,item,2021-07,11
Finland,item,2021-08,16
Finland,item,2021-09,19
Finland,item,2021-10,23
Finland,item,2021-11,19
Finland,item,2021-12,157
Finland,item,2022-01,121
Finland,item,2022-02,129
Finland,item,2022-03,181
Finland,item,2022-04,448
Finland,item,2022-05,588
Finland,item,2022-06,710
Finland,item,2022-07,894
Finland,item,2022-08,628
Finland,item,2022-09,1122
Finland,item,2022-10,1759
Finland,item,2022-11,1810
Finland,item,2022-12,1391
Finland,item,2023-01,2247
Finland,item,2023-02,2312
Finland,item,2023-03,2131
Finland,item,2023-04,1318
Finland,item,2023-05,1122
Finland,item,2023-06,1221
Finland,item,2023-07,1062
Finland,item,2023-08,838
Finland,item,2023-09,1275
Finland,item,2023-10,2059
Finland,item,2023-11,2236
Finland,item,2023-12,1957
Finland,item,2024-01,3490
Finland,item,2024-02,3277
Finland,item,2024-03,2973
Finland,item,2024-04,2008
Finland,item,2024-05,1528
Finland,item,2024-06,1610
Finland,item,2024-07,1271
Finland,item,2024-08,832
Finland,item,2024-09,1334
Finland,item,2024-10,2470
Finland,item,2024-11,2394
Finland,item,2024-12,2839
Finland,item,2025-01,3613
Finland,item,2025-02,3434
Finland,item,2025-03,2827
Finland,item,2025-04,1911
Finland,item,2025-05,1593
Finland,item,2025-06,1731
Finland,item,2025-07,1669
Finland,item,2025-08,966
Finland,item,2025-09,1448
Finland,item,2025-10,2877
Finland,item,2025-11,2414
Finland,item,2025-12,2479
Finland,item,2026-01,4322
Finland,item,2026-02,4094
Finland,item,2026-03,3091
Finland,item,2026-04,2112
Finland,item,2026-05,1438
Finland,item,2026-06,1470
France,item,2008-01,8771
France,item,2008-02,9093
France,item,2008-03,9707
France,item,2008-04,9897
France,item,2008-05,8451
France,item,2008-06,7147
France,item,2008-07,11267
France,item,2008-08,13597
France,item,2008-09,7682
France,item,2008-10,8200
France,item,2008-11,8782
France,item,2008-12,8604
France,item,2009-01,8168
France,item,2009-02,9002
France,item,2009-03,10418
France,item,2009-04,9831
France,item,2009-05,8642
France,item,2009-06,7685
France,item,2009-07,11867
France,item,2009-08,16005
France,item,2009-09,8383
France,item,2009-10,10012
France,item,2009-11,10339
France,item,2009-12,9376
France,item,2010-01,10010
France,item,2010-02,10684
France,item,2010-03,11349
France,item,2010-04,11283
France,item,2010-05,10323
France,item,2010-06,8359
France,item,2010-07,11904
France,item,2010-08,15794
France,item,2010-09,8362
France,item,2010-10,10062
France,item,2010-11,11753
France,item,2010-12,10578
France,item,2011-01,10957
France,item,2011-02,10755
France,item,2011-03,12342
France,item,2011-04,11852
France,item,2011-05,10086
France,item,2011-06,7990
France,item,2011-07,13943
France,item,2011-08,17520
France,item,2011-09,10434
France,item,2011-10,11204
France,item,2011-11,11166
France,item,2011-12,12050
France,item,2012-01,10939
France,item,2012-02,14493
France,item,2012-03,14253
France,item,2012-04,14517
France,item,2012-05,10902
France,item,2012-06,9301
France,item,2012-07,15402
France,item,2012-08,20864
France,item,2012-09,12529
France,item,2012-10,11328
France,item,2012-11,12585
France,item,2012-12,11810
France,item,2013-01,12798
France,item,2013-02,12621
France,item,2013-03,16120
France,item,2013-04,13403
France,item,2013-05,12432
France,item,2013-06,9349
France,item,2013-07,15466
France,item,2013-08,21876
France,item,2013-09,10508
France,item,2013-10,12384
France,item,2013-11,11359
France,item,2013-12,11697
France,item,2014-01,11966
France,item,2014-02,14180
France,item,2014-03,15735
France,item,2014-04,13643
France,item,2014-05,11980
France,item,2014-06,9288
France,item,2014-07,14405
France,item,2014-08,20541
France,item,2014-09,10323
France,item,2014-10,12351
France,item,2014-11,11762
France,item,2014-12,10708
France,item,2015-01,11285
France,item,2015-02,13590
France,item,2015-03,12789
France,item,2015-04,13135
France,item,2015-05,11686
France,item,2015-06,8969
France,item,2015-07,16926
France,item,2015-08,22241
France,item,2015-09,9816
France,item,2015-10,13334
France,item,2015-11,12269
France,item,2015-12,11443
France,item,2016-01,12144
France,item,2016-02,16417
France,item,2016-03,14259
France,item,2016-04,16628
France,item,2016-05,11789
France,item,2016-06,8954
France,item,2016-07,16844
France,item,2016-08,23795
France,item,2016-09,11176
France,item,2016-10,14543
France,item,2016-11,12615
France,item,2016-12,11749
France,item,2017-01,12356
France,item,2017-02,16851
France,item,2017-03,14751
France,item,2017-04,15681
France,item,2017-05,12333
France,item,2017-06,9643
France,item,2017-07,18255
France,item,2017-08,23815
France,item,2017-09,11584
France,item,2017-10,14082
France,item,2017-11,14210
France,item,2017-12,11852
France,item,2018-01,15788
France,item,2018-02,18539
France,item,2018-03,17579
France,item,2018-04,18647
France,item,2018-05,15071
France,item,2018-06,10706
France,item,2018-07,21991
France,item,2018-08,28097
France,item,2018-09,13550
France,item,2018-10,15717
France,item,2018-11,16162
France,item,2018-12,12922
France,item,2019-01,18052
France,item,2019-02,19884
France,item,2019-03,19099
France,item,2019-04,17974
France,item,2019-05,14413
France,item,2019-06,11822
France,item,2019-07,21953
France,item,2019-08,28953
France,item,2019-09,15137
France,item,2019-10,16369
France,item,2019-11,15407
France,item,2019-12,13745
France,item,2020-01,16613
France,item,2020-02,18495
France,item,2020-03,5464
France,item,2020-04,5
France,item,2020-05,2
France,item,2020-06,21
France,item,2020-07,90
France,item,2020-08,240
France,item,2020-09,190
France,item,2020-10,213
France,item,2020-11,122
France,item,2020-12,166
France,item,2021-01,402
France,item,2021-02,204
France,item,2021-03,147
France,item,2021-04,174
France,item,2021-05,83
France,item,2021-06,26
France,item,2021-07,97
France,item,2021-08,327
France,item,2021-09,337
France,item,2021-10,423
France,item,2021-11,799
France,item,2021-12,1195
France,item,2022-01,1077
France,item,2022-02,1760
France,item,2022-03,1759
France,item,2022-04,3744
France,item,2022-05,5068
France,item,2022-06,5501
France,item,2022-07,10598
France,item,2022-08,16618
France,item,2022-09,10200
France,item,2022-10,10665
France,item,2022-11,10546
France,item,2022-12,8554
France,item,2023-01,9873
France,item,2023-02,13722
France,item,2023-03,12924
France,item,2023-04,13260
France,item,2023-05,13557
France,item,2023-06,9709
France,item,2023-07,18158
France,item,2023-08,24471
France,item,2023-09,13476
France,item,2023-10,13088
France,item,2023-11,12002
France,item,2023-12,10010
France,item,2024-01,12945
France,item,2024-02,17244
France,item,2024-03,14035
France,item,2024-04,16776
France,item,2024-05,15013
France,item,2024-06,10852
France,item,2024-07,21021
France,item,2024-08,26916
France,item,2024-09,14774
France,item,2024-10,14969
France,item,2024-11,13671
France,item,2024-12,10947
France,item,2025-01,12948
France,item,2025-02,18937
France,item,2025-03,14771
France,item,2025-04,15665
France,item,2025-05,14639
France,item,2025-06,10480
France,item,2025-07,24943
France,item,2025-08,31826
France,item,2025-09,14149
France,item,2025-10,14996
France,item,2025-11,12683
France,item,2025-12,10620
France,item,2026-01,13400
France,item,2026-02,17535
France,item,2026-03,15521
France,item,2026-04,15988
France,item,2026-05,13574
France,item,2026-06,10569
Germany,item,2008-01,14269
Germany,item,2008-02,15670
Germany,item,2008-03,18467
Germany,item,2008-04,14169
Germany,item,2008-05,11609
Germany,item,2008-06,10893
Germany,item,2008-07,13500
Germany,item,2008-08,14690
Germany,item,2008-09,14033
Germany,item,2008-10,16762
Germany,item,2008-11,16946
Germany,item,2008-12,14272
Germany,item,2009-01,14551
Germany,item,2009-02,14985
Germany,item,2009-03,19351
Germany,item,2009-04,15931
Germany,item,2009-05,11002
Germany,item,2009-06,10373
Germany,item,2009-07,13356
Germany,item,2009-08,15563
Germany,item,2009-09,14742
Germany,item,2009-10,17384
Germany,item,2009-11,20619
Germany,item,2009-12,15824
Germany,item,2010-01,18091
Germany,item,2010-02,17337
Germany,item,2010-03,24044
Germany,item,2010-04,17908
Germany,item,2010-05,14058
Germany,item,2010-06,11839
Germany,item,2010-07,14647
Germany,item,2010-08,17269
Germany,item,2010-09,15994
Germany,item,2010-10,18241
Germany,item,2010-11,22283
Germany,item,2010-12,17552
Germany,item,2011-01,19862
Germany,item,2011-02,19290
Germany,item,2011-03,23715
Germany,item,2011-04,18274
Germany,item,2011-05,12628
Germany,item,2011-06,12094
Germany,item,2011-07,15675
Germany,item,2011-08,18141
Germany,item,2011-09,17400
Germany,item,2011-10,18938
Germany,item,2011-11,22487
Germany,item,2011-12,21448
Germany,item,2012-01,26463
Germany,item,2012-02,27868
Germany,item,2012-03,30111
Germany,item,2012-04,19375
Germany,item,2012-05,14377
Germany,item,2012-06,13106
Germany,item,2012-07,17784
Germany,item,2012-08,20355
Germany,item,2012-09,19658
Germany,item,2012-10,20744
Germany,item,2012-11,20254
Germany,item,2012-12,22338
Germany,item,2013-01,22837
Germany,item,2013-02,23053
Germany,item,2013-03,31307
Germany,item,2013-04,18494
Germany,item,2013-05,15763
Germany,item,2013-06,13453
Germany,item,2013-07,18262
Germany,item,2013-08,22265
Germany,item,2013-09,21012
Germany,item,2013-10,21759
Germany,item,2013-11,21213
Germany,item,2013-12,22142
Germany,item,2014-01,25176
Germany,item,2014-02,25422
Germany,item,2014-03,30806
Germany,item,2014-04,22125
Germany,item,2014-05,15425
Germany,item,2014-06,13270
Germany,item,2014-07,17014
Germany,item,2014-08,24544
Germany,item,2014-09,22156
Germany,item,2014-10,21905
Germany,item,2014-11,21514
Germany,item,2014-12,24156
Germany,item,2015-01,24529
Germany,item,2015-02,24937
Germany,item,2015-03,31468
Germany,item,2015-04,20086
Germany,item,2015-05,16266
Germany,item,2015-06,13660
Germany,item,2015-07,18815
Germany,item,2015-08,26784
Germany,item,2015-09,22303
Germany,item,2015-10,24718
Germany,item,2015-11,27994
Germany,item,2015-12,35172
Germany,item,2016-01,39133
Germany,item,2016-02,37455
Germany,item,2016-03,40603
Germany,item,2016-04,21371
Germany,item,2016-05,17868
Germany,item,2016-06,13776
Germany,item,2016-07,19327
Germany,item,2016-08,25895
Germany,item,2016-09,22567
Germany,item,2016-10,27153
Germany,item,2016-11,28441
Germany,item,2016-12,35176
Germany,item,2017-01,37068
Germany,item,2017-02,40022
Germany,item,2017-03,43618
Germany,item,2017-04,30420
Germany,item,2017-05,17427
Germany,item,2017-06,16274
Germany,item,2017-07,21206
Germany,item,2017-08,26590
Germany,item,2017-09,24858
Germany,item,2017-10,27617
Germany,item,2017-11,28423
Germany,item,2017-12,28863
Germany,item,2018-01,38733
Germany,item,2018-02,36701
Germany,item,2018-03,36973
Germany,item,2018-04,26640
Germany,item,2018-05,20136
Germany,item,2018-06,17397
Germany,item,2018-07,25215
Germany,item,2018-08,29525
Germany,item,2018-09,28000
Germany,item,2018-10,28808
Germany,item,2018-11,29465
Germany,item,2018-12,39214
Germany,item,2019-01,46784
Germany,item,2019-02,41522
Germany,item,2019-03,44963
Germany,item,2019-04,33428
Germany,item,2019-05,18753
Germany,item,2019-06,17574
Germany,item,2019-07,23843
Germany,item,2019-08,27209
Germany,item,2019-09,26979
Germany,item,2019-10,28485
Germany,item,2019-11,37191
Germany,item,2019-12,34026
Germany,item,2020-01,40228
Germany,item,2020-02,39857
Germany,item,2020-03,14758
Germany,item,2020-04,2
Germany,item,2020-05,7
Germany,item,2020-06,19
Germany,item,2020-07,74
Germany,item,2020-08,133
Germany,item,2020-09,78
Germany,item,2020-10,121
Germany,item,2020-11,114
Germany,item,2020-12,172
Germany,item,2021-01,194
Germany,item,2021-02,146
Germany,item,2021-03,135
Germany,item,2021-04,114
Germany,item,2021-05,57
Germany,item,2021-06,42
Germany,item,2021-07,151
Germany,item,2021-08,139
Germany,item,2021-09,769
Germany,item,2021-10,997
Germany,item,2021-11,1074
Germany,item,2021-12,1594
Germany,item,2022-01,1193
Germany,item,2022-02,1645
Germany,item,2022-03,2434
Germany,item,2022-04,5378
Germany,item,2022-05,7034
Germany,item,2022-06,8868
Germany,item,2022-07,12345
Germany,item,2022-08,16917
Germany,item,2022-09,17810
Germany,item,2022-10,18184
Germany,item,2022-11,18279
Germany,item,2022-12,20499
Germany,item,2023-01,26678
Germany,item,2023-02,31063
Germany,item,2023-03,34976
Germany,item,2023-04,24219
Germany,item,2023-05,22534
Germany,item,2023-06,15026
Germany,item,2023-07,21074
Germany,item,2023-08,24633
Germany,item,2023-09,25075
Germany,item,2023-10,24581
Germany,item,2023-11,26528
Germany,item,2023-12,25476
Germany,item,2024-01,40121
Germany,item,2024-02,37725
Germany,item,2024-03,39349
Germany,item,2024-04,27952
Germany,item,2024-05,24536
Germany,item,2024-06,13930
Germany,item,2024-07,21116
Germany,item,2024-08,27501
Germany,item,2024-09,23795
Germany,item,2024-10,26180
Germany,item,2024-11,26020
Germany,item,2024-12,31729
Germany,item,2025-01,39376
Germany,item,2025-02,39200
Germany,item,2025-03,37577
Germany,item,2025-04,30761
Germany,item,2025-05,26299
Germany,item,2025-06,15844
Germany,item,2025-07,23199
Germany,item,2025-08,32190
Germany,item,2025-09,25397
Germany,item,2025-10,26922
Germany,item,2025-11,24859
Germany,item,2025-12,34757
Germany,item,2026-01,34723
Germany,item,2026-02,45675
Germany,item,2026-03,40094
Germany,item,2026-04,26265
Germany,item,2026-05,22357
Germany,item,2026-06,14105
Greater China,group,2008-01,145726
Greater China,group,2008-02,167633
Greater China,group,2008-03,140905
Greater China,group,2008-04,142790
Greater China,group,2008-05,124860
Greater China,group,2008-06,108212
Greater China,group,2008-07,154705
Greater China,group,2008-08,136725
Greater China,group,2008-09,100597
Greater China,group,2008-10,111262
Greater China,group,2008-11,111753
Greater China,group,2008-12,101998
Greater China,group,2009-01,145972
Greater China,group,2009-02,113312
Greater China,group,2009-03,125937
Greater China,group,2009-04,128044
Greater China,group,2009-05,86145
Greater China,group,2009-06,76165
Greater China,group,2009-07,124316
Greater China,group,2009-08,141676
Greater China,group,2009-09,92360
Greater China,group,2009-10,123066
Greater China,group,2009-11,123723
Greater China,group,2009-12,120167
Greater China,group,2010-01,135038
Greater China,group,2010-02,187197
Greater China,group,2010-03,130797
Greater China,group,2010-04,143627
Greater China,group,2010-05,122304
Greater China,group,2010-06,117363
Greater China,group,2010-07,191372
Greater China,group,2010-08,202152
Greater China,group,2010-09,117856
Greater China,group,2010-10,140932
Greater China,group,2010-11,138429
Greater China,group,2010-12,146472
Greater China,group,2011-01,181388
Greater China,group,2011-02,209673
Greater China,group,2011-03,179323
Greater China,group,2011-04,205001
Greater China,group,2011-05,169371
Greater China,group,2011-06,164488
Greater China,group,2011-07,277466
Greater China,group,2011-08,263202
Greater China,group,2011-09,156030
Greater China,group,2011-10,184153
Greater China,group,2011-11,149816
Greater China,group,2011-12,167257
Greater China,group,2012-01,270576
Greater China,group,2012-02,217565
Greater China,group,2012-03,240492
Greater China,group,2012-04,246075
Greater China,group,2012-05,195027
Greater China,group,2012-06,182892
Greater China,group,2012-07,288258
Greater China,group,2012-08,286756
Greater China,group,2012-09,183313
Greater China,group,2012-10,231172
Greater China,group,2012-11,235903
Greater China,group,2012-12,236886
Greater China,group,2013-01,256173
Greater China,group,2013-02,342660
Greater China,group,2013-03,280596
Greater China,group,2013-04,293857
Greater China,group,2013-05,263093
Greater China,group,2013-06,243393
Greater China,group,2013-07,366741
Greater China,group,2013-08,348046
Greater China,group,2013-09,241300
Greater China,group,2013-10,180418
Greater China,group,2013-11,182352
Greater China,group,2013-12,188271
Greater China,group,2014-01,264443
Greater China,group,2014-02,287243
Greater China,group,2014-03,232681
Greater China,group,2014-04,224305
Greater China,group,2014-05,172254
Greater China,group,2014-06,167167
Greater China,group,2014-07,309197
Greater China,group,2014-08,305291
Greater China,group,2014-09,173014
Greater China,group,2014-10,200246
Greater China,group,2014-11,194072
Greater China,group,2014-12,192653
Greater China,group,2015-01,207586
Greater China,group,2015-02,327971
Greater China,group,2015-03,198908
Greater China,group,2015-04,243881
Greater China,group,2015-05,214376
Greater China,group,2015-06,222897
Greater China,group,2015-07,383975
Greater China,group,2015-08,408047
Greater China,group,2015-09,219786
Greater China,group,2015-10,236418
Greater China,group,2015-11,221707
Greater China,group,2015-12,240080
Greater China,group,2016-01,302777
Greater China,group,2016-02,373011
Greater China,group,2016-03,328713
Greater China,group,2016-04,346908
Greater China,group,2016-05,304453
Greater China,group,2016-06,302687
Greater China,group,2016-07,430751
Greater China,group,2016-08,433176
Greater China,group,2016-09,232061
Greater China,group,2016-10,232317
Greater China,group,2016-11,247733
Greater China,group,2016-12,286667
Greater China,group,2017-01,389744
Greater China,group,2017-02,342756
Greater China,group,2017-03,328080
Greater China,group,2017-04,338068
Greater China,group,2017-05,298939
Greater China,group,2017-06,283320
Greater China,group,2017-07,455964
Greater China,group,2017-08,458502
Greater China,group,2017-09,289803
Greater China,group,2017-10,313669
Greater China,group,2017-11,311846
Greater China,group,2017-12,305363
Greater China,group,2018-01,358429
Greater China,group,2018-02,452920
Greater China,group,2018-03,349144
Greater China,group,2018-04,370121
Greater China,group,2018-05,330962
Greater China,group,2018-06,316668
Greater China,group,2018-07,470287
Greater China,group,2018-08,487260
Greater China,group,2018-09,309748
Greater China,group,2018-10,314537
Greater China,group,2018-11,280164
Greater China,group,2018-12,302561
Greater China,group,2019-01,393850
Greater China,group,2019-02,423941
Greater China,group,2019-03,365215
Greater China,group,2019-04,389376
Greater China,group,2019-05,349842
Greater China,group,2019-06,338988
Greater China,group,2019-07,498897
Greater China,group,2019-08,499809
Greater China,group,2019-09,318888
Greater China,group,2019-10,331072
Greater China,group,2019-11,319671
Greater China,group,2019-12,342199
Greater China,group,2020-01,413392
Greater China,group,2020-02,36496
Greater China,group,2020-03,8410
Greater China,group,2020-04,33
Greater China,group,2020-05,29
Greater China,group,2020-06,220
Greater China,group,2020-07,1410
Greater China,group,2020-08,2622
Greater China,group,2020-09,2845
Greater China,group,2020-10,3626
Greater China,group,2020-11,4475
Greater China,group,2020-12,8422
Greater China,group,2021-01,7222
Greater China,group,2021-02,4984
Greater China,group,2021-03,9467
Greater China,group,2021-04,9591
Greater China,group,2021-05,7852
Greater China,group,2021-06,7383
Greater China,group,2021-07,13514
Greater China,group,2021-08,9978
Greater China,group,2021-09,10099
Greater China,group,2021-10,6971
Greater China,group,2021-11,4307
Greater China,group,2021-12,5963
Greater China,group,2022-01,5759
Greater China,group,2022-02,6177
Greater China,group,2022-03,8563
Greater China,group,2022-04,13729
Greater China,group,2022-05,17723
Greater China,group,2022-06,23566
Greater China,group,2022-07,35493
Greater China,group,2022-08,33996
Greater China,group,2022-09,36676
Greater China,group,2022-10,42415
Greater China,group,2022-11,49506
Greater China,group,2022-12,60836
Greater China,group,2023-01,89388
Greater China,group,2023-02,82278
Greater China,group,2023-03,105132
Greater China,group,2023-04,150903
Greater China,group,2023-05,148053
Greater China,group,2023-06,167228
Greater China,group,2023-07,309869
Greater China,group,2023-08,289817
Greater China,group,2023-09,188758
Greater China,group,2023-10,177880
Greater China,group,2023-11,150216
Greater China,group,2023-12,176872
Greater China,group,2024-01,276912
Greater China,group,2024-02,401356
Greater China,group,2024-03,315960
Greater China,group,2024-04,278950
Greater China,group,2024-05,276697
Greater China,group,2024-06,277427
Greater China,group,2024-07,500116
Greater China,group,2024-08,484556
Greater China,group,2024-09,275553
Greater China,group,2024-10,290844
Greater China,group,2024-11,224281
Greater China,group,2024-12,240770
Greater China,group,2025-01,452741
Greater China,group,2025-02,324420
Greater China,group,2025-03,238828
Greater China,group,2025-04,275456
Greater China,group,2025-05,312599
Greater China,group,2025-06,259294
Greater China,group,2025-07,511059
Greater China,group,2025-08,488986
Greater China,group,2025-09,257049
Greater China,group,2025-10,295886
Greater China,group,2025-11,256444
Greater China,group,2025-12,219889
Greater China,group,2026-01,335302
Greater China,group,2026-02,513221
Greater China,group,2026-03,269520
Greater China,group,2026-04,293832
Greater China,group,2026-05,259071
Greater China,group,2026-06,260123
Hong Kong SAR,item,2008-01,19817
Hong Kong SAR,item,2008-02,27263
Hong Kong SAR,item,2008-03,27600
Hong Kong SAR,item,2008-04,20232
Hong Kong SAR,item,2008-05,22867
Hong Kong SAR,item,2008-06,23055
Hong Kong SAR,item,2008-07,28218
Hong Kong SAR,item,2008-08,26847
Hong Kong SAR,item,2008-09,20765
Hong Kong SAR,item,2008-10,20016
Hong Kong SAR,item,2008-11,19197
Hong Kong SAR,item,2008-12,22238
Hong Kong SAR,item,2009-01,23399
Hong Kong SAR,item,2009-02,19720
Hong Kong SAR,item,2009-03,21290
Hong Kong SAR,item,2009-04,28587
Hong Kong SAR,item,2009-05,21529
Hong Kong SAR,item,2009-06,21703
Hong Kong SAR,item,2009-07,33382
Hong Kong SAR,item,2009-08,36218
Hong Kong SAR,item,2009-09,21509
Hong Kong SAR,item,2009-10,25512
Hong Kong SAR,item,2009-11,20525
Hong Kong SAR,item,2009-12,21046
Hong Kong SAR,item,2010-01,19415
Hong Kong SAR,item,2010-02,24904
Hong Kong SAR,item,2010-03,26245
Hong Kong SAR,item,2010-04,35564
Hong Kong SAR,item,2010-05,32047
Hong Kong SAR,item,2010-06,32190
Hong Kong SAR,item,2010-07,46727
Hong Kong SAR,item,2010-08,46696
Hong Kong SAR,item,2010-09,28469
Hong Kong SAR,item,2010-10,32834
Hong Kong SAR,item,2010-11,29852
Hong Kong SAR,item,2010-12,32636
Hong Kong SAR,item,2011-01,29322
Hong Kong SAR,item,2011-02,38190
Hong Kong SAR,item,2011-03,32721
Hong Kong SAR,item,2011-04,52413
Hong Kong SAR,item,2011-05,37886
Hong Kong SAR,item,2011-06,37962
Hong Kong SAR,item,2011-07,56960
Hong Kong SAR,item,2011-08,49034
Hong Kong SAR,item,2011-09,31113
Hong Kong SAR,item,2011-10,31027
Hong Kong SAR,item,2011-11,31543
Hong Kong SAR,item,2011-12,36204
Hong Kong SAR,item,2012-01,39000
Hong Kong SAR,item,2012-02,30416
Hong Kong SAR,item,2012-03,35154
Hong Kong SAR,item,2012-04,47141
Hong Kong SAR,item,2012-05,33091
Hong Kong SAR,item,2012-06,36897
Hong Kong SAR,item,2012-07,50113
Hong Kong SAR,item,2012-08,48138
Hong Kong SAR,item,2012-09,34584
Hong Kong SAR,item,2012-10,38630
Hong Kong SAR,item,2012-11,36704
Hong Kong SAR,item,2012-12,42299
Hong Kong SAR,item,2013-01,32438
Hong Kong SAR,item,2013-02,48473
Hong Kong SAR,item,2013-03,50220
Hong Kong SAR,item,2013-04,40252
Hong Kong SAR,item,2013-05,40898
Hong Kong SAR,item,2013-06,43857
Hong Kong SAR,item,2013-07,67662
Hong Kong SAR,item,2013-08,61337
Hong Kong SAR,item,2013-09,33514
Hong Kong SAR,item,2013-10,37570
Hong Kong SAR,item,2013-11,38801
Hong Kong SAR,item,2013-12,44788
Hong Kong SAR,item,2014-01,41909
Hong Kong SAR,item,2014-02,48440
Hong Kong SAR,item,2014-03,43218
Hong Kong SAR,item,2014-04,69675
Hong Kong SAR,item,2014-05,47859
Hong Kong SAR,item,2014-06,47182
Hong Kong SAR,item,2014-07,80808
Hong Kong SAR,item,2014-08,87173
Hong Kong SAR,item,2014-09,39931
Hong Kong SAR,item,2014-10,40146
Hong Kong SAR,item,2014-11,39019
Hong Kong SAR,item,2014-12,45669
Hong Kong SAR,item,2015-01,34012
Hong Kong SAR,item,2015-02,46985
Hong Kong SAR,item,2015-03,41803
Hong Kong SAR,item,2015-04,58959
Hong Kong SAR,item,2015-05,45742
Hong Kong SAR,item,2015-06,45453
Hong Kong SAR,item,2015-07,82817
Hong Kong SAR,item,2015-08,89436
Hong Kong SAR,item,2015-09,40315
Hong Kong SAR,item,2015-10,41272
Hong Kong SAR,item,2015-11,37241
Hong Kong SAR,item,2015-12,45853
Hong Kong SAR,item,2016-01,34742
Hong Kong SAR,item,2016-02,49837
Hong Kong SAR,item,2016-03,58341
Hong Kong SAR,item,2016-04,42712
Hong Kong SAR,item,2016-05,39959
Hong Kong SAR,item,2016-06,42330
Hong Kong SAR,item,2016-07,69847
Hong Kong SAR,item,2016-08,70842
Hong Kong SAR,item,2016-09,30252
Hong Kong SAR,item,2016-10,31512
Hong Kong SAR,item,2016-11,30832
Hong Kong SAR,item,2016-12,36763
Hong Kong SAR,item,2017-01,34436
Hong Kong SAR,item,2017-02,33169
Hong Kong SAR,item,2017-03,33561
Hong Kong SAR,item,2017-04,53971
Hong Kong SAR,item,2017-05,33784
Hong Kong SAR,item,2017-06,32684
Hong Kong SAR,item,2017-07,54124
Hong Kong SAR,item,2017-08,55265
Hong Kong SAR,item,2017-09,31937
Hong Kong SAR,item,2017-10,32964
Hong Kong SAR,item,2017-11,33174
Hong Kong SAR,item,2017-12,36712
Hong Kong SAR,item,2018-01,29758
Hong Kong SAR,item,2018-02,36433
Hong Kong SAR,item,2018-03,41979
Hong Kong SAR,item,2018-04,41414
Hong Kong SAR,item,2018-05,36379
Hong Kong SAR,item,2018-06,38115
Hong Kong SAR,item,2018-07,52507
Hong Kong SAR,item,2018-08,56484
Hong Kong SAR,item,2018-09,35588
Hong Kong SAR,item,2018-10,34865
Hong Kong SAR,item,2018-11,32620
Hong Kong SAR,item,2018-12,36982
Hong Kong SAR,item,2019-01,30056
Hong Kong SAR,item,2019-02,38921
Hong Kong SAR,item,2019-03,34355
Hong Kong SAR,item,2019-04,52206
Hong Kong SAR,item,2019-05,36429
Hong Kong SAR,item,2019-06,36226
Hong Kong SAR,item,2019-07,50820
Hong Kong SAR,item,2019-08,52768
Hong Kong SAR,item,2019-09,35351
Hong Kong SAR,item,2019-10,36073
Hong Kong SAR,item,2019-11,40383
Hong Kong SAR,item,2019-12,44954
Hong Kong SAR,item,2020-01,38681
Hong Kong SAR,item,2020-02,12808
Hong Kong SAR,item,2020-03,5315
Hong Kong SAR,item,2020-04,13
Hong Kong SAR,item,2020-05,2
Hong Kong SAR,item,2020-06,68
Hong Kong SAR,item,2020-07,333
Hong Kong SAR,item,2020-08,342
Hong Kong SAR,item,2020-09,291
Hong Kong SAR,item,2020-10,300
Hong Kong SAR,item,2020-11,313
Hong Kong SAR,item,2020-12,510
Hong Kong SAR,item,2021-01,288
Hong Kong SAR,item,2021-02,245
Hong Kong SAR,item,2021-03,245
Hong Kong SAR,item,2021-04,221
Hong Kong SAR,item,2021-05,276
Hong Kong SAR,item,2021-06,361
Hong Kong SAR,item,2021-07,750
Hong Kong SAR,item,2021-08,602
Hong Kong SAR,item,2021-09,669
Hong Kong SAR,item,2021-10,494
Hong Kong SAR,item,2021-11,527
Hong Kong SAR,item,2021-12,754
Hong Kong SAR,item,2022-01,901
Hong Kong SAR,item,2022-02,1794
Hong Kong SAR,item,2022-03,3774
Hong Kong SAR,item,2022-04,7244
Hong Kong SAR,item,2022-05,8115
Hong Kong SAR,item,2022-06,9220
Hong Kong SAR,item,2022-07,11343
Hong Kong SAR,item,2022-08,10669
Hong Kong SAR,item,2022-09,13659
Hong Kong SAR,item,2022-10,16052
Hong Kong SAR,item,2022-11,19670
Hong Kong SAR,item,2022-12,26605
Hong Kong SAR,item,2023-01,26208
Hong Kong SAR,item,2023-02,20227
Hong Kong SAR,item,2023-03,23465
Hong Kong SAR,item,2023-04,32791
Hong Kong SAR,item,2023-05,26356
Hong Kong SAR,item,2023-06,23179
Hong Kong SAR,item,2023-07,32175
Hong Kong SAR,item,2023-08,32627
Hong Kong SAR,item,2023-09,25848
Hong Kong SAR,item,2023-10,25108
Hong Kong SAR,item,2023-11,22646
Hong Kong SAR,item,2023-12,26440
Hong Kong SAR,item,2024-01,23460
Hong Kong SAR,item,2024-02,26556
Hong Kong SAR,item,2024-03,35836
Hong Kong SAR,item,2024-04,26605
Hong Kong SAR,item,2024-05,24420
Hong Kong SAR,item,2024-06,25388
Hong Kong SAR,item,2024-07,33929
Hong Kong SAR,item,2024-08,35682
Hong Kong SAR,item,2024-09,26627
Hong Kong SAR,item,2024-10,25197
Hong Kong SAR,item,2024-11,24541
Hong Kong SAR,item,2024-12,23487
Hong Kong SAR,item,2025-01,25869
Hong Kong SAR,item,2025-02,21228
Hong Kong SAR,item,2025-03,23378
Hong Kong SAR,item,2025-04,34549
Hong Kong SAR,item,2025-05,32814
Hong Kong SAR,item,2025-06,27750
Hong Kong SAR,item,2025-07,38198
Hong Kong SAR,item,2025-08,38784
Hong Kong SAR,item,2025-09,22474
Hong Kong SAR,item,2025-10,26182
Hong Kong SAR,item,2025-11,25067
Hong Kong SAR,item,2025-12,21359
Hong Kong SAR,item,2026-01,19428
Hong Kong SAR,item,2026-02,22103
Hong Kong SAR,item,2026-03,25495
Hong Kong SAR,item,2026-04,34553
Hong Kong SAR,item,2026-05,23958
Hong Kong SAR,item,2026-06,25553
India,item,2008-01,58365
India,item,2008-02,49078
India,item,2008-03,57776
India,item,2008-04,62908
India,item,2008-05,103468
India,item,2008-06,84143
India,item,2008-07,63373
India,item,2008-08,58626
India,item,2008-09,53488
India,item,2008-10,67510
India,item,2008-11,56927
India,item,2008-12,62641
India,item,2009-01,46752
India,item,2009-02,42275
India,item,2009-03,46779
India,item,2009-04,55994
India,item,2009-05,90395
India,item,2009-06,78538
India,item,2009-07,65978
India,item,2009-08,54631
India,item,2009-09,57110
India,item,2009-10,67239
India,item,2009-11,49836
India,item,2009-12,70097
India,item,2010-01,57404
India,item,2010-02,46061
India,item,2010-03,53966
India,item,2010-04,73219
India,item,2010-05,115965
India,item,2010-06,83472
India,item,2010-07,64912
India,item,2010-08,57109
India,item,2010-09,54860
India,item,2010-10,75574
India,item,2010-11,72920
India,item,2010-12,73532
India,item,2011-01,63078
India,item,2011-02,50696
India,item,2011-03,57601
India,item,2011-04,74097
India,item,2011-05,114316
India,item,2011-06,90742
India,item,2011-07,71209
India,item,2011-08,60926
India,item,2011-09,58309
India,item,2011-10,77196
India,item,2011-11,72387
India,item,2011-12,78434
India,item,2012-01,57265
India,item,2012-02,61815
India,item,2012-03,65547
India,item,2012-04,76035
India,item,2012-05,124147
India,item,2012-06,93694
India,item,2012-07,68749
India,item,2012-08,63579
India,item,2012-09,58748
India,item,2012-10,72348
India,item,2012-11,74794
India,item,2012-12,78272
India,item,2013-01,71162
India,item,2013-02,59665
India,item,2013-03,70480
India,item,2013-04,76103
India,item,2013-05,122030
India,item,2013-06,99754
India,item,2013-07,73550
India,item,2013-08,66274
India,item,2013-09,64556
India,item,2013-10,72429
India,item,2013-11,74389
India,item,2013-12,83161
India,item,2014-01,65557
India,item,2014-02,62999
India,item,2014-03,70488
India,item,2014-04,79536
India,item,2014-05,118953
India,item,2014-06,94738
India,item,2014-07,72724
India,item,2014-08,69960
India,item,2014-09,65751
India,item,2014-10,88855
India,item,2014-11,71555
India,item,2014-12,82520
India,item,2015-01,73605
India,item,2015-02,60016
India,item,2015-03,70302
India,item,2015-04,84041
India,item,2015-05,130511
India,item,2015-06,101773
India,item,2015-07,83806
India,item,2015-08,77137
India,item,2015-09,69846
India,item,2015-10,86649
India,item,2015-11,88350
India,item,2015-12,87950
India,item,2016-01,81363
India,item,2016-02,64702
India,item,2016-03,78859
India,item,2016-04,94578
India,item,2016-05,141986
India,item,2016-06,112026
India,item,2016-07,87919
India,item,2016-08,80977
India,item,2016-09,75074
India,item,2016-10,94649
India,item,2016-11,90734
India,item,2016-12,94323
India,item,2017-01,80062
India,item,2017-02,75905
India,item,2017-03,85299
India,item,2017-04,109303
India,item,2017-05,172822
India,item,2017-06,136478
India,item,2017-07,97125
India,item,2017-08,91551
India,item,2017-09,102262
India,item,2017-10,120100
India,item,2017-11,86432
India,item,2017-12,114738
India,item,2018-01,108067
India,item,2018-02,81797
India,item,2018-03,105560
India,item,2018-04,122229
India,item,2018-05,196072
India,item,2018-06,154945
India,item,2018-07,117798
India,item,2018-08,100744
India,item,2018-09,102251
India,item,2018-10,114000
India,item,2018-11,121319
India,item,2018-12,117495
India,item,2019-01,104562
India,item,2019-02,88926
India,item,2019-03,106506
India,item,2019-04,120225
India,item,2019-05,182727
India,item,2019-06,144118
India,item,2019-07,112026
India,item,2019-08,108736
India,item,2019-09,105075
India,item,2019-10,116182
India,item,2019-11,113717
India,item,2019-12,115193
India,item,2020-01,99643
India,item,2020-02,52946
India,item,2020-03,17848
India,item,2020-04,87
India,item,2020-05,79
India,item,2020-06,130
India,item,2020-07,634
India,item,2020-08,581
India,item,2020-09,394
India,item,2020-10,428
India,item,2020-11,500
India,item,2020-12,2252
India,item,2021-01,3946
India,item,2021-02,3215
India,item,2021-03,4193
India,item,2021-04,3729
India,item,2021-05,84
India,item,2021-06,12
India,item,2021-07,332
India,item,2021-08,95
India,item,2021-09,678
India,item,2021-10,2936
India,item,2021-11,7488
India,item,2021-12,27672
India,item,2022-01,11428
India,item,2022-02,15567
India,item,2022-03,27531
India,item,2022-04,41079
India,item,2022-05,59198
India,item,2022-06,64337
India,item,2022-07,75130
India,item,2022-08,76249
India,item,2022-09,86393
India,item,2022-10,81796
India,item,2022-11,73694
India,item,2022-12,74067
India,item,2023-01,56605
India,item,2023-02,61301
India,item,2023-03,75339
India,item,2023-04,97032
India,item,2023-05,130444
India,item,2023-06,114588
India,item,2023-07,93056
India,item,2023-08,83601
India,item,2023-09,81016
India,item,2023-10,94334
India,item,2023-11,90231
India,item,2023-12,92620
India,item,2024-01,82113
India,item,2024-02,66149
India,item,2024-03,97026
India,item,2024-04,106694
India,item,2024-05,156517
India,item,2024-06,120009
India,item,2024-07,89642
India,item,2024-08,91805
India,item,2024-09,87767
India,item,2024-10,102233
India,item,2024-11,92905
India,item,2024-12,103740
India,item,2025-01,85400
India,item,2025-02,74869
India,item,2025-03,101198
India,item,2025-04,118660
India,item,2025-05,154403
India,item,2025-06,112726
India,item,2025-07,85791
India,item,2025-08,91142
India,item,2025-09,99039
India,item,2025-10,103054
India,item,2025-11,84256
India,item,2025-12,96662
India,item,2026-01,86430
India,item,2026-02,65041
India,item,2026-03,95910
India,item,2026-04,107157
India,item,2026-05,144009
India,item,2026-06,105981
Indonesia,item,2008-01,155708
Indonesia,item,2008-02,124940
Indonesia,item,2008-03,155238
Indonesia,item,2008-04,131809
Indonesia,item,2008-05,137243
Indonesia,item,2008-06,154546
Indonesia,item,2008-07,168492
Indonesia,item,2008-08,134811
Indonesia,item,2008-09,144158
Indonesia,item,2008-10,158276
Indonesia,item,2008-11,119530
Indonesia,item,2008-12,180678
Indonesia,item,2009-01,118342
Indonesia,item,2009-02,103501
Indonesia,item,2009-03,128446
Indonesia,item,2009-04,126815
Indonesia,item,2009-05,129444
Indonesia,item,2009-06,159603
Indonesia,item,2009-07,169634
Indonesia,item,2009-08,131985
Indonesia,item,2009-09,182901
Indonesia,item,2009-10,137011
Indonesia,item,2009-11,143014
Indonesia,item,2009-12,214634
Indonesia,item,2010-01,173640
Indonesia,item,2010-02,143921
Indonesia,item,2010-03,166036
Indonesia,item,2010-04,163076
Indonesia,item,2010-05,185809
Indonesia,item,2010-06,214445
Indonesia,item,2010-07,232630
Indonesia,item,2010-08,165525
Indonesia,item,2010-09,243869
Indonesia,item,2010-10,178939
Indonesia,item,2010-11,176118
Indonesia,item,2010-12,262235
Indonesia,item,2011-01,208232
Indonesia,item,2011-02,177003
Indonesia,item,2011-03,191842
Indonesia,item,2011-04,194335
Indonesia,item,2011-05,199881
Indonesia,item,2011-06,253383
Indonesia,item,2011-07,251419
Indonesia,item,2011-08,228209
Indonesia,item,2011-09,221319
Indonesia,item,2011-10,193879
Indonesia,item,2011-11,188488
Indonesia,item,2011-12,284232
Indonesia,item,2012-01,230500
Indonesia,item,2012-02,211738
Indonesia,item,2012-03,227695
Indonesia,item,2012-04,214289
Indonesia,item,2012-05,228359
Indonesia,item,2012-06,253510
Indonesia,item,2012-07,246772
Indonesia,item,2012-08,276938
Indonesia,item,2012-09,195481
Indonesia,item,2012-10,215668
Indonesia,item,2012-11,229432
Indonesia,item,2012-12,307155
Indonesia,item,2013-01,254725
Indonesia,item,2013-02,196059
Indonesia,item,2013-03,259244
Indonesia,item,2013-04,218602
Indonesia,item,2013-05,251092
Indonesia,item,2013-06,295907
Indonesia,item,2013-07,260700
Indonesia,item,2013-08,328174
Indonesia,item,2013-09,218751
Indonesia,item,2013-10,246115
Indonesia,item,2013-11,238233
Indonesia,item,2013-12,321257
Indonesia,item,2014-01,284126
Indonesia,item,2014-02,219036
Indonesia,item,2014-03,246308
Indonesia,item,2014-04,230236
Indonesia,item,2014-05,267714
Indonesia,item,2014-06,278181
Indonesia,item,2014-07,296880
Indonesia,item,2014-08,234710
Indonesia,item,2014-09,206593
Indonesia,item,2014-10,226630
Indonesia,item,2014-11,219369
Indonesia,item,2014-12,315395
Indonesia,item,2015-01,236295
Indonesia,item,2015-02,184183
Indonesia,item,2015-03,211347
Indonesia,item,2015-04,207138
Indonesia,item,2015-05,238688
Indonesia,item,2015-06,238403
Indonesia,item,2015-07,305600
Indonesia,item,2015-08,205671
Indonesia,item,2015-09,187629
Indonesia,item,2015-10,204574
Indonesia,item,2015-11,200687
Indonesia,item,2015-12,311475
Indonesia,item,2016-01,249876
Indonesia,item,2016-02,216284
Indonesia,item,2016-03,238160
Indonesia,item,2016-04,215353
Indonesia,item,2016-05,258606
Indonesia,item,2016-06,235444
Indonesia,item,2016-07,319759
Indonesia,item,2016-08,210626
Indonesia,item,2016-09,186610
Indonesia,item,2016-10,213070
Indonesia,item,2016-11,219845
Indonesia,item,2016-12,329994
Indonesia,item,2017-01,254634
Indonesia,item,2017-02,208853
Indonesia,item,2017-03,256636
Indonesia,item,2017-04,248048
Indonesia,item,2017-05,220534
Indonesia,item,2017-06,281171
Indonesia,item,2017-07,268010
Indonesia,item,2017-08,217339
Indonesia,item,2017-09,216278
Indonesia,item,2017-10,221036
Indonesia,item,2017-11,231705
Indonesia,item,2017-12,330156
Indonesia,item,2018-01,265384
Indonesia,item,2018-02,221178
Indonesia,item,2018-03,260685
Indonesia,item,2018-04,235260
Indonesia,item,2018-05,227536
Indonesia,item,2018-06,332990
Indonesia,item,2018-07,263277
Indonesia,item,2018-08,217787
Indonesia,item,2018-09,224629
Indonesia,item,2018-10,225244
Indonesia,item,2018-11,226425
Indonesia,item,2018-12,321060
Indonesia,item,2019-01,261622
Indonesia,item,2019-02,213991
Indonesia,item,2019-03,249164
Indonesia,item,2019-04,240868
Indonesia,item,2019-05,215825
Indonesia,item,2019-06,311036
Indonesia,item,2019-07,294173
Indonesia,item,2019-08,228095
Indonesia,item,2019-09,237637
Indonesia,item,2019-10,251936
Indonesia,item,2019-11,266774
Indonesia,item,2019-12,339505
Indonesia,item,2020-01,282144
Indonesia,item,2020-02,115351
Indonesia,item,2020-03,46499
Indonesia,item,2020-04,208
Indonesia,item,2020-05,196
Indonesia,item,2020-06,301
Indonesia,item,2020-07,793
Indonesia,item,2020-08,1027
Indonesia,item,2020-09,1428
Indonesia,item,2020-10,2424
Indonesia,item,2020-11,3121
Indonesia,item,2020-12,4204
Indonesia,item,2021-01,2625
Indonesia,item,2021-02,2176
Indonesia,item,2021-03,3032
Indonesia,item,2021-04,3278
Indonesia,item,2021-05,1800
Indonesia,item,2021-06,519
Indonesia,item,2021-07,156
Indonesia,item,2021-08,315
Indonesia,item,2021-09,669
Indonesia,item,2021-10,1954
Indonesia,item,2021-11,5756
Indonesia,item,2021-12,11177
Indonesia,item,2022-01,5885
Indonesia,item,2022-02,6872
Indonesia,item,2022-03,13622
Indonesia,item,2022-04,58330
Indonesia,item,2022-05,86745
Indonesia,item,2022-06,110094
Indonesia,item,2022-07,119086
Indonesia,item,2022-08,108252
Indonesia,item,2022-09,120169
Indonesia,item,2022-10,133408
Indonesia,item,2022-11,144444
Indonesia,item,2022-12,197261
Indonesia,item,2023-01,168975
Indonesia,item,2023-02,156448
Indonesia,item,2023-03,171507
Indonesia,item,2023-04,220067
Indonesia,item,2023-05,183758
Indonesia,item,2023-06,217052
Indonesia,item,2023-07,229886
Indonesia,item,2023-08,168122
Indonesia,item,2023-09,175603
Indonesia,item,2023-10,180884
Indonesia,item,2023-11,184281
Indonesia,item,2023-12,244322
Indonesia,item,2024-01,268979
Indonesia,item,2024-02,190747
Indonesia,item,2024-03,204997
Indonesia,item,2024-04,243913
Indonesia,item,2024-05,189245
Indonesia,item,2024-06,200206
Indonesia,item,2024-07,209827
Indonesia,item,2024-08,163910
Indonesia,item,2024-09,173613
Indonesia,item,2024-10,183714
Indonesia,item,2024-11,194446
Indonesia,item,2024-12,266033
Indonesia,item,2025-01,251772
Indonesia,item,2025-02,192616
Indonesia,item,2025-03,195890
Indonesia,item,2025-04,236847
Indonesia,item,2025-05,197881
Indonesia,item,2025-06,205552
Indonesia,item,2025-07,223463
Indonesia,item,2025-08,162901
Indonesia,item,2025-09,169866
Indonesia,item,2025-10,177211
Indonesia,item,2025-11,181469
Indonesia,item,2025-12,244377
Indonesia,item,2026-01,218818
Indonesia,item,2026-02,167039
Indonesia,item,2026-03,240368
Indonesia,item,2026-04,164202
Indonesia,item,2026-05,170126
Indonesia,item,2026-06,184564
Iran,item,2008-01,1045
Iran,item,2008-02,1259
Iran,item,2008-03,6760
Iran,item,2008-04,772
Iran,item,2008-05,634
Iran,item,2008-06,1021
Iran,item,2008-07,844
Iran,item,2008-08,1714
Iran,item,2008-09,1336
Iran,item,2008-10,1243
Iran,item,2008-11,1063
Iran,item,2008-12,1392
Iran,item,2009-01,1034
Iran,item,2009-02,1525
Iran,item,2009-03,8136
Iran,item,2009-04,911
Iran,item,2009-05,790
Iran,item,2009-06,1362
Iran,item,2009-07,1249
Iran,item,2009-08,1864
Iran,item,2009-09,1934
Iran,item,2009-10,1336
Iran,item,2009-11,1722
Iran,item,2009-12,2054
Iran,item,2010-01,1779
Iran,item,2010-02,4042
Iran,item,2010-03,10024
Iran,item,2010-04,1184
Iran,item,2010-05,1448
Iran,item,2010-06,2118
Iran,item,2010-07,2032
Iran,item,2010-08,2727
Iran,item,2010-09,4182
Iran,item,2010-10,2215
Iran,item,2010-11,2512
Iran,item,2010-12,2669
Iran,item,2011-01,2279
Iran,item,2011-02,3038
Iran,item,2011-03,8787
Iran,item,2011-04,1064
Iran,item,2011-05,1678
Iran,item,2011-06,2020
Iran,item,2011-07,2182
Iran,item,2011-08,2339
Iran,item,2011-09,3485
Iran,item,2011-10,1706
Iran,item,2011-11,1827
Iran,item,2011-12,2029
Iran,item,2012-01,1726
Iran,item,2012-02,1483
Iran,item,2012-03,5048
Iran,item,2012-04,886
Iran,item,2012-05,924
Iran,item,2012-06,1345
Iran,item,2012-07,1403
Iran,item,2012-08,1985
Iran,item,2012-09,1747
Iran,item,2012-10,575
Iran,item,2012-11,738
Iran,item,2012-12,693
Iran,item,2013-01,675
Iran,item,2013-02,731
Iran,item,2013-03,2223
Iran,item,2013-04,504
Iran,item,2013-05,421
Iran,item,2013-06,699
Iran,item,2013-07,606
Iran,item,2013-08,961
Iran,item,2013-09,1431
Iran,item,2013-10,883
Iran,item,2013-11,732
Iran,item,2013-12,1090
Iran,item,2014-01,898
Iran,item,2014-02,896
Iran,item,2014-03,3433
Iran,item,2014-04,577
Iran,item,2014-05,443
Iran,item,2014-06,685
Iran,item,2014-07,844
Iran,item,2014-08,892
Iran,item,2014-09,1254
Iran,item,2014-10,756
Iran,item,2014-11,758
Iran,item,2014-12,934
Iran,item,2015-01,601
Iran,item,2015-02,632
Iran,item,2015-03,2937
Iran,item,2015-04,548
Iran,item,2015-05,488
Iran,item,2015-06,646
Iran,item,2015-07,665
Iran,item,2015-08,889
Iran,item,2015-09,1473
Iran,item,2015-10,943
Iran,item,2015-11,1048
Iran,item,2015-12,1397
Iran,item,2016-01,1156
Iran,item,2016-02,1516
Iran,item,2016-03,6275
Iran,item,2016-04,819
Iran,item,2016-05,1198
Iran,item,2016-06,972
Iran,item,2016-07,1529
Iran,item,2016-08,1901
Iran,item,2016-09,2534
Iran,item,2016-10,1718
Iran,item,2016-11,1632
Iran,item,2016-12,1391
Iran,item,2017-01,1421
Iran,item,2017-02,1704
Iran,item,2017-03,8000
Iran,item,2017-04,922
Iran,item,2017-05,1115
Iran,item,2017-06,1607
Iran,item,2017-07,1423
Iran,item,2017-08,1724
Iran,item,2017-09,2840
Iran,item,2017-10,1423
Iran,item,2017-11,1402
Iran,item,2017-12,1304
Iran,item,2018-01,1673
Iran,item,2018-02,1777
Iran,item,2018-03,4963
Iran,item,2018-04,937
Iran,item,2018-05,551
Iran,item,2018-06,822
Iran,item,2018-07,923
Iran,item,2018-08,874
Iran,item,2018-09,551
Iran,item,2018-10,233
Iran,item,2018-11,342
Iran,item,2018-12,292
Iran,item,2019-01,420
Iran,item,2019-02,446
Iran,item,2019-03,1864
Iran,item,2019-04,323
Iran,item,2019-05,212
Iran,item,2019-06,388
Iran,item,2019-07,413
Iran,item,2019-08,798
Iran,item,2019-09,1083
Iran,item,2019-10,738
Iran,item,2019-11,698
Iran,item,2019-12,581
Iran,item,2020-01,493
Iran,item,2020-02,518
Iran,item,2020-03,8
Iran,item,2020-04,0
Iran,item,2020-05,0
Iran,item,2020-06,0
Iran,item,2020-07,0
Iran,item,2020-08,11
Iran,item,2020-09,6
Iran,item,2020-10,2
Iran,item,2020-11,8
Iran,item,2020-12,6
Iran,item,2021-01,4
Iran,item,2021-02,4
Iran,item,2021-03,8
Iran,item,2021-04,4
Iran,item,2021-05,0
Iran,item,2021-06,0
Iran,item,2021-07,0
Iran,item,2021-08,2
Iran,item,2021-09,6
Iran,item,2021-10,10
Iran,item,2021-11,5
Iran,item,2021-12,11
Iran,item,2022-01,3
Iran,item,2022-02,4
Iran,item,2022-03,12
Iran,item,2022-04,21
Iran,item,2022-05,127
Iran,item,2022-06,169
Iran,item,2022-07,135
Iran,item,2022-08,122
Iran,item,2022-09,184
Iran,item,2022-10,232
Iran,item,2022-11,232
Iran,item,2022-12,126
Iran,item,2023-01,156
Iran,item,2023-02,175
Iran,item,2023-03,1414
Iran,item,2023-04,421
Iran,item,2023-05,190
Iran,item,2023-06,322
Iran,item,2023-07,298
Iran,item,2023-08,406
Iran,item,2023-09,1009
Iran,item,2023-10,521
Iran,item,2023-11,560
Iran,item,2023-12,427
Iran,item,2024-01,409
Iran,item,2024-02,506
Iran,item,2024-03,2207
Iran,item,2024-04,404
Iran,item,2024-05,310
Iran,item,2024-06,364
Iran,item,2024-07,388
Iran,item,2024-08,521
Iran,item,2024-09,853
Iran,item,2024-10,385
Iran,item,2024-11,400
Iran,item,2024-12,430
Iran,item,2025-01,390
Iran,item,2025-02,325
Iran,item,2025-03,1565
Iran,item,2025-04,509
Iran,item,2025-05,222
Iran,item,2025-06,194
Iran,item,2025-07,114
Iran,item,2025-08,285
Iran,item,2025-09,539
Iran,item,2025-10,493
Iran,item,2025-11,571
Iran,item,2025-12,650
Iran,item,2026-01,501
Iran,item,2026-02,211
Iran,item,2026-03,32
Iran,item,2026-04,25
Iran,item,2026-05,33
Iran,item,2026-06,75
Israel,item,2008-01,1147
Israel,item,2008-02,1149
Israel,item,2008-03,1024
Israel,item,2008-04,816
Israel,item,2008-05,828
Israel,item,2008-06,905
Israel,item,2008-07,863
Israel,item,2008-08,892
Israel,item,2008-09,912
Israel,item,2008-10,1075
Israel,item,2008-11,1002
Israel,item,2008-12,789
Israel,item,2009-01,847
Israel,item,2009-02,994
Israel,item,2009-03,1025
Israel,item,2009-04,606
Israel,item,2009-05,745
Israel,item,2009-06,846
Israel,item,2009-07,856
Israel,item,2009-08,1088
Israel,item,2009-09,857
Israel,item,2009-10,1083
Israel,item,2009-11,1051
Israel,item,2009-12,886
Israel,item,2010-01,1277
Israel,item,2010-02,997
Israel,item,2010-03,1175
Israel,item,2010-04,957
Israel,item,2010-05,1029
Israel,item,2010-06,1174
Israel,item,2010-07,918
Israel,item,2010-08,1199
Israel,item,2010-09,785
Israel,item,2010-10,1109
Israel,item,2010-11,1310
Israel,item,2010-12,903
Israel,item,2011-01,1120
Israel,item,2011-02,1040
Israel,item,2011-03,1084
Israel,item,2011-04,931
Israel,item,2011-05,984
Israel,item,2011-06,881
Israel,item,2011-07,1170
Israel,item,2011-08,1006
Israel,item,2011-09,922
Israel,item,2011-10,1136
Israel,item,2011-11,1085
Israel,item,2011-12,778
Israel,item,2012-01,1138
Israel,item,2012-02,1336
Israel,item,2012-03,1216
Israel,item,2012-04,979
Israel,item,2012-05,977
Israel,item,2012-06,1088
Israel,item,2012-07,1239
Israel,item,2012-08,999
Israel,item,2012-09,1171
Israel,item,2012-10,1331
Israel,item,2012-11,1091
Israel,item,2012-12,1035
Israel,item,2013-01,1351
Israel,item,2013-02,1196
Israel,item,2013-03,1241
Israel,item,2013-04,1023
Israel,item,2013-05,1044
Israel,item,2013-06,1215
Israel,item,2013-07,1313
Israel,item,2013-08,1270
Israel,item,2013-09,1330
Israel,item,2013-10,1254
Israel,item,2013-11,1175
Israel,item,2013-12,1167
Israel,item,2014-01,1325
Israel,item,2014-02,1556
Israel,item,2014-03,1320
Israel,item,2014-04,1273
Israel,item,2014-05,1075
Israel,item,2014-06,1193
Israel,item,2014-07,1065
Israel,item,2014-08,1166
Israel,item,2014-09,1134
Israel,item,2014-10,1441
Israel,item,2014-11,1602
Israel,item,2014-12,1120
Israel,item,2015-01,1425
Israel,item,2015-02,1347
Israel,item,2015-03,1414
Israel,item,2015-04,1264
Israel,item,2015-05,1188
Israel,item,2015-06,1087
Israel,item,2015-07,1266
Israel,item,2015-08,1323
Israel,item,2015-09,1356
Israel,item,2015-10,1456
Israel,item,2015-11,1421
Israel,item,2015-12,1196
Israel,item,2016-01,1707
Israel,item,2016-02,1655
Israel,item,2016-03,1582
Israel,item,2016-04,1270
Israel,item,2016-05,1371
Israel,item,2016-06,1007
Israel,item,2016-07,1446
Israel,item,2016-08,1556
Israel,item,2016-09,1639
Israel,item,2016-10,2232
Israel,item,2016-11,1729
Israel,item,2016-12,1441
Israel,item,2017-01,1630
Israel,item,2017-02,1799
Israel,item,2017-03,1633
Israel,item,2017-04,1698
Israel,item,2017-05,1627
Israel,item,2017-06,1171
Israel,item,2017-07,1807
Israel,item,2017-08,1610
Israel,item,2017-09,1528
Israel,item,2017-10,2051
Israel,item,2017-11,1566
Israel,item,2017-12,1571
Israel,item,2018-01,2118
Israel,item,2018-02,2138
Israel,item,2018-03,2115
Israel,item,2018-04,1775
Israel,item,2018-05,1288
Israel,item,2018-06,1426
Israel,item,2018-07,1756
Israel,item,2018-08,1931
Israel,item,2018-09,2379
Israel,item,2018-10,2073
Israel,item,2018-11,1704
Israel,item,2018-12,1682
Israel,item,2019-01,2374
Israel,item,2019-02,1896
Israel,item,2019-03,1945
Israel,item,2019-04,2071
Israel,item,2019-05,1523
Israel,item,2019-06,1502
Israel,item,2019-07,1866
Israel,item,2019-08,1937
Israel,item,2019-09,2160
Israel,item,2019-10,2982
Israel,item,2019-11,2009
Israel,item,2019-12,2032
Israel,item,2020-01,2958
Israel,item,2020-02,1377
Israel,item,2020-03,211
Israel,item,2020-04,0
Israel,item,2020-05,4
Israel,item,2020-06,4
Israel,item,2020-07,40
Israel,item,2020-08,16
Israel,item,2020-09,13
Israel,item,2020-10,27
Israel,item,2020-11,37
Israel,item,2020-12,49
Israel,item,2021-01,28
Israel,item,2021-02,11
Israel,item,2021-03,30
Israel,item,2021-04,62
Israel,item,2021-05,48
Israel,item,2021-06,30
Israel,item,2021-07,65
Israel,item,2021-08,60
Israel,item,2021-09,33
Israel,item,2021-10,107
Israel,item,2021-11,131
Israel,item,2021-12,99
Israel,item,2022-01,94
Israel,item,2022-02,298
Israel,item,2022-03,321
Israel,item,2022-04,703
Israel,item,2022-05,930
Israel,item,2022-06,753
Israel,item,2022-07,1145
Israel,item,2022-08,1199
Israel,item,2022-09,1990
Israel,item,2022-10,2186
Israel,item,2022-11,1403
Israel,item,2022-12,916
Israel,item,2023-01,1342
Israel,item,2023-02,1510
Israel,item,2023-03,1639
Israel,item,2023-04,1275
Israel,item,2023-05,1184
Israel,item,2023-06,1012
Israel,item,2023-07,1596
Israel,item,2023-08,1669
Israel,item,2023-09,1805
Israel,item,2023-10,1029
Israel,item,2023-11,592
Israel,item,2023-12,693
Israel,item,2024-01,1075
Israel,item,2024-02,1346
Israel,item,2024-03,1284
Israel,item,2024-04,1448
Israel,item,2024-05,1296
Israel,item,2024-06,1134
Israel,item,2024-07,1318
Israel,item,2024-08,1299
Israel,item,2024-09,1779
Israel,item,2024-10,2123
Israel,item,2024-11,1877
Israel,item,2024-12,1494
Israel,item,2025-01,2116
Israel,item,2025-02,2133
Israel,item,2025-03,2413
Israel,item,2025-04,2126
Israel,item,2025-05,1546
Israel,item,2025-06,792
Israel,item,2025-07,1784
Israel,item,2025-08,1942
Israel,item,2025-09,2267
Israel,item,2025-10,2855
Israel,item,2025-11,1942
Israel,item,2025-12,1909
Israel,item,2026-01,2476
Israel,item,2026-02,2429
Israel,item,2026-03,1194
Israel,item,2026-04,1660
Israel,item,2026-05,1819
Israel,item,2026-06,1676
Italy,item,2008-01,3719
Italy,item,2008-02,3226
Italy,item,2008-03,3420
Italy,item,2008-04,3556
Italy,item,2008-05,2638
Italy,item,2008-06,2450
Italy,item,2008-07,3971
Italy,item,2008-08,6556
Italy,item,2008-09,3397
Italy,item,2008-10,3077
Italy,item,2008-11,3367
Italy,item,2008-12,3658
Italy,item,2009-01,3564
Italy,item,2009-02,3154
Italy,item,2009-03,3979
Italy,item,2009-04,2861
Italy,item,2009-05,3069
Italy,item,2009-06,3038
Italy,item,2009-07,3623
Italy,item,2009-08,8871
Italy,item,2009-09,3727
Italy,item,2009-10,3695
Italy,item,2009-11,3436
Italy,item,2009-12,3753
Italy,item,2010-01,4619
Italy,item,2010-02,3821
Italy,item,2010-03,4014
Italy,item,2010-04,3527
Italy,item,2010-05,3406
Italy,item,2010-06,3201
Italy,item,2010-07,4084
Italy,item,2010-08,8781
Italy,item,2010-09,3734
Italy,item,2010-10,3328
Italy,item,2010-11,4394
Italy,item,2010-12,4177
Italy,item,2011-01,5048
Italy,item,2011-02,3518
Italy,item,2011-03,5155
Italy,item,2011-04,3583
Italy,item,2011-05,3499
Italy,item,2011-06,3099
Italy,item,2011-07,4151
Italy,item,2011-08,8242
Italy,item,2011-09,3867
Italy,item,2011-10,3767
Italy,item,2011-11,4718
Italy,item,2011-12,4873
Italy,item,2012-01,5443
Italy,item,2012-02,5314
Italy,item,2012-03,6122
Italy,item,2012-04,4848
Italy,item,2012-05,3639
Italy,item,2012-06,3668
Italy,item,2012-07,5403
Italy,item,2012-08,11397
Italy,item,2012-09,5174
Italy,item,2012-10,4265
Italy,item,2012-11,5298
Italy,item,2012-12,4986
Italy,item,2013-01,6262
Italy,item,2013-02,4309
Italy,item,2013-03,5463
Italy,item,2013-04,4011
Italy,item,2013-05,4407
Italy,item,2013-06,4185
Italy,item,2013-07,5303
Italy,item,2013-08,13117
Italy,item,2013-09,5029
Italy,item,2013-10,4550
Italy,item,2013-11,5140
Italy,item,2013-12,4874
Italy,item,2014-01,5429
Italy,item,2014-02,4944
Italy,item,2014-03,5940
Italy,item,2014-04,4684
Italy,item,2014-05,3712
Italy,item,2014-06,3674
Italy,item,2014-07,5153
Italy,item,2014-08,13280
Italy,item,2014-09,5164
Italy,item,2014-10,4389
Italy,item,2014-11,5559
Italy,item,2014-12,5124
Italy,item,2015-01,5470
Italy,item,2015-02,4192
Italy,item,2015-03,5311
Italy,item,2015-04,4870
Italy,item,2015-05,3923
Italy,item,2015-06,3915
Italy,item,2015-07,5402
Italy,item,2015-08,15817
Italy,item,2015-09,5291
Italy,item,2015-10,5042
Italy,item,2015-11,5317
Italy,item,2015-12,4800
Italy,item,2016-01,6186
Italy,item,2016-02,4883
Italy,item,2016-03,4825
Italy,item,2016-04,5783
Italy,item,2016-05,4300
Italy,item,2016-06,4272
Italy,item,2016-07,6093
Italy,item,2016-08,16139
Italy,item,2016-09,5731
Italy,item,2016-10,5336
Italy,item,2016-11,5425
Italy,item,2016-12,5656
Italy,item,2017-01,6231
Italy,item,2017-02,5320
Italy,item,2017-03,5470
Italy,item,2017-04,5450
Italy,item,2017-05,4337
Italy,item,2017-06,4048
Italy,item,2017-07,6984
Italy,item,2017-08,19114
Italy,item,2017-09,6568
Italy,item,2017-10,5280
Italy,item,2017-11,6425
Italy,item,2017-12,5201
Italy,item,2018-01,9760
Italy,item,2018-02,8919
Italy,item,2018-03,7967
Italy,item,2018-04,6599
Italy,item,2018-05,5299
Italy,item,2018-06,4997
Italy,item,2018-07,7779
Italy,item,2018-08,22950
Italy,item,2018-09,7349
Italy,item,2018-10,5777
Italy,item,2018-11,5973
Italy,item,2018-12,8637
Italy,item,2019-01,10910
Italy,item,2019-02,10085
Italy,item,2019-03,7201
Italy,item,2019-04,6381
Italy,item,2019-05,4775
Italy,item,2019-06,4404
Italy,item,2019-07,7418
Italy,item,2019-08,21699
Italy,item,2019-09,6993
Italy,item,2019-10,5655
Italy,item,2019-11,6074
Italy,item,2019-12,11129
Italy,item,2020-01,10661
Italy,item,2020-02,7492
Italy,item,2020-03,1238
Italy,item,2020-04,1
Italy,item,2020-05,2
Italy,item,2020-06,8
Italy,item,2020-07,45
Italy,item,2020-08,36
Italy,item,2020-09,39
Italy,item,2020-10,66
Italy,item,2020-11,37
Italy,item,2020-12,60
Italy,item,2021-01,193
Italy,item,2021-02,70
Italy,item,2021-03,73
Italy,item,2021-04,58
Italy,item,2021-05,16
Italy,item,2021-06,8
Italy,item,2021-07,33
Italy,item,2021-08,54
Italy,item,2021-09,69
Italy,item,2021-10,98
Italy,item,2021-11,239
Italy,item,2021-12,319
Italy,item,2022-01,212
Italy,item,2022-02,346
Italy,item,2022-03,450
Italy,item,2022-04,933
Italy,item,2022-05,1372
Italy,item,2022-06,1656
Italy,item,2022-07,3366
Italy,item,2022-08,9544
Italy,item,2022-09,4994
Italy,item,2022-10,3697
Italy,item,2022-11,3775
Italy,item,2022-12,2777
Italy,item,2023-01,4082
Italy,item,2023-02,4861
Italy,item,2023-03,4643
Italy,item,2023-04,4220
Italy,item,2023-05,4092
Italy,item,2023-06,3426
Italy,item,2023-07,6965
Italy,item,2023-08,20896
Italy,item,2023-09,6547
Italy,item,2023-10,4058
Italy,item,2023-11,4119
Italy,item,2023-12,4237
Italy,item,2024-01,5573
Italy,item,2024-02,5038
Italy,item,2024-03,4868
Italy,item,2024-04,5141
Italy,item,2024-05,4444
Italy,item,2024-06,4818
Italy,item,2024-07,7807
Italy,item,2024-08,29522
Italy,item,2024-09,8001
Italy,item,2024-10,5864
Italy,item,2024-11,5112
Italy,item,2024-12,4828
Italy,item,2025-01,6086
Italy,item,2025-02,5709
Italy,item,2025-03,5354
Italy,item,2025-04,6480
Italy,item,2025-05,5479
Italy,item,2025-06,4901
Italy,item,2025-07,9366
Italy,item,2025-08,30649
Italy,item,2025-09,8367
Italy,item,2025-10,5595
Italy,item,2025-11,5802
Italy,item,2025-12,6078
Italy,item,2026-01,7474
Italy,item,2026-02,7028
Italy,item,2026-03,5311
Italy,item,2026-04,4952
Italy,item,2026-05,4037
Italy,item,2026-06,5401
Japan,item,2008-01,52973
Japan,item,2008-02,47449
Japan,item,2008-03,57364
Japan,item,2008-04,36301
Japan,item,2008-05,42382
Japan,item,2008-06,40879
Japan,item,2008-07,47659
Japan,item,2008-08,53699
Japan,item,2008-09,48771
Japan,item,2008-10,47736
Japan,item,2008-11,48225
Japan,item,2008-12,47602
Japan,item,2009-01,38382
Japan,item,2009-02,42807
Japan,item,2009-03,46797
Japan,item,2009-04,31633
Japan,item,2009-05,29800
Japan,item,2009-06,28060
Japan,item,2009-07,46633
Japan,item,2009-08,50698
Japan,item,2009-09,52561
Japan,item,2009-10,43247
Japan,item,2009-11,38949
Japan,item,2009-12,40420
Japan,item,2010-01,37747
Japan,item,2010-02,40669
Japan,item,2010-03,51836
Japan,item,2010-04,35179
Japan,item,2010-05,36827
Japan,item,2010-06,36469
Japan,item,2010-07,44649
Japan,item,2010-08,56680
Japan,item,2010-09,45012
Japan,item,2010-10,43497
Japan,item,2010-11,51542
Japan,item,2010-12,48844
Japan,item,2011-01,48799
Japan,item,2011-02,58190
Japan,item,2011-03,59999
Japan,item,2011-04,38311
Japan,item,2011-05,41594
Japan,item,2011-06,38061
Japan,item,2011-07,55479
Japan,item,2011-08,72034
Japan,item,2011-09,62395
Japan,item,2011-10,57677
Japan,item,2011-11,61293
Japan,item,2011-12,62585
Japan,item,2012-01,50672
Japan,item,2012-02,67306
Japan,item,2012-03,74995
Japan,item,2012-04,49203
Japan,item,2012-05,50006
Japan,item,2012-06,52387
Japan,item,2012-07,61139
Japan,item,2012-08,82747
Japan,item,2012-09,65991
Japan,item,2012-10,62436
Japan,item,2012-11,70696
Japan,item,2012-12,69538
Japan,item,2013-01,62857
Japan,item,2013-02,68442
Japan,item,2013-03,87359
Japan,item,2013-04,53292
Japan,item,2013-05,55491
Japan,item,2013-06,57757
Japan,item,2013-07,70113
Japan,item,2013-08,92179
Japan,item,2013-09,73786
Japan,item,2013-10,68034
Japan,item,2013-11,72603
Japan,item,2013-12,70932
Japan,item,2014-01,59578
Japan,item,2014-02,69230
Japan,item,2014-03,85946
Japan,item,2014-04,50751
Japan,item,2014-05,54173
Japan,item,2014-06,56044
Japan,item,2014-07,69419
Japan,item,2014-08,95248
Japan,item,2014-09,74408
Japan,item,2014-10,68609
Japan,item,2014-11,69415
Japan,item,2014-12,71920
Japan,item,2015-01,58479
Japan,item,2015-02,62422
Japan,item,2015-03,79941
Japan,item,2015-04,46687
Japan,item,2015-05,52971
Japan,item,2015-06,53257
Japan,item,2015-07,67682
Japan,item,2015-08,92793
Japan,item,2015-09,73972
Japan,item,2015-10,66416
Japan,item,2015-11,67840
Japan,item,2015-12,66719
Japan,item,2016-01,62275
Japan,item,2016-02,65604
Japan,item,2016-03,79146
Japan,item,2016-04,49613
Japan,item,2016-05,55006
Japan,item,2016-06,54993
Japan,item,2016-07,64715
Japan,item,2016-08,93619
Japan,item,2016-09,68997
Japan,item,2016-10,62858
Japan,item,2016-11,64466
Japan,item,2016-12,62570
Japan,item,2017-01,53377
Japan,item,2017-02,72654
Japan,item,2017-03,82293
Japan,item,2017-04,46245
Japan,item,2017-05,54012
Japan,item,2017-06,52932
Japan,item,2017-07,63193
Japan,item,2017-08,94900
Japan,item,2017-09,69742
Japan,item,2017-10,64624
Japan,item,2017-11,75348
Japan,item,2017-12,63553
Japan,item,2018-01,64087
Japan,item,2018-02,68191
Japan,item,2018-03,83064
Japan,item,2018-04,50253
Japan,item,2018-05,53474
Japan,item,2018-06,53413
Japan,item,2018-07,68146
Japan,item,2018-08,100491
Japan,item,2018-09,77013
Japan,item,2018-10,74019
Japan,item,2018-11,73787
Japan,item,2018-12,63738
Japan,item,2019-01,66402
Japan,item,2019-02,69885
Japan,item,2019-03,84048
Japan,item,2019-04,65212
Japan,item,2019-05,59138
Japan,item,2019-06,56709
Japan,item,2019-07,71410
Japan,item,2019-08,108104
Japan,item,2019-09,80823
Japan,item,2019-10,80106
Japan,item,2019-11,72765
Japan,item,2019-12,69706
Japan,item,2020-01,57234
Japan,item,2020-02,53425
Japan,item,2020-03,11611
Japan,item,2020-04,25
Japan,item,2020-05,30
Japan,item,2020-06,137
Japan,item,2020-07,565
Japan,item,2020-08,511
Japan,item,2020-09,353
Japan,item,2020-10,513
Japan,item,2020-11,763
Japan,item,2020-12,712
Japan,item,2021-01,555
Japan,item,2021-02,358
Japan,item,2021-03,601
Japan,item,2021-04,797
Japan,item,2021-05,281
Japan,item,2021-06,121
Japan,item,2021-07,297
Japan,item,2021-08,341
Japan,item,2021-09,780
Japan,item,2021-10,779
Japan,item,2021-11,430
Japan,item,2021-12,580
Japan,item,2022-01,552
Japan,item,2022-02,534
Japan,item,2022-03,869
Japan,item,2022-04,4343
Japan,item,2022-05,6321
Japan,item,2022-06,8386
Japan,item,2022-07,12266
Japan,item,2022-08,19153
Japan,item,2022-09,19317
Japan,item,2022-10,17459
Japan,item,2022-11,22698
Japan,item,2022-12,20209
Japan,item,2023-01,18335
Japan,item,2023-02,32932
Japan,item,2023-03,36302
Japan,item,2023-04,22134
Japan,item,2023-05,29130
Japan,item,2023-06,25370
Japan,item,2023-07,42730
Japan,item,2023-08,68304
Japan,item,2023-09,45989
Japan,item,2023-10,38073
Japan,item,2023-11,41412
Japan,item,2023-12,32124
Japan,item,2024-01,37650
Japan,item,2024-02,45253
Japan,item,2024-03,54844
Japan,item,2024-04,32397
Japan,item,2024-05,39046
Japan,item,2024-06,33853
Japan,item,2024-07,51143
Japan,item,2024-08,81803
Japan,item,2024-09,57825
Japan,item,2024-10,51819
Japan,item,2024-11,44327
Japan,item,2024-12,43001
Japan,item,2025-01,40053
Japan,item,2025-02,55785
Japan,item,2025-03,65548
Japan,item,2025-04,31817
Japan,item,2025-05,40441
Japan,item,2025-06,35118
Japan,item,2025-07,56097
Japan,item,2025-08,92867
Japan,item,2025-09,59315
Japan,item,2025-10,54862
Japan,item,2025-11,53018
Japan,item,2025-12,42592
Japan,item,2026-01,43094
Japan,item,2026-02,52206
Japan,item,2026-03,73298
Japan,item,2026-04,40804
Japan,item,2026-05,44950
Japan,item,2026-06,37866
Kuwait,item,2008-01,308
Kuwait,item,2008-02,310
Kuwait,item,2008-03,250
Kuwait,item,2008-04,220
Kuwait,item,2008-05,157
Kuwait,item,2008-06,404
Kuwait,item,2008-07,1022
Kuwait,item,2008-08,1094
Kuwait,item,2008-09,137
Kuwait,item,2008-10,265
Kuwait,item,2008-11,221
Kuwait,item,2008-12,450
Kuwait,item,2009-01,201
Kuwait,item,2009-02,228
Kuwait,item,2009-03,188
Kuwait,item,2009-04,197
Kuwait,item,2009-05,276
Kuwait,item,2009-06,572
Kuwait,item,2009-07,1843
Kuwait,item,2009-08,821
Kuwait,item,2009-09,345
Kuwait,item,2009-10,254
Kuwait,item,2009-11,413
Kuwait,item,2009-12,412
Kuwait,item,2010-01,443
Kuwait,item,2010-02,587
Kuwait,item,2010-03,468
Kuwait,item,2010-04,305
Kuwait,item,2010-05,451
Kuwait,item,2010-06,806
Kuwait,item,2010-07,2548
Kuwait,item,2010-08,719
Kuwait,item,2010-09,535
Kuwait,item,2010-10,380
Kuwait,item,2010-11,723
Kuwait,item,2010-12,403
Kuwait,item,2011-01,455
Kuwait,item,2011-02,631
Kuwait,item,2011-03,392
Kuwait,item,2011-04,342
Kuwait,item,2011-05,378
Kuwait,item,2011-06,862
Kuwait,item,2011-07,2404
Kuwait,item,2011-08,580
Kuwait,item,2011-09,710
Kuwait,item,2011-10,361
Kuwait,item,2011-11,668
Kuwait,item,2011-12,495
Kuwait,item,2012-01,483
Kuwait,item,2012-02,655
Kuwait,item,2012-03,340
Kuwait,item,2012-04,389
Kuwait,item,2012-05,318
Kuwait,item,2012-06,979
Kuwait,item,2012-07,965
Kuwait,item,2012-08,1231
Kuwait,item,2012-09,597
Kuwait,item,2012-10,550
Kuwait,item,2012-11,416
Kuwait,item,2012-12,698
Kuwait,item,2013-01,456
Kuwait,item,2013-02,1302
Kuwait,item,2013-03,550
Kuwait,item,2013-04,479
Kuwait,item,2013-05,320
Kuwait,item,2013-06,857
Kuwait,item,2013-07,475
Kuwait,item,2013-08,2943
Kuwait,item,2013-09,850
Kuwait,item,2013-10,1108
Kuwait,item,2013-11,371
Kuwait,item,2013-12,902
Kuwait,item,2014-01,766
Kuwait,item,2014-02,1471
Kuwait,item,2014-03,587
Kuwait,item,2014-04,448
Kuwait,item,2014-05,390
Kuwait,item,2014-06,769
Kuwait,item,2014-07,1208
Kuwait,item,2014-08,2784
Kuwait,item,2014-09,532
Kuwait,item,2014-10,896
Kuwait,item,2014-11,404
Kuwait,item,2014-12,781
Kuwait,item,2015-01,1420
Kuwait,item,2015-02,519
Kuwait,item,2015-03,546
Kuwait,item,2015-04,476
Kuwait,item,2015-05,463
Kuwait,item,2015-06,538
Kuwait,item,2015-07,1631
Kuwait,item,2015-08,2395
Kuwait,item,2015-09,1024
Kuwait,item,2015-10,550
Kuwait,item,2015-11,327
Kuwait,item,2015-12,878
Kuwait,item,2016-01,1682
Kuwait,item,2016-02,470
Kuwait,item,2016-03,674
Kuwait,item,2016-04,404
Kuwait,item,2016-05,549
Kuwait,item,2016-06,259
Kuwait,item,2016-07,1946
Kuwait,item,2016-08,2224
Kuwait,item,2016-09,1399
Kuwait,item,2016-10,372
Kuwait,item,2016-11,365
Kuwait,item,2016-12,779
Kuwait,item,2017-01,1154
Kuwait,item,2017-02,508
Kuwait,item,2017-03,703
Kuwait,item,2017-04,436
Kuwait,item,2017-05,314
Kuwait,item,2017-06,576
Kuwait,item,2017-07,1604
Kuwait,item,2017-08,2124
Kuwait,item,2017-09,555
Kuwait,item,2017-10,343
Kuwait,item,2017-11,422
Kuwait,item,2017-12,726
Kuwait,item,2018-01,1173
Kuwait,item,2018-02,566
Kuwait,item,2018-03,624
Kuwait,item,2018-04,511
Kuwait,item,2018-05,280
Kuwait,item,2018-06,751
Kuwait,item,2018-07,1634
Kuwait,item,2018-08,2347
Kuwait,item,2018-09,385
Kuwait,item,2018-10,370
Kuwait,item,2018-11,375
Kuwait,item,2018-12,778
Kuwait,item,2019-01,1174
Kuwait,item,2019-02,662
Kuwait,item,2019-03,522
Kuwait,item,2019-04,514
Kuwait,item,2019-05,130
Kuwait,item,2019-06,932
Kuwait,item,2019-07,1663
Kuwait,item,2019-08,2110
Kuwait,item,2019-09,382
Kuwait,item,2019-10,357
Kuwait,item,2019-11,450
Kuwait,item,2019-12,729
Kuwait,item,2020-01,1127
Kuwait,item,2020-02,125
Kuwait,item,2020-03,16
Kuwait,item,2020-04,0
Kuwait,item,2020-05,0
Kuwait,item,2020-06,0
Kuwait,item,2020-07,0
Kuwait,item,2020-08,6
Kuwait,item,2020-09,3
Kuwait,item,2020-10,0
Kuwait,item,2020-11,0
Kuwait,item,2020-12,1
Kuwait,item,2021-01,0
Kuwait,item,2021-02,5
Kuwait,item,2021-03,0
Kuwait,item,2021-04,0
Kuwait,item,2021-05,0
Kuwait,item,2021-06,0
Kuwait,item,2021-07,0
Kuwait,item,2021-08,7
Kuwait,item,2021-09,5
Kuwait,item,2021-10,4
Kuwait,item,2021-11,16
Kuwait,item,2021-12,1
Kuwait,item,2022-01,2
Kuwait,item,2022-02,4
Kuwait,item,2022-03,4
Kuwait,item,2022-04,52
Kuwait,item,2022-05,115
Kuwait,item,2022-06,281
Kuwait,item,2022-07,747
Kuwait,item,2022-08,1053
Kuwait,item,2022-09,468
Kuwait,item,2022-10,222
Kuwait,item,2022-11,229
Kuwait,item,2022-12,476
Kuwait,item,2023-01,672
Kuwait,item,2023-02,359
Kuwait,item,2023-03,205
Kuwait,item,2023-04,308
Kuwait,item,2023-05,305
Kuwait,item,2023-06,967
Kuwait,item,2023-07,1511
Kuwait,item,2023-08,2157
Kuwait,item,2023-09,521
Kuwait,item,2023-10,473
Kuwait,item,2023-11,269
Kuwait,item,2023-12,512
Kuwait,item,2024-01,955
Kuwait,item,2024-02,510
Kuwait,item,2024-03,176
Kuwait,item,2024-04,313
Kuwait,item,2024-05,218
Kuwait,item,2024-06,1030
Kuwait,item,2024-07,1242
Kuwait,item,2024-08,1957
Kuwait,item,2024-09,598
Kuwait,item,2024-10,352
Kuwait,item,2024-11,352
Kuwait,item,2024-12,530
Kuwait,item,2025-01,754
Kuwait,item,2025-02,496
Kuwait,item,2025-03,243
Kuwait,item,2025-04,324
Kuwait,item,2025-05,370
Kuwait,item,2025-06,956
Kuwait,item,2025-07,1234
Kuwait,item,2025-08,1946
Kuwait,item,2025-09,513
Kuwait,item,2025-10,293
Kuwait,item,2025-11,347
Kuwait,item,2025-12,448
Kuwait,item,2026-01,585
Kuwait,item,2026-02,160
Kuwait,item,2026-03,53
Kuwait,item,2026-04,47
Kuwait,item,2026-05,77
Kuwait,item,2026-06,262
Malaysia,item,2008-01,45984
Malaysia,item,2008-02,50318
Malaysia,item,2008-03,56359
Malaysia,item,2008-04,53749
Malaysia,item,2008-05,52115
Malaysia,item,2008-06,53217
Malaysia,item,2008-07,46968
Malaysia,item,2008-08,44118
Malaysia,item,2008-09,44892
Malaysia,item,2008-10,54973
Malaysia,item,2008-11,60463
Malaysia,item,2008-12,84324
Malaysia,item,2009-01,44243
Malaysia,item,2009-02,45726
Malaysia,item,2009-03,59660
Malaysia,item,2009-04,51299
Malaysia,item,2009-05,54995
Malaysia,item,2009-06,61465
Malaysia,item,2009-07,54087
Malaysia,item,2009-08,61893
Malaysia,item,2009-09,68008
Malaysia,item,2009-10,69426
Malaysia,item,2009-11,82747
Malaysia,item,2009-12,110760
Malaysia,item,2010-01,67942
Malaysia,item,2010-02,68678
Malaysia,item,2010-03,81757
Malaysia,item,2010-04,77476
Malaysia,item,2010-05,81937
Malaysia,item,2010-06,93089
Malaysia,item,2010-07,82611
Malaysia,item,2010-08,75916
Malaysia,item,2010-09,95484
Malaysia,item,2010-10,82803
Malaysia,item,2010-11,99975
Malaysia,item,2010-12,129821
Malaysia,item,2011-01,78342
Malaysia,item,2011-02,81747
Malaysia,item,2011-03,96418
Malaysia,item,2011-04,87230
Malaysia,item,2011-05,90528
Malaysia,item,2011-06,97856
Malaysia,item,2011-07,90175
Malaysia,item,2011-08,91344
Malaysia,item,2011-09,103060
Malaysia,item,2011-10,88770
Malaysia,item,2011-11,104972
Malaysia,item,2011-12,130493
Malaysia,item,2012-01,88970
Malaysia,item,2012-02,88451
Malaysia,item,2012-03,108054
Malaysia,item,2012-04,96892
Malaysia,item,2012-05,99568
Malaysia,item,2012-06,107356
Malaysia,item,2012-07,90449
Malaysia,item,2012-08,107841
Malaysia,item,2012-09,90484
Malaysia,item,2012-10,93945
Malaysia,item,2012-11,124008
Malaysia,item,2012-12,135669
Malaysia,item,2013-01,89300
Malaysia,item,2013-02,91895
Malaysia,item,2013-03,108683
Malaysia,item,2013-04,95414
Malaysia,item,2013-05,109517
Malaysia,item,2013-06,107286
Malaysia,item,2013-07,93299
Malaysia,item,2013-08,116392
Malaysia,item,2013-09,98973
Malaysia,item,2013-10,98097
Malaysia,item,2013-11,129955
Malaysia,item,2013-12,142131
Malaysia,item,2014-01,89482
Malaysia,item,2014-02,91181
Malaysia,item,2014-03,107002
Malaysia,item,2014-04,94982
Malaysia,item,2014-05,100648
Malaysia,item,2014-06,108945
Malaysia,item,2014-07,101461
Malaysia,item,2014-08,93222
Malaysia,item,2014-09,99339
Malaysia,item,2014-10,97184
Malaysia,item,2014-11,106313
Malaysia,item,2014-12,143276
Malaysia,item,2015-01,86193
Malaysia,item,2015-02,82408
Malaysia,item,2015-03,101929
Malaysia,item,2015-04,90515
Malaysia,item,2015-05,100340
Malaysia,item,2015-06,100074
Malaysia,item,2015-07,102347
Malaysia,item,2015-08,88834
Malaysia,item,2015-09,93334
Malaysia,item,2015-10,88338
Malaysia,item,2015-11,106214
Malaysia,item,2015-12,130551
Malaysia,item,2016-01,87208
Malaysia,item,2016-02,85850
Malaysia,item,2016-03,98135
Malaysia,item,2016-04,97070
Malaysia,item,2016-05,92668
Malaysia,item,2016-06,91901
Malaysia,item,2016-07,100397
Malaysia,item,2016-08,81655
Malaysia,item,2016-09,93519
Malaysia,item,2016-10,92736
Malaysia,item,2016-11,101549
Malaysia,item,2016-12,128897
Malaysia,item,2017-01,84504
Malaysia,item,2017-02,85058
Malaysia,item,2017-03,105372
Malaysia,item,2017-04,94550
Malaysia,item,2017-05,90335
Malaysia,item,2017-06,102776
Malaysia,item,2017-07,87138
Malaysia,item,2017-08,91135
Malaysia,item,2017-09,90837
Malaysia,item,2017-10,96015
Malaysia,item,2017-11,105404
Malaysia,item,2017-12,135260
Malaysia,item,2018-01,86833
Malaysia,item,2018-02,85212
Malaysia,item,2018-03,109897
Malaysia,item,2018-04,98351
Malaysia,item,2018-05,91244
Malaysia,item,2018-06,113049
Malaysia,item,2018-07,94611
Malaysia,item,2018-08,103490
Malaysia,item,2018-09,106880
Malaysia,item,2018-10,103676
Malaysia,item,2018-11,117793
Malaysia,item,2018-12,142986
Malaysia,item,2019-01,88293
Malaysia,item,2019-02,88706
Malaysia,item,2019-03,106200
Malaysia,item,2019-04,95076
Malaysia,item,2019-05,106518
Malaysia,item,2019-06,102074
Malaysia,item,2019-07,93071
Malaysia,item,2019-08,100225
Malaysia,item,2019-09,98438
Malaysia,item,2019-10,97378
Malaysia,item,2019-11,111473
Malaysia,item,2019-12,133278
Malaysia,item,2020-01,90720
Malaysia,item,2020-02,40829
Malaysia,item,2020-03,14887
Malaysia,item,2020-04,96
Malaysia,item,2020-05,157
Malaysia,item,2020-06,464
Malaysia,item,2020-07,626
Malaysia,item,2020-08,718
Malaysia,item,2020-09,1063
Malaysia,item,2020-10,1415
Malaysia,item,2020-11,1270
Malaysia,item,2020-12,1405
Malaysia,item,2021-01,1255
Malaysia,item,2021-02,1130
Malaysia,item,2021-03,1530
Malaysia,item,2021-04,1442
Malaysia,item,2021-05,844
Malaysia,item,2021-06,402
Malaysia,item,2021-07,554
Malaysia,item,2021-08,683
Malaysia,item,2021-09,797
Malaysia,item,2021-10,2104
Malaysia,item,2021-11,2537
Malaysia,item,2021-12,10939
Malaysia,item,2022-01,5203
Malaysia,item,2022-02,4468
Malaysia,item,2022-03,10610
Malaysia,item,2022-04,25319
Malaysia,item,2022-05,43214
Malaysia,item,2022-06,49878
Malaysia,item,2022-07,61575
Malaysia,item,2022-08,63905
Malaysia,item,2022-09,81914
Malaysia,item,2022-10,77092
Malaysia,item,2022-11,72305
Malaysia,item,2022-12,95475
Malaysia,item,2023-01,72756
Malaysia,item,2023-02,88040
Malaysia,item,2023-03,97835
Malaysia,item,2023-04,98190
Malaysia,item,2023-05,98347
Malaysia,item,2023-06,85945
Malaysia,item,2023-07,84876
Malaysia,item,2023-08,88044
Malaysia,item,2023-09,89384
Malaysia,item,2023-10,88643
Malaysia,item,2023-11,93414
Malaysia,item,2023-12,102683
Malaysia,item,2024-01,93442
Malaysia,item,2024-02,100081
Malaysia,item,2024-03,120283
Malaysia,item,2024-04,106248
Malaysia,item,2024-05,95761
Malaysia,item,2024-06,83913
Malaysia,item,2024-07,83146
Malaysia,item,2024-08,79895
Malaysia,item,2024-09,112151
Malaysia,item,2024-10,103432
Malaysia,item,2024-11,101920
Malaysia,item,2024-12,105622
Malaysia,item,2025-01,102328
Malaysia,item,2025-02,105762
Malaysia,item,2025-03,104150
Malaysia,item,2025-04,109253
Malaysia,item,2025-05,111673
Malaysia,item,2025-06,100986
Malaysia,item,2025-07,88384
Malaysia,item,2025-08,88675
Malaysia,item,2025-09,120634
Malaysia,item,2025-10,110304
Malaysia,item,2025-11,117164
Malaysia,item,2025-12,116081
Malaysia,item,2026-01,116800
Malaysia,item,2026-02,90211
Malaysia,item,2026-03,131898
Malaysia,item,2026-04,99298
Malaysia,item,2026-05,111905
Malaysia,item,2026-06,94549
Mauritius,item,2008-01,1015
Mauritius,item,2008-02,745
Mauritius,item,2008-03,736
Mauritius,item,2008-04,1216
Mauritius,item,2008-05,662
Mauritius,item,2008-06,846
Mauritius,item,2008-07,1062
Mauritius,item,2008-08,1010
Mauritius,item,2008-09,510
Mauritius,item,2008-10,769
Mauritius,item,2008-11,1177
Mauritius,item,2008-12,1682
Mauritius,item,2009-01,894
Mauritius,item,2009-02,553
Mauritius,item,2009-03,777
Mauritius,item,2009-04,945
Mauritius,item,2009-05,605
Mauritius,item,2009-06,920
Mauritius,item,2009-07,967
Mauritius,item,2009-08,1058
Mauritius,item,2009-09,612
Mauritius,item,2009-10,997
Mauritius,item,2009-11,1284
Mauritius,item,2009-12,1806
Mauritius,item,2010-01,1174
Mauritius,item,2010-02,944
Mauritius,item,2010-03,938
Mauritius,item,2010-04,977
Mauritius,item,2010-05,640
Mauritius,item,2010-06,654
Mauritius,item,2010-07,1163
Mauritius,item,2010-08,932
Mauritius,item,2010-09,651
Mauritius,item,2010-10,682
Mauritius,item,2010-11,1236
Mauritius,item,2010-12,1626
Mauritius,item,2011-01,1017
Mauritius,item,2011-02,571
Mauritius,item,2011-03,669
Mauritius,item,2011-04,993
Mauritius,item,2011-05,604
Mauritius,item,2011-06,627
Mauritius,item,2011-07,953
Mauritius,item,2011-08,841
Mauritius,item,2011-09,585
Mauritius,item,2011-10,750
Mauritius,item,2011-11,1080
Mauritius,item,2011-12,1837
Mauritius,item,2012-01,821
Mauritius,item,2012-02,729
Mauritius,item,2012-03,813
Mauritius,item,2012-04,1220
Mauritius,item,2012-05,534
Mauritius,item,2012-06,681
Mauritius,item,2012-07,615
Mauritius,item,2012-08,932
Mauritius,item,2012-09,571
Mauritius,item,2012-10,512
Mauritius,item,2012-11,1158
Mauritius,item,2012-12,1271
Mauritius,item,2013-01,909
Mauritius,item,2013-02,459
Mauritius,item,2013-03,572
Mauritius,item,2013-04,738
Mauritius,item,2013-05,500
Mauritius,item,2013-06,582
Mauritius,item,2013-07,693
Mauritius,item,2013-08,624
Mauritius,item,2013-09,428
Mauritius,item,2013-10,559
Mauritius,item,2013-11,1150
Mauritius,item,2013-12,1332
Mauritius,item,2014-01,646
Mauritius,item,2014-02,481
Mauritius,item,2014-03,478
Mauritius,item,2014-04,748
Mauritius,item,2014-05,390
Mauritius,item,2014-06,525
Mauritius,item,2014-07,708
Mauritius,item,2014-08,655
Mauritius,item,2014-09,475
Mauritius,item,2014-10,475
Mauritius,item,2014-11,1024
Mauritius,item,2014-12,1420
Mauritius,item,2015-01,828
Mauritius,item,2015-02,557
Mauritius,item,2015-03,567
Mauritius,item,2015-04,858
Mauritius,item,2015-05,513
Mauritius,item,2015-06,600
Mauritius,item,2015-07,601
Mauritius,item,2015-08,694
Mauritius,item,2015-09,411
Mauritius,item,2015-10,474
Mauritius,item,2015-11,1087
Mauritius,item,2015-12,1549
Mauritius,item,2016-01,841
Mauritius,item,2016-02,425
Mauritius,item,2016-03,892
Mauritius,item,2016-04,1196
Mauritius,item,2016-05,621
Mauritius,item,2016-06,579
Mauritius,item,2016-07,823
Mauritius,item,2016-08,882
Mauritius,item,2016-09,688
Mauritius,item,2016-10,1013
Mauritius,item,2016-11,2478
Mauritius,item,2016-12,2394
Mauritius,item,2017-01,1142
Mauritius,item,2017-02,908
Mauritius,item,2017-03,864
Mauritius,item,2017-04,1221
Mauritius,item,2017-05,619
Mauritius,item,2017-06,539
Mauritius,item,2017-07,1205
Mauritius,item,2017-08,998
Mauritius,item,2017-09,639
Mauritius,item,2017-10,765
Mauritius,item,2017-11,2328
Mauritius,item,2017-12,2174
Mauritius,item,2018-01,1041
Mauritius,item,2018-02,1006
Mauritius,item,2018-03,749
Mauritius,item,2018-04,1337
Mauritius,item,2018-05,721
Mauritius,item,2018-06,659
Mauritius,item,2018-07,1240
Mauritius,item,2018-08,956
Mauritius,item,2018-09,746
Mauritius,item,2018-10,915
Mauritius,item,2018-11,1894
Mauritius,item,2018-12,2835
Mauritius,item,2019-01,973
Mauritius,item,2019-02,842
Mauritius,item,2019-03,846
Mauritius,item,2019-04,1192
Mauritius,item,2019-05,590
Mauritius,item,2019-06,802
Mauritius,item,2019-07,1180
Mauritius,item,2019-08,943
Mauritius,item,2019-09,625
Mauritius,item,2019-10,773
Mauritius,item,2019-11,1410
Mauritius,item,2019-12,2920
Mauritius,item,2020-01,1185
Mauritius,item,2020-02,228
Mauritius,item,2020-03,62
Mauritius,item,2020-04,0
Mauritius,item,2020-05,1
Mauritius,item,2020-06,0
Mauritius,item,2020-07,0
Mauritius,item,2020-08,0
Mauritius,item,2020-09,0
Mauritius,item,2020-10,4
Mauritius,item,2020-11,5
Mauritius,item,2020-12,2
Mauritius,item,2021-01,4
Mauritius,item,2021-02,1
Mauritius,item,2021-03,3
Mauritius,item,2021-04,3
Mauritius,item,2021-05,4
Mauritius,item,2021-06,0
Mauritius,item,2021-07,0
Mauritius,item,2021-08,5
Mauritius,item,2021-09,1
Mauritius,item,2021-10,3
Mauritius,item,2021-11,2
Mauritius,item,2021-12,9
Mauritius,item,2022-01,7
Mauritius,item,2022-02,6
Mauritius,item,2022-03,5
Mauritius,item,2022-04,53
Mauritius,item,2022-05,95
Mauritius,item,2022-06,110
Mauritius,item,2022-07,196
Mauritius,item,2022-08,198
Mauritius,item,2022-09,210
Mauritius,item,2022-10,226
Mauritius,item,2022-11,663
Mauritius,item,2022-12,643
Mauritius,item,2023-01,418
Mauritius,item,2023-02,274
Mauritius,item,2023-03,474
Mauritius,item,2023-04,581
Mauritius,item,2023-05,363
Mauritius,item,2023-06,349
Mauritius,item,2023-07,413
Mauritius,item,2023-08,377
Mauritius,item,2023-09,412
Mauritius,item,2023-10,349
Mauritius,item,2023-11,769
Mauritius,item,2023-12,965
Mauritius,item,2024-01,548
Mauritius,item,2024-02,292
Mauritius,item,2024-03,346
Mauritius,item,2024-04,582
Mauritius,item,2024-05,370
Mauritius,item,2024-06,283
Mauritius,item,2024-07,425
Mauritius,item,2024-08,504
Mauritius,item,2024-09,320
Mauritius,item,2024-10,313
Mauritius,item,2024-11,802
Mauritius,item,2024-12,1077
Mauritius,item,2025-01,487
Mauritius,item,2025-02,381
Mauritius,item,2025-03,282
Mauritius,item,2025-04,613
Mauritius,item,2025-05,369
Mauritius,item,2025-06,312
Mauritius,item,2025-07,482
Mauritius,item,2025-08,539
Mauritius,item,2025-09,270
Mauritius,item,2025-10,376
Mauritius,item,2025-11,787
Mauritius,item,2025-12,1342
Mauritius,item,2026-01,555
Mauritius,item,2026-02,322
Mauritius,item,2026-03,402
Mauritius,item,2026-04,730
Mauritius,item,2026-05,305
Mauritius,item,2026-06,231
Myanmar,item,2008-01,6090
Myanmar,item,2008-02,5329
Myanmar,item,2008-03,6989
Myanmar,item,2008-04,8873
Myanmar,item,2008-05,6199
Myanmar,item,2008-06,6292
Myanmar,item,2008-07,7068
Myanmar,item,2008-08,6680
Myanmar,item,2008-09,5815
Myanmar,item,2008-10,6581
Myanmar,item,2008-11,5738
Myanmar,item,2008-12,6928
Myanmar,item,2009-01,5521
Myanmar,item,2009-02,4909
Myanmar,item,2009-03,5916
Myanmar,item,2009-04,8226
Myanmar,item,2009-05,5512
Myanmar,item,2009-06,5150
Myanmar,item,2009-07,6147
Myanmar,item,2009-08,4850
Myanmar,item,2009-09,5042
Myanmar,item,2009-10,6249
Myanmar,item,2009-11,5694
Myanmar,item,2009-12,7056
Myanmar,item,2010-01,5512
Myanmar,item,2010-02,4583
Myanmar,item,2010-03,7000
Myanmar,item,2010-04,9646
Myanmar,item,2010-05,6556
Myanmar,item,2010-06,6236
Myanmar,item,2010-07,6879
Myanmar,item,2010-08,5838
Myanmar,item,2010-09,5376
Myanmar,item,2010-10,6482
Myanmar,item,2010-11,5953
Myanmar,item,2010-12,8277
Myanmar,item,2011-01,6457
Myanmar,item,2011-02,5897
Myanmar,item,2011-03,8466
Myanmar,item,2011-04,11168
Myanmar,item,2011-05,7893
Myanmar,item,2011-06,7571
Myanmar,item,2011-07,9196
Myanmar,item,2011-08,7256
Myanmar,item,2011-09,6966
Myanmar,item,2011-10,7624
Myanmar,item,2011-11,7096
Myanmar,item,2011-12,8594
Myanmar,item,2012-01,6710
Myanmar,item,2012-02,7038
Myanmar,item,2012-03,8197
Myanmar,item,2012-04,12114
Myanmar,item,2012-05,8984
Myanmar,item,2012-06,7397
Myanmar,item,2012-07,7699
Myanmar,item,2012-08,6527
Myanmar,item,2012-09,6502
Myanmar,item,2012-10,6935
Myanmar,item,2012-11,6870
Myanmar,item,2012-12,8073
Myanmar,item,2013-01,6819
Myanmar,item,2013-02,5680
Myanmar,item,2013-03,8693
Myanmar,item,2013-04,13031
Myanmar,item,2013-05,8432
Myanmar,item,2013-06,7718
Myanmar,item,2013-07,8427
Myanmar,item,2013-08,7020
Myanmar,item,2013-09,7190
Myanmar,item,2013-10,8934
Myanmar,item,2013-11,7531
Myanmar,item,2013-12,9892
Myanmar,item,2014-01,7807
Myanmar,item,2014-02,7513
Myanmar,item,2014-03,9789
Myanmar,item,2014-04,15255
Myanmar,item,2014-05,9538
Myanmar,item,2014-06,9530
Myanmar,item,2014-07,9345
Myanmar,item,2014-08,8903
Myanmar,item,2014-09,8294
Myanmar,item,2014-10,8958
Myanmar,item,2014-11,7973
Myanmar,item,2014-12,9859
Myanmar,item,2015-01,7825
Myanmar,item,2015-02,6204
Myanmar,item,2015-03,9681
Myanmar,item,2015-04,12969
Myanmar,item,2015-05,9162
Myanmar,item,2015-06,9326
Myanmar,item,2015-07,8757
Myanmar,item,2015-08,8000
Myanmar,item,2015-09,7461
Myanmar,item,2015-10,8762
Myanmar,item,2015-11,7625
Myanmar,item,2015-12,9680
Myanmar,item,2016-01,7703
Myanmar,item,2016-02,7090
Myanmar,item,2016-03,10517
Myanmar,item,2016-04,14495
Myanmar,item,2016-05,9470
Myanmar,item,2016-06,9731
Myanmar,item,2016-07,9937
Myanmar,item,2016-08,8012
Myanmar,item,2016-09,7102
Myanmar,item,2016-10,8218
Myanmar,item,2016-11,7648
Myanmar,item,2016-12,13691
Myanmar,item,2017-01,9902
Myanmar,item,2017-02,9783
Myanmar,item,2017-03,12656
Myanmar,item,2017-04,19610
Myanmar,item,2017-05,11705
Myanmar,item,2017-06,12144
Myanmar,item,2017-07,12619
Myanmar,item,2017-08,10934
Myanmar,item,2017-09,9888
Myanmar,item,2017-10,11616
Myanmar,item,2017-11,11402
Myanmar,item,2017-12,13462
Myanmar,item,2018-01,9883
Myanmar,item,2018-02,9594
Myanmar,item,2018-03,13797
Myanmar,item,2018-04,16422
Myanmar,item,2018-05,12274
Myanmar,item,2018-06,12008
Myanmar,item,2018-07,13189
Myanmar,item,2018-08,10759
Myanmar,item,2018-09,10211
Myanmar,item,2018-10,12874
Myanmar,item,2018-11,11846
Myanmar,item,2018-12,12753
Myanmar,item,2019-01,11074
Myanmar,item,2019-02,10522
Myanmar,item,2019-03,13499
Myanmar,item,2019-04,16252
Myanmar,item,2019-05,13300
Myanmar,item,2019-06,12899
Myanmar,item,2019-07,14805
Myanmar,item,2019-08,11942
Myanmar,item,2019-09,11742
Myanmar,item,2019-10,13824
Myanmar,item,2019-11,12598
Myanmar,item,2019-12,13536
Myanmar,item,2020-01,11341
Myanmar,item,2020-02,8018
Myanmar,item,2020-03,4762
Myanmar,item,2020-04,6
Myanmar,item,2020-05,7
Myanmar,item,2020-06,8
Myanmar,item,2020-07,52
Myanmar,item,2020-08,155
Myanmar,item,2020-09,244
Myanmar,item,2020-10,331
Myanmar,item,2020-11,472
Myanmar,item,2020-12,716
Myanmar,item,2021-01,1223
Myanmar,item,2021-02,905
Myanmar,item,2021-03,964
Myanmar,item,2021-04,1176
Myanmar,item,2021-05,720
Myanmar,item,2021-06,175
Myanmar,item,2021-07,247
Myanmar,item,2021-08,87
Myanmar,item,2021-09,159
Myanmar,item,2021-10,312
Myanmar,item,2021-11,1242
Myanmar,item,2021-12,2991
Myanmar,item,2022-01,2954
Myanmar,item,2022-02,2024
Myanmar,item,2022-03,3516
Myanmar,item,2022-04,5474
Myanmar,item,2022-05,6218
Myanmar,item,2022-06,9095
Myanmar,item,2022-07,10398
Myanmar,item,2022-08,8594
Myanmar,item,2022-09,8341
Myanmar,item,2022-10,9078
Myanmar,item,2022-11,9070
Myanmar,item,2022-12,10523
Myanmar,item,2023-01,8982
Myanmar,item,2023-02,7734
Myanmar,item,2023-03,9122
Myanmar,item,2023-04,11787
Myanmar,item,2023-05,10104
Myanmar,item,2023-06,9877
Myanmar,item,2023-07,10811
Myanmar,item,2023-08,10159
Myanmar,item,2023-09,10631
Myanmar,item,2023-10,11360
Myanmar,item,2023-11,11774
Myanmar,item,2023-12,13146
Myanmar,item,2024-01,12361
Myanmar,item,2024-02,10682
Myanmar,item,2024-03,15327
Myanmar,item,2024-04,15985
Myanmar,item,2024-05,13343
Myanmar,item,2024-06,12114
Myanmar,item,2024-07,12468
Myanmar,item,2024-08,9852
Myanmar,item,2024-09,9580
Myanmar,item,2024-10,11801
Myanmar,item,2024-11,11345
Myanmar,item,2024-12,14421
Myanmar,item,2025-01,11794
Myanmar,item,2025-02,10923
Myanmar,item,2025-03,14813
Myanmar,item,2025-04,16881
Myanmar,item,2025-05,13698
Myanmar,item,2025-06,12392
Myanmar,item,2025-07,14310
Myanmar,item,2025-08,13930
Myanmar,item,2025-09,13047
Myanmar,item,2025-10,15335
Myanmar,item,2025-11,15009
Myanmar,item,2025-12,17523
Myanmar,item,2026-01,15190
Myanmar,item,2026-02,14916
Myanmar,item,2026-03,18397
Myanmar,item,2026-04,20547
Myanmar,item,2026-05,16996
Myanmar,item,2026-06,15129
Netherlands,item,2008-01,5988
Netherlands,item,2008-02,5948
Netherlands,item,2008-03,6107
Netherlands,item,2008-04,5805
Netherlands,item,2008-05,5542
Netherlands,item,2008-06,4945
Netherlands,item,2008-07,7759
Netherlands,item,2008-08,7241
Netherlands,item,2008-09,5476
Netherlands,item,2008-10,6525
Netherlands,item,2008-11,6121
Netherlands,item,2008-12,5773
Netherlands,item,2009-01,5696
Netherlands,item,2009-02,5701
Netherlands,item,2009-03,5917
Netherlands,item,2009-04,5109
Netherlands,item,2009-05,4889
Netherlands,item,2009-06,4654
Netherlands,item,2009-07,9498
Netherlands,item,2009-08,8954
Netherlands,item,2009-09,6076
Netherlands,item,2009-10,7021
Netherlands,item,2009-11,6431
Netherlands,item,2009-12,6413
Netherlands,item,2010-01,6597
Netherlands,item,2010-02,6328
Netherlands,item,2010-03,6767
Netherlands,item,2010-04,5571
Netherlands,item,2010-05,5881
Netherlands,item,2010-06,4907
Netherlands,item,2010-07,8447
Netherlands,item,2010-08,7884
Netherlands,item,2010-09,5740
Netherlands,item,2010-10,6352
Netherlands,item,2010-11,6077
Netherlands,item,2010-12,5969
Netherlands,item,2011-01,6722
Netherlands,item,2011-02,6229
Netherlands,item,2011-03,7100
Netherlands,item,2011-04,5949
Netherlands,item,2011-05,5445
Netherlands,item,2011-06,4924
Netherlands,item,2011-07,9682
Netherlands,item,2011-08,8909
Netherlands,item,2011-09,6318
Netherlands,item,2011-10,7112
Netherlands,item,2011-11,6532
Netherlands,item,2011-12,6168
Netherlands,item,2012-01,7082
Netherlands,item,2012-02,7351
Netherlands,item,2012-03,7163
Netherlands,item,2012-04,5609
Netherlands,item,2012-05,5329
Netherlands,item,2012-06,5194
Netherlands,item,2012-07,9847
Netherlands,item,2012-08,8361
Netherlands,item,2012-09,6117
Netherlands,item,2012-10,6884
Netherlands,item,2012-11,6638
Netherlands,item,2012-12,6028
Netherlands,item,2013-01,7153
Netherlands,item,2013-02,7098
Netherlands,item,2013-03,7476
Netherlands,item,2013-04,5891
Netherlands,item,2013-05,5916
Netherlands,item,2013-06,5661
Netherlands,item,2013-07,9591
Netherlands,item,2013-08,8568
Netherlands,item,2013-09,6272
Netherlands,item,2013-10,6732
Netherlands,item,2013-11,6568
Netherlands,item,2013-12,6000
Netherlands,item,2014-01,7640
Netherlands,item,2014-02,7458
Netherlands,item,2014-03,7969
Netherlands,item,2014-04,6517
Netherlands,item,2014-05,5888
Netherlands,item,2014-06,4962
Netherlands,item,2014-07,8089
Netherlands,item,2014-08,8541
Netherlands,item,2014-09,6027
Netherlands,item,2014-10,6051
Netherlands,item,2014-11,6447
Netherlands,item,2014-12,6222
Netherlands,item,2015-01,6405
Netherlands,item,2015-02,6678
Netherlands,item,2015-03,7127
Netherlands,item,2015-04,5989
Netherlands,item,2015-05,5797
Netherlands,item,2015-06,4553
Netherlands,item,2015-07,9364
Netherlands,item,2015-08,8040
Netherlands,item,2015-09,5761
Netherlands,item,2015-10,6557
Netherlands,item,2015-11,6627
Netherlands,item,2015-12,6154
Netherlands,item,2016-01,7135
Netherlands,item,2016-02,6753
Netherlands,item,2016-03,6646
Netherlands,item,2016-04,6362
Netherlands,item,2016-05,6273
Netherlands,item,2016-06,4510
Netherlands,item,2016-07,9454
Netherlands,item,2016-08,9452
Netherlands,item,2016-09,6078
Netherlands,item,2016-10,6602
Netherlands,item,2016-11,6777
Netherlands,item,2016-12,6200
Netherlands,item,2017-01,7187
Netherlands,item,2017-02,6971
Netherlands,item,2017-03,6755
Netherlands,item,2017-04,6641
Netherlands,item,2017-05,5842
Netherlands,item,2017-06,4859
Netherlands,item,2017-07,10462
Netherlands,item,2017-08,10254
Netherlands,item,2017-09,6902
Netherlands,item,2017-10,7147
Netherlands,item,2017-11,7387
Netherlands,item,2017-12,6504
Netherlands,item,2018-01,7680
Netherlands,item,2018-02,7699
Netherlands,item,2018-03,7772
Netherlands,item,2018-04,7996
Netherlands,item,2018-05,6932
Netherlands,item,2018-06,5647
Netherlands,item,2018-07,11596
Netherlands,item,2018-08,12488
Netherlands,item,2018-09,7998
Netherlands,item,2018-10,7839
Netherlands,item,2018-11,7686
Netherlands,item,2018-12,6999
Netherlands,item,2019-01,8212
Netherlands,item,2019-02,7435
Netherlands,item,2019-03,8288
Netherlands,item,2019-04,7791
Netherlands,item,2019-05,6589
Netherlands,item,2019-06,5341
Netherlands,item,2019-07,11757
Netherlands,item,2019-08,12792
Netherlands,item,2019-09,8423
Netherlands,item,2019-10,7566
Netherlands,item,2019-11,8111
Netherlands,item,2019-12,7148
Netherlands,item,2020-01,7940
Netherlands,item,2020-02,6637
Netherlands,item,2020-03,2903
Netherlands,item,2020-04,1
Netherlands,item,2020-05,0
Netherlands,item,2020-06,9
Netherlands,item,2020-07,46
Netherlands,item,2020-08,41
Netherlands,item,2020-09,41
Netherlands,item,2020-10,77
Netherlands,item,2020-11,76
Netherlands,item,2020-12,89
Netherlands,item,2021-01,106
Netherlands,item,2021-02,98
Netherlands,item,2021-03,58
Netherlands,item,2021-04,79
Netherlands,item,2021-05,36
Netherlands,item,2021-06,18
Netherlands,item,2021-07,34
Netherlands,item,2021-08,54
Netherlands,item,2021-09,117
Netherlands,item,2021-10,208
Netherlands,item,2021-11,432
Netherlands,item,2021-12,717
Netherlands,item,2022-01,474
Netherlands,item,2022-02,713
Netherlands,item,2022-03,940
Netherlands,item,2022-04,2391
Netherlands,item,2022-05,3362
Netherlands,item,2022-06,3165
Netherlands,item,2022-07,7135
Netherlands,item,2022-08,8174
Netherlands,item,2022-09,6814
Netherlands,item,2022-10,6523
Netherlands,item,2022-11,5853
Netherlands,item,2022-12,5634
Netherlands,item,2023-01,6430
Netherlands,item,2023-02,7053
Netherlands,item,2023-03,6956
Netherlands,item,2023-04,6398
Netherlands,item,2023-05,6631
Netherlands,item,2023-06,5041
Netherlands,item,2023-07,10867
Netherlands,item,2023-08,11327
Netherlands,item,2023-09,8584
Netherlands,item,2023-10,7363
Netherlands,item,2023-11,7110
Netherlands,item,2023-12,6723
Netherlands,item,2024-01,7685
Netherlands,item,2024-02,7294
Netherlands,item,2024-03,6914
Netherlands,item,2024-04,7183
Netherlands,item,2024-05,7519
Netherlands,item,2024-06,5080
Netherlands,item,2024-07,12270
Netherlands,item,2024-08,12682
Netherlands,item,2024-09,7563
Netherlands,item,2024-10,7381
Netherlands,item,2024-11,7303
Netherlands,item,2024-12,6643
Netherlands,item,2025-01,7685
Netherlands,item,2025-02,7583
Netherlands,item,2025-03,6761
Netherlands,item,2025-04,7381
Netherlands,item,2025-05,7143
Netherlands,item,2025-06,5014
Netherlands,item,2025-07,13284
Netherlands,item,2025-08,13113
Netherlands,item,2025-09,7262
Netherlands,item,2025-10,7725
Netherlands,item,2025-11,7434
Netherlands,item,2025-12,7124
Netherlands,item,2026-01,8168
Netherlands,item,2026-02,7638
Netherlands,item,2026-03,7648
Netherlands,item,2026-04,7624
Netherlands,item,2026-05,6945
Netherlands,item,2026-06,4998
New Zealand,item,2008-01,8994
New Zealand,item,2008-02,5365
New Zealand,item,2008-03,6846
New Zealand,item,2008-04,8378
New Zealand,item,2008-05,9880
New Zealand,item,2008-06,10554
New Zealand,item,2008-07,13056
New Zealand,item,2008-08,10578
New Zealand,item,2008-09,10776
New Zealand,item,2008-10,11008
New Zealand,item,2008-11,7239
New Zealand,item,2008-12,8098
New Zealand,item,2009-01,7812
New Zealand,item,2009-02,4327
New Zealand,item,2009-03,4819
New Zealand,item,2009-04,6620
New Zealand,item,2009-05,7963
New Zealand,item,2009-06,9342
New Zealand,item,2009-07,10879
New Zealand,item,2009-08,8957
New Zealand,item,2009-09,9259
New Zealand,item,2009-10,9431
New Zealand,item,2009-11,7570
New Zealand,item,2009-12,6855
New Zealand,item,2010-01,8392
New Zealand,item,2010-02,4481
New Zealand,item,2010-03,5602
New Zealand,item,2010-04,6639
New Zealand,item,2010-05,8109
New Zealand,item,2010-06,9655
New Zealand,item,2010-07,10847
New Zealand,item,2010-08,9122
New Zealand,item,2010-09,9481
New Zealand,item,2010-10,8799
New Zealand,item,2010-11,7245
New Zealand,item,2010-12,7418
New Zealand,item,2011-01,8102
New Zealand,item,2011-02,4287
New Zealand,item,2011-03,6939
New Zealand,item,2011-04,11322
New Zealand,item,2011-05,12893
New Zealand,item,2011-06,12891
New Zealand,item,2011-07,15973
New Zealand,item,2011-08,11612
New Zealand,item,2011-09,9698
New Zealand,item,2011-10,9876
New Zealand,item,2011-11,8888
New Zealand,item,2011-12,10514
New Zealand,item,2012-01,11207
New Zealand,item,2012-02,6613
New Zealand,item,2012-03,7469
New Zealand,item,2012-04,9881
New Zealand,item,2012-05,10137
New Zealand,item,2012-06,12021
New Zealand,item,2012-07,13772
New Zealand,item,2012-08,10901
New Zealand,item,2012-09,11669
New Zealand,item,2012-10,11158
New Zealand,item,2012-11,8550
New Zealand,item,2012-12,10323
New Zealand,item,2013-01,11908
New Zealand,item,2013-02,5735
New Zealand,item,2013-03,7087
New Zealand,item,2013-04,9035
New Zealand,item,2013-05,10225
New Zealand,item,2013-06,10626
New Zealand,item,2013-07,14813
New Zealand,item,2013-08,10765
New Zealand,item,2013-09,11081
New Zealand,item,2013-10,10359
New Zealand,item,2013-11,8430
New Zealand,item,2013-12,10383
New Zealand,item,2014-01,11466
New Zealand,item,2014-02,6893
New Zealand,item,2014-03,6872
New Zealand,item,2014-04,9520
New Zealand,item,2014-05,10812
New Zealand,item,2014-06,10922
New Zealand,item,2014-07,14075
New Zealand,item,2014-08,10939
New Zealand,item,2014-09,10593
New Zealand,item,2014-10,9146
New Zealand,item,2014-11,7435
New Zealand,item,2014-12,10015
New Zealand,item,2015-01,12330
New Zealand,item,2015-02,6349
New Zealand,item,2015-03,7854
New Zealand,item,2015-04,9492
New Zealand,item,2015-05,10077
New Zealand,item,2015-06,11593
New Zealand,item,2015-07,14756
New Zealand,item,2015-08,12497
New Zealand,item,2015-09,12412
New Zealand,item,2015-10,11462
New Zealand,item,2015-11,9070
New Zealand,item,2015-12,9726
New Zealand,item,2016-01,10983
New Zealand,item,2016-02,5463
New Zealand,item,2016-03,6616
New Zealand,item,2016-04,10042
New Zealand,item,2016-05,9715
New Zealand,item,2016-06,10862
New Zealand,item,2016-07,14548
New Zealand,item,2016-08,11873
New Zealand,item,2016-09,11514
New Zealand,item,2016-10,10961
New Zealand,item,2016-11,8529
New Zealand,item,2016-12,9994
New Zealand,item,2017-01,10778
New Zealand,item,2017-02,6928
New Zealand,item,2017-03,8459
New Zealand,item,2017-04,12447
New Zealand,item,2017-05,10261
New Zealand,item,2017-06,11805
New Zealand,item,2017-07,15358
New Zealand,item,2017-08,11197
New Zealand,item,2017-09,12021
New Zealand,item,2017-10,11834
New Zealand,item,2017-11,9349
New Zealand,item,2017-12,10801
New Zealand,item,2018-01,11914
New Zealand,item,2018-02,6311
New Zealand,item,2018-03,8005
New Zealand,item,2018-04,11412
New Zealand,item,2018-05,10907
New Zealand,item,2018-06,13120
New Zealand,item,2018-07,16705
New Zealand,item,2018-08,12669
New Zealand,item,2018-09,13767
New Zealand,item,2018-10,12404
New Zealand,item,2018-11,8603
New Zealand,item,2018-12,11860
New Zealand,item,2019-01,12969
New Zealand,item,2019-02,6831
New Zealand,item,2019-03,8108
New Zealand,item,2019-04,14142
New Zealand,item,2019-05,12791
New Zealand,item,2019-06,14219
New Zealand,item,2019-07,17922
New Zealand,item,2019-08,13913
New Zealand,item,2019-09,15783
New Zealand,item,2019-10,13233
New Zealand,item,2019-11,9615
New Zealand,item,2019-12,13501
New Zealand,item,2020-01,15141
New Zealand,item,2020-02,6185
New Zealand,item,2020-03,2127
New Zealand,item,2020-04,1
New Zealand,item,2020-05,1
New Zealand,item,2020-06,3
New Zealand,item,2020-07,27
New Zealand,item,2020-08,12
New Zealand,item,2020-09,63
New Zealand,item,2020-10,63
New Zealand,item,2020-11,38
New Zealand,item,2020-12,106
New Zealand,item,2021-01,63
New Zealand,item,2021-02,31
New Zealand,item,2021-03,28
New Zealand,item,2021-04,39
New Zealand,item,2021-05,32
New Zealand,item,2021-06,58
New Zealand,item,2021-07,73
New Zealand,item,2021-08,50
New Zealand,item,2021-09,75
New Zealand,item,2021-10,58
New Zealand,item,2021-11,25
New Zealand,item,2021-12,63
New Zealand,item,2022-01,87
New Zealand,item,2022-02,79
New Zealand,item,2022-03,161
New Zealand,item,2022-04,1448
New Zealand,item,2022-05,3061
New Zealand,item,2022-06,3909
New Zealand,item,2022-07,7264
New Zealand,item,2022-08,7107
New Zealand,item,2022-09,8796
New Zealand,item,2022-10,8742
New Zealand,item,2022-11,7289
New Zealand,item,2022-12,9139
New Zealand,item,2023-01,10766
New Zealand,item,2023-02,6821
New Zealand,item,2023-03,6871
New Zealand,item,2023-04,11065
New Zealand,item,2023-05,11146
New Zealand,item,2023-06,13352
New Zealand,item,2023-07,15350
New Zealand,item,2023-08,12499
New Zealand,item,2023-09,15022
New Zealand,item,2023-10,13059
New Zealand,item,2023-11,9663
New Zealand,item,2023-12,12717
New Zealand,item,2024-01,14412
New Zealand,item,2024-02,8082
New Zealand,item,2024-03,9003
New Zealand,item,2024-04,13043
New Zealand,item,2024-05,12797
New Zealand,item,2024-06,14692
New Zealand,item,2024-07,18176
New Zealand,item,2024-08,14070
New Zealand,item,2024-09,15792
New Zealand,item,2024-10,14003
New Zealand,item,2024-11,10351
New Zealand,item,2024-12,13038
New Zealand,item,2025-01,14545
New Zealand,item,2025-02,7521
New Zealand,item,2025-03,8878
New Zealand,item,2025-04,14745
New Zealand,item,2025-05,13568
New Zealand,item,2025-06,16549
New Zealand,item,2025-07,17944
New Zealand,item,2025-08,13869
New Zealand,item,2025-09,17244
New Zealand,item,2025-10,14994
New Zealand,item,2025-11,11580
New Zealand,item,2025-12,13645
New Zealand,item,2026-01,15417
New Zealand,item,2026-02,7360
New Zealand,item,2026-03,9202
New Zealand,item,2026-04,13965
New Zealand,item,2026-05,12787
New Zealand,item,2026-06,14495
North Asia,group,2008-01,103460
North Asia,group,2008-02,88478
North Asia,group,2008-03,97077
North Asia,group,2008-04,70311
North Asia,group,2008-05,78866
North Asia,group,2008-06,76951
North Asia,group,2008-07,87345
North Asia,group,2008-08,96109
North Asia,group,2008-09,74721
North Asia,group,2008-10,78748
North Asia,group,2008-11,72743
North Asia,group,2008-12,69963
North Asia,group,2009-01,63943
North Asia,group,2009-02,70257
North Asia,group,2009-03,67628
North Asia,group,2009-04,53014
North Asia,group,2009-05,51730
North Asia,group,2009-06,49216
North Asia,group,2009-07,77111
North Asia,group,2009-08,83076
North Asia,group,2009-09,68331
North Asia,group,2009-10,59384
North Asia,group,2009-11,58613
North Asia,group,2009-12,60515
North Asia,group,2010-01,77235
North Asia,group,2010-02,70307
North Asia,group,2010-03,82015
North Asia,group,2010-04,60001
North Asia,group,2010-05,69073
North Asia,group,2010-06,66601
North Asia,group,2010-07,77397
North Asia,group,2010-08,90929
North Asia,group,2010-09,70739
North Asia,group,2010-10,72547
North Asia,group,2010-11,79441
North Asia,group,2010-12,74178
North Asia,group,2011-01,89922
North Asia,group,2011-02,95076
North Asia,group,2011-03,89686
North Asia,group,2011-04,66392
North Asia,group,2011-05,75400
North Asia,group,2011-06,72355
North Asia,group,2011-07,96250
North Asia,group,2011-08,116472
North Asia,group,2011-09,92553
North Asia,group,2011-10,91377
North Asia,group,2011-11,94486
North Asia,group,2011-12,92226
North Asia,group,2012-01,96683
North Asia,group,2012-02,112776
North Asia,group,2012-03,109198
North Asia,group,2012-04,80556
North Asia,group,2012-05,83112
North Asia,group,2012-06,86815
North Asia,group,2012-07,103740
North Asia,group,2012-08,130287
North Asia,group,2012-09,97357
North Asia,group,2012-10,97453
North Asia,group,2012-11,104935
North Asia,group,2012-12,100909
North Asia,group,2013-01,116158
North Asia,group,2013-02,108731
North Asia,group,2013-03,124217
North Asia,group,2013-04,84637
North Asia,group,2013-05,89444
North Asia,group,2013-06,94290
North Asia,group,2013-07,112139
North Asia,group,2013-08,138341
North Asia,group,2013-09,109529
North Asia,group,2013-10,108282
North Asia,group,2013-11,113069
North Asia,group,2013-12,106966
North Asia,group,2014-01,119359
North Asia,group,2014-02,121222
North Asia,group,2014-03,127048
North Asia,group,2014-04,87061
North Asia,group,2014-05,96160
North Asia,group,2014-06,93685
North Asia,group,2014-07,116155
North Asia,group,2014-08,151961
North Asia,group,2014-09,113725
North Asia,group,2014-10,113472
North Asia,group,2014-11,109720
North Asia,group,2014-12,112880
North Asia,group,2015-01,130360
North Asia,group,2015-02,113888
North Asia,group,2015-03,122861
North Asia,group,2015-04,88349
North Asia,group,2015-05,96909
North Asia,group,2015-06,90541
North Asia,group,2015-07,116129
North Asia,group,2015-08,153400
North Asia,group,2015-09,113105
North Asia,group,2015-10,117039
North Asia,group,2015-11,112895
North Asia,group,2015-12,111637
North Asia,group,2016-01,136486
North Asia,group,2016-02,123252
North Asia,group,2016-03,120159
North Asia,group,2016-04,91011
North Asia,group,2016-05,99965
North Asia,group,2016-06,98803
North Asia,group,2016-07,119480
North Asia,group,2016-08,155678
North Asia,group,2016-09,106835
North Asia,group,2016-10,97212
North Asia,group,2016-11,100810
North Asia,group,2016-12,101187
North Asia,group,2017-01,113643
North Asia,group,2017-02,132843
North Asia,group,2017-03,126243
North Asia,group,2017-04,95081
North Asia,group,2017-05,106798
North Asia,group,2017-06,102427
North Asia,group,2017-07,121532
North Asia,group,2017-08,155871
North Asia,group,2017-09,117359
North Asia,group,2017-10,118060
North Asia,group,2017-11,127487
North Asia,group,2017-12,107072
North Asia,group,2018-01,139610
North Asia,group,2018-02,121367
North Asia,group,2018-03,132206
North Asia,group,2018-04,94826
North Asia,group,2018-05,100225
North Asia,group,2018-06,98947
North Asia,group,2018-07,125988
North Asia,group,2018-08,163269
North Asia,group,2018-09,124766
North Asia,group,2018-10,127966
North Asia,group,2018-11,124453
North Asia,group,2018-12,105988
North Asia,group,2019-01,139127
North Asia,group,2019-02,132146
North Asia,group,2019-03,131235
North Asia,group,2019-04,104688
North Asia,group,2019-05,102715
North Asia,group,2019-06,102441
North Asia,group,2019-07,130551
North Asia,group,2019-08,173762
North Asia,group,2019-09,132515
North Asia,group,2019-10,136707
North Asia,group,2019-11,125534
North Asia,group,2019-12,118932
North Asia,group,2020-01,127547
North Asia,group,2020-02,69624
North Asia,group,2020-03,12809
North Asia,group,2020-04,34
North Asia,group,2020-05,38
North Asia,group,2020-06,185
North Asia,group,2020-07,827
North Asia,group,2020-08,828
North Asia,group,2020-09,568
North Asia,group,2020-10,790
North Asia,group,2020-11,1042
North Asia,group,2020-12,1149
North Asia,group,2021-01,987
North Asia,group,2021-02,743
North Asia,group,2021-03,1008
North Asia,group,2021-04,1068
North Asia,group,2021-05,451
North Asia,group,2021-06,219
North Asia,group,2021-07,499
North Asia,group,2021-08,714
North Asia,group,2021-09,1299
North Asia,group,2021-10,1264
North Asia,group,2021-11,2032
North Asia,group,2021-12,2770
North Asia,group,2022-01,2505
North Asia,group,2022-02,2508
North Asia,group,2022-03,3555
North Asia,group,2022-04,9940
North Asia,group,2022-05,16953
North Asia,group,2022-06,25153
North Asia,group,2022-07,40886
North Asia,group,2022-08,50394
North Asia,group,2022-09,45900
North Asia,group,2022-10,45806
North Asia,group,2022-11,54365
North Asia,group,2022-12,52077
North Asia,group,2023-01,78923
North Asia,group,2023-02,97981
North Asia,group,2023-03,71803
North Asia,group,2023-04,54012
North Asia,group,2023-05,68419
North Asia,group,2023-06,65648
North Asia,group,2023-07,103861
North Asia,group,2023-08,130666
North Asia,group,2023-09,94298
North Asia,group,2023-10,83818
North Asia,group,2023-11,84154
North Asia,group,2023-12,71445
North Asia,group,2024-01,117105
North Asia,group,2024-02,114549
North Asia,group,2024-03,97000
North Asia,group,2024-04,69824
North Asia,group,2024-05,78914
North Asia,group,2024-06,73307
North Asia,group,2024-07,108641
North Asia,group,2024-08,142900
North Asia,group,2024-09,102800
North Asia,group,2024-10,94009
North Asia,group,2024-11,84039
North Asia,group,2024-12,85933
North Asia,group,2025-01,119529
North Asia,group,2025-02,128147
North Asia,group,2025-03,104090
North Asia,group,2025-04,63898
North Asia,group,2025-05,80466
North Asia,group,2025-06,71544
North Asia,group,2025-07,115666
North Asia,group,2025-08,157987
North Asia,group,2025-09,95066
North Asia,group,2025-10,105737
North Asia,group,2025-11,95024
North Asia,group,2025-12,78605
North Asia,group,2026-01,112483
North Asia,group,2026-02,117993
North Asia,group,2026-03,110771
North Asia,group,2026-04,73871
North Asia,group,2026-05,76918
North Asia,group,2026-06,66792
Norway,item,2008-01,3269
Norway,item,2008-02,3348
Norway,item,2008-03,4554
Norway,item,2008-04,2500
Norway,item,2008-05,1675
Norway,item,2008-06,2680
Norway,item,2008-07,3126
Norway,item,2008-08,1943
Norway,item,2008-09,2060
Norway,item,2008-10,2487
Norway,item,2008-11,2615
Norway,item,2008-12,2559
Norway,item,2009-01,2734
Norway,item,2009-02,2781
Norway,item,2009-03,3186
Norway,item,2009-04,3076
Norway,item,2009-05,1741
Norway,item,2009-06,2096
Norway,item,2009-07,2662
Norway,item,2009-08,1728
Norway,item,2009-09,2159
Norway,item,2009-10,2566
Norway,item,2009-11,2834
Norway,item,2009-12,2791
Norway,item,2010-01,2974
Norway,item,2010-02,3263
Norway,item,2010-03,3807
Norway,item,2010-04,2560
Norway,item,2010-05,1807
Norway,item,2010-06,2412
Norway,item,2010-07,2819
Norway,item,2010-08,1939
Norway,item,2010-09,1912
Norway,item,2010-10,2903
Norway,item,2010-11,2916
Norway,item,2010-12,2453
Norway,item,2011-01,3050
Norway,item,2011-02,2955
Norway,item,2011-03,2895
Norway,item,2011-04,3353
Norway,item,2011-05,1724
Norway,item,2011-06,2262
Norway,item,2011-07,3201
Norway,item,2011-08,1905
Norway,item,2011-09,1964
Norway,item,2011-10,2667
Norway,item,2011-11,3377
Norway,item,2011-12,3097
Norway,item,2012-01,3238
Norway,item,2012-02,4038
Norway,item,2012-03,4579
Norway,item,2012-04,3444
Norway,item,2012-05,1875
Norway,item,2012-06,2506
Norway,item,2012-07,3587
Norway,item,2012-08,1903
Norway,item,2012-09,2254
Norway,item,2012-10,2907
Norway,item,2012-11,3502
Norway,item,2012-12,2970
Norway,item,2013-01,3382
Norway,item,2013-02,3524
Norway,item,2013-03,4885
Norway,item,2013-04,3073
Norway,item,2013-05,1904
Norway,item,2013-06,2463
Norway,item,2013-07,3501
Norway,item,2013-08,2273
Norway,item,2013-09,2250
Norway,item,2013-10,2765
Norway,item,2013-11,3121
Norway,item,2013-12,2786
Norway,item,2014-01,3435
Norway,item,2014-02,3516
Norway,item,2014-03,3397
Norway,item,2014-04,3938
Norway,item,2014-05,1854
Norway,item,2014-06,2093
Norway,item,2014-07,3328
Norway,item,2014-08,2040
Norway,item,2014-09,2132
Norway,item,2014-10,2328
Norway,item,2014-11,2689
Norway,item,2014-12,2758
Norway,item,2015-01,2859
Norway,item,2015-02,3123
Norway,item,2015-03,3535
Norway,item,2015-04,2652
Norway,item,2015-05,1497
Norway,item,2015-06,2260
Norway,item,2015-07,3874
Norway,item,2015-08,1978
Norway,item,2015-09,2068
Norway,item,2015-10,2675
Norway,item,2015-11,2615
Norway,item,2015-12,2514
Norway,item,2016-01,2992
Norway,item,2016-02,2749
Norway,item,2016-03,4125
Norway,item,2016-04,2267
Norway,item,2016-05,1849
Norway,item,2016-06,1887
Norway,item,2016-07,3166
Norway,item,2016-08,1668
Norway,item,2016-09,1651
Norway,item,2016-10,2286
Norway,item,2016-11,2440
Norway,item,2016-12,2170
Norway,item,2017-01,2522
Norway,item,2017-02,2990
Norway,item,2017-03,2675
Norway,item,2017-04,3041
Norway,item,2017-05,1387
Norway,item,2017-06,2134
Norway,item,2017-07,3872
Norway,item,2017-08,1704
Norway,item,2017-09,1721
Norway,item,2017-10,2232
Norway,item,2017-11,2480
Norway,item,2017-12,2235
Norway,item,2018-01,3204
Norway,item,2018-02,3517
Norway,item,2018-03,3883
Norway,item,2018-04,2449
Norway,item,2018-05,1483
Norway,item,2018-06,2464
Norway,item,2018-07,4842
Norway,item,2018-08,2206
Norway,item,2018-09,2124
Norway,item,2018-10,2608
Norway,item,2018-11,2611
Norway,item,2018-12,2570
Norway,item,2019-01,2902
Norway,item,2019-02,3441
Norway,item,2019-03,2811
Norway,item,2019-04,3405
Norway,item,2019-05,1791
Norway,item,2019-06,2319
Norway,item,2019-07,5103
Norway,item,2019-08,2106
Norway,item,2019-09,1975
Norway,item,2019-10,2633
Norway,item,2019-11,2584
Norway,item,2019-12,2860
Norway,item,2020-01,3262
Norway,item,2020-02,3188
Norway,item,2020-03,857
Norway,item,2020-04,1
Norway,item,2020-05,3
Norway,item,2020-06,5
Norway,item,2020-07,9
Norway,item,2020-08,25
Norway,item,2020-09,33
Norway,item,2020-10,16
Norway,item,2020-11,15
Norway,item,2020-12,16
Norway,item,2021-01,45
Norway,item,2021-02,31
Norway,item,2021-03,23
Norway,item,2021-04,43
Norway,item,2021-05,15
Norway,item,2021-06,2
Norway,item,2021-07,12
Norway,item,2021-08,39
Norway,item,2021-09,56
Norway,item,2021-10,54
Norway,item,2021-11,49
Norway,item,2021-12,56
Norway,item,2022-01,95
Norway,item,2022-02,69
Norway,item,2022-03,168
Norway,item,2022-04,617
Norway,item,2022-05,745
Norway,item,2022-06,1079
Norway,item,2022-07,2067
Norway,item,2022-08,1432
Norway,item,2022-09,1311
Norway,item,2022-10,1771
Norway,item,2022-11,1728
Norway,item,2022-12,1610
Norway,item,2023-01,1891
Norway,item,2023-02,2439
Norway,item,2023-03,2342
Norway,item,2023-04,1810
Norway,item,2023-05,1210
Norway,item,2023-06,1831
Norway,item,2023-07,3585
Norway,item,2023-08,1378
Norway,item,2023-09,2013
Norway,item,2023-10,1776
Norway,item,2023-11,1954
Norway,item,2023-12,1732
Norway,item,2024-01,2128
Norway,item,2024-02,2659
Norway,item,2024-03,2417
Norway,item,2024-04,1763
Norway,item,2024-05,1215
Norway,item,2024-06,2056
Norway,item,2024-07,3841
Norway,item,2024-08,1467
Norway,item,2024-09,1597
Norway,item,2024-10,1710
Norway,item,2024-11,2075
Norway,item,2024-12,2130
Norway,item,2025-01,2603
Norway,item,2025-02,2715
Norway,item,2025-03,2254
Norway,item,2025-04,1794
Norway,item,2025-05,1209
Norway,item,2025-06,2198
Norway,item,2025-07,3844
Norway,item,2025-08,1322
Norway,item,2025-09,1698
Norway,item,2025-10,1761
Norway,item,2025-11,1967
Norway,item,2025-12,2144
Norway,item,2026-01,2415
Norway,item,2026-02,3071
Norway,item,2026-03,2787
Norway,item,2026-04,1863
Norway,item,2026-05,1103
Norway,item,2026-06,2038
Oceania,group,2008-01,93022
Oceania,group,2008-02,58822
Oceania,group,2008-03,69741
Oceania,group,2008-04,72444
Oceania,group,2008-05,76912
Oceania,group,2008-06,85419
Oceania,group,2008-07,93866
Oceania,group,2008-08,77039
Oceania,group,2008-09,84600
Oceania,group,2008-10,88100
Oceania,group,2008-11,68586
Oceania,group,2008-12,88456
Oceania,group,2009-01,88918
Oceania,group,2009-02,56345
Oceania,group,2009-03,60594
Oceania,group,2009-04,72719
Oceania,group,2009-05,68000
Oceania,group,2009-06,76157
Oceania,group,2009-07,91338
Oceania,group,2009-08,77091
Oceania,group,2009-09,83704
Oceania,group,2009-10,92106
Oceania,group,2009-11,77327
Oceania,group,2009-12,92248
Oceania,group,2010-01,99207
Oceania,group,2010-02,60674
Oceania,group,2010-03,70292
Oceania,group,2010-04,77745
Oceania,group,2010-05,72648
Oceania,group,2010-06,85528
Oceania,group,2010-07,99208
Oceania,group,2010-08,78296
Oceania,group,2010-09,90846
Oceania,group,2010-10,87077
Oceania,group,2010-11,72468
Oceania,group,2010-12,95127
Oceania,group,2011-01,107333
Oceania,group,2011-02,63345
Oceania,group,2011-03,73806
Oceania,group,2011-04,97698
Oceania,group,2011-05,86375
Oceania,group,2011-06,98646
Oceania,group,2011-07,112000
Oceania,group,2011-08,84623
Oceania,group,2011-09,96987
Oceania,group,2011-10,95623
Oceania,group,2011-11,80355
Oceania,group,2011-12,96626
Oceania,group,2012-01,107329
Oceania,group,2012-02,71466
Oceania,group,2012-03,79598
Oceania,group,2012-04,92969
Oceania,group,2012-05,84044
Oceania,group,2012-06,106256
Oceania,group,2012-07,120719
Oceania,group,2012-08,91197
Oceania,group,2012-09,113926
Oceania,group,2012-10,112576
Oceania,group,2012-11,93865
Oceania,group,2012-12,115234
Oceania,group,2013-01,132869
Oceania,group,2013-02,76189
Oceania,group,2013-03,95912
Oceania,group,2013-04,104538
Oceania,group,2013-05,95910
Oceania,group,2013-06,103351
Oceania,group,2013-07,128840
Oceania,group,2013-08,91154
Oceania,group,2013-09,117498
Oceania,group,2013-10,108090
Oceania,group,2013-11,88211
Oceania,group,2013-12,118586
Oceania,group,2014-01,138986
Oceania,group,2014-02,76921
Oceania,group,2014-03,82577
Oceania,group,2014-04,110478
Oceania,group,2014-05,90197
Oceania,group,2014-06,93721
Oceania,group,2014-07,121954
Oceania,group,2014-08,94518
Oceania,group,2014-09,109434
Oceania,group,2014-10,97886
Oceania,group,2014-11,81969
Oceania,group,2014-12,109269
Oceania,group,2015-01,129274
Oceania,group,2015-02,72276
Oceania,group,2015-03,79761
Oceania,group,2015-04,94029
Oceania,group,2015-05,85227
Oceania,group,2015-06,95694
Oceania,group,2015-07,113554
Oceania,group,2015-08,96656
Oceania,group,2015-09,110596
Oceania,group,2015-10,109160
Oceania,group,2015-11,87045
Oceania,group,2015-12,113008
Oceania,group,2016-01,129377
Oceania,group,2016-02,68362
Oceania,group,2016-03,86381
Oceania,group,2016-04,105445
Oceania,group,2016-05,75598
Oceania,group,2016-06,90417
Oceania,group,2016-07,119907
Oceania,group,2016-08,92290
Oceania,group,2016-09,105400
Oceania,group,2016-10,97974
Oceania,group,2016-11,83536
Oceania,group,2016-12,113380
Oceania,group,2017-01,128719
Oceania,group,2017-02,79801
Oceania,group,2017-03,95041
Oceania,group,2017-04,108478
Oceania,group,2017-05,83916
Oceania,group,2017-06,98259
Oceania,group,2017-07,122061
Oceania,group,2017-08,88232
Oceania,group,2017-09,114853
Oceania,group,2017-10,104578
Oceania,group,2017-11,93191
Oceania,group,2017-12,118557
Oceania,group,2018-01,128660
Oceania,group,2018-02,70873
Oceania,group,2018-03,96834
Oceania,group,2018-04,112641
Oceania,group,2018-05,90743
Oceania,group,2018-06,105642
Oceania,group,2018-07,126691
Oceania,group,2018-08,97395
Oceania,group,2018-09,123418
Oceania,group,2018-10,109285
Oceania,group,2018-11,85319
Oceania,group,2018-12,119602
Oceania,group,2019-01,137660
Oceania,group,2019-02,74454
Oceania,group,2019-03,83730
Oceania,group,2019-04,124189
Oceania,group,2019-05,94996
Oceania,group,2019-06,104003
Oceania,group,2019-07,127346
Oceania,group,2019-08,99796
Oceania,group,2019-09,127327
Oceania,group,2019-10,112052
Oceania,group,2019-11,100883
Oceania,group,2019-12,134070
Oceania,group,2020-01,148055
Oceania,group,2020-02,62292
Oceania,group,2020-03,21275
Oceania,group,2020-04,14
Oceania,group,2020-05,18
Oceania,group,2020-06,66
Oceania,group,2020-07,160
Oceania,group,2020-08,181
Oceania,group,2020-09,222
Oceania,group,2020-10,290
Oceania,group,2020-11,481
Oceania,group,2020-12,1000
Oceania,group,2021-01,642
Oceania,group,2021-02,271
Oceania,group,2021-03,318
Oceania,group,2021-04,292
Oceania,group,2021-05,294
Oceania,group,2021-06,251
Oceania,group,2021-07,366
Oceania,group,2021-08,370
Oceania,group,2021-09,366
Oceania,group,2021-10,332
Oceania,group,2021-11,1668
Oceania,group,2021-12,5632
Oceania,group,2022-01,3882
Oceania,group,2022-02,4673
Oceania,group,2022-03,8126
Oceania,group,2022-04,29323
Oceania,group,2022-05,35326
Oceania,group,2022-06,55574
Oceania,group,2022-07,77575
Oceania,group,2022-08,65622
Oceania,group,2022-09,94039
Oceania,group,2022-10,85122
Oceania,group,2022-11,78869
Oceania,group,2022-12,101182
Oceania,group,2023-01,116794
Oceania,group,2023-02,81765
Oceania,group,2023-03,83827
Oceania,group,2023-04,106741
Oceania,group,2023-05,94073
Oceania,group,2023-06,107915
Oceania,group,2023-07,116877
Oceania,group,2023-08,95791
Oceania,group,2023-09,122983
Oceania,group,2023-10,104603
Oceania,group,2023-11,100963
Oceania,group,2023-12,128877
Oceania,group,2024-01,143297
Oceania,group,2024-02,90082
Oceania,group,2024-03,102158
Oceania,group,2024-04,112488
Oceania,group,2024-05,95493
Oceania,group,2024-06,105998
Oceania,group,2024-07,127037
Oceania,group,2024-08,100001
Oceania,group,2024-09,130165
Oceania,group,2024-10,118510
Oceania,group,2024-11,106727
Oceania,group,2024-12,139442
Oceania,group,2025-01,159560
Oceania,group,2025-02,95304
Oceania,group,2025-03,93049
Oceania,group,2025-04,134313
Oceania,group,2025-05,106952
Oceania,group,2025-06,110556
Oceania,group,2025-07,142415
Oceania,group,2025-08,101544
Oceania,group,2025-09,127606
Oceania,group,2025-10,134357
Oceania,group,2025-11,118508
Oceania,group,2025-12,144481
Oceania,group,2026-01,159973
Oceania,group,2026-02,90355
Oceania,group,2026-03,101599
Oceania,group,2026-04,131782
Oceania,group,2026-05,98714
Oceania,group,2026-06,112635
Other Markets In Africa,item,2008-01,3656
Other Markets In Africa,item,2008-02,2072
Other Markets In Africa,item,2008-03,2771
Other Markets In Africa,item,2008-04,2462
Other Markets In Africa,item,2008-05,2548
Other Markets In Africa,item,2008-06,2379
Other Markets In Africa,item,2008-07,3251
Other Markets In Africa,item,2008-08,4443
Other Markets In Africa,item,2008-09,2481
Other Markets In Africa,item,2008-10,2908
Other Markets In Africa,item,2008-11,2263
Other Markets In Africa,item,2008-12,3320
Other Markets In Africa,item,2009-01,2264
Other Markets In Africa,item,2009-02,1507
Other Markets In Africa,item,2009-03,2119
Other Markets In Africa,item,2009-04,2079
Other Markets In Africa,item,2009-05,1964
Other Markets In Africa,item,2009-06,1888
Other Markets In Africa,item,2009-07,2689
Other Markets In Africa,item,2009-08,2910
Other Markets In Africa,item,2009-09,1784
Other Markets In Africa,item,2009-10,2245
Other Markets In Africa,item,2009-11,1943
Other Markets In Africa,item,2009-12,3063
Other Markets In Africa,item,2010-01,2413
Other Markets In Africa,item,2010-02,1438
Other Markets In Africa,item,2010-03,1936
Other Markets In Africa,item,2010-04,2387
Other Markets In Africa,item,2010-05,1882
Other Markets In Africa,item,2010-06,1938
Other Markets In Africa,item,2010-07,2736
Other Markets In Africa,item,2010-08,3431
Other Markets In Africa,item,2010-09,1795
Other Markets In Africa,item,2010-10,2224
Other Markets In Africa,item,2010-11,1983
Other Markets In Africa,item,2010-12,2427
Other Markets In Africa,item,2011-01,2521
Other Markets In Africa,item,2011-02,1528
Other Markets In Africa,item,2011-03,1926
Other Markets In Africa,item,2011-04,1748
Other Markets In Africa,item,2011-05,1626
Other Markets In Africa,item,2011-06,2174
Other Markets In Africa,item,2011-07,3040
Other Markets In Africa,item,2011-08,2323
Other Markets In Africa,item,2011-09,2241
Other Markets In Africa,item,2011-10,2066
Other Markets In Africa,item,2011-11,1944
Other Markets In Africa,item,2011-12,2239
Other Markets In Africa,item,2012-01,1832
Other Markets In Africa,item,2012-02,1288
Other Markets In Africa,item,2012-03,1779
Other Markets In Africa,item,2012-04,1628
Other Markets In Africa,item,2012-05,1399
Other Markets In Africa,item,2012-06,1507
Other Markets In Africa,item,2012-07,2205
Other Markets In Africa,item,2012-08,2075
Other Markets In Africa,item,2012-09,1948
Other Markets In Africa,item,2012-10,1844
Other Markets In Africa,item,2012-11,1668
Other Markets In Africa,item,2012-12,2396
Other Markets In Africa,item,2013-01,1961
Other Markets In Africa,item,2013-02,1306
Other Markets In Africa,item,2013-03,1710
Other Markets In Africa,item,2013-04,1500
Other Markets In Africa,item,2013-05,1456
Other Markets In Africa,item,2013-06,1661
Other Markets In Africa,item,2013-07,1797
Other Markets In Africa,item,2013-08,2632
Other Markets In Africa,item,2013-09,2174
Other Markets In Africa,item,2013-10,1827
Other Markets In Africa,item,2013-11,1616
Other Markets In Africa,item,2013-12,2525
Other Markets In Africa,item,2014-01,1855
Other Markets In Africa,item,2014-02,1677
Other Markets In Africa,item,2014-03,1862
Other Markets In Africa,item,2014-04,1846
Other Markets In Africa,item,2014-05,1681
Other Markets In Africa,item,2014-06,1750
Other Markets In Africa,item,2014-07,2065
Other Markets In Africa,item,2014-08,3328
Other Markets In Africa,item,2014-09,1618
Other Markets In Africa,item,2014-10,1457
Other Markets In Africa,item,2014-11,1776
Other Markets In Africa,item,2014-12,2875
Other Markets In Africa,item,2015-01,1841
Other Markets In Africa,item,2015-02,1118
Other Markets In Africa,item,2015-03,1611
Other Markets In Africa,item,2015-04,2319
Other Markets In Africa,item,2015-05,1444
Other Markets In Africa,item,2015-06,1177
Other Markets In Africa,item,2015-07,1734
Other Markets In Africa,item,2015-08,2651
Other Markets In Africa,item,2015-09,1709
Other Markets In Africa,item,2015-10,1870
Other Markets In Africa,item,2015-11,1658
Other Markets In Africa,item,2015-12,2423
Other Markets In Africa,item,2016-01,1777
Other Markets In Africa,item,2016-02,1054
Other Markets In Africa,item,2016-03,1904
Other Markets In Africa,item,2016-04,1647
Other Markets In Africa,item,2016-05,1694
Other Markets In Africa,item,2016-06,1324
Other Markets In Africa,item,2016-07,2196
Other Markets In Africa,item,2016-08,2852
Other Markets In Africa,item,2016-09,1742
Other Markets In Africa,item,2016-10,1823
Other Markets In Africa,item,2016-11,1558
Other Markets In Africa,item,2016-12,2747
Other Markets In Africa,item,2017-01,1893
Other Markets In Africa,item,2017-02,1496
Other Markets In Africa,item,2017-03,1553
Other Markets In Africa,item,2017-04,1843
Other Markets In Africa,item,2017-05,1597
Other Markets In Africa,item,2017-06,1761
Other Markets In Africa,item,2017-07,2475
Other Markets In Africa,item,2017-08,3382
Other Markets In Africa,item,2017-09,1835
Other Markets In Africa,item,2017-10,2043
Other Markets In Africa,item,2017-11,1789
Other Markets In Africa,item,2017-12,2987
Other Markets In Africa,item,2018-01,2039
Other Markets In Africa,item,2018-02,1545
Other Markets In Africa,item,2018-03,2223
Other Markets In Africa,item,2018-04,2209
Other Markets In Africa,item,2018-05,1622
Other Markets In Africa,item,2018-06,1616
Other Markets In Africa,item,2018-07,2987
Other Markets In Africa,item,2018-08,3458
Other Markets In Africa,item,2018-09,1944
Other Markets In Africa,item,2018-10,2109
Other Markets In Africa,item,2018-11,1751
Other Markets In Africa,item,2018-12,3424
Other Markets In Africa,item,2019-01,2195
Other Markets In Africa,item,2019-02,1452
Other Markets In Africa,item,2019-03,1727
Other Markets In Africa,item,2019-04,2218
Other Markets In Africa,item,2019-05,1613
Other Markets In Africa,item,2019-06,2064
Other Markets In Africa,item,2019-07,2763
Other Markets In Africa,item,2019-08,4091
Other Markets In Africa,item,2019-09,2665
Other Markets In Africa,item,2019-10,2435
Other Markets In Africa,item,2019-11,2546
Other Markets In Africa,item,2019-12,4182
Other Markets In Africa,item,2020-01,2843
Other Markets In Africa,item,2020-02,1182
Other Markets In Africa,item,2020-03,396
Other Markets In Africa,item,2020-04,3
Other Markets In Africa,item,2020-05,0
Other Markets In Africa,item,2020-06,2
Other Markets In Africa,item,2020-07,5
Other Markets In Africa,item,2020-08,22
Other Markets In Africa,item,2020-09,21
Other Markets In Africa,item,2020-10,25
Other Markets In Africa,item,2020-11,15
Other Markets In Africa,item,2020-12,31
Other Markets In Africa,item,2021-01,22
Other Markets In Africa,item,2021-02,20
Other Markets In Africa,item,2021-03,17
Other Markets In Africa,item,2021-04,14
Other Markets In Africa,item,2021-05,26
Other Markets In Africa,item,2021-06,1
Other Markets In Africa,item,2021-07,14
Other Markets In Africa,item,2021-08,32
Other Markets In Africa,item,2021-09,19
Other Markets In Africa,item,2021-10,25
Other Markets In Africa,item,2021-11,35
Other Markets In Africa,item,2021-12,39
Other Markets In Africa,item,2022-01,56
Other Markets In Africa,item,2022-02,22
Other Markets In Africa,item,2022-03,56
Other Markets In Africa,item,2022-04,343
Other Markets In Africa,item,2022-05,544
Other Markets In Africa,item,2022-06,1004
Other Markets In Africa,item,2022-07,941
Other Markets In Africa,item,2022-08,1275
Other Markets In Africa,item,2022-09,1299
Other Markets In Africa,item,2022-10,1688
Other Markets In Africa,item,2022-11,1729
Other Markets In Africa,item,2022-12,2100
Other Markets In Africa,item,2023-01,1343
Other Markets In Africa,item,2023-02,1896
Other Markets In Africa,item,2023-03,1663
Other Markets In Africa,item,2023-04,1899
Other Markets In Africa,item,2023-05,2076
Other Markets In Africa,item,2023-06,2069
Other Markets In Africa,item,2023-07,2999
Other Markets In Africa,item,2023-08,3794
Other Markets In Africa,item,2023-09,2575
Other Markets In Africa,item,2023-10,2786
Other Markets In Africa,item,2023-11,2168
Other Markets In Africa,item,2023-12,3500
Other Markets In Africa,item,2024-01,2080
Other Markets In Africa,item,2024-02,1840
Other Markets In Africa,item,2024-03,1912
Other Markets In Africa,item,2024-04,2131
Other Markets In Africa,item,2024-05,4260
Other Markets In Africa,item,2024-06,2345
Other Markets In Africa,item,2024-07,3311
Other Markets In Africa,item,2024-08,4377
Other Markets In Africa,item,2024-09,2960
Other Markets In Africa,item,2024-10,2735
Other Markets In Africa,item,2024-11,2672
Other Markets In Africa,item,2024-12,4834
Other Markets In Africa,item,2025-01,2670
Other Markets In Africa,item,2025-02,2305
Other Markets In Africa,item,2025-03,2159
Other Markets In Africa,item,2025-04,2955
Other Markets In Africa,item,2025-05,2875
Other Markets In Africa,item,2025-06,2549
Other Markets In Africa,item,2025-07,4409
Other Markets In Africa,item,2025-08,6198
Other Markets In Africa,item,2025-09,3282
Other Markets In Africa,item,2025-10,3965
Other Markets In Africa,item,2025-11,3698
Other Markets In Africa,item,2025-12,5805
Other Markets In Africa,item,2026-01,3333
Other Markets In Africa,item,2026-02,2321
Other Markets In Africa,item,2026-03,2265
Other Markets In Africa,item,2026-04,3153
Other Markets In Africa,item,2026-05,3657
Other Markets In Africa,item,2026-06,3256
Other Markets In Americas,item,2008-01,2333
Other Markets In Americas,item,2008-02,2051
Other Markets In Americas,item,2008-03,2997
Other Markets In Americas,item,2008-04,2230
Other Markets In Americas,item,2008-05,2310
Other Markets In Americas,item,2008-06,2197
Other Markets In Americas,item,2008-07,2666
Other Markets In Americas,item,2008-08,1987
Other Markets In Americas,item,2008-09,2390
Other Markets In Americas,item,2008-10,3090
Other Markets In Americas,item,2008-11,2379
Other Markets In Americas,item,2008-12,2106
Other Markets In Americas,item,2009-01,2078
Other Markets In Americas,item,2009-02,1847
Other Markets In Americas,item,2009-03,2295
Other Markets In Americas,item,2009-04,2194
Other Markets In Americas,item,2009-05,2194
Other Markets In Americas,item,2009-06,2030
Other Markets In Americas,item,2009-07,2313
Other Markets In Americas,item,2009-08,1903
Other Markets In Americas,item,2009-09,2007
Other Markets In Americas,item,2009-10,2942
Other Markets In Americas,item,2009-11,3046
Other Markets In Americas,item,2009-12,2136
Other Markets In Americas,item,2010-01,2526
Other Markets In Americas,item,2010-02,2078
Other Markets In Americas,item,2010-03,2486
Other Markets In Americas,item,2010-04,2820
Other Markets In Americas,item,2010-05,2550
Other Markets In Americas,item,2010-06,2325
Other Markets In Americas,item,2010-07,2648
Other Markets In Americas,item,2010-08,3526
Other Markets In Americas,item,2010-09,2481
Other Markets In Americas,item,2010-10,3104
Other Markets In Americas,item,2010-11,3169
Other Markets In Americas,item,2010-12,2795
Other Markets In Americas,item,2011-01,3144
Other Markets In Americas,item,2011-02,2792
Other Markets In Americas,item,2011-03,3803
Other Markets In Americas,item,2011-04,4162
Other Markets In Americas,item,2011-05,2946
Other Markets In Americas,item,2011-06,3043
Other Markets In Americas,item,2011-07,3366
Other Markets In Americas,item,2011-08,2607
Other Markets In Americas,item,2011-09,2979
Other Markets In Americas,item,2011-10,4275
Other Markets In Americas,item,2011-11,3614
Other Markets In Americas,item,2011-12,3501
Other Markets In Americas,item,2012-01,4236
Other Markets In Americas,item,2012-02,3775
Other Markets In Americas,item,2012-03,4424
Other Markets In Americas,item,2012-04,4860
Other Markets In Americas,item,2012-05,3806
Other Markets In Americas,item,2012-06,3728
Other Markets In Americas,item,2012-07,4336
Other Markets In Americas,item,2012-08,3189
Other Markets In Americas,item,2012-09,4144
Other Markets In Americas,item,2012-10,5617
Other Markets In Americas,item,2012-11,4672
Other Markets In Americas,item,2012-12,4573
Other Markets In Americas,item,2013-01,5848
Other Markets In Americas,item,2013-02,4421
Other Markets In Americas,item,2013-03,5490
Other Markets In Americas,item,2013-04,5661
Other Markets In Americas,item,2013-05,4152
Other Markets In Americas,item,2013-06,4511
Other Markets In Americas,item,2013-07,4404
Other Markets In Americas,item,2013-08,3773
Other Markets In Americas,item,2013-09,4431
Other Markets In Americas,item,2013-10,5366
Other Markets In Americas,item,2013-11,4291
Other Markets In Americas,item,2013-12,4466
Other Markets In Americas,item,2014-01,6307
Other Markets In Americas,item,2014-02,4817
Other Markets In Americas,item,2014-03,6241
Other Markets In Americas,item,2014-04,5356
Other Markets In Americas,item,2014-05,4201
Other Markets In Americas,item,2014-06,3508
Other Markets In Americas,item,2014-07,3996
Other Markets In Americas,item,2014-08,3269
Other Markets In Americas,item,2014-09,4362
Other Markets In Americas,item,2014-10,4967
Other Markets In Americas,item,2014-11,4973
Other Markets In Americas,item,2014-12,5533
Other Markets In Americas,item,2015-01,7060
Other Markets In Americas,item,2015-02,5582
Other Markets In Americas,item,2015-03,5908
Other Markets In Americas,item,2015-04,5871
Other Markets In Americas,item,2015-05,4260
Other Markets In Americas,item,2015-06,4482
Other Markets In Americas,item,2015-07,4398
Other Markets In Americas,item,2015-08,4118
Other Markets In Americas,item,2015-09,4409
Other Markets In Americas,item,2015-10,5432
Other Markets In Americas,item,2015-11,5117
Other Markets In Americas,item,2015-12,4893
Other Markets In Americas,item,2016-01,6927
Other Markets In Americas,item,2016-02,5491
Other Markets In Americas,item,2016-03,6346
Other Markets In Americas,item,2016-04,5617
Other Markets In Americas,item,2016-05,4945
Other Markets In Americas,item,2016-06,4718
Other Markets In Americas,item,2016-07,4622
Other Markets In Americas,item,2016-08,3649
Other Markets In Americas,item,2016-09,4382
Other Markets In Americas,item,2016-10,5636
Other Markets In Americas,item,2016-11,6326
Other Markets In Americas,item,2016-12,7061
Other Markets In Americas,item,2017-01,9589
Other Markets In Americas,item,2017-02,7992
Other Markets In Americas,item,2017-03,8868
Other Markets In Americas,item,2017-04,7468
Other Markets In Americas,item,2017-05,5884
Other Markets In Americas,item,2017-06,5661
Other Markets In Americas,item,2017-07,5798
Other Markets In Americas,item,2017-08,4443
Other Markets In Americas,item,2017-09,5480
Other Markets In Americas,item,2017-10,6572
Other Markets In Americas,item,2017-11,11385
Other Markets In Americas,item,2017-12,8869
Other Markets In Americas,item,2018-01,10308
Other Markets In Americas,item,2018-02,8401
Other Markets In Americas,item,2018-03,9741
Other Markets In Americas,item,2018-04,8460
Other Markets In Americas,item,2018-05,7187
Other Markets In Americas,item,2018-06,5478
Other Markets In Americas,item,2018-07,6859
Other Markets In Americas,item,2018-08,4596
Other Markets In Americas,item,2018-09,6008
Other Markets In Americas,item,2018-10,7083
Other Markets In Americas,item,2018-11,7333
Other Markets In Americas,item,2018-12,7479
Other Markets In Americas,item,2019-01,10284
Other Markets In Americas,item,2019-02,6970
Other Markets In Americas,item,2019-03,9732
Other Markets In Americas,item,2019-04,9822
Other Markets In Americas,item,2019-05,6768
Other Markets In Americas,item,2019-06,6781
Other Markets In Americas,item,2019-07,7060
Other Markets In Americas,item,2019-08,5333
Other Markets In Americas,item,2019-09,6853
Other Markets In Americas,item,2019-10,7111
Other Markets In Americas,item,2019-11,8254
Other Markets In Americas,item,2019-12,9771
Other Markets In Americas,item,2020-01,11169
Other Markets In Americas,item,2020-02,6901
Other Markets In Americas,item,2020-03,2745
Other Markets In Americas,item,2020-04,0
Other Markets In Americas,item,2020-05,4
Other Markets In Americas,item,2020-06,13
Other Markets In Americas,item,2020-07,34
Other Markets In Americas,item,2020-08,67
Other Markets In Americas,item,2020-09,42
Other Markets In Americas,item,2020-10,52
Other Markets In Americas,item,2020-11,46
Other Markets In Americas,item,2020-12,70
Other Markets In Americas,item,2021-01,73
Other Markets In Americas,item,2021-02,60
Other Markets In Americas,item,2021-03,82
Other Markets In Americas,item,2021-04,71
Other Markets In Americas,item,2021-05,61
Other Markets In Americas,item,2021-06,25
Other Markets In Americas,item,2021-07,39
Other Markets In Americas,item,2021-08,101
Other Markets In Americas,item,2021-09,76
Other Markets In Americas,item,2021-10,131
Other Markets In Americas,item,2021-11,112
Other Markets In Americas,item,2021-12,127
Other Markets In Americas,item,2022-01,195
Other Markets In Americas,item,2022-02,122
Other Markets In Americas,item,2022-03,202
Other Markets In Americas,item,2022-04,724
Other Markets In Americas,item,2022-05,1738
Other Markets In Americas,item,2022-06,2082
Other Markets In Americas,item,2022-07,2977
Other Markets In Americas,item,2022-08,3487
Other Markets In Americas,item,2022-09,5245
Other Markets In Americas,item,2022-10,5971
Other Markets In Americas,item,2022-11,5782
Other Markets In Americas,item,2022-12,4607
Other Markets In Americas,item,2023-01,6203
Other Markets In Americas,item,2023-02,6465
Other Markets In Americas,item,2023-03,6841
Other Markets In Americas,item,2023-04,6822
Other Markets In Americas,item,2023-05,6936
Other Markets In Americas,item,2023-06,4623
Other Markets In Americas,item,2023-07,7081
Other Markets In Americas,item,2023-08,4630
Other Markets In Americas,item,2023-09,7753
Other Markets In Americas,item,2023-10,7580
Other Markets In Americas,item,2023-11,8042
Other Markets In Americas,item,2023-12,6847
Other Markets In Americas,item,2024-01,9357
Other Markets In Americas,item,2024-02,7719
Other Markets In Americas,item,2024-03,8552
Other Markets In Americas,item,2024-04,7951
Other Markets In Americas,item,2024-05,7675
Other Markets In Americas,item,2024-06,6373
Other Markets In Americas,item,2024-07,6588
Other Markets In Americas,item,2024-08,5875
Other Markets In Americas,item,2024-09,7966
Other Markets In Americas,item,2024-10,8138
Other Markets In Americas,item,2024-11,10209
Other Markets In Americas,item,2024-12,6771
Other Markets In Americas,item,2025-01,9605
Other Markets In Americas,item,2025-02,7845
Other Markets In Americas,item,2025-03,8884
Other Markets In Americas,item,2025-04,8604
Other Markets In Americas,item,2025-05,7359
Other Markets In Americas,item,2025-06,6109
Other Markets In Americas,item,2025-07,7526
Other Markets In Americas,item,2025-08,5874
Other Markets In Americas,item,2025-09,7299
Other Markets In Americas,item,2025-10,8882
Other Markets In Americas,item,2025-11,10146
Other Markets In Americas,item,2025-12,8159
Other Markets In Americas,item,2026-01,10472
Other Markets In Americas,item,2026-02,7694
Other Markets In Americas,item,2026-03,9102
Other Markets In Americas,item,2026-04,8391
Other Markets In Americas,item,2026-05,7265
Other Markets In Americas,item,2026-06,5197
Other Markets In Europe,item,2008-01,11108
Other Markets In Europe,item,2008-02,9823
Other Markets In Europe,item,2008-03,10467
Other Markets In Europe,item,2008-04,8587
Other Markets In Europe,item,2008-05,7494
Other Markets In Europe,item,2008-06,6233
Other Markets In Europe,item,2008-07,9177
Other Markets In Europe,item,2008-08,9707
Other Markets In Europe,item,2008-09,8183
Other Markets In Europe,item,2008-10,9786
Other Markets In Europe,item,2008-11,10240
Other Markets In Europe,item,2008-12,11546
Other Markets In Europe,item,2009-01,11664
Other Markets In Europe,item,2009-02,10084
Other Markets In Europe,item,2009-03,10593
Other Markets In Europe,item,2009-04,8433
Other Markets In Europe,item,2009-05,7129
Other Markets In Europe,item,2009-06,7017
Other Markets In Europe,item,2009-07,9554
Other Markets In Europe,item,2009-08,10719
Other Markets In Europe,item,2009-09,8829
Other Markets In Europe,item,2009-10,9295
Other Markets In Europe,item,2009-11,10438
Other Markets In Europe,item,2009-12,9310
Other Markets In Europe,item,2010-01,12849
Other Markets In Europe,item,2010-02,10345
Other Markets In Europe,item,2010-03,12137
Other Markets In Europe,item,2010-04,8776
Other Markets In Europe,item,2010-05,7847
Other Markets In Europe,item,2010-06,7400
Other Markets In Europe,item,2010-07,10009
Other Markets In Europe,item,2010-08,12396
Other Markets In Europe,item,2010-09,9039
Other Markets In Europe,item,2010-10,10211
Other Markets In Europe,item,2010-11,13009
Other Markets In Europe,item,2010-12,10334
Other Markets In Europe,item,2011-01,13077
Other Markets In Europe,item,2011-02,11309
Other Markets In Europe,item,2011-03,12149
Other Markets In Europe,item,2011-04,8797
Other Markets In Europe,item,2011-05,7905
Other Markets In Europe,item,2011-06,7155
Other Markets In Europe,item,2011-07,10015
Other Markets In Europe,item,2011-08,10472
Other Markets In Europe,item,2011-09,9451
Other Markets In Europe,item,2011-10,10695
Other Markets In Europe,item,2011-11,13138
Other Markets In Europe,item,2011-12,12021
Other Markets In Europe,item,2012-01,16790
Other Markets In Europe,item,2012-02,17307
Other Markets In Europe,item,2012-03,15781
Other Markets In Europe,item,2012-04,11554
Other Markets In Europe,item,2012-05,8997
Other Markets In Europe,item,2012-06,8462
Other Markets In Europe,item,2012-07,11260
Other Markets In Europe,item,2012-08,11610
Other Markets In Europe,item,2012-09,10243
Other Markets In Europe,item,2012-10,12362
Other Markets In Europe,item,2012-11,13562
Other Markets In Europe,item,2012-12,13149
Other Markets In Europe,item,2013-01,19326
Other Markets In Europe,item,2013-02,16921
Other Markets In Europe,item,2013-03,16938
Other Markets In Europe,item,2013-04,12203
Other Markets In Europe,item,2013-05,10571
Other Markets In Europe,item,2013-06,9776
Other Markets In Europe,item,2013-07,11693
Other Markets In Europe,item,2013-08,13495
Other Markets In Europe,item,2013-09,10821
Other Markets In Europe,item,2013-10,13859
Other Markets In Europe,item,2013-11,15256
Other Markets In Europe,item,2013-12,14430
Other Markets In Europe,item,2014-01,19588
Other Markets In Europe,item,2014-02,18406
Other Markets In Europe,item,2014-03,17589
Other Markets In Europe,item,2014-04,12747
Other Markets In Europe,item,2014-05,10542
Other Markets In Europe,item,2014-06,9326
Other Markets In Europe,item,2014-07,12671
Other Markets In Europe,item,2014-08,14539
Other Markets In Europe,item,2014-09,12431
Other Markets In Europe,item,2014-10,13755
Other Markets In Europe,item,2014-11,15529
Other Markets In Europe,item,2014-12,15350
Other Markets In Europe,item,2015-01,20303
Other Markets In Europe,item,2015-02,16530
Other Markets In Europe,item,2015-03,16881
Other Markets In Europe,item,2015-04,13390
Other Markets In Europe,item,2015-05,10431
Other Markets In Europe,item,2015-06,9763
Other Markets In Europe,item,2015-07,13400
Other Markets In Europe,item,2015-08,16363
Other Markets In Europe,item,2015-09,13275
Other Markets In Europe,item,2015-10,15297
Other Markets In Europe,item,2015-11,16777
Other Markets In Europe,item,2015-12,15692
Other Markets In Europe,item,2016-01,22536
Other Markets In Europe,item,2016-02,21018
Other Markets In Europe,item,2016-03,20313
Other Markets In Europe,item,2016-04,15509
Other Markets In Europe,item,2016-05,11809
Other Markets In Europe,item,2016-06,9460
Other Markets In Europe,item,2016-07,14800
Other Markets In Europe,item,2016-08,16040
Other Markets In Europe,item,2016-09,14129
Other Markets In Europe,item,2016-10,15829
Other Markets In Europe,item,2016-11,16685
Other Markets In Europe,item,2016-12,16492
Other Markets In Europe,item,2017-01,22844
Other Markets In Europe,item,2017-02,21341
Other Markets In Europe,item,2017-03,20597
Other Markets In Europe,item,2017-04,17165
Other Markets In Europe,item,2017-05,12624
Other Markets In Europe,item,2017-06,11227
Other Markets In Europe,item,2017-07,17131
Other Markets In Europe,item,2017-08,18688
Other Markets In Europe,item,2017-09,15577
Other Markets In Europe,item,2017-10,16346
Other Markets In Europe,item,2017-11,19003
Other Markets In Europe,item,2017-12,17930
Other Markets In Europe,item,2018-01,28038
Other Markets In Europe,item,2018-02,24307
Other Markets In Europe,item,2018-03,23862
Other Markets In Europe,item,2018-04,17479
Other Markets In Europe,item,2018-05,13540
Other Markets In Europe,item,2018-06,14033
Other Markets In Europe,item,2018-07,19795
Other Markets In Europe,item,2018-08,21731
Other Markets In Europe,item,2018-09,18379
Other Markets In Europe,item,2018-10,19874
Other Markets In Europe,item,2018-11,22049
Other Markets In Europe,item,2018-12,21145
Other Markets In Europe,item,2019-01,32587
Other Markets In Europe,item,2019-02,29374
Other Markets In Europe,item,2019-03,26557
Other Markets In Europe,item,2019-04,20576
Other Markets In Europe,item,2019-05,14517
Other Markets In Europe,item,2019-06,13616
Other Markets In Europe,item,2019-07,19596
Other Markets In Europe,item,2019-08,23243
Other Markets In Europe,item,2019-09,20805
Other Markets In Europe,item,2019-10,21286
Other Markets In Europe,item,2019-11,25869
Other Markets In Europe,item,2019-12,25506
Other Markets In Europe,item,2020-01,35733
Other Markets In Europe,item,2020-02,28008
Other Markets In Europe,item,2020-03,8745
Other Markets In Europe,item,2020-04,8
Other Markets In Europe,item,2020-05,43
Other Markets In Europe,item,2020-06,72
Other Markets In Europe,item,2020-07,139
Other Markets In Europe,item,2020-08,131
Other Markets In Europe,item,2020-09,171
Other Markets In Europe,item,2020-10,152
Other Markets In Europe,item,2020-11,139
Other Markets In Europe,item,2020-12,181
Other Markets In Europe,item,2021-01,319
Other Markets In Europe,item,2021-02,186
Other Markets In Europe,item,2021-03,229
Other Markets In Europe,item,2021-04,192
Other Markets In Europe,item,2021-05,83
Other Markets In Europe,item,2021-06,45
Other Markets In Europe,item,2021-07,90
Other Markets In Europe,item,2021-08,196
Other Markets In Europe,item,2021-09,259
Other Markets In Europe,item,2021-10,275
Other Markets In Europe,item,2021-11,169
Other Markets In Europe,item,2021-12,398
Other Markets In Europe,item,2022-01,518
Other Markets In Europe,item,2022-02,436
Other Markets In Europe,item,2022-03,914
Other Markets In Europe,item,2022-04,2862
Other Markets In Europe,item,2022-05,4533
Other Markets In Europe,item,2022-06,5120
Other Markets In Europe,item,2022-07,8163
Other Markets In Europe,item,2022-08,11227
Other Markets In Europe,item,2022-09,11336
Other Markets In Europe,item,2022-10,12751
Other Markets In Europe,item,2022-11,14971
Other Markets In Europe,item,2022-12,11795
Other Markets In Europe,item,2023-01,18233
Other Markets In Europe,item,2023-02,22398
Other Markets In Europe,item,2023-03,21453
Other Markets In Europe,item,2023-04,17109
Other Markets In Europe,item,2023-05,13650
Other Markets In Europe,item,2023-06,11381
Other Markets In Europe,item,2023-07,16968
Other Markets In Europe,item,2023-08,18898
Other Markets In Europe,item,2023-09,17891
Other Markets In Europe,item,2023-10,18715
Other Markets In Europe,item,2023-11,19226
Other Markets In Europe,item,2023-12,17821
Other Markets In Europe,item,2024-01,28644
Other Markets In Europe,item,2024-02,29753
Other Markets In Europe,item,2024-03,24684
Other Markets In Europe,item,2024-04,20868
Other Markets In Europe,item,2024-05,16546
Other Markets In Europe,item,2024-06,14715
Other Markets In Europe,item,2024-07,20956
Other Markets In Europe,item,2024-08,23528
Other Markets In Europe,item,2024-09,22491
Other Markets In Europe,item,2024-10,21359
Other Markets In Europe,item,2024-11,26761
Other Markets In Europe,item,2024-12,22959
Other Markets In Europe,item,2025-01,34948
Other Markets In Europe,item,2025-02,36808
Other Markets In Europe,item,2025-03,30023
Other Markets In Europe,item,2025-04,23651
Other Markets In Europe,item,2025-05,17378
Other Markets In Europe,item,2025-06,17330
Other Markets In Europe,item,2025-07,28087
Other Markets In Europe,item,2025-08,28464
Other Markets In Europe,item,2025-09,24220
Other Markets In Europe,item,2025-10,24321
Other Markets In Europe,item,2025-11,29627
Other Markets In Europe,item,2025-12,26708
Other Markets In Europe,item,2026-01,43442
Other Markets In Europe,item,2026-02,40370
Other Markets In Europe,item,2026-03,33046
Other Markets In Europe,item,2026-04,24028
Other Markets In Europe,item,2026-05,19269
Other Markets In Europe,item,2026-06,16379
Other Markets In Greater China,item,2008-01,1081
Other Markets In Greater China,item,2008-02,1510
Other Markets In Greater China,item,2008-03,1347
Other Markets In Greater China,item,2008-04,975
Other Markets In Greater China,item,2008-05,932
Other Markets In Greater China,item,2008-06,1446
Other Markets In Greater China,item,2008-07,1561
Other Markets In Greater China,item,2008-08,1630
Other Markets In Greater China,item,2008-09,947
Other Markets In Greater China,item,2008-10,907
Other Markets In Greater China,item,2008-11,925
Other Markets In Greater China,item,2008-12,1124
Other Markets In Greater China,item,2009-01,1443
Other Markets In Greater China,item,2009-02,811
Other Markets In Greater China,item,2009-03,830
Other Markets In Greater China,item,2009-04,962
Other Markets In Greater China,item,2009-05,956
Other Markets In Greater China,item,2009-06,1326
Other Markets In Greater China,item,2009-07,1257
Other Markets In Greater China,item,2009-08,1438
Other Markets In Greater China,item,2009-09,820
Other Markets In Greater China,item,2009-10,1073
Other Markets In Greater China,item,2009-11,940
Other Markets In Greater China,item,2009-12,1099
Other Markets In Greater China,item,2010-01,1194
Other Markets In Greater China,item,2010-02,1505
Other Markets In Greater China,item,2010-03,1294
Other Markets In Greater China,item,2010-04,1852
Other Markets In Greater China,item,2010-05,1510
Other Markets In Greater China,item,2010-06,2550
Other Markets In Greater China,item,2010-07,2930
Other Markets In Greater China,item,2010-08,3904
Other Markets In Greater China,item,2010-09,1444
Other Markets In Greater China,item,2010-10,1617
Other Markets In Greater China,item,2010-11,1409
Other Markets In Greater China,item,2010-12,2072
Other Markets In Greater China,item,2011-01,1808
Other Markets In Greater China,item,2011-02,2403
Other Markets In Greater China,item,2011-03,1631
Other Markets In Greater China,item,2011-04,1963
Other Markets In Greater China,item,2011-05,1807
Other Markets In Greater China,item,2011-06,2746
Other Markets In Greater China,item,2011-07,3190
Other Markets In Greater China,item,2011-08,3704
Other Markets In Greater China,item,2011-09,1649
Other Markets In Greater China,item,2011-10,1788
Other Markets In Greater China,item,2011-11,1584
Other Markets In Greater China,item,2011-12,2510
Other Markets In Greater China,item,2012-01,2377
Other Markets In Greater China,item,2012-02,1887
Other Markets In Greater China,item,2012-03,1589
Other Markets In Greater China,item,2012-04,2392
Other Markets In Greater China,item,2012-05,1383
Other Markets In Greater China,item,2012-06,2359
Other Markets In Greater China,item,2012-07,2982
Other Markets In Greater China,item,2012-08,3981
Other Markets In Greater China,item,2012-09,1514
Other Markets In Greater China,item,2012-10,1557
Other Markets In Greater China,item,2012-11,1864
Other Markets In Greater China,item,2012-12,2483
Other Markets In Greater China,item,2013-01,1911
Other Markets In Greater China,item,2013-02,2142
Other Markets In Greater China,item,2013-03,1980
Other Markets In Greater China,item,2013-04,1474
Other Markets In Greater China,item,2013-05,1505
Other Markets In Greater China,item,2013-06,2966
Other Markets In Greater China,item,2013-07,3154
Other Markets In Greater China,item,2013-08,3882
Other Markets In Greater China,item,2013-09,1476
Other Markets In Greater China,item,2013-10,1647
Other Markets In Greater China,item,2013-11,1736
Other Markets In Greater China,item,2013-12,3039
Other Markets In Greater China,item,2014-01,2264
Other Markets In Greater China,item,2014-02,2329
Other Markets In Greater China,item,2014-03,1706
Other Markets In Greater China,item,2014-04,2258
Other Markets In Greater China,item,2014-05,1709
Other Markets In Greater China,item,2014-06,2693
Other Markets In Greater China,item,2014-07,3507
Other Markets In Greater China,item,2014-08,5546
Other Markets In Greater China,item,2014-09,1930
Other Markets In Greater China,item,2014-10,1910
Other Markets In Greater China,item,2014-11,2082
Other Markets In Greater China,item,2014-12,3792
Other Markets In Greater China,item,2015-01,2341
Other Markets In Greater China,item,2015-02,2916
Other Markets In Greater China,item,2015-03,1584
Other Markets In Greater China,item,2015-04,1909
Other Markets In Greater China,item,2015-05,1761
Other Markets In Greater China,item,2015-06,2346
Other Markets In Greater China,item,2015-07,4061
Other Markets In Greater China,item,2015-08,6197
Other Markets In Greater China,item,2015-09,1706
Other Markets In Greater China,item,2015-10,1972
Other Markets In Greater China,item,2015-11,1668
Other Markets In Greater China,item,2015-12,3093
Other Markets In Greater China,item,2016-01,1798
Other Markets In Greater China,item,2016-02,2679
Other Markets In Greater China,item,2016-03,1741
Other Markets In Greater China,item,2016-04,1529
Other Markets In Greater China,item,2016-05,1596
Other Markets In Greater China,item,2016-06,2025
Other Markets In Greater China,item,2016-07,3089
Other Markets In Greater China,item,2016-08,4512
Other Markets In Greater China,item,2016-09,1338
Other Markets In Greater China,item,2016-10,1350
Other Markets In Greater China,item,2016-11,1349
Other Markets In Greater China,item,2016-12,2430
Other Markets In Greater China,item,2017-01,2316
Other Markets In Greater China,item,2017-02,1728
Other Markets In Greater China,item,2017-03,1832
Other Markets In Greater China,item,2017-04,1820
Other Markets In Greater China,item,2017-05,1702
Other Markets In Greater China,item,2017-06,1863
Other Markets In Greater China,item,2017-07,3699
Other Markets In Greater China,item,2017-08,3799
Other Markets In Greater China,item,2017-09,1524
Other Markets In Greater China,item,2017-10,1668
Other Markets In Greater China,item,2017-11,1657
Other Markets In Greater China,item,2017-12,2980
Other Markets In Greater China,item,2018-01,2556
Other Markets In Greater China,item,2018-02,2102
Other Markets In Greater China,item,2018-03,1838
Other Markets In Greater China,item,2018-04,1675
Other Markets In Greater China,item,2018-05,1725
Other Markets In Greater China,item,2018-06,2313
Other Markets In Greater China,item,2018-07,3774
Other Markets In Greater China,item,2018-08,4239
Other Markets In Greater China,item,2018-09,2019
Other Markets In Greater China,item,2018-10,1674
Other Markets In Greater China,item,2018-11,1883
Other Markets In Greater China,item,2018-12,3337
Other Markets In Greater China,item,2019-01,3127
Other Markets In Greater China,item,2019-02,2493
Other Markets In Greater China,item,2019-03,1619
Other Markets In Greater China,item,2019-04,2148
Other Markets In Greater China,item,2019-05,1660
Other Markets In Greater China,item,2019-06,2466
Other Markets In Greater China,item,2019-07,3234
Other Markets In Greater China,item,2019-08,4195
Other Markets In Greater China,item,2019-09,1831
Other Markets In Greater China,item,2019-10,1800
Other Markets In Greater China,item,2019-11,2104
Other Markets In Greater China,item,2019-12,3780
Other Markets In Greater China,item,2020-01,3056
Other Markets In Greater China,item,2020-02,544
Other Markets In Greater China,item,2020-03,188
Other Markets In Greater China,item,2020-04,0
Other Markets In Greater China,item,2020-05,0
Other Markets In Greater China,item,2020-06,0
Other Markets In Greater China,item,2020-07,4
Other Markets In Greater China,item,2020-08,4
Other Markets In Greater China,item,2020-09,4
Other Markets In Greater China,item,2020-10,5
Other Markets In Greater China,item,2020-11,9
Other Markets In Greater China,item,2020-12,11
Other Markets In Greater China,item,2021-01,10
Other Markets In Greater China,item,2021-02,10
Other Markets In Greater China,item,2021-03,14
Other Markets In Greater China,item,2021-04,12
Other Markets In Greater China,item,2021-05,10
Other Markets In Greater China,item,2021-06,10
Other Markets In Greater China,item,2021-07,16
Other Markets In Greater China,item,2021-08,13
Other Markets In Greater China,item,2021-09,36
Other Markets In Greater China,item,2021-10,34
Other Markets In Greater China,item,2021-11,22
Other Markets In Greater China,item,2021-12,53
Other Markets In Greater China,item,2022-01,67
Other Markets In Greater China,item,2022-02,29
Other Markets In Greater China,item,2022-03,61
Other Markets In Greater China,item,2022-04,385
Other Markets In Greater China,item,2022-05,497
Other Markets In Greater China,item,2022-06,853
Other Markets In Greater China,item,2022-07,1424
Other Markets In Greater China,item,2022-08,1172
Other Markets In Greater China,item,2022-09,972
Other Markets In Greater China,item,2022-10,849
Other Markets In Greater China,item,2022-11,1220
Other Markets In Greater China,item,2022-12,1943
Other Markets In Greater China,item,2023-01,3361
Other Markets In Greater China,item,2023-02,1702
Other Markets In Greater China,item,2023-03,1575
Other Markets In Greater China,item,2023-04,2107
Other Markets In Greater China,item,2023-05,1771
Other Markets In Greater China,item,2023-06,1779
Other Markets In Greater China,item,2023-07,3266
Other Markets In Greater China,item,2023-08,3316
Other Markets In Greater China,item,2023-09,1415
Other Markets In Greater China,item,2023-10,1541
Other Markets In Greater China,item,2023-11,1648
Other Markets In Greater China,item,2023-12,2882
Other Markets In Greater China,item,2024-01,3848
Other Markets In Greater China,item,2024-02,2236
Other Markets In Greater China,item,2024-03,2158
Other Markets In Greater China,item,2024-04,1706
Other Markets In Greater China,item,2024-05,1465
Other Markets In Greater China,item,2024-06,1702
Other Markets In Greater China,item,2024-07,3454
Other Markets In Greater China,item,2024-08,3454
Other Markets In Greater China,item,2024-09,1313
Other Markets In Greater China,item,2024-10,1882
Other Markets In Greater China,item,2024-11,1799
Other Markets In Greater China,item,2024-12,3243
Other Markets In Greater China,item,2025-01,4265
Other Markets In Greater China,item,2025-02,1726
Other Markets In Greater China,item,2025-03,1522
Other Markets In Greater China,item,2025-04,1974
Other Markets In Greater China,item,2025-05,1811
Other Markets In Greater China,item,2025-06,1777
Other Markets In Greater China,item,2025-07,3987
Other Markets In Greater China,item,2025-08,4265
Other Markets In Greater China,item,2025-09,1168
Other Markets In Greater China,item,2025-10,1723
Other Markets In Greater China,item,2025-11,2775
Other Markets In Greater China,item,2025-12,5162
Other Markets In Greater China,item,2026-01,7814
Other Markets In Greater China,item,2026-02,3671
Other Markets In Greater China,item,2026-03,1990
Other Markets In Greater China,item,2026-04,2279
Other Markets In Greater China,item,2026-05,1261
Other Markets In Greater China,item,2026-06,1696
Other Markets In North Asia,item,2008-01,55
Other Markets In North Asia,item,2008-02,31
Other Markets In North Asia,item,2008-03,30
Other Markets In North Asia,item,2008-04,64
Other Markets In North Asia,item,2008-05,72
Other Markets In North Asia,item,2008-06,74
Other Markets In North Asia,item,2008-07,72
Other Markets In North Asia,item,2008-08,72
Other Markets In North Asia,item,2008-09,36
Other Markets In North Asia,item,2008-10,82
Other Markets In North Asia,item,2008-11,73
Other Markets In North Asia,item,2008-12,53
Other Markets In North Asia,item,2009-01,45
Other Markets In North Asia,item,2009-02,63
Other Markets In North Asia,item,2009-03,72
Other Markets In North Asia,item,2009-04,58
Other Markets In North Asia,item,2009-05,76
Other Markets In North Asia,item,2009-06,165
Other Markets In North Asia,item,2009-07,89
Other Markets In North Asia,item,2009-08,46
Other Markets In North Asia,item,2009-09,56
Other Markets In North Asia,item,2009-10,68
Other Markets In North Asia,item,2009-11,44
Other Markets In North Asia,item,2009-12,62
Other Markets In North Asia,item,2010-01,51
Other Markets In North Asia,item,2010-02,49
Other Markets In North Asia,item,2010-03,66
Other Markets In North Asia,item,2010-04,37
Other Markets In North Asia,item,2010-05,85
Other Markets In North Asia,item,2010-06,99
Other Markets In North Asia,item,2010-07,75
Other Markets In North Asia,item,2010-08,80
Other Markets In North Asia,item,2010-09,62
Other Markets In North Asia,item,2010-10,41
Other Markets In North Asia,item,2010-11,85
Other Markets In North Asia,item,2010-12,79
Other Markets In North Asia,item,2011-01,53
Other Markets In North Asia,item,2011-02,76
Other Markets In North Asia,item,2011-03,68
Other Markets In North Asia,item,2011-04,77
Other Markets In North Asia,item,2011-05,70
Other Markets In North Asia,item,2011-06,61
Other Markets In North Asia,item,2011-07,184
Other Markets In North Asia,item,2011-08,74
Other Markets In North Asia,item,2011-09,46
Other Markets In North Asia,item,2011-10,106
Other Markets In North Asia,item,2011-11,48
Other Markets In North Asia,item,2011-12,36
Other Markets In North Asia,item,2012-01,78
Other Markets In North Asia,item,2012-02,73
Other Markets In North Asia,item,2012-03,126
Other Markets In North Asia,item,2012-04,101
Other Markets In North Asia,item,2012-05,88
Other Markets In North Asia,item,2012-06,34
Other Markets In North Asia,item,2012-07,77
Other Markets In North Asia,item,2012-08,157
Other Markets In North Asia,item,2012-09,119
Other Markets In North Asia,item,2012-10,304
Other Markets In North Asia,item,2012-11,225
Other Markets In North Asia,item,2012-12,139
Other Markets In North Asia,item,2013-01,108
Other Markets In North Asia,item,2013-02,60
Other Markets In North Asia,item,2013-03,103
Other Markets In North Asia,item,2013-04,49
Other Markets In North Asia,item,2013-05,96
Other Markets In North Asia,item,2013-06,124
Other Markets In North Asia,item,2013-07,113
Other Markets In North Asia,item,2013-08,176
Other Markets In North Asia,item,2013-09,144
Other Markets In North Asia,item,2013-10,91
Other Markets In North Asia,item,2013-11,78
Other Markets In North Asia,item,2013-12,48
Other Markets In North Asia,item,2014-01,36
Other Markets In North Asia,item,2014-02,62
Other Markets In North Asia,item,2014-03,107
Other Markets In North Asia,item,2014-04,63
Other Markets In North Asia,item,2014-05,41
Other Markets In North Asia,item,2014-06,52
Other Markets In North Asia,item,2014-07,70
Other Markets In North Asia,item,2014-08,90
Other Markets In North Asia,item,2014-09,41
Other Markets In North Asia,item,2014-10,53
Other Markets In North Asia,item,2014-11,75
Other Markets In North Asia,item,2014-12,42
Other Markets In North Asia,item,2015-01,61
Other Markets In North Asia,item,2015-02,51
Other Markets In North Asia,item,2015-03,48
Other Markets In North Asia,item,2015-04,60
Other Markets In North Asia,item,2015-05,55
Other Markets In North Asia,item,2015-06,91
Other Markets In North Asia,item,2015-07,72
Other Markets In North Asia,item,2015-08,139
Other Markets In North Asia,item,2015-09,70
Other Markets In North Asia,item,2015-10,41
Other Markets In North Asia,item,2015-11,67
Other Markets In North Asia,item,2015-12,97
Other Markets In North Asia,item,2016-01,31
Other Markets In North Asia,item,2016-02,53
Other Markets In North Asia,item,2016-03,54
Other Markets In North Asia,item,2016-04,42
Other Markets In North Asia,item,2016-05,27
Other Markets In North Asia,item,2016-06,44
Other Markets In North Asia,item,2016-07,65
Other Markets In North Asia,item,2016-08,41
Other Markets In North Asia,item,2016-09,96
Other Markets In North Asia,item,2016-10,8
Other Markets In North Asia,item,2016-11,30
Other Markets In North Asia,item,2016-12,16
Other Markets In North Asia,item,2017-01,19
Other Markets In North Asia,item,2017-02,15
Other Markets In North Asia,item,2017-03,8
Other Markets In North Asia,item,2017-04,7
Other Markets In North Asia,item,2017-05,24
Other Markets In North Asia,item,2017-06,8
Other Markets In North Asia,item,2017-07,13
Other Markets In North Asia,item,2017-08,14
Other Markets In North Asia,item,2017-09,15
Other Markets In North Asia,item,2017-10,6
Other Markets In North Asia,item,2017-11,16
Other Markets In North Asia,item,2017-12,35
Other Markets In North Asia,item,2018-01,21
Other Markets In North Asia,item,2018-02,15
Other Markets In North Asia,item,2018-03,15
Other Markets In North Asia,item,2018-04,23
Other Markets In North Asia,item,2018-05,31
Other Markets In North Asia,item,2018-06,209
Other Markets In North Asia,item,2018-07,19
Other Markets In North Asia,item,2018-08,49
Other Markets In North Asia,item,2018-09,19
Other Markets In North Asia,item,2018-10,21
Other Markets In North Asia,item,2018-11,32
Other Markets In North Asia,item,2018-12,27
Other Markets In North Asia,item,2019-01,21
Other Markets In North Asia,item,2019-02,20
Other Markets In North Asia,item,2019-03,19
Other Markets In North Asia,item,2019-04,12
Other Markets In North Asia,item,2019-05,16
Other Markets In North Asia,item,2019-06,26
Other Markets In North Asia,item,2019-07,22
Other Markets In North Asia,item,2019-08,15
Other Markets In North Asia,item,2019-09,32
Other Markets In North Asia,item,2019-10,3
Other Markets In North Asia,item,2019-11,4
Other Markets In North Asia,item,2019-12,7
Other Markets In North Asia,item,2020-01,36
Other Markets In North Asia,item,2020-02,4
Other Markets In North Asia,item,2020-03,0
Other Markets In North Asia,item,2020-04,0
Other Markets In North Asia,item,2020-05,0
Other Markets In North Asia,item,2020-06,0
Other Markets In North Asia,item,2020-07,0
Other Markets In North Asia,item,2020-08,0
Other Markets In North Asia,item,2020-09,0
Other Markets In North Asia,item,2020-10,0
Other Markets In North Asia,item,2020-11,0
Other Markets In North Asia,item,2020-12,0
Other Markets In North Asia,item,2021-01,1
Other Markets In North Asia,item,2021-02,0
Other Markets In North Asia,item,2021-03,2
Other Markets In North Asia,item,2021-04,0
Other Markets In North Asia,item,2021-05,0
Other Markets In North Asia,item,2021-06,0
Other Markets In North Asia,item,2021-07,0
Other Markets In North Asia,item,2021-08,0
Other Markets In North Asia,item,2021-09,0
Other Markets In North Asia,item,2021-10,0
Other Markets In North Asia,item,2021-11,2
Other Markets In North Asia,item,2021-12,3
Other Markets In North Asia,item,2022-01,0
Other Markets In North Asia,item,2022-02,2
Other Markets In North Asia,item,2022-03,0
Other Markets In North Asia,item,2022-04,19
Other Markets In North Asia,item,2022-05,18
Other Markets In North Asia,item,2022-06,43
Other Markets In North Asia,item,2022-07,50
Other Markets In North Asia,item,2022-08,67
Other Markets In North Asia,item,2022-09,63
Other Markets In North Asia,item,2022-10,53
Other Markets In North Asia,item,2022-11,40
Other Markets In North Asia,item,2022-12,51
Other Markets In North Asia,item,2023-01,131
Other Markets In North Asia,item,2023-02,173
Other Markets In North Asia,item,2023-03,105
Other Markets In North Asia,item,2023-04,98
Other Markets In North Asia,item,2023-05,86
Other Markets In North Asia,item,2023-06,91
Other Markets In North Asia,item,2023-07,171
Other Markets In North Asia,item,2023-08,185
Other Markets In North Asia,item,2023-09,122
Other Markets In North Asia,item,2023-10,124
Other Markets In North Asia,item,2023-11,128
Other Markets In North Asia,item,2023-12,123
Other Markets In North Asia,item,2024-01,210
Other Markets In North Asia,item,2024-02,187
Other Markets In North Asia,item,2024-03,100
Other Markets In North Asia,item,2024-04,79
Other Markets In North Asia,item,2024-05,66
Other Markets In North Asia,item,2024-06,49
Other Markets In North Asia,item,2024-07,113
Other Markets In North Asia,item,2024-08,111
Other Markets In North Asia,item,2024-09,89
Other Markets In North Asia,item,2024-10,102
Other Markets In North Asia,item,2024-11,112
Other Markets In North Asia,item,2024-12,90
Other Markets In North Asia,item,2025-01,175
Other Markets In North Asia,item,2025-02,132
Other Markets In North Asia,item,2025-03,96
Other Markets In North Asia,item,2025-04,55
Other Markets In North Asia,item,2025-05,89
Other Markets In North Asia,item,2025-06,70
Other Markets In North Asia,item,2025-07,153
Other Markets In North Asia,item,2025-08,137
Other Markets In North Asia,item,2025-09,75
Other Markets In North Asia,item,2025-10,93
Other Markets In North Asia,item,2025-11,72
Other Markets In North Asia,item,2025-12,89
Other Markets In North Asia,item,2026-01,145
Other Markets In North Asia,item,2026-02,113
Other Markets In North Asia,item,2026-03,62
Other Markets In North Asia,item,2026-04,31
Other Markets In North Asia,item,2026-05,51
Other Markets In North Asia,item,2026-06,53
Other Markets In Oceania,item,2008-01,1250
Other Markets In Oceania,item,2008-02,1000
Other Markets In Oceania,item,2008-03,1214
Other Markets In Oceania,item,2008-04,987
Other Markets In Oceania,item,2008-05,1131
Other Markets In Oceania,item,2008-06,1063
Other Markets In Oceania,item,2008-07,1034
Other Markets In Oceania,item,2008-08,996
Other Markets In Oceania,item,2008-09,1008
Other Markets In Oceania,item,2008-10,1226
Other Markets In Oceania,item,2008-11,1090
Other Markets In Oceania,item,2008-12,1080
Other Markets In Oceania,item,2009-01,1098
Other Markets In Oceania,item,2009-02,874
Other Markets In Oceania,item,2009-03,954
Other Markets In Oceania,item,2009-04,1053
Other Markets In Oceania,item,2009-05,901
Other Markets In Oceania,item,2009-06,1019
Other Markets In Oceania,item,2009-07,1020
Other Markets In Oceania,item,2009-08,982
Other Markets In Oceania,item,2009-09,1038
Other Markets In Oceania,item,2009-10,1053
Other Markets In Oceania,item,2009-11,1187
Other Markets In Oceania,item,2009-12,1235
Other Markets In Oceania,item,2010-01,1231
Other Markets In Oceania,item,2010-02,829
Other Markets In Oceania,item,2010-03,1031
Other Markets In Oceania,item,2010-04,1027
Other Markets In Oceania,item,2010-05,1022
Other Markets In Oceania,item,2010-06,1276
Other Markets In Oceania,item,2010-07,1072
Other Markets In Oceania,item,2010-08,952
Other Markets In Oceania,item,2010-09,1072
Other Markets In Oceania,item,2010-10,1181
Other Markets In Oceania,item,2010-11,1071
Other Markets In Oceania,item,2010-12,1004
Other Markets In Oceania,item,2011-01,1208
Other Markets In Oceania,item,2011-02,923
Other Markets In Oceania,item,2011-03,982
Other Markets In Oceania,item,2011-04,1079
Other Markets In Oceania,item,2011-05,1117
Other Markets In Oceania,item,2011-06,1384
Other Markets In Oceania,item,2011-07,1337
Other Markets In Oceania,item,2011-08,1058
Other Markets In Oceania,item,2011-09,1213
Other Markets In Oceania,item,2011-10,1238
Other Markets In Oceania,item,2011-11,1455
Other Markets In Oceania,item,2011-12,1389
Other Markets In Oceania,item,2012-01,1176
Other Markets In Oceania,item,2012-02,975
Other Markets In Oceania,item,2012-03,1169
Other Markets In Oceania,item,2012-04,1161
Other Markets In Oceania,item,2012-05,1266
Other Markets In Oceania,item,2012-06,1284
Other Markets In Oceania,item,2012-07,1377
Other Markets In Oceania,item,2012-08,1004
Other Markets In Oceania,item,2012-09,1366
Other Markets In Oceania,item,2012-10,1280
Other Markets In Oceania,item,2012-11,1343
Other Markets In Oceania,item,2012-12,1704
Other Markets In Oceania,item,2013-01,1369
Other Markets In Oceania,item,2013-02,984
Other Markets In Oceania,item,2013-03,1173
Other Markets In Oceania,item,2013-04,1218
Other Markets In Oceania,item,2013-05,1241
Other Markets In Oceania,item,2013-06,1494
Other Markets In Oceania,item,2013-07,1284
Other Markets In Oceania,item,2013-08,1168
Other Markets In Oceania,item,2013-09,1238
Other Markets In Oceania,item,2013-10,1277
Other Markets In Oceania,item,2013-11,1457
Other Markets In Oceania,item,2013-12,1619
Other Markets In Oceania,item,2014-01,1401
Other Markets In Oceania,item,2014-02,909
Other Markets In Oceania,item,2014-03,1127
Other Markets In Oceania,item,2014-04,1147
Other Markets In Oceania,item,2014-05,1105
Other Markets In Oceania,item,2014-06,1241
Other Markets In Oceania,item,2014-07,1238
Other Markets In Oceania,item,2014-08,1131
Other Markets In Oceania,item,2014-09,1199
Other Markets In Oceania,item,2014-10,1175
Other Markets In Oceania,item,2014-11,1272
Other Markets In Oceania,item,2014-12,1399
Other Markets In Oceania,item,2015-01,1360
Other Markets In Oceania,item,2015-02,918
Other Markets In Oceania,item,2015-03,1199
Other Markets In Oceania,item,2015-04,1040
Other Markets In Oceania,item,2015-05,1185
Other Markets In Oceania,item,2015-06,1346
Other Markets In Oceania,item,2015-07,1215
Other Markets In Oceania,item,2015-08,1096
Other Markets In Oceania,item,2015-09,1113
Other Markets In Oceania,item,2015-10,1358
Other Markets In Oceania,item,2015-11,1606
Other Markets In Oceania,item,2015-12,1658
Other Markets In Oceania,item,2016-01,1321
Other Markets In Oceania,item,2016-02,999
Other Markets In Oceania,item,2016-03,1064
Other Markets In Oceania,item,2016-04,2083
Other Markets In Oceania,item,2016-05,1708
Other Markets In Oceania,item,2016-06,1750
Other Markets In Oceania,item,2016-07,1670
Other Markets In Oceania,item,2016-08,1529
Other Markets In Oceania,item,2016-09,1676
Other Markets In Oceania,item,2016-10,1618
Other Markets In Oceania,item,2016-11,1699
Other Markets In Oceania,item,2016-12,2537
Other Markets In Oceania,item,2017-01,2011
Other Markets In Oceania,item,2017-02,1457
Other Markets In Oceania,item,2017-03,1542
Other Markets In Oceania,item,2017-04,2104
Other Markets In Oceania,item,2017-05,1685
Other Markets In Oceania,item,2017-06,1614
Other Markets In Oceania,item,2017-07,1830
Other Markets In Oceania,item,2017-08,1864
Other Markets In Oceania,item,2017-09,1845
Other Markets In Oceania,item,2017-10,1804
Other Markets In Oceania,item,2017-11,2020
Other Markets In Oceania,item,2017-12,2671
Other Markets In Oceania,item,2018-01,1900
Other Markets In Oceania,item,2018-02,1333
Other Markets In Oceania,item,2018-03,1677
Other Markets In Oceania,item,2018-04,2183
Other Markets In Oceania,item,2018-05,1626
Other Markets In Oceania,item,2018-06,1857
Other Markets In Oceania,item,2018-07,1879
Other Markets In Oceania,item,2018-08,1541
Other Markets In Oceania,item,2018-09,1718
Other Markets In Oceania,item,2018-10,1785
Other Markets In Oceania,item,2018-11,1889
Other Markets In Oceania,item,2018-12,2814
Other Markets In Oceania,item,2019-01,2019
Other Markets In Oceania,item,2019-02,1424
Other Markets In Oceania,item,2019-03,1781
Other Markets In Oceania,item,2019-04,2544
Other Markets In Oceania,item,2019-05,1729
Other Markets In Oceania,item,2019-06,1991
Other Markets In Oceania,item,2019-07,2041
Other Markets In Oceania,item,2019-08,1860
Other Markets In Oceania,item,2019-09,2038
Other Markets In Oceania,item,2019-10,1727
Other Markets In Oceania,item,2019-11,2216
Other Markets In Oceania,item,2019-12,2773
Other Markets In Oceania,item,2020-01,2288
Other Markets In Oceania,item,2020-02,1316
Other Markets In Oceania,item,2020-03,412
Other Markets In Oceania,item,2020-04,6
Other Markets In Oceania,item,2020-05,1
Other Markets In Oceania,item,2020-06,0
Other Markets In Oceania,item,2020-07,2
Other Markets In Oceania,item,2020-08,3
Other Markets In Oceania,item,2020-09,4
Other Markets In Oceania,item,2020-10,4
Other Markets In Oceania,item,2020-11,5
Other Markets In Oceania,item,2020-12,7
Other Markets In Oceania,item,2021-01,0
Other Markets In Oceania,item,2021-02,6
Other Markets In Oceania,item,2021-03,16
Other Markets In Oceania,item,2021-04,11
Other Markets In Oceania,item,2021-05,12
Other Markets In Oceania,item,2021-06,0
Other Markets In Oceania,item,2021-07,4
Other Markets In Oceania,item,2021-08,19
Other Markets In Oceania,item,2021-09,13
Other Markets In Oceania,item,2021-10,11
Other Markets In Oceania,item,2021-11,19
Other Markets In Oceania,item,2021-12,44
Other Markets In Oceania,item,2022-01,36
Other Markets In Oceania,item,2022-02,48
Other Markets In Oceania,item,2022-03,82
Other Markets In Oceania,item,2022-04,495
Other Markets In Oceania,item,2022-05,859
Other Markets In Oceania,item,2022-06,1253
Other Markets In Oceania,item,2022-07,1933
Other Markets In Oceania,item,2022-08,1598
Other Markets In Oceania,item,2022-09,2173
Other Markets In Oceania,item,2022-10,2652
Other Markets In Oceania,item,2022-11,2534
Other Markets In Oceania,item,2022-12,2884
Other Markets In Oceania,item,2023-01,3140
Other Markets In Oceania,item,2023-02,2559
Other Markets In Oceania,item,2023-03,2688
Other Markets In Oceania,item,2023-04,2739
Other Markets In Oceania,item,2023-05,3227
Other Markets In Oceania,item,2023-06,3793
Other Markets In Oceania,item,2023-07,3119
Other Markets In Oceania,item,2023-08,2687
Other Markets In Oceania,item,2023-09,3464
Other Markets In Oceania,item,2023-10,3511
Other Markets In Oceania,item,2023-11,3099
Other Markets In Oceania,item,2023-12,3963
Other Markets In Oceania,item,2024-01,4810
Other Markets In Oceania,item,2024-02,2630
Other Markets In Oceania,item,2024-03,2727
Other Markets In Oceania,item,2024-04,2694
Other Markets In Oceania,item,2024-05,3008
Other Markets In Oceania,item,2024-06,2758
Other Markets In Oceania,item,2024-07,3155
Other Markets In Oceania,item,2024-08,2972
Other Markets In Oceania,item,2024-09,3443
Other Markets In Oceania,item,2024-10,3572
Other Markets In Oceania,item,2024-11,3715
Other Markets In Oceania,item,2024-12,4083
Other Markets In Oceania,item,2025-01,3678
Other Markets In Oceania,item,2025-02,2771
Other Markets In Oceania,item,2025-03,2390
Other Markets In Oceania,item,2025-04,2720
Other Markets In Oceania,item,2025-05,3239
Other Markets In Oceania,item,2025-06,3120
Other Markets In Oceania,item,2025-07,2968
Other Markets In Oceania,item,2025-08,2750
Other Markets In Oceania,item,2025-09,3040
Other Markets In Oceania,item,2025-10,2991
Other Markets In Oceania,item,2025-11,3095
Other Markets In Oceania,item,2025-12,3341
Other Markets In Oceania,item,2026-01,3568
Other Markets In Oceania,item,2026-02,2245
Other Markets In Oceania,item,2026-03,2249
Other Markets In Oceania,item,2026-04,2474
Other Markets In Oceania,item,2026-05,2415
Other Markets In Oceania,item,2026-06,2909
Other Markets In South Asia,item,2008-01,2660
Other Markets In South Asia,item,2008-02,2272
Other Markets In South Asia,item,2008-03,2570
Other Markets In South Asia,item,2008-04,2531
Other Markets In South Asia,item,2008-05,2677
Other Markets In South Asia,item,2008-06,2865
Other Markets In South Asia,item,2008-07,2482
Other Markets In South Asia,item,2008-08,2760
Other Markets In South Asia,item,2008-09,2022
Other Markets In South Asia,item,2008-10,2198
Other Markets In South Asia,item,2008-11,2207
Other Markets In South Asia,item,2008-12,2942
Other Markets In South Asia,item,2009-01,2488
Other Markets In South Asia,item,2009-02,1644
Other Markets In South Asia,item,2009-03,2007
Other Markets In South Asia,item,2009-04,1907
Other Markets In South Asia,item,2009-05,1698
Other Markets In South Asia,item,2009-06,2015
Other Markets In South Asia,item,2009-07,1928
Other Markets In South Asia,item,2009-08,1924
Other Markets In South Asia,item,2009-09,1955
Other Markets In South Asia,item,2009-10,1902
Other Markets In South Asia,item,2009-11,2084
Other Markets In South Asia,item,2009-12,2800
Other Markets In South Asia,item,2010-01,2500
Other Markets In South Asia,item,2010-02,1761
Other Markets In South Asia,item,2010-03,2054
Other Markets In South Asia,item,2010-04,2001
Other Markets In South Asia,item,2010-05,2001
Other Markets In South Asia,item,2010-06,1896
Other Markets In South Asia,item,2010-07,2137
Other Markets In South Asia,item,2010-08,1761
Other Markets In South Asia,item,2010-09,1529
Other Markets In South Asia,item,2010-10,2106
Other Markets In South Asia,item,2010-11,1938
Other Markets In South Asia,item,2010-12,2417
Other Markets In South Asia,item,2011-01,1927
Other Markets In South Asia,item,2011-02,1669
Other Markets In South Asia,item,2011-03,1659
Other Markets In South Asia,item,2011-04,1611
Other Markets In South Asia,item,2011-05,1674
Other Markets In South Asia,item,2011-06,1821
Other Markets In South Asia,item,2011-07,1797
Other Markets In South Asia,item,2011-08,1712
Other Markets In South Asia,item,2011-09,1723
Other Markets In South Asia,item,2011-10,2065
Other Markets In South Asia,item,2011-11,1927
Other Markets In South Asia,item,2011-12,2189
Other Markets In South Asia,item,2012-01,1942
Other Markets In South Asia,item,2012-02,1589
Other Markets In South Asia,item,2012-03,1662
Other Markets In South Asia,item,2012-04,1837
Other Markets In South Asia,item,2012-05,1790
Other Markets In South Asia,item,2012-06,1729
Other Markets In South Asia,item,2012-07,1678
Other Markets In South Asia,item,2012-08,1734
Other Markets In South Asia,item,2012-09,1629
Other Markets In South Asia,item,2012-10,2496
Other Markets In South Asia,item,2012-11,1817
Other Markets In South Asia,item,2012-12,2331
Other Markets In South Asia,item,2013-01,2105
Other Markets In South Asia,item,2013-02,1468
Other Markets In South Asia,item,2013-03,1774
Other Markets In South Asia,item,2013-04,1610
Other Markets In South Asia,item,2013-05,1620
Other Markets In South Asia,item,2013-06,1943
Other Markets In South Asia,item,2013-07,1513
Other Markets In South Asia,item,2013-08,1893
Other Markets In South Asia,item,2013-09,1324
Other Markets In South Asia,item,2013-10,2192
Other Markets In South Asia,item,2013-11,1626
Other Markets In South Asia,item,2013-12,2376
Other Markets In South Asia,item,2014-01,2030
Other Markets In South Asia,item,2014-02,1722
Other Markets In South Asia,item,2014-03,1795
Other Markets In South Asia,item,2014-04,2052
Other Markets In South Asia,item,2014-05,1762
Other Markets In South Asia,item,2014-06,2238
Other Markets In South Asia,item,2014-07,1912
Other Markets In South Asia,item,2014-08,2156
Other Markets In South Asia,item,2014-09,2091
Other Markets In South Asia,item,2014-10,2632
Other Markets In South Asia,item,2014-11,1950
Other Markets In South Asia,item,2014-12,2745
Other Markets In South Asia,item,2015-01,2362
Other Markets In South Asia,item,2015-02,1743
Other Markets In South Asia,item,2015-03,2190
Other Markets In South Asia,item,2015-04,2101
Other Markets In South Asia,item,2015-05,1722
Other Markets In South Asia,item,2015-06,2124
Other Markets In South Asia,item,2015-07,2268
Other Markets In South Asia,item,2015-08,2611
Other Markets In South Asia,item,2015-09,2695
Other Markets In South Asia,item,2015-10,3318
Other Markets In South Asia,item,2015-11,2702
Other Markets In South Asia,item,2015-12,3511
Other Markets In South Asia,item,2016-01,2483
Other Markets In South Asia,item,2016-02,2005
Other Markets In South Asia,item,2016-03,2162
Other Markets In South Asia,item,2016-04,2454
Other Markets In South Asia,item,2016-05,2628
Other Markets In South Asia,item,2016-06,2254
Other Markets In South Asia,item,2016-07,3064
Other Markets In South Asia,item,2016-08,2971
Other Markets In South Asia,item,2016-09,2622
Other Markets In South Asia,item,2016-10,4580
Other Markets In South Asia,item,2016-11,3057
Other Markets In South Asia,item,2016-12,4069
Other Markets In South Asia,item,2017-01,3330
Other Markets In South Asia,item,2017-02,2577
Other Markets In South Asia,item,2017-03,2671
Other Markets In South Asia,item,2017-04,2456
Other Markets In South Asia,item,2017-05,2575
Other Markets In South Asia,item,2017-06,2185
Other Markets In South Asia,item,2017-07,3236
Other Markets In South Asia,item,2017-08,2964
Other Markets In South Asia,item,2017-09,3490
Other Markets In South Asia,item,2017-10,3779
Other Markets In South Asia,item,2017-11,2453
Other Markets In South Asia,item,2017-12,3810
Other Markets In South Asia,item,2018-01,3709
Other Markets In South Asia,item,2018-02,2361
Other Markets In South Asia,item,2018-03,2851
Other Markets In South Asia,item,2018-04,2895
Other Markets In South Asia,item,2018-05,2621
Other Markets In South Asia,item,2018-06,2583
Other Markets In South Asia,item,2018-07,2774
Other Markets In South Asia,item,2018-08,3480
Other Markets In South Asia,item,2018-09,3030
Other Markets In South Asia,item,2018-10,4423
Other Markets In South Asia,item,2018-11,2937
Other Markets In South Asia,item,2018-12,3950
Other Markets In South Asia,item,2019-01,3817
Other Markets In South Asia,item,2019-02,2598
Other Markets In South Asia,item,2019-03,2730
Other Markets In South Asia,item,2019-04,2807
Other Markets In South Asia,item,2019-05,2218
Other Markets In South Asia,item,2019-06,3312
Other Markets In South Asia,item,2019-07,3190
Other Markets In South Asia,item,2019-08,3716
Other Markets In South Asia,item,2019-09,3642
Other Markets In South Asia,item,2019-10,4502
Other Markets In South Asia,item,2019-11,3072
Other Markets In South Asia,item,2019-12,4396
Other Markets In South Asia,item,2020-01,4040
Other Markets In South Asia,item,2020-02,1614
Other Markets In South Asia,item,2020-03,721
Other Markets In South Asia,item,2020-04,2
Other Markets In South Asia,item,2020-05,0
Other Markets In South Asia,item,2020-06,0
Other Markets In South Asia,item,2020-07,9
Other Markets In South Asia,item,2020-08,23
Other Markets In South Asia,item,2020-09,3
Other Markets In South Asia,item,2020-10,24
Other Markets In South Asia,item,2020-11,24
Other Markets In South Asia,item,2020-12,24
Other Markets In South Asia,item,2021-01,16
Other Markets In South Asia,item,2021-02,158
Other Markets In South Asia,item,2021-03,36
Other Markets In South Asia,item,2021-04,33
Other Markets In South Asia,item,2021-05,1
Other Markets In South Asia,item,2021-06,2
Other Markets In South Asia,item,2021-07,5
Other Markets In South Asia,item,2021-08,5
Other Markets In South Asia,item,2021-09,21
Other Markets In South Asia,item,2021-10,15
Other Markets In South Asia,item,2021-11,35
Other Markets In South Asia,item,2021-12,62
Other Markets In South Asia,item,2022-01,68
Other Markets In South Asia,item,2022-02,236
Other Markets In South Asia,item,2022-03,185
Other Markets In South Asia,item,2022-04,522
Other Markets In South Asia,item,2022-05,1221
Other Markets In South Asia,item,2022-06,1270
Other Markets In South Asia,item,2022-07,2291
Other Markets In South Asia,item,2022-08,1889
Other Markets In South Asia,item,2022-09,1900
Other Markets In South Asia,item,2022-10,2540
Other Markets In South Asia,item,2022-11,1667
Other Markets In South Asia,item,2022-12,1913
Other Markets In South Asia,item,2023-01,2302
Other Markets In South Asia,item,2023-02,2163
Other Markets In South Asia,item,2023-03,2272
Other Markets In South Asia,item,2023-04,2231
Other Markets In South Asia,item,2023-05,2242
Other Markets In South Asia,item,2023-06,3001
Other Markets In South Asia,item,2023-07,3414
Other Markets In South Asia,item,2023-08,2863
Other Markets In South Asia,item,2023-09,2795
Other Markets In South Asia,item,2023-10,3646
Other Markets In South Asia,item,2023-11,3156
Other Markets In South Asia,item,2023-12,2997
Other Markets In South Asia,item,2024-01,3492
Other Markets In South Asia,item,2024-02,2963
Other Markets In South Asia,item,2024-03,2312
Other Markets In South Asia,item,2024-04,2720
Other Markets In South Asia,item,2024-05,3604
Other Markets In South Asia,item,2024-06,3068
Other Markets In South Asia,item,2024-07,2947
Other Markets In South Asia,item,2024-08,3074
Other Markets In South Asia,item,2024-09,2994
Other Markets In South Asia,item,2024-10,4269
Other Markets In South Asia,item,2024-11,2556
Other Markets In South Asia,item,2024-12,3320
Other Markets In South Asia,item,2025-01,3241
Other Markets In South Asia,item,2025-02,2492
Other Markets In South Asia,item,2025-03,2418
Other Markets In South Asia,item,2025-04,2978
Other Markets In South Asia,item,2025-05,2800
Other Markets In South Asia,item,2025-06,3300
Other Markets In South Asia,item,2025-07,3332
Other Markets In South Asia,item,2025-08,3310
Other Markets In South Asia,item,2025-09,3425
Other Markets In South Asia,item,2025-10,4021
Other Markets In South Asia,item,2025-11,2769
Other Markets In South Asia,item,2025-12,2891
Other Markets In South Asia,item,2026-01,4819
Other Markets In South Asia,item,2026-02,2451
Other Markets In South Asia,item,2026-03,2143
Other Markets In South Asia,item,2026-04,2981
Other Markets In South Asia,item,2026-05,2427
Other Markets In South Asia,item,2026-06,2077
Other Markets In Southeast Asia,item,2008-01,2236
Other Markets In Southeast Asia,item,2008-02,2457
Other Markets In Southeast Asia,item,2008-03,1931
Other Markets In Southeast Asia,item,2008-04,4427
Other Markets In Southeast Asia,item,2008-05,2892
Other Markets In Southeast Asia,item,2008-06,2359
Other Markets In Southeast Asia,item,2008-07,2856
Other Markets In Southeast Asia,item,2008-08,3140
Other Markets In Southeast Asia,item,2008-09,2851
Other Markets In Southeast Asia,item,2008-10,2726
Other Markets In Southeast Asia,item,2008-11,3000
Other Markets In Southeast Asia,item,2008-12,2615
Other Markets In Southeast Asia,item,2009-01,2618
Other Markets In Southeast Asia,item,2009-02,2079
Other Markets In Southeast Asia,item,2009-03,2404
Other Markets In Southeast Asia,item,2009-04,4023
Other Markets In Southeast Asia,item,2009-05,2941
Other Markets In Southeast Asia,item,2009-06,2184
Other Markets In Southeast Asia,item,2009-07,2837
Other Markets In Southeast Asia,item,2009-08,2937
Other Markets In Southeast Asia,item,2009-09,2689
Other Markets In Southeast Asia,item,2009-10,2824
Other Markets In Southeast Asia,item,2009-11,2991
Other Markets In Southeast Asia,item,2009-12,2488
Other Markets In Southeast Asia,item,2010-01,3130
Other Markets In Southeast Asia,item,2010-02,2786
Other Markets In Southeast Asia,item,2010-03,2599
Other Markets In Southeast Asia,item,2010-04,4705
Other Markets In Southeast Asia,item,2010-05,3723
Other Markets In Southeast Asia,item,2010-06,3364
Other Markets In Southeast Asia,item,2010-07,3756
Other Markets In Southeast Asia,item,2010-08,3528
Other Markets In Southeast Asia,item,2010-09,2719
Other Markets In Southeast Asia,item,2010-10,3771
Other Markets In Southeast Asia,item,2010-11,3326
Other Markets In Southeast Asia,item,2010-12,2723
Other Markets In Southeast Asia,item,2011-01,3104
Other Markets In Southeast Asia,item,2011-02,3082
Other Markets In Southeast Asia,item,2011-03,2940
Other Markets In Southeast Asia,item,2011-04,4463
Other Markets In Southeast Asia,item,2011-05,3548
Other Markets In Southeast Asia,item,2011-06,3112
Other Markets In Southeast Asia,item,2011-07,4079
Other Markets In Southeast Asia,item,2011-08,3413
Other Markets In Southeast Asia,item,2011-09,3940
Other Markets In Southeast Asia,item,2011-10,3266
Other Markets In Southeast Asia,item,2011-11,3725
Other Markets In Southeast Asia,item,2011-12,3332
Other Markets In Southeast Asia,item,2012-01,3332
Other Markets In Southeast Asia,item,2012-02,2818
Other Markets In Southeast Asia,item,2012-03,3152
Other Markets In Southeast Asia,item,2012-04,5027
Other Markets In Southeast Asia,item,2012-05,3647
Other Markets In Southeast Asia,item,2012-06,3388
Other Markets In Southeast Asia,item,2012-07,4297
Other Markets In Southeast Asia,item,2012-08,3332
Other Markets In Southeast Asia,item,2012-09,3220
Other Markets In Southeast Asia,item,2012-10,5059
Other Markets In Southeast Asia,item,2012-11,4069
Other Markets In Southeast Asia,item,2012-12,3550
Other Markets In Southeast Asia,item,2013-01,3419
Other Markets In Southeast Asia,item,2013-02,3453
Other Markets In Southeast Asia,item,2013-03,3467
Other Markets In Southeast Asia,item,2013-04,6049
Other Markets In Southeast Asia,item,2013-05,4679
Other Markets In Southeast Asia,item,2013-06,4179
Other Markets In Southeast Asia,item,2013-07,4775
Other Markets In Southeast Asia,item,2013-08,4062
Other Markets In Southeast Asia,item,2013-09,3776
Other Markets In Southeast Asia,item,2013-10,4706
Other Markets In Southeast Asia,item,2013-11,4760
Other Markets In Southeast Asia,item,2013-12,4338
Other Markets In Southeast Asia,item,2014-01,4336
Other Markets In Southeast Asia,item,2014-02,4653
Other Markets In Southeast Asia,item,2014-03,3821
Other Markets In Southeast Asia,item,2014-04,6759
Other Markets In Southeast Asia,item,2014-05,5412
Other Markets In Southeast Asia,item,2014-06,4353
Other Markets In Southeast Asia,item,2014-07,5061
Other Markets In Southeast Asia,item,2014-08,4653
Other Markets In Southeast Asia,item,2014-09,5172
Other Markets In Southeast Asia,item,2014-10,3787
Other Markets In Southeast Asia,item,2014-11,5114
Other Markets In Southeast Asia,item,2014-12,3924
Other Markets In Southeast Asia,item,2015-01,4030
Other Markets In Southeast Asia,item,2015-02,3641
Other Markets In Southeast Asia,item,2015-03,3993
Other Markets In Southeast Asia,item,2015-04,6045
Other Markets In Southeast Asia,item,2015-05,4699
Other Markets In Southeast Asia,item,2015-06,4657
Other Markets In Southeast Asia,item,2015-07,5465
Other Markets In Southeast Asia,item,2015-08,4952
Other Markets In Southeast Asia,item,2015-09,3912
Other Markets In Southeast Asia,item,2015-10,5817
Other Markets In Southeast Asia,item,2015-11,5968
Other Markets In Southeast Asia,item,2015-12,5114
Other Markets In Southeast Asia,item,2016-01,4813
Other Markets In Southeast Asia,item,2016-02,5006
Other Markets In Southeast Asia,item,2016-03,4645
Other Markets In Southeast Asia,item,2016-04,8517
Other Markets In Southeast Asia,item,2016-05,6260
Other Markets In Southeast Asia,item,2016-06,5215
Other Markets In Southeast Asia,item,2016-07,6195
Other Markets In Southeast Asia,item,2016-08,6225
Other Markets In Southeast Asia,item,2016-09,4904
Other Markets In Southeast Asia,item,2016-10,5342
Other Markets In Southeast Asia,item,2016-11,6834
Other Markets In Southeast Asia,item,2016-12,7204
Other Markets In Southeast Asia,item,2017-01,6108
Other Markets In Southeast Asia,item,2017-02,5417
Other Markets In Southeast Asia,item,2017-03,5308
Other Markets In Southeast Asia,item,2017-04,9116
Other Markets In Southeast Asia,item,2017-05,6736
Other Markets In Southeast Asia,item,2017-06,5851
Other Markets In Southeast Asia,item,2017-07,8495
Other Markets In Southeast Asia,item,2017-08,7401
Other Markets In Southeast Asia,item,2017-09,9261
Other Markets In Southeast Asia,item,2017-10,7500
Other Markets In Southeast Asia,item,2017-11,8962
Other Markets In Southeast Asia,item,2017-12,8841
Other Markets In Southeast Asia,item,2018-01,7726
Other Markets In Southeast Asia,item,2018-02,8085
Other Markets In Southeast Asia,item,2018-03,8969
Other Markets In Southeast Asia,item,2018-04,11981
Other Markets In Southeast Asia,item,2018-05,10875
Other Markets In Southeast Asia,item,2018-06,7605
Other Markets In Southeast Asia,item,2018-07,8881
Other Markets In Southeast Asia,item,2018-08,7890
Other Markets In Southeast Asia,item,2018-09,8235
Other Markets In Southeast Asia,item,2018-10,11302
Other Markets In Southeast Asia,item,2018-11,9039
Other Markets In Southeast Asia,item,2018-12,8926
Other Markets In Southeast Asia,item,2019-01,8054
Other Markets In Southeast Asia,item,2019-02,7902
Other Markets In Southeast Asia,item,2019-03,7836
Other Markets In Southeast Asia,item,2019-04,11022
Other Markets In Southeast Asia,item,2019-05,9623
Other Markets In Southeast Asia,item,2019-06,8856
Other Markets In Southeast Asia,item,2019-07,10533
Other Markets In Southeast Asia,item,2019-08,10000
Other Markets In Southeast Asia,item,2019-09,11043
Other Markets In Southeast Asia,item,2019-10,9523
Other Markets In Southeast Asia,item,2019-11,9657
Other Markets In Southeast Asia,item,2019-12,10503
Other Markets In Southeast Asia,item,2020-01,9392
Other Markets In Southeast Asia,item,2020-02,4523
Other Markets In Southeast Asia,item,2020-03,1217
Other Markets In Southeast Asia,item,2020-04,0
Other Markets In Southeast Asia,item,2020-05,0
Other Markets In Southeast Asia,item,2020-06,0
Other Markets In Southeast Asia,item,2020-07,13
Other Markets In Southeast Asia,item,2020-08,9
Other Markets In Southeast Asia,item,2020-09,14
Other Markets In Southeast Asia,item,2020-10,24
Other Markets In Southeast Asia,item,2020-11,19
Other Markets In Southeast Asia,item,2020-12,30
Other Markets In Southeast Asia,item,2021-01,38
Other Markets In Southeast Asia,item,2021-02,26
Other Markets In Southeast Asia,item,2021-03,33
Other Markets In Southeast Asia,item,2021-04,12
Other Markets In Southeast Asia,item,2021-05,11
Other Markets In Southeast Asia,item,2021-06,4
Other Markets In Southeast Asia,item,2021-07,19
Other Markets In Southeast Asia,item,2021-08,22
Other Markets In Southeast Asia,item,2021-09,30
Other Markets In Southeast Asia,item,2021-10,28
Other Markets In Southeast Asia,item,2021-11,46
Other Markets In Southeast Asia,item,2021-12,441
Other Markets In Southeast Asia,item,2022-01,252
Other Markets In Southeast Asia,item,2022-02,530
Other Markets In Southeast Asia,item,2022-03,922
Other Markets In Southeast Asia,item,2022-04,3120
Other Markets In Southeast Asia,item,2022-05,3772
Other Markets In Southeast Asia,item,2022-06,5417
Other Markets In Southeast Asia,item,2022-07,7040
Other Markets In Southeast Asia,item,2022-08,6878
Other Markets In Southeast Asia,item,2022-09,7725
Other Markets In Southeast Asia,item,2022-10,6353
Other Markets In Southeast Asia,item,2022-11,8631
Other Markets In Southeast Asia,item,2022-12,8097
Other Markets In Southeast Asia,item,2023-01,7846
Other Markets In Southeast Asia,item,2023-02,7037
Other Markets In Southeast Asia,item,2023-03,6927
Other Markets In Southeast Asia,item,2023-04,10053
Other Markets In Southeast Asia,item,2023-05,8998
Other Markets In Southeast Asia,item,2023-06,7457
Other Markets In Southeast Asia,item,2023-07,9640
Other Markets In Southeast Asia,item,2023-08,8992
Other Markets In Southeast Asia,item,2023-09,6264
Other Markets In Southeast Asia,item,2023-10,8829
Other Markets In Southeast Asia,item,2023-11,8292
Other Markets In Southeast Asia,item,2023-12,8703
Other Markets In Southeast Asia,item,2024-01,6834
Other Markets In Southeast Asia,item,2024-02,5898
Other Markets In Southeast Asia,item,2024-03,7201
Other Markets In Southeast Asia,item,2024-04,9059
Other Markets In Southeast Asia,item,2024-05,6715
Other Markets In Southeast Asia,item,2024-06,7581
Other Markets In Southeast Asia,item,2024-07,9438
Other Markets In Southeast Asia,item,2024-08,7701
Other Markets In Southeast Asia,item,2024-09,6720
Other Markets In Southeast Asia,item,2024-10,8052
Other Markets In Southeast Asia,item,2024-11,7633
Other Markets In Southeast Asia,item,2024-12,8565
Other Markets In Southeast Asia,item,2025-01,6961
Other Markets In Southeast Asia,item,2025-02,6145
Other Markets In Southeast Asia,item,2025-03,5928
Other Markets In Southeast Asia,item,2025-04,8280
Other Markets In Southeast Asia,item,2025-05,6993
Other Markets In Southeast Asia,item,2025-06,6555
Other Markets In Southeast Asia,item,2025-07,10314
Other Markets In Southeast Asia,item,2025-08,8248
Other Markets In Southeast Asia,item,2025-09,9214
Other Markets In Southeast Asia,item,2025-10,8084
Other Markets In Southeast Asia,item,2025-11,10466
Other Markets In Southeast Asia,item,2025-12,9603
Other Markets In Southeast Asia,item,2026-01,8072
Other Markets In Southeast Asia,item,2026-02,7303
Other Markets In Southeast Asia,item,2026-03,6763
Other Markets In Southeast Asia,item,2026-04,8256
Other Markets In Southeast Asia,item,2026-05,7414
Other Markets In Southeast Asia,item,2026-06,7374
Other Markets In West Asia,item,2008-01,1317
Other Markets In West Asia,item,2008-02,1085
Other Markets In West Asia,item,2008-03,1204
Other Markets In West Asia,item,2008-04,1140
Other Markets In West Asia,item,2008-05,954
Other Markets In West Asia,item,2008-06,1621
Other Markets In West Asia,item,2008-07,2658
Other Markets In West Asia,item,2008-08,2399
Other Markets In West Asia,item,2008-09,797
Other Markets In West Asia,item,2008-10,1297
Other Markets In West Asia,item,2008-11,1137
Other Markets In West Asia,item,2008-12,1739
Other Markets In West Asia,item,2009-01,983
Other Markets In West Asia,item,2009-02,932
Other Markets In West Asia,item,2009-03,969
Other Markets In West Asia,item,2009-04,1207
Other Markets In West Asia,item,2009-05,1212
Other Markets In West Asia,item,2009-06,1750
Other Markets In West Asia,item,2009-07,2244
Other Markets In West Asia,item,2009-08,1647
Other Markets In West Asia,item,2009-09,1192
Other Markets In West Asia,item,2009-10,948
Other Markets In West Asia,item,2009-11,1478
Other Markets In West Asia,item,2009-12,1552
Other Markets In West Asia,item,2010-01,1098
Other Markets In West Asia,item,2010-02,994
Other Markets In West Asia,item,2010-03,1160
Other Markets In West Asia,item,2010-04,1385
Other Markets In West Asia,item,2010-05,1229
Other Markets In West Asia,item,2010-06,1971
Other Markets In West Asia,item,2010-07,3388
Other Markets In West Asia,item,2010-08,1908
Other Markets In West Asia,item,2010-09,1606
Other Markets In West Asia,item,2010-10,1358
Other Markets In West Asia,item,2010-11,1679
Other Markets In West Asia,item,2010-12,1538
Other Markets In West Asia,item,2011-01,1402
Other Markets In West Asia,item,2011-02,1306
Other Markets In West Asia,item,2011-03,1448
Other Markets In West Asia,item,2011-04,1325
Other Markets In West Asia,item,2011-05,1357
Other Markets In West Asia,item,2011-06,2137
Other Markets In West Asia,item,2011-07,3586
Other Markets In West Asia,item,2011-08,1844
Other Markets In West Asia,item,2011-09,1698
Other Markets In West Asia,item,2011-10,1487
Other Markets In West Asia,item,2011-11,2139
Other Markets In West Asia,item,2011-12,1938
Other Markets In West Asia,item,2012-01,1229
Other Markets In West Asia,item,2012-02,1818
Other Markets In West Asia,item,2012-03,1775
Other Markets In West Asia,item,2012-04,1464
Other Markets In West Asia,item,2012-05,1297
Other Markets In West Asia,item,2012-06,2430
Other Markets In West Asia,item,2012-07,2767
Other Markets In West Asia,item,2012-08,2847
Other Markets In West Asia,item,2012-09,1684
Other Markets In West Asia,item,2012-10,2171
Other Markets In West Asia,item,2012-11,1652
Other Markets In West Asia,item,2012-12,2210
Other Markets In West Asia,item,2013-01,1635
Other Markets In West Asia,item,2013-02,1660
Other Markets In West Asia,item,2013-03,2120
Other Markets In West Asia,item,2013-04,1949
Other Markets In West Asia,item,2013-05,1600
Other Markets In West Asia,item,2013-06,2507
Other Markets In West Asia,item,2013-07,2362
Other Markets In West Asia,item,2013-08,5258
Other Markets In West Asia,item,2013-09,2072
Other Markets In West Asia,item,2013-10,2658
Other Markets In West Asia,item,2013-11,1731
Other Markets In West Asia,item,2013-12,2647
Other Markets In West Asia,item,2014-01,2015
Other Markets In West Asia,item,2014-02,2260
Other Markets In West Asia,item,2014-03,1951
Other Markets In West Asia,item,2014-04,2155
Other Markets In West Asia,item,2014-05,1779
Other Markets In West Asia,item,2014-06,2400
Other Markets In West Asia,item,2014-07,3017
Other Markets In West Asia,item,2014-08,5573
Other Markets In West Asia,item,2014-09,1718
Other Markets In West Asia,item,2014-10,2752
Other Markets In West Asia,item,2014-11,1666
Other Markets In West Asia,item,2014-12,2672
Other Markets In West Asia,item,2015-01,2479
Other Markets In West Asia,item,2015-02,1756
Other Markets In West Asia,item,2015-03,2054
Other Markets In West Asia,item,2015-04,2473
Other Markets In West Asia,item,2015-05,1930
Other Markets In West Asia,item,2015-06,1855
Other Markets In West Asia,item,2015-07,4554
Other Markets In West Asia,item,2015-08,5345
Other Markets In West Asia,item,2015-09,2834
Other Markets In West Asia,item,2015-10,2056
Other Markets In West Asia,item,2015-11,2053
Other Markets In West Asia,item,2015-12,2931
Other Markets In West Asia,item,2016-01,3060
Other Markets In West Asia,item,2016-02,2250
Other Markets In West Asia,item,2016-03,2610
Other Markets In West Asia,item,2016-04,2270
Other Markets In West Asia,item,2016-05,1871
Other Markets In West Asia,item,2016-06,1412
Other Markets In West Asia,item,2016-07,5880
Other Markets In West Asia,item,2016-08,4956
Other Markets In West Asia,item,2016-09,3006
Other Markets In West Asia,item,2016-10,1570
Other Markets In West Asia,item,2016-11,1629
Other Markets In West Asia,item,2016-12,2900
Other Markets In West Asia,item,2017-01,2733
Other Markets In West Asia,item,2017-02,2069
Other Markets In West Asia,item,2017-03,2262
Other Markets In West Asia,item,2017-04,2602
Other Markets In West Asia,item,2017-05,1414
Other Markets In West Asia,item,2017-06,2071
Other Markets In West Asia,item,2017-07,4562
Other Markets In West Asia,item,2017-08,4064
Other Markets In West Asia,item,2017-09,2237
Other Markets In West Asia,item,2017-10,1676
Other Markets In West Asia,item,2017-11,1788
Other Markets In West Asia,item,2017-12,3058
Other Markets In West Asia,item,2018-01,2904
Other Markets In West Asia,item,2018-02,1723
Other Markets In West Asia,item,2018-03,2726
Other Markets In West Asia,item,2018-04,1967
Other Markets In West Asia,item,2018-05,1405
Other Markets In West Asia,item,2018-06,2434
Other Markets In West Asia,item,2018-07,4099
Other Markets In West Asia,item,2018-08,4102
Other Markets In West Asia,item,2018-09,1802
Other Markets In West Asia,item,2018-10,1929
Other Markets In West Asia,item,2018-11,1555
Other Markets In West Asia,item,2018-12,2698
Other Markets In West Asia,item,2019-01,1791
Other Markets In West Asia,item,2019-02,1757
Other Markets In West Asia,item,2019-03,2196
Other Markets In West Asia,item,2019-04,2459
Other Markets In West Asia,item,2019-05,1189
Other Markets In West Asia,item,2019-06,2934
Other Markets In West Asia,item,2019-07,4619
Other Markets In West Asia,item,2019-08,4463
Other Markets In West Asia,item,2019-09,1882
Other Markets In West Asia,item,2019-10,1952
Other Markets In West Asia,item,2019-11,1876
Other Markets In West Asia,item,2019-12,2897
Other Markets In West Asia,item,2020-01,1782
Other Markets In West Asia,item,2020-02,757
Other Markets In West Asia,item,2020-03,153
Other Markets In West Asia,item,2020-04,5
Other Markets In West Asia,item,2020-05,0
Other Markets In West Asia,item,2020-06,2
Other Markets In West Asia,item,2020-07,19
Other Markets In West Asia,item,2020-08,10
Other Markets In West Asia,item,2020-09,23
Other Markets In West Asia,item,2020-10,15
Other Markets In West Asia,item,2020-11,8
Other Markets In West Asia,item,2020-12,24
Other Markets In West Asia,item,2021-01,28
Other Markets In West Asia,item,2021-02,9
Other Markets In West Asia,item,2021-03,36
Other Markets In West Asia,item,2021-04,18
Other Markets In West Asia,item,2021-05,16
Other Markets In West Asia,item,2021-06,4
Other Markets In West Asia,item,2021-07,30
Other Markets In West Asia,item,2021-08,28
Other Markets In West Asia,item,2021-09,15
Other Markets In West Asia,item,2021-10,38
Other Markets In West Asia,item,2021-11,30
Other Markets In West Asia,item,2021-12,63
Other Markets In West Asia,item,2022-01,42
Other Markets In West Asia,item,2022-02,82
Other Markets In West Asia,item,2022-03,221
Other Markets In West Asia,item,2022-04,481
Other Markets In West Asia,item,2022-05,731
Other Markets In West Asia,item,2022-06,1066
Other Markets In West Asia,item,2022-07,2535
Other Markets In West Asia,item,2022-08,1703
Other Markets In West Asia,item,2022-09,1375
Other Markets In West Asia,item,2022-10,1333
Other Markets In West Asia,item,2022-11,1302
Other Markets In West Asia,item,2022-12,1665
Other Markets In West Asia,item,2023-01,1404
Other Markets In West Asia,item,2023-02,1456
Other Markets In West Asia,item,2023-03,1990
Other Markets In West Asia,item,2023-04,2136
Other Markets In West Asia,item,2023-05,1653
Other Markets In West Asia,item,2023-06,3015
Other Markets In West Asia,item,2023-07,4326
Other Markets In West Asia,item,2023-08,3686
Other Markets In West Asia,item,2023-09,1980
Other Markets In West Asia,item,2023-10,2058
Other Markets In West Asia,item,2023-11,1505
Other Markets In West Asia,item,2023-12,2374
Other Markets In West Asia,item,2024-01,2099
Other Markets In West Asia,item,2024-02,2151
Other Markets In West Asia,item,2024-03,1801
Other Markets In West Asia,item,2024-04,2837
Other Markets In West Asia,item,2024-05,2088
Other Markets In West Asia,item,2024-06,3360
Other Markets In West Asia,item,2024-07,4594
Other Markets In West Asia,item,2024-08,3738
Other Markets In West Asia,item,2024-09,2380
Other Markets In West Asia,item,2024-10,2949
Other Markets In West Asia,item,2024-11,2335
Other Markets In West Asia,item,2024-12,2866
Other Markets In West Asia,item,2025-01,2275
Other Markets In West Asia,item,2025-02,2516
Other Markets In West Asia,item,2025-03,2476
Other Markets In West Asia,item,2025-04,2644
Other Markets In West Asia,item,2025-05,2301
Other Markets In West Asia,item,2025-06,3404
Other Markets In West Asia,item,2025-07,5023
Other Markets In West Asia,item,2025-08,4337
Other Markets In West Asia,item,2025-09,2241
Other Markets In West Asia,item,2025-10,2840
Other Markets In West Asia,item,2025-11,2715
Other Markets In West Asia,item,2025-12,2750
Other Markets In West Asia,item,2026-01,2304
Other Markets In West Asia,item,2026-02,1854
Other Markets In West Asia,item,2026-03,1184
Other Markets In West Asia,item,2026-04,1356
Other Markets In West Asia,item,2026-05,1933
Other Markets In West Asia,item,2026-06,2285
Others,group,2008-01,571
Others,group,2008-02,489
Others,group,2008-03,548
Others,group,2008-04,588
Others,group,2008-05,594
Others,group,2008-06,588
Others,group,2008-07,591
Others,group,2008-08,572
Others,group,2008-09,590
Others,group,2008-10,568
Others,group,2008-11,576
Others,group,2008-12,74
Others,group,2009-01,3
Others,group,2009-02,0
Others,group,2009-03,103
Others,group,2009-04,2
Others,group,2009-05,10
Others,group,2009-06,34
Others,group,2009-07,30
Others,group,2009-08,0
Others,group,2009-09,1
Others,group,2009-10,3
Others,group,2009-11,2
Others,group,2009-12,2
Others,group,2010-01,16
Others,group,2010-02,10
Others,group,2010-03,4
Others,group,2010-04,2
Others,group,2010-05,0
Others,group,2010-06,4
Others,group,2010-07,5
Others,group,2010-08,8
Others,group,2010-09,2
Others,group,2010-10,0
Others,group,2010-11,3
Others,group,2010-12,0
Others,group,2011-01,2
Others,group,2011-02,1
Others,group,2011-03,1
Others,group,2011-04,1
Others,group,2011-05,2
Others,group,2011-06,0
Others,group,2011-07,92
Others,group,2011-08,0
Others,group,2011-09,25
Others,group,2011-10,2
Others,group,2011-11,1
Others,group,2011-12,6
Others,group,2012-01,40
Others,group,2012-02,97
Others,group,2012-03,0
Others,group,2012-04,1
Others,group,2012-05,3
Others,group,2012-06,5821
Others,group,2012-07,14
Others,group,2012-08,47
Others,group,2012-09,239
Others,group,2012-10,428
Others,group,2012-11,395
Others,group,2012-12,684
Others,group,2013-01,145
Others,group,2013-02,326
Others,group,2013-03,587
Others,group,2013-04,59
Others,group,2013-05,96
Others,group,2013-06,86
Others,group,2013-07,42
Others,group,2013-08,29
Others,group,2013-09,18
Others,group,2013-10,20
Others,group,2013-11,18
Others,group,2013-12,7
Others,group,2014-01,21
Others,group,2014-02,22
Others,group,2014-03,14
Others,group,2014-04,6
Others,group,2014-05,9
Others,group,2014-06,7
Others,group,2014-07,0
Others,group,2014-08,0
Others,group,2014-09,1
Others,group,2014-10,205
Others,group,2014-11,4
Others,group,2014-12,1
Others,group,2015-01,3
Others,group,2015-02,4
Others,group,2015-03,0
Others,group,2015-04,1
Others,group,2015-05,3
Others,group,2015-06,0
Others,group,2015-07,1
Others,group,2015-08,1
Others,group,2015-09,3
Others,group,2015-10,3
Others,group,2015-11,5
Others,group,2015-12,0
Others,group,2016-01,1
Others,group,2016-02,0
Others,group,2016-03,2
Others,group,2016-04,1
Others,group,2016-05,0
Others,group,2016-06,1
Others,group,2016-07,0
Others,group,2016-08,0
Others,group,2016-09,0
Others,group,2016-10,0
Others,group,2016-11,1
Others,group,2016-12,110
Others,group,2017-01,0
Others,group,2017-02,0
Others,group,2017-03,0
Others,group,2017-04,0
Others,group,2017-05,0
Others,group,2017-06,2
Others,group,2017-07,1
Others,group,2017-08,2
Others,group,2017-09,1
Others,group,2017-10,0
Others,group,2017-11,4
Others,group,2017-12,3
Others,group,2018-01,4
Others,group,2018-02,3
Others,group,2018-03,1
Others,group,2018-04,0
Others,group,2018-05,1
Others,group,2018-06,1
Others,group,2018-07,2
Others,group,2018-08,4
Others,group,2018-09,3
Others,group,2018-10,0
Others,group,2018-11,1
Others,group,2018-12,0
Others,group,2019-01,0
Others,group,2019-02,0
Others,group,2019-03,0
Others,group,2019-04,0
Others,group,2019-05,0
Others,group,2019-06,0
Others,group,2019-07,0
Others,group,2019-08,0
Others,group,2019-09,1
Others,group,2019-10,3
Others,group,2019-11,1
Others,group,2019-12,0
Others,group,2020-01,1
Others,group,2020-02,1
Others,group,2020-03,0
Others,group,2020-04,0
Others,group,2020-05,0
Others,group,2020-06,0
Others,group,2020-07,0
Others,group,2020-08,0
Others,group,2020-09,0
Others,group,2020-10,0
Others,group,2020-11,0
Others,group,2020-12,1
Others,group,2021-01,1
Others,group,2021-02,0
Others,group,2021-03,0
Others,group,2021-04,1
Others,group,2021-05,0
Others,group,2021-06,0
Others,group,2021-07,3
Others,group,2021-08,3
Others,group,2021-09,1
Others,group,2021-10,7
Others,group,2021-11,5
Others,group,2021-12,11
Others,group,2022-01,9
Others,group,2022-02,6
Others,group,2022-03,18
Others,group,2022-04,27
Others,group,2022-05,23
Others,group,2022-06,60
Others,group,2022-07,65
Others,group,2022-08,85
Others,group,2022-09,97
Others,group,2022-10,114
Others,group,2022-11,105
Others,group,2022-12,95
Others,group,2023-01,120
Others,group,2023-02,123
Others,group,2023-03,89
Others,group,2023-04,92
Others,group,2023-05,45
Others,group,2023-06,60
Others,group,2023-07,104
Others,group,2023-08,65
Others,group,2023-09,30
Others,group,2023-10,46
Others,group,2023-11,35
Others,group,2023-12,34
Others,group,2024-01,41
Others,group,2024-02,57
Others,group,2024-03,66
Others,group,2024-04,40
Others,group,2024-05,436
Others,group,2024-06,808
Others,group,2024-07,190
Others,group,2024-08,33
Others,group,2024-09,68
Others,group,2024-10,34
Others,group,2024-11,36
Others,group,2024-12,25
Others,group,2025-01,47
Others,group,2025-02,32
Others,group,2025-03,13
Others,group,2025-04,27
Others,group,2025-05,17
Others,group,2025-06,24
Others,group,2025-07,51
Others,group,2025-08,100
Others,group,2025-09,33
Others,group,2025-10,38
Others,group,2025-11,38
Others,group,2025-12,34
Others,group,2026-01,27
Others,group,2026-02,43
Others,group,2026-03,71
Others,group,2026-04,43
Others,group,2026-05,39
Others,group,2026-06,42
Pakistan,item,2008-01,1701
Pakistan,item,2008-02,1252
Pakistan,item,2008-03,2055
Pakistan,item,2008-04,1502
Pakistan,item,2008-05,1663
Pakistan,item,2008-06,2551
Pakistan,item,2008-07,3749
Pakistan,item,2008-08,2492
Pakistan,item,2008-09,1115
Pakistan,item,2008-10,1335
Pakistan,item,2008-11,1739
Pakistan,item,2008-12,1844
Pakistan,item,2009-01,1257
Pakistan,item,2009-02,1314
Pakistan,item,2009-03,1503
Pakistan,item,2009-04,1442
Pakistan,item,2009-05,1460
Pakistan,item,2009-06,3014
Pakistan,item,2009-07,3756
Pakistan,item,2009-08,2358
Pakistan,item,2009-09,1055
Pakistan,item,2009-10,1461
Pakistan,item,2009-11,1495
Pakistan,item,2009-12,2165
Pakistan,item,2010-01,1585
Pakistan,item,2010-02,1292
Pakistan,item,2010-03,1662
Pakistan,item,2010-04,1707
Pakistan,item,2010-05,1565
Pakistan,item,2010-06,2926
Pakistan,item,2010-07,3908
Pakistan,item,2010-08,1510
Pakistan,item,2010-09,1125
Pakistan,item,2010-10,1469
Pakistan,item,2010-11,1401
Pakistan,item,2010-12,1777
Pakistan,item,2011-01,1572
Pakistan,item,2011-02,1161
Pakistan,item,2011-03,1361
Pakistan,item,2011-04,1490
Pakistan,item,2011-05,1653
Pakistan,item,2011-06,2740
Pakistan,item,2011-07,3568
Pakistan,item,2011-08,1154
Pakistan,item,2011-09,1319
Pakistan,item,2011-10,1574
Pakistan,item,2011-11,1486
Pakistan,item,2011-12,1850
Pakistan,item,2012-01,1496
Pakistan,item,2012-02,1405
Pakistan,item,2012-03,1492
Pakistan,item,2012-04,1294
Pakistan,item,2012-05,1489
Pakistan,item,2012-06,3119
Pakistan,item,2012-07,3327
Pakistan,item,2012-08,1394
Pakistan,item,2012-09,1710
Pakistan,item,2012-10,1368
Pakistan,item,2012-11,1395
Pakistan,item,2012-12,1717
Pakistan,item,2013-01,1778
Pakistan,item,2013-02,1249
Pakistan,item,2013-03,1734
Pakistan,item,2013-04,1572
Pakistan,item,2013-05,1646
Pakistan,item,2013-06,2770
Pakistan,item,2013-07,1512
Pakistan,item,2013-08,1956
Pakistan,item,2013-09,1419
Pakistan,item,2013-10,1675
Pakistan,item,2013-11,1309
Pakistan,item,2013-12,1628
Pakistan,item,2014-01,1259
Pakistan,item,2014-02,1117
Pakistan,item,2014-03,1570
Pakistan,item,2014-04,1225
Pakistan,item,2014-05,1357
Pakistan,item,2014-06,2799
Pakistan,item,2014-07,1374
Pakistan,item,2014-08,1951
Pakistan,item,2014-09,1115
Pakistan,item,2014-10,1161
Pakistan,item,2014-11,1242
Pakistan,item,2014-12,1505
Pakistan,item,2015-01,1500
Pakistan,item,2015-02,870
Pakistan,item,2015-03,1234
Pakistan,item,2015-04,1125
Pakistan,item,2015-05,1291
Pakistan,item,2015-06,1947
Pakistan,item,2015-07,2281
Pakistan,item,2015-08,2250
Pakistan,item,2015-09,1383
Pakistan,item,2015-10,1857
Pakistan,item,2015-11,1446
Pakistan,item,2015-12,1764
Pakistan,item,2016-01,1563
Pakistan,item,2016-02,1250
Pakistan,item,2016-03,1409
Pakistan,item,2016-04,1439
Pakistan,item,2016-05,1824
Pakistan,item,2016-06,1196
Pakistan,item,2016-07,3823
Pakistan,item,2016-08,2494
Pakistan,item,2016-09,1893
Pakistan,item,2016-10,1901
Pakistan,item,2016-11,1473
Pakistan,item,2016-12,1947
Pakistan,item,2017-01,1520
Pakistan,item,2017-02,1522
Pakistan,item,2017-03,2050
Pakistan,item,2017-04,1434
Pakistan,item,2017-05,1383
Pakistan,item,2017-06,1421
Pakistan,item,2017-07,4160
Pakistan,item,2017-08,2159
Pakistan,item,2017-09,1968
Pakistan,item,2017-10,1552
Pakistan,item,2017-11,1816
Pakistan,item,2017-12,2521
Pakistan,item,2018-01,2071
Pakistan,item,2018-02,1302
Pakistan,item,2018-03,2382
Pakistan,item,2018-04,1893
Pakistan,item,2018-05,1492
Pakistan,item,2018-06,2550
Pakistan,item,2018-07,3833
Pakistan,item,2018-08,2519
Pakistan,item,2018-09,1808
Pakistan,item,2018-10,1643
Pakistan,item,2018-11,1464
Pakistan,item,2018-12,2373
Pakistan,item,2019-01,1959
Pakistan,item,2019-02,1327
Pakistan,item,2019-03,1419
Pakistan,item,2019-04,1293
Pakistan,item,2019-05,856
Pakistan,item,2019-06,2698
Pakistan,item,2019-07,2581
Pakistan,item,2019-08,1547
Pakistan,item,2019-09,1474
Pakistan,item,2019-10,1370
Pakistan,item,2019-11,1474
Pakistan,item,2019-12,1976
Pakistan,item,2020-01,1774
Pakistan,item,2020-02,742
Pakistan,item,2020-03,285
Pakistan,item,2020-04,0
Pakistan,item,2020-05,1
Pakistan,item,2020-06,3
Pakistan,item,2020-07,24
Pakistan,item,2020-08,42
Pakistan,item,2020-09,22
Pakistan,item,2020-10,28
Pakistan,item,2020-11,18
Pakistan,item,2020-12,37
Pakistan,item,2021-01,25
Pakistan,item,2021-02,14
Pakistan,item,2021-03,30
Pakistan,item,2021-04,13
Pakistan,item,2021-05,0
Pakistan,item,2021-06,0
Pakistan,item,2021-07,2
Pakistan,item,2021-08,4
Pakistan,item,2021-09,6
Pakistan,item,2021-10,6
Pakistan,item,2021-11,36
Pakistan,item,2021-12,59
Pakistan,item,2022-01,68
Pakistan,item,2022-02,28
Pakistan,item,2022-03,54
Pakistan,item,2022-04,147
Pakistan,item,2022-05,448
Pakistan,item,2022-06,999
Pakistan,item,2022-07,1405
Pakistan,item,2022-08,1458
Pakistan,item,2022-09,1199
Pakistan,item,2022-10,1492
Pakistan,item,2022-11,1643
Pakistan,item,2022-12,1623
Pakistan,item,2023-01,1452
Pakistan,item,2023-02,1584
Pakistan,item,2023-03,1060
Pakistan,item,2023-04,684
Pakistan,item,2023-05,1222
Pakistan,item,2023-06,1724
Pakistan,item,2023-07,2654
Pakistan,item,2023-08,1497
Pakistan,item,2023-09,1360
Pakistan,item,2023-10,1484
Pakistan,item,2023-11,1404
Pakistan,item,2023-12,1629
Pakistan,item,2024-01,1411
Pakistan,item,2024-02,1626
Pakistan,item,2024-03,824
Pakistan,item,2024-04,955
Pakistan,item,2024-05,1200
Pakistan,item,2024-06,1816
Pakistan,item,2024-07,2774
Pakistan,item,2024-08,1717
Pakistan,item,2024-09,1459
Pakistan,item,2024-10,1516
Pakistan,item,2024-11,1569
Pakistan,item,2024-12,2109
Pakistan,item,2025-01,1809
Pakistan,item,2025-02,1708
Pakistan,item,2025-03,569
Pakistan,item,2025-04,1487
Pakistan,item,2025-05,1039
Pakistan,item,2025-06,1978
Pakistan,item,2025-07,3215
Pakistan,item,2025-08,2660
Pakistan,item,2025-09,1753
Pakistan,item,2025-10,2143
Pakistan,item,2025-11,2371
Pakistan,item,2025-12,1859
Pakistan,item,2026-01,1974
Pakistan,item,2026-02,848
Pakistan,item,2026-03,773
Pakistan,item,2026-04,1016
Pakistan,item,2026-05,1174
Pakistan,item,2026-06,2094
Philippines,item,2008-01,24635
Philippines,item,2008-02,28674
Philippines,item,2008-03,37117
Philippines,item,2008-04,39347
Philippines,item,2008-05,41872
Philippines,item,2008-06,33708
Philippines,item,2008-07,34135
Philippines,item,2008-08,34984
Philippines,item,2008-09,34314
Philippines,item,2008-10,38577
Philippines,item,2008-11,34208
Philippines,item,2008-12,37367
Philippines,item,2009-01,26249
Philippines,item,2009-02,28911
Philippines,item,2009-03,35718
Philippines,item,2009-04,44622
Philippines,item,2009-05,42460
Philippines,item,2009-06,33487
Philippines,item,2009-07,32072
Philippines,item,2009-08,35930
Philippines,item,2009-09,35289
Philippines,item,2009-10,38367
Philippines,item,2009-11,37810
Philippines,item,2009-12,41157
Philippines,item,2010-01,32704
Philippines,item,2010-02,32510
Philippines,item,2010-03,43959
Philippines,item,2010-04,54454
Philippines,item,2010-05,55312
Philippines,item,2010-06,44491
Philippines,item,2010-07,43441
Philippines,item,2010-08,39283
Philippines,item,2010-09,40672
Philippines,item,2010-10,52011
Philippines,item,2010-11,50094
Philippines,item,2010-12,55518
Philippines,item,2011-01,43339
Philippines,item,2011-02,48107
Philippines,item,2011-03,59922
Philippines,item,2011-04,76197
Philippines,item,2011-05,72488
Philippines,item,2011-06,52257
Philippines,item,2011-07,50938
Philippines,item,2011-08,49558
Philippines,item,2011-09,51859
Philippines,item,2011-10,63218
Philippines,item,2011-11,52726
Philippines,item,2011-12,57114
Philippines,item,2012-01,42248
Philippines,item,2012-02,50931
Philippines,item,2012-03,58682
Philippines,item,2012-04,75052
Philippines,item,2012-05,72484
Philippines,item,2012-06,49957
Philippines,item,2012-07,45249
Philippines,item,2012-08,45775
Philippines,item,2012-09,46880
Philippines,item,2012-10,56058
Philippines,item,2012-11,55125
Philippines,item,2012-12,58363
Philippines,item,2013-01,44201
Philippines,item,2013-02,44540
Philippines,item,2013-03,63521
Philippines,item,2013-04,73215
Philippines,item,2013-05,76929
Philippines,item,2013-06,55868
Philippines,item,2013-07,49225
Philippines,item,2013-08,51817
Philippines,item,2013-09,47879
Philippines,item,2013-10,61360
Philippines,item,2013-11,55195
Philippines,item,2013-12,64044
Philippines,item,2014-01,43702
Philippines,item,2014-02,44539
Philippines,item,2014-03,57050
Philippines,item,2014-04,73558
Philippines,item,2014-05,76976
Philippines,item,2014-06,56224
Philippines,item,2014-07,49506
Philippines,item,2014-08,51074
Philippines,item,2014-09,47246
Philippines,item,2014-10,58572
Philippines,item,2014-11,53508
Philippines,item,2014-12,64526
Philippines,item,2015-01,42839
Philippines,item,2015-02,41155
Philippines,item,2015-03,53649
Philippines,item,2015-04,72259
Philippines,item,2015-05,72159
Philippines,item,2015-06,53329
Philippines,item,2015-07,49724
Philippines,item,2015-08,52997
Philippines,item,2015-09,48209
Philippines,item,2015-10,58357
Philippines,item,2015-11,60583
Philippines,item,2015-12,68114
Philippines,item,2016-01,44334
Philippines,item,2016-02,47217
Philippines,item,2016-03,58963
Philippines,item,2016-04,74245
Philippines,item,2016-05,76646
Philippines,item,2016-06,56702
Philippines,item,2016-07,55005
Philippines,item,2016-08,50362
Philippines,item,2016-09,45804
Philippines,item,2016-10,57924
Philippines,item,2016-11,55814
Philippines,item,2016-12,68624
Philippines,item,2017-01,46187
Philippines,item,2017-02,51160
Philippines,item,2017-03,61816
Philippines,item,2017-04,81952
Philippines,item,2017-05,77671
Philippines,item,2017-06,62002
Philippines,item,2017-07,58727
Philippines,item,2017-08,53539
Philippines,item,2017-09,52500
Philippines,item,2017-10,60194
Philippines,item,2017-11,64826
Philippines,item,2017-12,65926
Philippines,item,2018-01,45184
Philippines,item,2018-02,45279
Philippines,item,2018-03,62876
Philippines,item,2018-04,79128
Philippines,item,2018-05,83657
Philippines,item,2018-06,68932
Philippines,item,2018-07,64757
Philippines,item,2018-08,63556
Philippines,item,2018-09,57241
Philippines,item,2018-10,68218
Philippines,item,2018-11,66526
Philippines,item,2018-12,72787
Philippines,item,2019-01,49245
Philippines,item,2019-02,52211
Philippines,item,2019-03,59383
Philippines,item,2019-04,83453
Philippines,item,2019-05,89800
Philippines,item,2019-06,73977
Philippines,item,2019-07,68893
Philippines,item,2019-08,66587
Philippines,item,2019-09,62660
Philippines,item,2019-10,73812
Philippines,item,2019-11,72701
Philippines,item,2019-12,76603
Philippines,item,2020-01,49522
Philippines,item,2020-02,32073
Philippines,item,2020-03,11860
Philippines,item,2020-04,32
Philippines,item,2020-05,65
Philippines,item,2020-06,128
Philippines,item,2020-07,400
Philippines,item,2020-08,480
Philippines,item,2020-09,360
Philippines,item,2020-10,1076
Philippines,item,2020-11,710
Philippines,item,2020-12,1175
Philippines,item,2021-01,763
Philippines,item,2021-02,880
Philippines,item,2021-03,1112
Philippines,item,2021-04,789
Philippines,item,2021-05,745
Philippines,item,2021-06,262
Philippines,item,2021-07,438
Philippines,item,2021-08,392
Philippines,item,2021-09,655
Philippines,item,2021-10,1042
Philippines,item,2021-11,2450
Philippines,item,2021-12,1966
Philippines,item,2022-01,1469
Philippines,item,2022-02,2026
Philippines,item,2022-03,6250
Philippines,item,2022-04,16940
Philippines,item,2022-05,22379
Philippines,item,2022-06,32139
Philippines,item,2022-07,45338
Philippines,item,2022-08,42542
Philippines,item,2022-09,44856
Philippines,item,2022-10,56747
Philippines,item,2022-11,54793
Philippines,item,2022-12,56509
Philippines,item,2023-01,38484
Philippines,item,2023-02,47446
Philippines,item,2023-03,50591
Philippines,item,2023-04,57030
Philippines,item,2023-05,59346
Philippines,item,2023-06,71409
Philippines,item,2023-07,77160
Philippines,item,2023-08,61802
Philippines,item,2023-09,50679
Philippines,item,2023-10,54649
Philippines,item,2023-11,61213
Philippines,item,2023-12,62866
Philippines,item,2024-01,46282
Philippines,item,2024-02,55602
Philippines,item,2024-03,100272
Philippines,item,2024-04,53135
Philippines,item,2024-05,58270
Philippines,item,2024-06,75957
Philippines,item,2024-07,72558
Philippines,item,2024-08,60174
Philippines,item,2024-09,55976
Philippines,item,2024-10,61489
Philippines,item,2024-11,66942
Philippines,item,2024-12,72162
Philippines,item,2025-01,49088
Philippines,item,2025-02,50154
Philippines,item,2025-03,51623
Philippines,item,2025-04,69047
Philippines,item,2025-05,74560
Philippines,item,2025-06,66647
Philippines,item,2025-07,62381
Philippines,item,2025-08,61462
Philippines,item,2025-09,51355
Philippines,item,2025-10,64398
Philippines,item,2025-11,59865
Philippines,item,2025-12,65511
Philippines,item,2026-01,42553
Philippines,item,2026-02,44905
Philippines,item,2026-03,56041
Philippines,item,2026-04,71477
Philippines,item,2026-05,68985
Philippines,item,2026-06,56904
Rep Of Ireland,item,2008-01,2703
Rep Of Ireland,item,2008-02,2137
Rep Of Ireland,item,2008-03,2900
Rep Of Ireland,item,2008-04,1939
Rep Of Ireland,item,2008-05,1730
Rep Of Ireland,item,2008-06,2316
Rep Of Ireland,item,2008-07,2443
Rep Of Ireland,item,2008-08,2064
Rep Of Ireland,item,2008-09,2070
Rep Of Ireland,item,2008-10,2439
Rep Of Ireland,item,2008-11,2642
Rep Of Ireland,item,2008-12,2653
Rep Of Ireland,item,2009-01,2255
Rep Of Ireland,item,2009-02,1967
Rep Of Ireland,item,2009-03,2211
Rep Of Ireland,item,2009-04,1878
Rep Of Ireland,item,2009-05,1423
Rep Of Ireland,item,2009-06,1910
Rep Of Ireland,item,2009-07,2085
Rep Of Ireland,item,2009-08,1835
Rep Of Ireland,item,2009-09,1685
Rep Of Ireland,item,2009-10,1855
Rep Of Ireland,item,2009-11,1830
Rep Of Ireland,item,2009-12,1786
Rep Of Ireland,item,2010-01,1928
Rep Of Ireland,item,2010-02,1555
Rep Of Ireland,item,2010-03,2062
Rep Of Ireland,item,2010-04,1578
Rep Of Ireland,item,2010-05,1411
Rep Of Ireland,item,2010-06,1904
Rep Of Ireland,item,2010-07,1725
Rep Of Ireland,item,2010-08,1776
Rep Of Ireland,item,2010-09,1559
Rep Of Ireland,item,2010-10,1733
Rep Of Ireland,item,2010-11,1574
Rep Of Ireland,item,2010-12,1632
Rep Of Ireland,item,2011-01,1695
Rep Of Ireland,item,2011-02,1311
Rep Of Ireland,item,2011-03,1531
Rep Of Ireland,item,2011-04,1569
Rep Of Ireland,item,2011-05,1302
Rep Of Ireland,item,2011-06,1499
Rep Of Ireland,item,2011-07,1785
Rep Of Ireland,item,2011-08,1570
Rep Of Ireland,item,2011-09,1521
Rep Of Ireland,item,2011-10,1561
Rep Of Ireland,item,2011-11,1695
Rep Of Ireland,item,2011-12,1526
Rep Of Ireland,item,2012-01,1566
Rep Of Ireland,item,2012-02,1557
Rep Of Ireland,item,2012-03,1817
Rep Of Ireland,item,2012-04,1463
Rep Of Ireland,item,2012-05,1240
Rep Of Ireland,item,2012-06,1560
Rep Of Ireland,item,2012-07,1862
Rep Of Ireland,item,2012-08,1661
Rep Of Ireland,item,2012-09,1421
Rep Of Ireland,item,2012-10,1740
Rep Of Ireland,item,2012-11,1683
Rep Of Ireland,item,2012-12,1395
Rep Of Ireland,item,2013-01,1631
Rep Of Ireland,item,2013-02,1361
Rep Of Ireland,item,2013-03,1856
Rep Of Ireland,item,2013-04,1255
Rep Of Ireland,item,2013-05,1264
Rep Of Ireland,item,2013-06,1388
Rep Of Ireland,item,2013-07,1654
Rep Of Ireland,item,2013-08,1562
Rep Of Ireland,item,2013-09,1298
Rep Of Ireland,item,2013-10,1598
Rep Of Ireland,item,2013-11,1232
Rep Of Ireland,item,2013-12,1347
Rep Of Ireland,item,2014-01,1514
Rep Of Ireland,item,2014-02,1325
Rep Of Ireland,item,2014-03,1464
Rep Of Ireland,item,2014-04,1278
Rep Of Ireland,item,2014-05,1113
Rep Of Ireland,item,2014-06,1357
Rep Of Ireland,item,2014-07,1734
Rep Of Ireland,item,2014-08,1429
Rep Of Ireland,item,2014-09,1281
Rep Of Ireland,item,2014-10,1353
Rep Of Ireland,item,2014-11,1363
Rep Of Ireland,item,2014-12,1198
Rep Of Ireland,item,2015-01,1551
Rep Of Ireland,item,2015-02,1277
Rep Of Ireland,item,2015-03,1617
Rep Of Ireland,item,2015-04,1434
Rep Of Ireland,item,2015-05,1224
Rep Of Ireland,item,2015-06,1369
Rep Of Ireland,item,2015-07,1576
Rep Of Ireland,item,2015-08,1631
Rep Of Ireland,item,2015-09,1335
Rep Of Ireland,item,2015-10,1386
Rep Of Ireland,item,2015-11,1480
Rep Of Ireland,item,2015-12,1467
Rep Of Ireland,item,2016-01,1916
Rep Of Ireland,item,2016-02,1418
Rep Of Ireland,item,2016-03,1823
Rep Of Ireland,item,2016-04,1406
Rep Of Ireland,item,2016-05,1349
Rep Of Ireland,item,2016-06,1579
Rep Of Ireland,item,2016-07,2006
Rep Of Ireland,item,2016-08,1443
Rep Of Ireland,item,2016-09,1425
Rep Of Ireland,item,2016-10,1693
Rep Of Ireland,item,2016-11,1453
Rep Of Ireland,item,2016-12,1432
Rep Of Ireland,item,2017-01,1706
Rep Of Ireland,item,2017-02,1625
Rep Of Ireland,item,2017-03,1738
Rep Of Ireland,item,2017-04,1731
Rep Of Ireland,item,2017-05,1476
Rep Of Ireland,item,2017-06,1545
Rep Of Ireland,item,2017-07,2229
Rep Of Ireland,item,2017-08,1815
Rep Of Ireland,item,2017-09,1657
Rep Of Ireland,item,2017-10,1807
Rep Of Ireland,item,2017-11,1753
Rep Of Ireland,item,2017-12,1525
Rep Of Ireland,item,2018-01,1980
Rep Of Ireland,item,2018-02,1737
Rep Of Ireland,item,2018-03,2232
Rep Of Ireland,item,2018-04,1841
Rep Of Ireland,item,2018-05,1514
Rep Of Ireland,item,2018-06,1741
Rep Of Ireland,item,2018-07,2515
Rep Of Ireland,item,2018-08,2069
Rep Of Ireland,item,2018-09,1762
Rep Of Ireland,item,2018-10,1842
Rep Of Ireland,item,2018-11,1862
Rep Of Ireland,item,2018-12,1582
Rep Of Ireland,item,2019-01,1999
Rep Of Ireland,item,2019-02,1737
Rep Of Ireland,item,2019-03,2115
Rep Of Ireland,item,2019-04,2026
Rep Of Ireland,item,2019-05,1623
Rep Of Ireland,item,2019-06,2108
Rep Of Ireland,item,2019-07,2722
Rep Of Ireland,item,2019-08,2093
Rep Of Ireland,item,2019-09,1945
Rep Of Ireland,item,2019-10,2117
Rep Of Ireland,item,2019-11,2201
Rep Of Ireland,item,2019-12,2006
Rep Of Ireland,item,2020-01,2487
Rep Of Ireland,item,2020-02,1483
Rep Of Ireland,item,2020-03,653
Rep Of Ireland,item,2020-04,2
Rep Of Ireland,item,2020-05,0
Rep Of Ireland,item,2020-06,1
Rep Of Ireland,item,2020-07,18
Rep Of Ireland,item,2020-08,8
Rep Of Ireland,item,2020-09,24
Rep Of Ireland,item,2020-10,10
Rep Of Ireland,item,2020-11,13
Rep Of Ireland,item,2020-12,17
Rep Of Ireland,item,2021-01,16
Rep Of Ireland,item,2021-02,14
Rep Of Ireland,item,2021-03,12
Rep Of Ireland,item,2021-04,10
Rep Of Ireland,item,2021-05,6
Rep Of Ireland,item,2021-06,4
Rep Of Ireland,item,2021-07,21
Rep Of Ireland,item,2021-08,31
Rep Of Ireland,item,2021-09,39
Rep Of Ireland,item,2021-10,44
Rep Of Ireland,item,2021-11,13
Rep Of Ireland,item,2021-12,53
Rep Of Ireland,item,2022-01,44
Rep Of Ireland,item,2022-02,49
Rep Of Ireland,item,2022-03,105
Rep Of Ireland,item,2022-04,381
Rep Of Ireland,item,2022-05,625
Rep Of Ireland,item,2022-06,869
Rep Of Ireland,item,2022-07,1483
Rep Of Ireland,item,2022-08,1482
Rep Of Ireland,item,2022-09,1592
Rep Of Ireland,item,2022-10,1530
Rep Of Ireland,item,2022-11,1567
Rep Of Ireland,item,2022-12,1359
Rep Of Ireland,item,2023-01,1767
Rep Of Ireland,item,2023-02,1868
Rep Of Ireland,item,2023-03,1992
Rep Of Ireland,item,2023-04,1893
Rep Of Ireland,item,2023-05,1777
Rep Of Ireland,item,2023-06,1626
Rep Of Ireland,item,2023-07,2344
Rep Of Ireland,item,2023-08,1984
Rep Of Ireland,item,2023-09,2062
Rep Of Ireland,item,2023-10,1776
Rep Of Ireland,item,2023-11,2042
Rep Of Ireland,item,2023-12,1612
Rep Of Ireland,item,2024-01,2218
Rep Of Ireland,item,2024-02,2344
Rep Of Ireland,item,2024-03,2619
Rep Of Ireland,item,2024-04,1916
Rep Of Ireland,item,2024-05,1794
Rep Of Ireland,item,2024-06,2075
Rep Of Ireland,item,2024-07,2456
Rep Of Ireland,item,2024-08,2028
Rep Of Ireland,item,2024-09,2041
Rep Of Ireland,item,2024-10,2137
Rep Of Ireland,item,2024-11,2514
Rep Of Ireland,item,2024-12,1992
Rep Of Ireland,item,2025-01,2673
Rep Of Ireland,item,2025-02,2453
Rep Of Ireland,item,2025-03,2774
Rep Of Ireland,item,2025-04,2685
Rep Of Ireland,item,2025-05,1787
Rep Of Ireland,item,2025-06,2348
Rep Of Ireland,item,2025-07,2744
Rep Of Ireland,item,2025-08,2297
Rep Of Ireland,item,2025-09,1969
Rep Of Ireland,item,2025-10,2199
Rep Of Ireland,item,2025-11,2268
Rep Of Ireland,item,2025-12,2008
Rep Of Ireland,item,2026-01,2764
Rep Of Ireland,item,2026-02,2322
Rep Of Ireland,item,2026-03,2611
Rep Of Ireland,item,2026-04,2084
Rep Of Ireland,item,2026-05,1622
Rep Of Ireland,item,2026-06,2088
Russian Federation,item,2008-01,8683
Russian Federation,item,2008-02,3954
Russian Federation,item,2008-03,4815
Russian Federation,item,2008-04,4102
Russian Federation,item,2008-05,4272
Russian Federation,item,2008-06,3626
Russian Federation,item,2008-07,3922
Russian Federation,item,2008-08,4385
Russian Federation,item,2008-09,3815
Russian Federation,item,2008-10,4748
Russian Federation,item,2008-11,5198
Russian Federation,item,2008-12,5138
Russian Federation,item,2009-01,8075
Russian Federation,item,2009-02,3828
Russian Federation,item,2009-03,3939
Russian Federation,item,2009-04,3436
Russian Federation,item,2009-05,3563
Russian Federation,item,2009-06,2892
Russian Federation,item,2009-07,3131
Russian Federation,item,2009-08,3643
Russian Federation,item,2009-09,3644
Russian Federation,item,2009-10,4691
Russian Federation,item,2009-11,4900
Russian Federation,item,2009-12,4606
Russian Federation,item,2010-01,8063
Russian Federation,item,2010-02,4465
Russian Federation,item,2010-03,5037
Russian Federation,item,2010-04,3878
Russian Federation,item,2010-05,4067
Russian Federation,item,2010-06,3096
Russian Federation,item,2010-07,3325
Russian Federation,item,2010-08,4255
Russian Federation,item,2010-09,3550
Russian Federation,item,2010-10,4522
Russian Federation,item,2010-11,5098
Russian Federation,item,2010-12,5649
Russian Federation,item,2011-01,9732
Russian Federation,item,2011-02,4349
Russian Federation,item,2011-03,5736
Russian Federation,item,2011-04,4157
Russian Federation,item,2011-05,3163
Russian Federation,item,2011-06,3085
Russian Federation,item,2011-07,3888
Russian Federation,item,2011-08,4033
Russian Federation,item,2011-09,4262
Russian Federation,item,2011-10,4575
Russian Federation,item,2011-11,5517
Russian Federation,item,2011-12,6881
Russian Federation,item,2012-01,12759
Russian Federation,item,2012-02,6533
Russian Federation,item,2012-03,6603
Russian Federation,item,2012-04,5023
Russian Federation,item,2012-05,3939
Russian Federation,item,2012-06,3567
Russian Federation,item,2012-07,3848
Russian Federation,item,2012-08,4101
Russian Federation,item,2012-09,4002
Russian Federation,item,2012-10,4909
Russian Federation,item,2012-11,6370
Russian Federation,item,2012-12,7303
Russian Federation,item,2013-01,12197
Russian Federation,item,2013-02,6482
Russian Federation,item,2013-03,7873
Russian Federation,item,2013-04,6499
Russian Federation,item,2013-05,5566
Russian Federation,item,2013-06,4264
Russian Federation,item,2013-07,4784
Russian Federation,item,2013-08,5184
Russian Federation,item,2013-09,4726
Russian Federation,item,2013-10,6748
Russian Federation,item,2013-11,8376
Russian Federation,item,2013-12,9435
Russian Federation,item,2014-01,15770
Russian Federation,item,2014-02,9154
Russian Federation,item,2014-03,9563
Russian Federation,item,2014-04,6996
Russian Federation,item,2014-05,5746
Russian Federation,item,2014-06,4874
Russian Federation,item,2014-07,5280
Russian Federation,item,2014-08,6129
Russian Federation,item,2014-09,5384
Russian Federation,item,2014-10,6507
Russian Federation,item,2014-11,7246
Russian Federation,item,2014-12,8004
Russian Federation,item,2015-01,12650
Russian Federation,item,2015-02,4861
Russian Federation,item,2015-03,5154
Russian Federation,item,2015-04,4371
Russian Federation,item,2015-05,4523
Russian Federation,item,2015-06,3644
Russian Federation,item,2015-07,4071
Russian Federation,item,2015-08,4618
Russian Federation,item,2015-09,3725
Russian Federation,item,2015-10,4900
Russian Federation,item,2015-11,5518
Russian Federation,item,2015-12,5807
Russian Federation,item,2016-01,9504
Russian Federation,item,2016-02,6412
Russian Federation,item,2016-03,6744
Russian Federation,item,2016-04,4961
Russian Federation,item,2016-05,4411
Russian Federation,item,2016-06,3486
Russian Federation,item,2016-07,4349
Russian Federation,item,2016-08,5002
Russian Federation,item,2016-09,4503
Russian Federation,item,2016-10,6006
Russian Federation,item,2016-11,7286
Russian Federation,item,2016-12,7739
Russian Federation,item,2017-01,12262
Russian Federation,item,2017-02,8949
Russian Federation,item,2017-03,8963
Russian Federation,item,2017-04,6616
Russian Federation,item,2017-05,5123
Russian Federation,item,2017-06,3992
Russian Federation,item,2017-07,4374
Russian Federation,item,2017-08,4933
Russian Federation,item,2017-09,4483
Russian Federation,item,2017-10,5459
Russian Federation,item,2017-11,7084
Russian Federation,item,2017-12,7896
Russian Federation,item,2018-01,15838
Russian Federation,item,2018-02,8901
Russian Federation,item,2018-03,9516
Russian Federation,item,2018-04,7017
Russian Federation,item,2018-05,5265
Russian Federation,item,2018-06,3960
Russian Federation,item,2018-07,4158
Russian Federation,item,2018-08,5014
Russian Federation,item,2018-09,4456
Russian Federation,item,2018-10,5274
Russian Federation,item,2018-11,7139
Russian Federation,item,2018-12,7989
Russian Federation,item,2019-01,12763
Russian Federation,item,2019-02,8145
Russian Federation,item,2019-03,8585
Russian Federation,item,2019-04,6112
Russian Federation,item,2019-05,5276
Russian Federation,item,2019-06,3535
Russian Federation,item,2019-07,4030
Russian Federation,item,2019-08,4059
Russian Federation,item,2019-09,4385
Russian Federation,item,2019-10,5569
Russian Federation,item,2019-11,8171
Russian Federation,item,2019-12,9629
Russian Federation,item,2020-01,15880
Russian Federation,item,2020-02,9135
Russian Federation,item,2020-03,3707
Russian Federation,item,2020-04,7
Russian Federation,item,2020-05,7
Russian Federation,item,2020-06,35
Russian Federation,item,2020-07,28
Russian Federation,item,2020-08,41
Russian Federation,item,2020-09,24
Russian Federation,item,2020-10,30
Russian Federation,item,2020-11,36
Russian Federation,item,2020-12,61
Russian Federation,item,2021-01,40
Russian Federation,item,2021-02,42
Russian Federation,item,2021-03,53
Russian Federation,item,2021-04,35
Russian Federation,item,2021-05,17
Russian Federation,item,2021-06,5
Russian Federation,item,2021-07,13
Russian Federation,item,2021-08,32
Russian Federation,item,2021-09,28
Russian Federation,item,2021-10,44
Russian Federation,item,2021-11,37
Russian Federation,item,2021-12,42
Russian Federation,item,2022-01,50
Russian Federation,item,2022-02,49
Russian Federation,item,2022-03,78
Russian Federation,item,2022-04,181
Russian Federation,item,2022-05,218
Russian Federation,item,2022-06,308
Russian Federation,item,2022-07,452
Russian Federation,item,2022-08,484
Russian Federation,item,2022-09,756
Russian Federation,item,2022-10,1312
Russian Federation,item,2022-11,2408
Russian Federation,item,2022-12,3503
Russian Federation,item,2023-01,6637
Russian Federation,item,2023-02,7009
Russian Federation,item,2023-03,6635
Russian Federation,item,2023-04,5044
Russian Federation,item,2023-05,3966
Russian Federation,item,2023-06,2796
Russian Federation,item,2023-07,3627
Russian Federation,item,2023-08,3493
Russian Federation,item,2023-09,3333
Russian Federation,item,2023-10,3952
Russian Federation,item,2023-11,4695
Russian Federation,item,2023-12,5523
Russian Federation,item,2024-01,9466
Russian Federation,item,2024-02,7152
Russian Federation,item,2024-03,5608
Russian Federation,item,2024-04,5216
Russian Federation,item,2024-05,3555
Russian Federation,item,2024-06,2829
Russian Federation,item,2024-07,3763
Russian Federation,item,2024-08,3498
Russian Federation,item,2024-09,3475
Russian Federation,item,2024-10,3905
Russian Federation,item,2024-11,6235
Russian Federation,item,2024-12,6109
Russian Federation,item,2025-01,10469
Russian Federation,item,2025-02,7933
Russian Federation,item,2025-03,6974
Russian Federation,item,2025-04,5119
Russian Federation,item,2025-05,4770
Russian Federation,item,2025-06,3239
Russian Federation,item,2025-07,4313
Russian Federation,item,2025-08,4340
Russian Federation,item,2025-09,3891
Russian Federation,item,2025-10,5735
Russian Federation,item,2025-11,5496
Russian Federation,item,2025-12,6888
Russian Federation,item,2026-01,12384
Russian Federation,item,2026-02,7353
Russian Federation,item,2026-03,6334
Russian Federation,item,2026-04,4940
Russian Federation,item,2026-05,3457
Russian Federation,item,2026-06,3365
Saudi Arabia,item,2008-01,443
Saudi Arabia,item,2008-02,640
Saudi Arabia,item,2008-03,687
Saudi Arabia,item,2008-04,719
Saudi Arabia,item,2008-05,533
Saudi Arabia,item,2008-06,885
Saudi Arabia,item,2008-07,1592
Saudi Arabia,item,2008-08,1911
Saudi Arabia,item,2008-09,474
Saudi Arabia,item,2008-10,750
Saudi Arabia,item,2008-11,607
Saudi Arabia,item,2008-12,855
Saudi Arabia,item,2009-01,446
Saudi Arabia,item,2009-02,819
Saudi Arabia,item,2009-03,781
Saudi Arabia,item,2009-04,719
Saudi Arabia,item,2009-05,671
Saudi Arabia,item,2009-06,849
Saudi Arabia,item,2009-07,1807
Saudi Arabia,item,2009-08,1503
Saudi Arabia,item,2009-09,771
Saudi Arabia,item,2009-10,666
Saudi Arabia,item,2009-11,1069
Saudi Arabia,item,2009-12,714
Saudi Arabia,item,2010-01,513
Saudi Arabia,item,2010-02,714
Saudi Arabia,item,2010-03,689
Saudi Arabia,item,2010-04,1038
Saudi Arabia,item,2010-05,771
Saudi Arabia,item,2010-06,942
Saudi Arabia,item,2010-07,2400
Saudi Arabia,item,2010-08,972
Saudi Arabia,item,2010-09,1345
Saudi Arabia,item,2010-10,902
Saudi Arabia,item,2010-11,1554
Saudi Arabia,item,2010-12,793
Saudi Arabia,item,2011-01,849
Saudi Arabia,item,2011-02,1208
Saudi Arabia,item,2011-03,792
Saudi Arabia,item,2011-04,1231
Saudi Arabia,item,2011-05,936
Saudi Arabia,item,2011-06,1512
Saudi Arabia,item,2011-07,3696
Saudi Arabia,item,2011-08,1056
Saudi Arabia,item,2011-09,1545
Saudi Arabia,item,2011-10,1142
Saudi Arabia,item,2011-11,1907
Saudi Arabia,item,2011-12,1167
Saudi Arabia,item,2012-01,1664
Saudi Arabia,item,2012-02,975
Saudi Arabia,item,2012-03,1244
Saudi Arabia,item,2012-04,1029
Saudi Arabia,item,2012-05,874
Saudi Arabia,item,2012-06,2519
Saudi Arabia,item,2012-07,2176
Saudi Arabia,item,2012-08,1785
Saudi Arabia,item,2012-09,1080
Saudi Arabia,item,2012-10,2517
Saudi Arabia,item,2012-11,1006
Saudi Arabia,item,2012-12,1100
Saudi Arabia,item,2013-01,1988
Saudi Arabia,item,2013-02,972
Saudi Arabia,item,2013-03,1610
Saudi Arabia,item,2013-04,1089
Saudi Arabia,item,2013-05,954
Saudi Arabia,item,2013-06,2839
Saudi Arabia,item,2013-07,935
Saudi Arabia,item,2013-08,3606
Saudi Arabia,item,2013-09,1089
Saudi Arabia,item,2013-10,2588
Saudi Arabia,item,2013-11,1007
Saudi Arabia,item,2013-12,1219
Saudi Arabia,item,2014-01,2617
Saudi Arabia,item,2014-02,1322
Saudi Arabia,item,2014-03,2037
Saudi Arabia,item,2014-04,1379
Saudi Arabia,item,2014-05,1556
Saudi Arabia,item,2014-06,2205
Saudi Arabia,item,2014-07,1760
Saudi Arabia,item,2014-08,5290
Saudi Arabia,item,2014-09,2311
Saudi Arabia,item,2014-10,2349
Saudi Arabia,item,2014-11,1660
Saudi Arabia,item,2014-12,1292
Saudi Arabia,item,2015-01,2500
Saudi Arabia,item,2015-02,948
Saudi Arabia,item,2015-03,1777
Saudi Arabia,item,2015-04,873
Saudi Arabia,item,2015-05,711
Saudi Arabia,item,2015-06,735
Saudi Arabia,item,2015-07,2177
Saudi Arabia,item,2015-08,1932
Saudi Arabia,item,2015-09,1845
Saudi Arabia,item,2015-10,893
Saudi Arabia,item,2015-11,797
Saudi Arabia,item,2015-12,903
Saudi Arabia,item,2016-01,1420
Saudi Arabia,item,2016-02,797
Saudi Arabia,item,2016-03,1332
Saudi Arabia,item,2016-04,789
Saudi Arabia,item,2016-05,1049
Saudi Arabia,item,2016-06,501
Saudi Arabia,item,2016-07,2278
Saudi Arabia,item,2016-08,2074
Saudi Arabia,item,2016-09,1750
Saudi Arabia,item,2016-10,598
Saudi Arabia,item,2016-11,1123
Saudi Arabia,item,2016-12,809
Saudi Arabia,item,2017-01,1065
Saudi Arabia,item,2017-02,835
Saudi Arabia,item,2017-03,1111
Saudi Arabia,item,2017-04,928
Saudi Arabia,item,2017-05,594
Saudi Arabia,item,2017-06,640
Saudi Arabia,item,2017-07,1427
Saudi Arabia,item,2017-08,1315
Saudi Arabia,item,2017-09,883
Saudi Arabia,item,2017-10,621
Saudi Arabia,item,2017-11,754
Saudi Arabia,item,2017-12,817
Saudi Arabia,item,2018-01,1276
Saudi Arabia,item,2018-02,523
Saudi Arabia,item,2018-03,903
Saudi Arabia,item,2018-04,625
Saudi Arabia,item,2018-05,452
Saudi Arabia,item,2018-06,1183
Saudi Arabia,item,2018-07,1708
Saudi Arabia,item,2018-08,1677
Saudi Arabia,item,2018-09,807
Saudi Arabia,item,2018-10,703
Saudi Arabia,item,2018-11,768
Saudi Arabia,item,2018-12,1304
Saudi Arabia,item,2019-01,963
Saudi Arabia,item,2019-02,765
Saudi Arabia,item,2019-03,952
Saudi Arabia,item,2019-04,1019
Saudi Arabia,item,2019-05,378
Saudi Arabia,item,2019-06,2204
Saudi Arabia,item,2019-07,2489
Saudi Arabia,item,2019-08,2490
Saudi Arabia,item,2019-09,959
Saudi Arabia,item,2019-10,909
Saudi Arabia,item,2019-11,999
Saudi Arabia,item,2019-12,1344
Saudi Arabia,item,2020-01,3007
Saudi Arabia,item,2020-02,407
Saudi Arabia,item,2020-03,44
Saudi Arabia,item,2020-04,1
Saudi Arabia,item,2020-05,1
Saudi Arabia,item,2020-06,0
Saudi Arabia,item,2020-07,2
Saudi Arabia,item,2020-08,5
Saudi Arabia,item,2020-09,3
Saudi Arabia,item,2020-10,11
Saudi Arabia,item,2020-11,11
Saudi Arabia,item,2020-12,2
Saudi Arabia,item,2021-01,11
Saudi Arabia,item,2021-02,7
Saudi Arabia,item,2021-03,1
Saudi Arabia,item,2021-04,7
Saudi Arabia,item,2021-05,2
Saudi Arabia,item,2021-06,1
Saudi Arabia,item,2021-07,6
Saudi Arabia,item,2021-08,32
Saudi Arabia,item,2021-09,17
Saudi Arabia,item,2021-10,27
Saudi Arabia,item,2021-11,39
Saudi Arabia,item,2021-12,46
Saudi Arabia,item,2022-01,37
Saudi Arabia,item,2022-02,29
Saudi Arabia,item,2022-03,79
Saudi Arabia,item,2022-04,201
Saudi Arabia,item,2022-05,333
Saudi Arabia,item,2022-06,558
Saudi Arabia,item,2022-07,1417
Saudi Arabia,item,2022-08,1190
Saudi Arabia,item,2022-09,813
Saudi Arabia,item,2022-10,738
Saudi Arabia,item,2022-11,1085
Saudi Arabia,item,2022-12,689
Saudi Arabia,item,2023-01,532
Saudi Arabia,item,2023-02,688
Saudi Arabia,item,2023-03,880
Saudi Arabia,item,2023-04,750
Saudi Arabia,item,2023-05,836
Saudi Arabia,item,2023-06,2965
Saudi Arabia,item,2023-07,5249
Saudi Arabia,item,2023-08,3123
Saudi Arabia,item,2023-09,1844
Saudi Arabia,item,2023-10,1764
Saudi Arabia,item,2023-11,2652
Saudi Arabia,item,2023-12,1568
Saudi Arabia,item,2024-01,2080
Saudi Arabia,item,2024-02,2003
Saudi Arabia,item,2024-03,813
Saudi Arabia,item,2024-04,1956
Saudi Arabia,item,2024-05,1402
Saudi Arabia,item,2024-06,3651
Saudi Arabia,item,2024-07,4557
Saudi Arabia,item,2024-08,3065
Saudi Arabia,item,2024-09,1929
Saudi Arabia,item,2024-10,1597
Saudi Arabia,item,2024-11,3429
Saudi Arabia,item,2024-12,1914
Saudi Arabia,item,2025-01,2381
Saudi Arabia,item,2025-02,1856
Saudi Arabia,item,2025-03,1401
Saudi Arabia,item,2025-04,2251
Saudi Arabia,item,2025-05,1616
Saudi Arabia,item,2025-06,3991
Saudi Arabia,item,2025-07,5047
Saudi Arabia,item,2025-08,3941
Saudi Arabia,item,2025-09,1950
Saudi Arabia,item,2025-10,1796
Saudi Arabia,item,2025-11,2979
Saudi Arabia,item,2025-12,1726
Saudi Arabia,item,2026-01,2720
Saudi Arabia,item,2026-02,685
Saudi Arabia,item,2026-03,874
Saudi Arabia,item,2026-04,703
Saudi Arabia,item,2026-05,1615
Saudi Arabia,item,2026-06,1808
South Africa (Rep Of),item,2008-01,4407
South Africa (Rep Of),item,2008-02,1893
South Africa (Rep Of),item,2008-03,3889
South Africa (Rep Of),item,2008-04,3837
South Africa (Rep Of),item,2008-05,2405
South Africa (Rep Of),item,2008-06,2835
South Africa (Rep Of),item,2008-07,3415
South Africa (Rep Of),item,2008-08,2753
South Africa (Rep Of),item,2008-09,2781
South Africa (Rep Of),item,2008-10,3859
South Africa (Rep Of),item,2008-11,2765
South Africa (Rep Of),item,2008-12,5244
South Africa (Rep Of),item,2009-01,3416
South Africa (Rep Of),item,2009-02,2016
South Africa (Rep Of),item,2009-03,2340
South Africa (Rep Of),item,2009-04,2723
South Africa (Rep Of),item,2009-05,2218
South Africa (Rep Of),item,2009-06,2435
South Africa (Rep Of),item,2009-07,3304
South Africa (Rep Of),item,2009-08,2532
South Africa (Rep Of),item,2009-09,2505
South Africa (Rep Of),item,2009-10,3061
South Africa (Rep Of),item,2009-11,2656
South Africa (Rep Of),item,2009-12,5325
South Africa (Rep Of),item,2010-01,3470
South Africa (Rep Of),item,2010-02,1721
South Africa (Rep Of),item,2010-03,2654
South Africa (Rep Of),item,2010-04,2722
South Africa (Rep Of),item,2010-05,2170
South Africa (Rep Of),item,2010-06,2155
South Africa (Rep Of),item,2010-07,1870
South Africa (Rep Of),item,2010-08,2107
South Africa (Rep Of),item,2010-09,2995
South Africa (Rep Of),item,2010-10,2663
South Africa (Rep Of),item,2010-11,2187
South Africa (Rep Of),item,2010-12,5721
South Africa (Rep Of),item,2011-01,3908
South Africa (Rep Of),item,2011-02,1565
South Africa (Rep Of),item,2011-03,2634
South Africa (Rep Of),item,2011-04,3518
South Africa (Rep Of),item,2011-05,2028
South Africa (Rep Of),item,2011-06,2117
South Africa (Rep Of),item,2011-07,2965
South Africa (Rep Of),item,2011-08,1798
South Africa (Rep Of),item,2011-09,2715
South Africa (Rep Of),item,2011-10,2853
South Africa (Rep Of),item,2011-11,2100
South Africa (Rep Of),item,2011-12,5305
South Africa (Rep Of),item,2012-01,3185
South Africa (Rep Of),item,2012-02,2172
South Africa (Rep Of),item,2012-03,2992
South Africa (Rep Of),item,2012-04,3018
South Africa (Rep Of),item,2012-05,2251
South Africa (Rep Of),item,2012-06,2591
South Africa (Rep Of),item,2012-07,2674
South Africa (Rep Of),item,2012-08,1841
South Africa (Rep Of),item,2012-09,2639
South Africa (Rep Of),item,2012-10,2230
South Africa (Rep Of),item,2012-11,2230
South Africa (Rep Of),item,2012-12,4940
South Africa (Rep Of),item,2013-01,3191
South Africa (Rep Of),item,2013-02,1606
South Africa (Rep Of),item,2013-03,3184
South Africa (Rep Of),item,2013-04,2494
South Africa (Rep Of),item,2013-05,2301
South Africa (Rep Of),item,2013-06,2645
South Africa (Rep Of),item,2013-07,2528
South Africa (Rep Of),item,2013-08,1730
South Africa (Rep Of),item,2013-09,2934
South Africa (Rep Of),item,2013-10,2113
South Africa (Rep Of),item,2013-11,1873
South Africa (Rep Of),item,2013-12,5395
South Africa (Rep Of),item,2014-01,2829
South Africa (Rep Of),item,2014-02,1729
South Africa (Rep Of),item,2014-03,2280
South Africa (Rep Of),item,2014-04,3364
South Africa (Rep Of),item,2014-05,1912
South Africa (Rep Of),item,2014-06,1800
South Africa (Rep Of),item,2014-07,2448
South Africa (Rep Of),item,2014-08,2037
South Africa (Rep Of),item,2014-09,2354
South Africa (Rep Of),item,2014-10,1853
South Africa (Rep Of),item,2014-11,2310
South Africa (Rep Of),item,2014-12,4842
South Africa (Rep Of),item,2015-01,3255
South Africa (Rep Of),item,2015-02,1619
South Africa (Rep Of),item,2015-03,2541
South Africa (Rep Of),item,2015-04,2885
South Africa (Rep Of),item,2015-05,2351
South Africa (Rep Of),item,2015-06,2048
South Africa (Rep Of),item,2015-07,2752
South Africa (Rep Of),item,2015-08,2183
South Africa (Rep Of),item,2015-09,2642
South Africa (Rep Of),item,2015-10,2981
South Africa (Rep Of),item,2015-11,2347
South Africa (Rep Of),item,2015-12,4866
South Africa (Rep Of),item,2016-01,3359
South Africa (Rep Of),item,2016-02,1696
South Africa (Rep Of),item,2016-03,2966
South Africa (Rep Of),item,2016-04,3055
South Africa (Rep Of),item,2016-05,2202
South Africa (Rep Of),item,2016-06,1832
South Africa (Rep Of),item,2016-07,2806
South Africa (Rep Of),item,2016-08,2282
South Africa (Rep Of),item,2016-09,2430
South Africa (Rep Of),item,2016-10,2809
South Africa (Rep Of),item,2016-11,2092
South Africa (Rep Of),item,2016-12,5305
South Africa (Rep Of),item,2017-01,3724
South Africa (Rep Of),item,2017-02,1687
South Africa (Rep Of),item,2017-03,2759
South Africa (Rep Of),item,2017-04,3789
South Africa (Rep Of),item,2017-05,2311
South Africa (Rep Of),item,2017-06,1936
South Africa (Rep Of),item,2017-07,2900
South Africa (Rep Of),item,2017-08,2226
South Africa (Rep Of),item,2017-09,2638
South Africa (Rep Of),item,2017-10,2416
South Africa (Rep Of),item,2017-11,2200
South Africa (Rep Of),item,2017-12,6040
South Africa (Rep Of),item,2018-01,3934
South Africa (Rep Of),item,2018-02,1899
South Africa (Rep Of),item,2018-03,3210
South Africa (Rep Of),item,2018-04,3373
South Africa (Rep Of),item,2018-05,2237
South Africa (Rep Of),item,2018-06,2772
South Africa (Rep Of),item,2018-07,3606
South Africa (Rep Of),item,2018-08,3052
South Africa (Rep Of),item,2018-09,3084
South Africa (Rep Of),item,2018-10,2712
South Africa (Rep Of),item,2018-11,2154
South Africa (Rep Of),item,2018-12,6378
South Africa (Rep Of),item,2019-01,3566
South Africa (Rep Of),item,2019-02,1845
South Africa (Rep Of),item,2019-03,3219
South Africa (Rep Of),item,2019-04,3422
South Africa (Rep Of),item,2019-05,2560
South Africa (Rep Of),item,2019-06,3428
South Africa (Rep Of),item,2019-07,2900
South Africa (Rep Of),item,2019-08,2815
South Africa (Rep Of),item,2019-09,4257
South Africa (Rep Of),item,2019-10,3087
South Africa (Rep Of),item,2019-11,3042
South Africa (Rep Of),item,2019-12,8596
South Africa (Rep Of),item,2020-01,4659
South Africa (Rep Of),item,2020-02,1723
South Africa (Rep Of),item,2020-03,854
South Africa (Rep Of),item,2020-04,0
South Africa (Rep Of),item,2020-05,0
South Africa (Rep Of),item,2020-06,7
South Africa (Rep Of),item,2020-07,10
South Africa (Rep Of),item,2020-08,21
South Africa (Rep Of),item,2020-09,10
South Africa (Rep Of),item,2020-10,14
South Africa (Rep Of),item,2020-11,13
South Africa (Rep Of),item,2020-12,15
South Africa (Rep Of),item,2021-01,10
South Africa (Rep Of),item,2021-02,8
South Africa (Rep Of),item,2021-03,8
South Africa (Rep Of),item,2021-04,12
South Africa (Rep Of),item,2021-05,9
South Africa (Rep Of),item,2021-06,6
South Africa (Rep Of),item,2021-07,17
South Africa (Rep Of),item,2021-08,5
South Africa (Rep Of),item,2021-09,16
South Africa (Rep Of),item,2021-10,33
South Africa (Rep Of),item,2021-11,23
South Africa (Rep Of),item,2021-12,12
South Africa (Rep Of),item,2022-01,39
South Africa (Rep Of),item,2022-02,23
South Africa (Rep Of),item,2022-03,49
South Africa (Rep Of),item,2022-04,384
South Africa (Rep Of),item,2022-05,599
South Africa (Rep Of),item,2022-06,938
South Africa (Rep Of),item,2022-07,1281
South Africa (Rep Of),item,2022-08,1233
South Africa (Rep Of),item,2022-09,1949
South Africa (Rep Of),item,2022-10,1565
South Africa (Rep Of),item,2022-11,1591
South Africa (Rep Of),item,2022-12,3371
South Africa (Rep Of),item,2023-01,2229
South Africa (Rep Of),item,2023-02,1698
South Africa (Rep Of),item,2023-03,1995
South Africa (Rep Of),item,2023-04,2177
South Africa (Rep Of),item,2023-05,1823
South Africa (Rep Of),item,2023-06,1946
South Africa (Rep Of),item,2023-07,2166
South Africa (Rep Of),item,2023-08,1718
South Africa (Rep Of),item,2023-09,2323
South Africa (Rep Of),item,2023-10,1833
South Africa (Rep Of),item,2023-11,1789
South Africa (Rep Of),item,2023-12,4221
South Africa (Rep Of),item,2024-01,3197
South Africa (Rep Of),item,2024-02,1621
South Africa (Rep Of),item,2024-03,2742
South Africa (Rep Of),item,2024-04,1986
South Africa (Rep Of),item,2024-05,1775
South Africa (Rep Of),item,2024-06,2529
South Africa (Rep Of),item,2024-07,2167
South Africa (Rep Of),item,2024-08,1902
South Africa (Rep Of),item,2024-09,2646
South Africa (Rep Of),item,2024-10,1970
South Africa (Rep Of),item,2024-11,1821
South Africa (Rep Of),item,2024-12,5336
South Africa (Rep Of),item,2025-01,2942
South Africa (Rep Of),item,2025-02,1470
South Africa (Rep Of),item,2025-03,2069
South Africa (Rep Of),item,2025-04,3011
South Africa (Rep Of),item,2025-05,2156
South Africa (Rep Of),item,2025-06,2394
South Africa (Rep Of),item,2025-07,3470
South Africa (Rep Of),item,2025-08,2525
South Africa (Rep Of),item,2025-09,2882
South Africa (Rep Of),item,2025-10,3494
South Africa (Rep Of),item,2025-11,2863
South Africa (Rep Of),item,2025-12,6708
South Africa (Rep Of),item,2026-01,3569
South Africa (Rep Of),item,2026-02,1727
South Africa (Rep Of),item,2026-03,3063
South Africa (Rep Of),item,2026-04,3503
South Africa (Rep Of),item,2026-05,2176
South Africa (Rep Of),item,2026-06,2847
South Asia,group,2008-01,76189
South Asia,group,2008-02,65091
South Asia,group,2008-03,76460
South Asia,group,2008-04,84085
South Asia,group,2008-05,122586
South Asia,group,2008-06,104211
South Asia,group,2008-07,85471
South Asia,group,2008-08,80388
South Asia,group,2008-09,69508
South Asia,group,2008-10,85228
South Asia,group,2008-11,73883
South Asia,group,2008-12,84023
South Asia,group,2009-01,61028
South Asia,group,2009-02,56130
South Asia,group,2009-03,61328
South Asia,group,2009-04,73709
South Asia,group,2009-05,104524
South Asia,group,2009-06,95946
South Asia,group,2009-07,87003
South Asia,group,2009-08,73878
South Asia,group,2009-09,72841
South Asia,group,2009-10,85135
South Asia,group,2009-11,66228
South Asia,group,2009-12,91153
South Asia,group,2010-01,74021
South Asia,group,2010-02,59574
South Asia,group,2010-03,70804
South Asia,group,2010-04,94417
South Asia,group,2010-05,133278
South Asia,group,2010-06,102568
South Asia,group,2010-07,86537
South Asia,group,2010-08,75340
South Asia,group,2010-09,71215
South Asia,group,2010-10,92987
South Asia,group,2010-11,89484
South Asia,group,2010-12,96082
South Asia,group,2011-01,80526
South Asia,group,2011-02,65802
South Asia,group,2011-03,74389
South Asia,group,2011-04,94611
South Asia,group,2011-05,131217
South Asia,group,2011-06,108583
South Asia,group,2011-07,93197
South Asia,group,2011-08,78694
South Asia,group,2011-09,76611
South Asia,group,2011-10,95389
South Asia,group,2011-11,89970
South Asia,group,2011-12,102226
South Asia,group,2012-01,73360
South Asia,group,2012-02,78699
South Asia,group,2012-03,82938
South Asia,group,2012-04,98688
South Asia,group,2012-05,142003
South Asia,group,2012-06,114364
South Asia,group,2012-07,89931
South Asia,group,2012-08,84393
South Asia,group,2012-09,78515
South Asia,group,2012-10,92897
South Asia,group,2012-11,93535
South Asia,group,2012-12,103142
South Asia,group,2013-01,92370
South Asia,group,2013-02,76153
South Asia,group,2013-03,91079
South Asia,group,2013-04,101705
South Asia,group,2013-05,141973
South Asia,group,2013-06,121033
South Asia,group,2013-07,94977
South Asia,group,2013-08,90823
South Asia,group,2013-09,84032
South Asia,group,2013-10,93071
South Asia,group,2013-11,93631
South Asia,group,2013-12,109328
South Asia,group,2014-01,85714
South Asia,group,2014-02,81187
South Asia,group,2014-03,90346
South Asia,group,2014-04,103761
South Asia,group,2014-05,138919
South Asia,group,2014-06,117244
South Asia,group,2014-07,91829
South Asia,group,2014-08,95406
South Asia,group,2014-09,85979
South Asia,group,2014-10,110357
South Asia,group,2014-11,92377
South Asia,group,2014-12,107009
South Asia,group,2015-01,94529
South Asia,group,2015-02,76576
South Asia,group,2015-03,91552
South Asia,group,2015-04,108179
South Asia,group,2015-05,151623
South Asia,group,2015-06,121413
South Asia,group,2015-07,106930
South Asia,group,2015-08,101316
South Asia,group,2015-09,91560
South Asia,group,2015-10,110301
South Asia,group,2015-11,109202
South Asia,group,2015-12,114739
South Asia,group,2016-01,103184
South Asia,group,2016-02,82979
South Asia,group,2016-03,99974
South Asia,group,2016-04,121482
South Asia,group,2016-05,164572
South Asia,group,2016-06,130189
South Asia,group,2016-07,115028
South Asia,group,2016-08,107278
South Asia,group,2016-09,97415
South Asia,group,2016-10,119033
South Asia,group,2016-11,114255
South Asia,group,2016-12,123606
South Asia,group,2017-01,100555
South Asia,group,2017-02,95038
South Asia,group,2017-03,107296
South Asia,group,2017-04,134505
South Asia,group,2017-05,195198
South Asia,group,2017-06,156862
South Asia,group,2017-07,123743
South Asia,group,2017-08,118131
South Asia,group,2017-09,128319
South Asia,group,2017-10,144299
South Asia,group,2017-11,109309
South Asia,group,2017-12,146232
South Asia,group,2018-01,133622
South Asia,group,2018-02,102173
South Asia,group,2018-03,130137
South Asia,group,2018-04,152229
South Asia,group,2018-05,218406
South Asia,group,2018-06,179143
South Asia,group,2018-07,145372
South Asia,group,2018-08,130017
South Asia,group,2018-09,126605
South Asia,group,2018-10,140584
South Asia,group,2018-11,142818
South Asia,group,2018-12,144231
South Asia,group,2019-01,126665
South Asia,group,2019-02,108449
South Asia,group,2019-03,128593
South Asia,group,2019-04,145854
South Asia,group,2019-05,202168
South Asia,group,2019-06,170742
South Asia,group,2019-07,138129
South Asia,group,2019-08,135500
South Asia,group,2019-09,129203
South Asia,group,2019-10,142972
South Asia,group,2019-11,139058
South Asia,group,2019-12,146360
South Asia,group,2020-01,123324
South Asia,group,2020-02,64947
South Asia,group,2020-03,24252
South Asia,group,2020-04,95
South Asia,group,2020-05,86
South Asia,group,2020-06,147
South Asia,group,2020-07,688
South Asia,group,2020-08,717
South Asia,group,2020-09,487
South Asia,group,2020-10,566
South Asia,group,2020-11,653
South Asia,group,2020-12,2670
South Asia,group,2021-01,5186
South Asia,group,2021-02,4697
South Asia,group,2021-03,7233
South Asia,group,2021-04,5640
South Asia,group,2021-05,122
South Asia,group,2021-06,19
South Asia,group,2021-07,342
South Asia,group,2021-08,112
South Asia,group,2021-09,1105
South Asia,group,2021-10,4055
South Asia,group,2021-11,11879
South Asia,group,2021-12,33939
South Asia,group,2022-01,16901
South Asia,group,2022-02,20077
South Asia,group,2022-03,36779
South Asia,group,2022-04,52271
South Asia,group,2022-05,69978
South Asia,group,2022-06,76667
South Asia,group,2022-07,95003
South Asia,group,2022-08,94325
South Asia,group,2022-09,104616
South Asia,group,2022-10,101510
South Asia,group,2022-11,91381
South Asia,group,2022-12,91730
South Asia,group,2023-01,72231
South Asia,group,2023-02,76883
South Asia,group,2023-03,92470
South Asia,group,2023-04,114668
South Asia,group,2023-05,147713
South Asia,group,2023-06,133366
South Asia,group,2023-07,114733
South Asia,group,2023-08,104652
South Asia,group,2023-09,100567
South Asia,group,2023-10,114672
South Asia,group,2023-11,109957
South Asia,group,2023-12,114964
South Asia,group,2024-01,102935
South Asia,group,2024-02,83641
South Asia,group,2024-03,113227
South Asia,group,2024-04,128259
South Asia,group,2024-05,178054
South Asia,group,2024-06,142475
South Asia,group,2024-07,112504
South Asia,group,2024-08,113390
South Asia,group,2024-09,108914
South Asia,group,2024-10,125793
South Asia,group,2024-11,113092
South Asia,group,2024-12,129414
South Asia,group,2025-01,107445
South Asia,group,2025-02,94262
South Asia,group,2025-03,120378
South Asia,group,2025-04,143843
South Asia,group,2025-05,176875
South Asia,group,2025-06,136490
South Asia,group,2025-07,112130
South Asia,group,2025-08,118102
South Asia,group,2025-09,124046
South Asia,group,2025-10,129632
South Asia,group,2025-11,108137
South Asia,group,2025-12,121120
South Asia,group,2026-01,110029
South Asia,group,2026-02,81462
South Asia,group,2026-03,115439
South Asia,group,2026-04,130906
South Asia,group,2026-05,163604
South Asia,group,2026-06,125260
South Korea,item,2008-01,50432
South Korea,item,2008-02,40998
South Korea,item,2008-03,39683
South Korea,item,2008-04,33946
South Korea,item,2008-05,36412
South Korea,item,2008-06,35998
South Korea,item,2008-07,39614
South Korea,item,2008-08,42338
South Korea,item,2008-09,25914
South Korea,item,2008-10,30930
South Korea,item,2008-11,24445
South Korea,item,2008-12,22308
South Korea,item,2009-01,25516
South Korea,item,2009-02,27387
South Korea,item,2009-03,20759
South Korea,item,2009-04,21323
South Korea,item,2009-05,21854
South Korea,item,2009-06,20991
South Korea,item,2009-07,30389
South Korea,item,2009-08,32332
South Korea,item,2009-09,15714
South Korea,item,2009-10,16069
South Korea,item,2009-11,19620
South Korea,item,2009-12,20033
South Korea,item,2010-01,39437
South Korea,item,2010-02,29589
South Korea,item,2010-03,30113
South Korea,item,2010-04,24785
South Korea,item,2010-05,32161
South Korea,item,2010-06,30033
South Korea,item,2010-07,32673
South Korea,item,2010-08,34169
South Korea,item,2010-09,25665
South Korea,item,2010-10,29009
South Korea,item,2010-11,27814
South Korea,item,2010-12,25255
South Korea,item,2011-01,41070
South Korea,item,2011-02,36810
South Korea,item,2011-03,29619
South Korea,item,2011-04,28004
South Korea,item,2011-05,33736
South Korea,item,2011-06,34233
South Korea,item,2011-07,40587
South Korea,item,2011-08,44364
South Korea,item,2011-09,30112
South Korea,item,2011-10,33594
South Korea,item,2011-11,33145
South Korea,item,2011-12,29605
South Korea,item,2012-01,45933
South Korea,item,2012-02,45397
South Korea,item,2012-03,34077
South Korea,item,2012-04,31252
South Korea,item,2012-05,33018
South Korea,item,2012-06,34394
South Korea,item,2012-07,42524
South Korea,item,2012-08,47383
South Korea,item,2012-09,31247
South Korea,item,2012-10,34713
South Korea,item,2012-11,34014
South Korea,item,2012-12,31232
South Korea,item,2013-01,53193
South Korea,item,2013-02,40229
South Korea,item,2013-03,36755
South Korea,item,2013-04,31296
South Korea,item,2013-05,33857
South Korea,item,2013-06,36409
South Korea,item,2013-07,41913
South Korea,item,2013-08,45986
South Korea,item,2013-09,35599
South Korea,item,2013-10,40157
South Korea,item,2013-11,40388
South Korea,item,2013-12,35986
South Korea,item,2014-01,59745
South Korea,item,2014-02,51930
South Korea,item,2014-03,40995
South Korea,item,2014-04,36247
South Korea,item,2014-05,41946
South Korea,item,2014-06,37589
South Korea,item,2014-07,46666
South Korea,item,2014-08,56623
South Korea,item,2014-09,39276
South Korea,item,2014-10,44810
South Korea,item,2014-11,40230
South Korea,item,2014-12,40918
South Korea,item,2015-01,71820
South Korea,item,2015-02,51415
South Korea,item,2015-03,42872
South Korea,item,2015-04,41602
South Korea,item,2015-05,43883
South Korea,item,2015-06,37193
South Korea,item,2015-07,48375
South Korea,item,2015-08,60468
South Korea,item,2015-09,39063
South Korea,item,2015-10,50582
South Korea,item,2015-11,44988
South Korea,item,2015-12,44821
South Korea,item,2016-01,74180
South Korea,item,2016-02,57595
South Korea,item,2016-03,40959
South Korea,item,2016-04,41356
South Korea,item,2016-05,44932
South Korea,item,2016-06,43766
South Korea,item,2016-07,54700
South Korea,item,2016-08,62018
South Korea,item,2016-09,37742
South Korea,item,2016-10,34346
South Korea,item,2016-11,36314
South Korea,item,2016-12,38601
South Korea,item,2017-01,60247
South Korea,item,2017-02,60174
South Korea,item,2017-03,43942
South Korea,item,2017-04,48829
South Korea,item,2017-05,52762
South Korea,item,2017-06,49487
South Korea,item,2017-07,58326
South Korea,item,2017-08,60957
South Korea,item,2017-09,47602
South Korea,item,2017-10,53430
South Korea,item,2017-11,52123
South Korea,item,2017-12,43484
South Korea,item,2018-01,75502
South Korea,item,2018-02,53161
South Korea,item,2018-03,49127
South Korea,item,2018-04,44550
South Korea,item,2018-05,46720
South Korea,item,2018-06,45325
South Korea,item,2018-07,57823
South Korea,item,2018-08,62729
South Korea,item,2018-09,47734
South Korea,item,2018-10,53926
South Korea,item,2018-11,50634
South Korea,item,2018-12,42223
South Korea,item,2019-01,72704
South Korea,item,2019-02,62241
South Korea,item,2019-03,47168
South Korea,item,2019-04,39464
South Korea,item,2019-05,43561
South Korea,item,2019-06,45706
South Korea,item,2019-07,59119
South Korea,item,2019-08,65643
South Korea,item,2019-09,51660
South Korea,item,2019-10,56598
South Korea,item,2019-11,52765
South Korea,item,2019-12,49219
South Korea,item,2020-01,70277
South Korea,item,2020-02,16195
South Korea,item,2020-03,1198
South Korea,item,2020-04,9
South Korea,item,2020-05,8
South Korea,item,2020-06,48
South Korea,item,2020-07,262
South Korea,item,2020-08,317
South Korea,item,2020-09,215
South Korea,item,2020-10,277
South Korea,item,2020-11,279
South Korea,item,2020-12,437
South Korea,item,2021-01,431
South Korea,item,2021-02,385
South Korea,item,2021-03,405
South Korea,item,2021-04,271
South Korea,item,2021-05,170
South Korea,item,2021-06,98
South Korea,item,2021-07,202
South Korea,item,2021-08,373
South Korea,item,2021-09,519
South Korea,item,2021-10,485
South Korea,item,2021-11,1600
South Korea,item,2021-12,2187
South Korea,item,2022-01,1953
South Korea,item,2022-02,1972
South Korea,item,2022-03,2686
South Korea,item,2022-04,5578
South Korea,item,2022-05,10614
South Korea,item,2022-06,16724
South Korea,item,2022-07,28570
South Korea,item,2022-08,31174
South Korea,item,2022-09,26520
South Korea,item,2022-10,28294
South Korea,item,2022-11,31627
South Korea,item,2022-12,31817
South Korea,item,2023-01,60457
South Korea,item,2023-02,64876
South Korea,item,2023-03,35396
South Korea,item,2023-04,31780
South Korea,item,2023-05,39203
South Korea,item,2023-06,40187
South Korea,item,2023-07,60960
South Korea,item,2023-08,62177
South Korea,item,2023-09,48187
South Korea,item,2023-10,45621
South Korea,item,2023-11,42614
South Korea,item,2023-12,39198
South Korea,item,2024-01,79245
South Korea,item,2024-02,69109
South Korea,item,2024-03,42056
South Korea,item,2024-04,37348
South Korea,item,2024-05,39802
South Korea,item,2024-06,39405
South Korea,item,2024-07,57385
South Korea,item,2024-08,60986
South Korea,item,2024-09,44886
South Korea,item,2024-10,42088
South Korea,item,2024-11,39600
South Korea,item,2024-12,42842
South Korea,item,2025-01,79301
South Korea,item,2025-02,72230
South Korea,item,2025-03,38446
South Korea,item,2025-04,32026
South Korea,item,2025-05,39936
South Korea,item,2025-06,36356
South Korea,item,2025-07,59416
South Korea,item,2025-08,64983
South Korea,item,2025-09,35676
South Korea,item,2025-10,50782
South Korea,item,2025-11,41934
South Korea,item,2025-12,35924
South Korea,item,2026-01,69244
South Korea,item,2026-02,65674
South Korea,item,2026-03,37411
South Korea,item,2026-04,33036
South Korea,item,2026-05,31917
South Korea,item,2026-06,28873
Southeast Asia,group,2008-01,277557
Southeast Asia,group,2008-02,255547
Southeast Asia,group,2008-03,312642
Southeast Asia,group,2008-04,296937
Southeast Asia,group,2008-05,292928
Southeast Asia,group,2008-06,309564
Southeast Asia,group,2008-07,322370
Southeast Asia,group,2008-08,279089
Southeast Asia,group,2008-09,276194
Southeast Asia,group,2008-10,317385
Southeast Asia,group,2008-11,266543
Southeast Asia,group,2008-12,364652
Southeast Asia,group,2009-01,243584
Southeast Asia,group,2009-02,231174
Southeast Asia,group,2009-03,283896
Southeast Asia,group,2009-04,292558
Southeast Asia,group,2009-05,286750
Southeast Asia,group,2009-06,320157
Southeast Asia,group,2009-07,327832
Southeast Asia,group,2009-08,289154
Southeast Asia,group,2009-09,339293
Southeast Asia,group,2009-10,314781
Southeast Asia,group,2009-11,321009
Southeast Asia,group,2009-12,434660
Southeast Asia,group,2010-01,331917
Southeast Asia,group,2010-02,300249
Southeast Asia,group,2010-03,360196
Southeast Asia,group,2010-04,390638
Southeast Asia,group,2010-05,403211
Southeast Asia,group,2010-06,433880
Southeast Asia,group,2010-07,456012
Southeast Asia,group,2010-08,361982
Southeast Asia,group,2010-09,447797
Southeast Asia,group,2010-10,410399
Southeast Asia,group,2010-11,391582
Southeast Asia,group,2010-12,533890
Southeast Asia,group,2011-01,396955
Southeast Asia,group,2011-02,377595
Southeast Asia,group,2011-03,434867
Southeast Asia,group,2011-04,456954
Southeast Asia,group,2011-05,447119
Southeast Asia,group,2011-06,490223
Southeast Asia,group,2011-07,497719
Southeast Asia,group,2011-08,449333
Southeast Asia,group,2011-09,450741
Southeast Asia,group,2011-10,437413
Southeast Asia,group,2011-11,414851
Southeast Asia,group,2011-12,560480
Southeast Asia,group,2012-01,432507
Southeast Asia,group,2012-02,424993
Southeast Asia,group,2012-03,484166
Southeast Asia,group,2012-04,493900
Southeast Asia,group,2012-05,490836
Southeast Asia,group,2012-06,502674
Southeast Asia,group,2012-07,481014
Southeast Asia,group,2012-08,517640
Southeast Asia,group,2012-09,407516
Southeast Asia,group,2012-10,465620
Southeast Asia,group,2012-11,484855
Southeast Asia,group,2012-12,593887
Southeast Asia,group,2013-01,460013
Southeast Asia,group,2013-02,405346
Southeast Asia,group,2013-03,523832
Southeast Asia,group,2013-04,497388
Southeast Asia,group,2013-05,534890
Southeast Asia,group,2013-06,557007
Southeast Asia,group,2013-07,512094
Southeast Asia,group,2013-08,585102
Southeast Asia,group,2013-09,445923
Southeast Asia,group,2013-10,512989
Southeast Asia,group,2013-11,505058
Southeast Asia,group,2013-12,626753
Southeast Asia,group,2014-01,497205
Southeast Asia,group,2014-02,440212
Southeast Asia,group,2014-03,508913
Southeast Asia,group,2014-04,511901
Southeast Asia,group,2014-05,549855
Southeast Asia,group,2014-06,552708
Southeast Asia,group,2014-07,568294
Southeast Asia,group,2014-08,480265
Southeast Asia,group,2014-09,436327
Southeast Asia,group,2014-10,485039
Southeast Asia,group,2014-11,463159
Southeast Asia,group,2014-12,619198
Southeast Asia,group,2015-01,448133
Southeast Asia,group,2015-02,380389
Southeast Asia,group,2015-03,461999
Southeast Asia,group,2015-04,478213
Southeast Asia,group,2015-05,512074
Southeast Asia,group,2015-06,496392
Southeast Asia,group,2015-07,579570
Southeast Asia,group,2015-08,444137
Southeast Asia,group,2015-09,414155
Southeast Asia,group,2015-10,465052
Southeast Asia,group,2015-11,455128
Southeast Asia,group,2015-12,612913
Southeast Asia,group,2016-01,473005
Southeast Asia,group,2016-02,440596
Southeast Asia,group,2016-03,499023
Southeast Asia,group,2016-04,516058
Southeast Asia,group,2016-05,541795
Southeast Asia,group,2016-06,493485
Southeast Asia,group,2016-07,607290
Southeast Asia,group,2016-08,447752
Southeast Asia,group,2016-09,413178
Southeast Asia,group,2016-10,471598
Southeast Asia,group,2016-11,465948
Southeast Asia,group,2016-12,637752
Southeast Asia,group,2017-01,478812
Southeast Asia,group,2017-02,437738
Southeast Asia,group,2017-03,534535
Southeast Asia,group,2017-04,555812
Southeast Asia,group,2017-05,502134
Southeast Asia,group,2017-06,567156
Southeast Asia,group,2017-07,560387
Southeast Asia,group,2017-08,477817
Southeast Asia,group,2017-09,464113
Southeast Asia,group,2017-10,501024
Southeast Asia,group,2017-11,503852
Southeast Asia,group,2017-12,641734
Southeast Asia,group,2018-01,495111
Southeast Asia,group,2018-02,451842
Southeast Asia,group,2018-03,553248
Southeast Asia,group,2018-04,556681
Southeast Asia,group,2018-05,533719
Southeast Asia,group,2018-06,648291
Southeast Asia,group,2018-07,583679
Southeast Asia,group,2018-08,509153
Southeast Asia,group,2018-09,497316
Southeast Asia,group,2018-10,533250
Southeast Asia,group,2018-11,514632
Southeast Asia,group,2018-12,644044
Southeast Asia,group,2019-01,491810
Southeast Asia,group,2019-02,455405
Southeast Asia,group,2019-03,530303
Southeast Asia,group,2019-04,554453
Southeast Asia,group,2019-05,535242
Southeast Asia,group,2019-06,622117
Southeast Asia,group,2019-07,617788
Southeast Asia,group,2019-08,520958
Southeast Asia,group,2019-09,511664
Southeast Asia,group,2019-10,555996
Southeast Asia,group,2019-11,565680
Southeast Asia,group,2019-12,662907
Southeast Asia,group,2020-01,528985
Southeast Asia,group,2020-02,247016
Southeast Asia,group,2020-03,88027
Southeast Asia,group,2020-04,503
Southeast Asia,group,2020-05,574
Southeast Asia,group,2020-06,1100
Southeast Asia,group,2020-07,2310
Southeast Asia,group,2020-08,2833
Southeast Asia,group,2020-09,3770
Southeast Asia,group,2020-10,6378
Southeast Asia,group,2020-11,6457
Southeast Asia,group,2020-12,8826
Southeast Asia,group,2021-01,6786
Southeast Asia,group,2021-02,5666
Southeast Asia,group,2021-03,7331
Southeast Asia,group,2021-04,7262
Southeast Asia,group,2021-05,4478
Southeast Asia,group,2021-06,1561
Southeast Asia,group,2021-07,1968
Southeast Asia,group,2021-08,1933
Southeast Asia,group,2021-09,2774
Southeast Asia,group,2021-10,6448
Southeast Asia,group,2021-11,12937
Southeast Asia,group,2021-12,30006
Southeast Asia,group,2022-01,17563
Southeast Asia,group,2022-02,18760
Southeast Asia,group,2022-03,41170
Southeast Asia,group,2022-04,137294
Southeast Asia,group,2022-05,204656
Southeast Asia,group,2022-06,269088
Southeast Asia,group,2022-07,332161
Southeast Asia,group,2022-08,315820
Southeast Asia,group,2022-09,340369
Southeast Asia,group,2022-10,374927
Southeast Asia,group,2022-11,358257
Southeast Asia,group,2022-12,438856
Southeast Asia,group,2023-01,362255
Southeast Asia,group,2023-02,376496
Southeast Asia,group,2023-03,414934
Southeast Asia,group,2023-04,489334
Southeast Asia,group,2023-05,456263
Southeast Asia,group,2023-06,475814
Southeast Asia,group,2023-07,519036
Southeast Asia,group,2023-08,429652
Southeast Asia,group,2023-09,404106
Southeast Asia,group,2023-10,434927
Southeast Asia,group,2023-11,418065
Southeast Asia,group,2023-12,495668
Southeast Asia,group,2024-01,486228
Southeast Asia,group,2024-02,430465
Southeast Asia,group,2024-03,534194
Southeast Asia,group,2024-04,506518
Southeast Asia,group,2024-05,431314
Southeast Asia,group,2024-06,451561
Southeast Asia,group,2024-07,475331
Southeast Asia,group,2024-08,398577
Southeast Asia,group,2024-09,417351
Southeast Asia,group,2024-10,444034
Southeast Asia,group,2024-11,437876
Southeast Asia,group,2024-12,528320
Southeast Asia,group,2025-01,476556
Southeast Asia,group,2025-02,419289
Southeast Asia,group,2025-03,429836
Southeast Asia,group,2025-04,512837
Southeast Asia,group,2025-05,478392
Southeast Asia,group,2025-06,460065
Southeast Asia,group,2025-07,484305
Southeast Asia,group,2025-08,410443
Southeast Asia,group,2025-09,418343
Southeast Asia,group,2025-10,455360
Southeast Asia,group,2025-11,440414
Southeast Asia,group,2025-12,508839
Southeast Asia,group,2026-01,454707
Southeast Asia,group,2026-02,379810
Southeast Asia,group,2026-03,514131
Southeast Asia,group,2026-04,442404
Southeast Asia,group,2026-05,434530
Southeast Asia,group,2026-06,425677
Spain,item,2008-01,2032
Spain,item,2008-02,1795
Spain,item,2008-03,2819
Spain,item,2008-04,1970
Spain,item,2008-05,1715
Spain,item,2008-06,1672
Spain,item,2008-07,3364
Spain,item,2008-08,4595
Spain,item,2008-09,2550
Spain,item,2008-10,2333
Spain,item,2008-11,2623
Spain,item,2008-12,2498
Spain,item,2009-01,1957
Spain,item,2009-02,1838
Spain,item,2009-03,2259
Spain,item,2009-04,1965
Spain,item,2009-05,1898
Spain,item,2009-06,2152
Spain,item,2009-07,2842
Spain,item,2009-08,4449
Spain,item,2009-09,3032
Spain,item,2009-10,3155
Spain,item,2009-11,3008
Spain,item,2009-12,2316
Spain,item,2010-01,2174
Spain,item,2010-02,2275
Spain,item,2010-03,2940
Spain,item,2010-04,2222
Spain,item,2010-05,1918
Spain,item,2010-06,2352
Spain,item,2010-07,3267
Spain,item,2010-08,5274
Spain,item,2010-09,3066
Spain,item,2010-10,2959
Spain,item,2010-11,2750
Spain,item,2010-12,2568
Spain,item,2011-01,2200
Spain,item,2011-02,1973
Spain,item,2011-03,2811
Spain,item,2011-04,2744
Spain,item,2011-05,1963
Spain,item,2011-06,2015
Spain,item,2011-07,3336
Spain,item,2011-08,5411
Spain,item,2011-09,2948
Spain,item,2011-10,3343
Spain,item,2011-11,3173
Spain,item,2011-12,3060
Spain,item,2012-01,2473
Spain,item,2012-02,2398
Spain,item,2012-03,3107
Spain,item,2012-04,3051
Spain,item,2012-05,2131
Spain,item,2012-06,2263
Spain,item,2012-07,3663
Spain,item,2012-08,5802
Spain,item,2012-09,3565
Spain,item,2012-10,3646
Spain,item,2012-11,3264
Spain,item,2012-12,2415
Spain,item,2013-01,2516
Spain,item,2013-02,2530
Spain,item,2013-03,3469
Spain,item,2013-04,2508
Spain,item,2013-05,2317
Spain,item,2013-06,2278
Spain,item,2013-07,4024
Spain,item,2013-08,6584
Spain,item,2013-09,3636
Spain,item,2013-10,3257
Spain,item,2013-11,3338
Spain,item,2013-12,3050
Spain,item,2014-01,3095
Spain,item,2014-02,3022
Spain,item,2014-03,3444
Spain,item,2014-04,3394
Spain,item,2014-05,2657
Spain,item,2014-06,2515
Spain,item,2014-07,4047
Spain,item,2014-08,7295
Spain,item,2014-09,4153
Spain,item,2014-10,3488
Spain,item,2014-11,3757
Spain,item,2014-12,3348
Spain,item,2015-01,3546
Spain,item,2015-02,2893
Spain,item,2015-03,3715
Spain,item,2015-04,3094
Spain,item,2015-05,2953
Spain,item,2015-06,2717
Spain,item,2015-07,4875
Spain,item,2015-08,8377
Spain,item,2015-09,4330
Spain,item,2015-10,4046
Spain,item,2015-11,4464
Spain,item,2015-12,3064
Spain,item,2016-01,3432
Spain,item,2016-02,3159
Spain,item,2016-03,4382
Spain,item,2016-04,3156
Spain,item,2016-05,2973
Spain,item,2016-06,2541
Spain,item,2016-07,4973
Spain,item,2016-08,8652
Spain,item,2016-09,4377
Spain,item,2016-10,4166
Spain,item,2016-11,4088
Spain,item,2016-12,3592
Spain,item,2017-01,3529
Spain,item,2017-02,3625
Spain,item,2017-03,3866
Spain,item,2017-04,4391
Spain,item,2017-05,3244
Spain,item,2017-06,3305
Spain,item,2017-07,6321
Spain,item,2017-08,11064
Spain,item,2017-09,6101
Spain,item,2017-10,5534
Spain,item,2017-11,5615
Spain,item,2017-12,4041
Spain,item,2018-01,4664
Spain,item,2018-02,4399
Spain,item,2018-03,5684
Spain,item,2018-04,4483
Spain,item,2018-05,3770
Spain,item,2018-06,3811
Spain,item,2018-07,7079
Spain,item,2018-08,11978
Spain,item,2018-09,6652
Spain,item,2018-10,5138
Spain,item,2018-11,5173
Spain,item,2018-12,4053
Spain,item,2019-01,4212
Spain,item,2019-02,4065
Spain,item,2019-03,4274
Spain,item,2019-04,4865
Spain,item,2019-05,3374
Spain,item,2019-06,3746
Spain,item,2019-07,6997
Spain,item,2019-08,12701
Spain,item,2019-09,6479
Spain,item,2019-10,4798
Spain,item,2019-11,4946
Spain,item,2019-12,4942
Spain,item,2020-01,4872
Spain,item,2020-02,3892
Spain,item,2020-03,1306
Spain,item,2020-04,0
Spain,item,2020-05,1
Spain,item,2020-06,2
Spain,item,2020-07,29
Spain,item,2020-08,28
Spain,item,2020-09,44
Spain,item,2020-10,22
Spain,item,2020-11,30
Spain,item,2020-12,30
Spain,item,2021-01,58
Spain,item,2021-02,33
Spain,item,2021-03,25
Spain,item,2021-04,35
Spain,item,2021-05,6
Spain,item,2021-06,7
Spain,item,2021-07,24
Spain,item,2021-08,38
Spain,item,2021-09,44
Spain,item,2021-10,95
Spain,item,2021-11,199
Spain,item,2021-12,213
Spain,item,2022-01,238
Spain,item,2022-02,228
Spain,item,2022-03,391
Spain,item,2022-04,1137
Spain,item,2022-05,1291
Spain,item,2022-06,1603
Spain,item,2022-07,3331
Spain,item,2022-08,6867
Spain,item,2022-09,4841
Spain,item,2022-10,3987
Spain,item,2022-11,3939
Spain,item,2022-12,2604
Spain,item,2023-01,3229
Spain,item,2023-02,3302
Spain,item,2023-03,3936
Spain,item,2023-04,4517
Spain,item,2023-05,3689
Spain,item,2023-06,3562
Spain,item,2023-07,5983
Spain,item,2023-08,10525
Spain,item,2023-09,6203
Spain,item,2023-10,4717
Spain,item,2023-11,4098
Spain,item,2023-12,3531
Spain,item,2024-01,3992
Spain,item,2024-02,3659
Spain,item,2024-03,4731
Spain,item,2024-04,3814
Spain,item,2024-05,3703
Spain,item,2024-06,4224
Spain,item,2024-07,7989
Spain,item,2024-08,13721
Spain,item,2024-09,7460
Spain,item,2024-10,5487
Spain,item,2024-11,5432
Spain,item,2024-12,4362
Spain,item,2025-01,4376
Spain,item,2025-02,4278
Spain,item,2025-03,4586
Spain,item,2025-04,5561
Spain,item,2025-05,4008
Spain,item,2025-06,4557
Spain,item,2025-07,10880
Spain,item,2025-08,16966
Spain,item,2025-09,7984
Spain,item,2025-10,5364
Spain,item,2025-11,5048
Spain,item,2025-12,4391
Spain,item,2026-01,4762
Spain,item,2026-02,4451
Spain,item,2026-03,4467
Spain,item,2026-04,4388
Spain,item,2026-05,3397
Spain,item,2026-06,4266
Sri Lanka,item,2008-01,6211
Sri Lanka,item,2008-02,5789
Sri Lanka,item,2008-03,6073
Sri Lanka,item,2008-04,9426
Sri Lanka,item,2008-05,6283
Sri Lanka,item,2008-06,5799
Sri Lanka,item,2008-07,6286
Sri Lanka,item,2008-08,8029
Sri Lanka,item,2008-09,4969
Sri Lanka,item,2008-10,6018
Sri Lanka,item,2008-11,5631
Sri Lanka,item,2008-12,9304
Sri Lanka,item,2009-01,4322
Sri Lanka,item,2009-02,4598
Sri Lanka,item,2009-03,4340
Sri Lanka,item,2009-04,7845
Sri Lanka,item,2009-05,4544
Sri Lanka,item,2009-06,4992
Sri Lanka,item,2009-07,5820
Sri Lanka,item,2009-08,7523
Sri Lanka,item,2009-09,5616
Sri Lanka,item,2009-10,6242
Sri Lanka,item,2009-11,6078
Sri Lanka,item,2009-12,8090
Sri Lanka,item,2010-01,4770
Sri Lanka,item,2010-02,4734
Sri Lanka,item,2010-03,5375
Sri Lanka,item,2010-04,9961
Sri Lanka,item,2010-05,6043
Sri Lanka,item,2010-06,5750
Sri Lanka,item,2010-07,6207
Sri Lanka,item,2010-08,7816
Sri Lanka,item,2010-09,5759
Sri Lanka,item,2010-10,6295
Sri Lanka,item,2010-11,5786
Sri Lanka,item,2010-12,10477
Sri Lanka,item,2011-01,5721
Sri Lanka,item,2011-02,5908
Sri Lanka,item,2011-03,5635
Sri Lanka,item,2011-04,9706
Sri Lanka,item,2011-05,5744
Sri Lanka,item,2011-06,5296
Sri Lanka,item,2011-07,7585
Sri Lanka,item,2011-08,7586
Sri Lanka,item,2011-09,6394
Sri Lanka,item,2011-10,6469
Sri Lanka,item,2011-11,6560
Sri Lanka,item,2011-12,11387
Sri Lanka,item,2012-01,5407
Sri Lanka,item,2012-02,6251
Sri Lanka,item,2012-03,5286
Sri Lanka,item,2012-04,10243
Sri Lanka,item,2012-05,5346
Sri Lanka,item,2012-06,6040
Sri Lanka,item,2012-07,5847
Sri Lanka,item,2012-08,7979
Sri Lanka,item,2012-09,6398
Sri Lanka,item,2012-10,7229
Sri Lanka,item,2012-11,6607
Sri Lanka,item,2012-12,10726
Sri Lanka,item,2013-01,6741
Sri Lanka,item,2013-02,6392
Sri Lanka,item,2013-03,7474
Sri Lanka,item,2013-04,12588
Sri Lanka,item,2013-05,7066
Sri Lanka,item,2013-06,6206
Sri Lanka,item,2013-07,7038
Sri Lanka,item,2013-08,10237
Sri Lanka,item,2013-09,7144
Sri Lanka,item,2013-10,6932
Sri Lanka,item,2013-11,6408
Sri Lanka,item,2013-12,11380
Sri Lanka,item,2014-01,6440
Sri Lanka,item,2014-02,6006
Sri Lanka,item,2014-03,5772
Sri Lanka,item,2014-04,11131
Sri Lanka,item,2014-05,6994
Sri Lanka,item,2014-06,6369
Sri Lanka,item,2014-07,5711
Sri Lanka,item,2014-08,9649
Sri Lanka,item,2014-09,7536
Sri Lanka,item,2014-10,6987
Sri Lanka,item,2014-11,7603
Sri Lanka,item,2014-12,8608
Sri Lanka,item,2015-01,6139
Sri Lanka,item,2015-02,5987
Sri Lanka,item,2015-03,7640
Sri Lanka,item,2015-04,11103
Sri Lanka,item,2015-05,7652
Sri Lanka,item,2015-06,5832
Sri Lanka,item,2015-07,6782
Sri Lanka,item,2015-08,8965
Sri Lanka,item,2015-09,7477
Sri Lanka,item,2015-10,8083
Sri Lanka,item,2015-11,7432
Sri Lanka,item,2015-12,9960
Sri Lanka,item,2016-01,6624
Sri Lanka,item,2016-02,6577
Sri Lanka,item,2016-03,6699
Sri Lanka,item,2016-04,12708
Sri Lanka,item,2016-05,7434
Sri Lanka,item,2016-06,5764
Sri Lanka,item,2016-07,7919
Sri Lanka,item,2016-08,11142
Sri Lanka,item,2016-09,7745
Sri Lanka,item,2016-10,7825
Sri Lanka,item,2016-11,9161
Sri Lanka,item,2016-12,12307
Sri Lanka,item,2017-01,5931
Sri Lanka,item,2017-02,6246
Sri Lanka,item,2017-03,7058
Sri Lanka,item,2017-04,12363
Sri Lanka,item,2017-05,8870
Sri Lanka,item,2017-06,6806
Sri Lanka,item,2017-07,7806
Sri Lanka,item,2017-08,11805
Sri Lanka,item,2017-09,9322
Sri Lanka,item,2017-10,9313
Sri Lanka,item,2017-11,9585
Sri Lanka,item,2017-12,12684
Sri Lanka,item,2018-01,8059
Sri Lanka,item,2018-02,7316
Sri Lanka,item,2018-03,8101
Sri Lanka,item,2018-04,15128
Sri Lanka,item,2018-05,8880
Sri Lanka,item,2018-06,7904
Sri Lanka,item,2018-07,10183
Sri Lanka,item,2018-08,12264
Sri Lanka,item,2018-09,9442
Sri Lanka,item,2018-10,9312
Sri Lanka,item,2018-11,8097
Sri Lanka,item,2018-12,9116
Sri Lanka,item,2019-01,6367
Sri Lanka,item,2019-02,6277
Sri Lanka,item,2019-03,7044
Sri Lanka,item,2019-04,10438
Sri Lanka,item,2019-05,6772
Sri Lanka,item,2019-06,7221
Sri Lanka,item,2019-07,7768
Sri Lanka,item,2019-08,9693
Sri Lanka,item,2019-09,8314
Sri Lanka,item,2019-10,8108
Sri Lanka,item,2019-11,9755
Sri Lanka,item,2019-12,10983
Sri Lanka,item,2020-01,6236
Sri Lanka,item,2020-02,3591
Sri Lanka,item,2020-03,1660
Sri Lanka,item,2020-04,2
Sri Lanka,item,2020-05,5
Sri Lanka,item,2020-06,3
Sri Lanka,item,2020-07,18
Sri Lanka,item,2020-08,36
Sri Lanka,item,2020-09,32
Sri Lanka,item,2020-10,34
Sri Lanka,item,2020-11,46
Sri Lanka,item,2020-12,90
Sri Lanka,item,2021-01,172
Sri Lanka,item,2021-02,107
Sri Lanka,item,2021-03,238
Sri Lanka,item,2021-04,165
Sri Lanka,item,2021-05,5
Sri Lanka,item,2021-06,2
Sri Lanka,item,2021-07,2
Sri Lanka,item,2021-08,6
Sri Lanka,item,2021-09,15
Sri Lanka,item,2021-10,19
Sri Lanka,item,2021-11,150
Sri Lanka,item,2021-12,587
Sri Lanka,item,2022-01,444
Sri Lanka,item,2022-02,885
Sri Lanka,item,2022-03,1529
Sri Lanka,item,2022-04,2928
Sri Lanka,item,2022-05,2759
Sri Lanka,item,2022-06,2709
Sri Lanka,item,2022-07,3058
Sri Lanka,item,2022-08,3901
Sri Lanka,item,2022-09,4430
Sri Lanka,item,2022-10,4707
Sri Lanka,item,2022-11,3896
Sri Lanka,item,2022-12,4270
Sri Lanka,item,2023-01,3083
Sri Lanka,item,2023-02,3829
Sri Lanka,item,2023-03,4088
Sri Lanka,item,2023-04,4897
Sri Lanka,item,2023-05,4276
Sri Lanka,item,2023-06,4368
Sri Lanka,item,2023-07,4509
Sri Lanka,item,2023-08,5567
Sri Lanka,item,2023-09,5156
Sri Lanka,item,2023-10,4487
Sri Lanka,item,2023-11,5048
Sri Lanka,item,2023-12,5975
Sri Lanka,item,2024-01,5586
Sri Lanka,item,2024-02,4111
Sri Lanka,item,2024-03,4449
Sri Lanka,item,2024-04,6184
Sri Lanka,item,2024-05,5773
Sri Lanka,item,2024-06,4995
Sri Lanka,item,2024-07,4907
Sri Lanka,item,2024-08,5767
Sri Lanka,item,2024-09,5221
Sri Lanka,item,2024-10,4837
Sri Lanka,item,2024-11,4970
Sri Lanka,item,2024-12,6804
Sri Lanka,item,2025-01,4463
Sri Lanka,item,2025-02,4342
Sri Lanka,item,2025-03,4974
Sri Lanka,item,2025-04,7127
Sri Lanka,item,2025-05,6177
Sri Lanka,item,2025-06,4463
Sri Lanka,item,2025-07,6216
Sri Lanka,item,2025-08,7157
Sri Lanka,item,2025-09,5784
Sri Lanka,item,2025-10,6025
Sri Lanka,item,2025-11,6311
Sri Lanka,item,2025-12,5694
Sri Lanka,item,2026-01,4557
Sri Lanka,item,2026-02,4164
Sri Lanka,item,2026-03,4493
Sri Lanka,item,2026-04,7547
Sri Lanka,item,2026-05,4822
Sri Lanka,item,2026-06,4809
Sweden,item,2008-01,5036
Sweden,item,2008-02,4112
Sweden,item,2008-03,4248
Sweden,item,2008-04,2538
Sweden,item,2008-05,1768
Sweden,item,2008-06,1944
Sweden,item,2008-07,2114
Sweden,item,2008-08,1598
Sweden,item,2008-09,1848
Sweden,item,2008-10,2684
Sweden,item,2008-11,2951
Sweden,item,2008-12,4322
Sweden,item,2009-01,4682
Sweden,item,2009-02,3343
Sweden,item,2009-03,3114
Sweden,item,2009-04,2597
Sweden,item,2009-05,1621
Sweden,item,2009-06,1816
Sweden,item,2009-07,1829
Sweden,item,2009-08,1494
Sweden,item,2009-09,1957
Sweden,item,2009-10,2597
Sweden,item,2009-11,2959
Sweden,item,2009-12,3915
Sweden,item,2010-01,4708
Sweden,item,2010-02,3956
Sweden,item,2010-03,4166
Sweden,item,2010-04,2839
Sweden,item,2010-05,1822
Sweden,item,2010-06,2117
Sweden,item,2010-07,2057
Sweden,item,2010-08,1748
Sweden,item,2010-09,1772
Sweden,item,2010-10,2609
Sweden,item,2010-11,3276
Sweden,item,2010-12,4014
Sweden,item,2011-01,4840
Sweden,item,2011-02,3824
Sweden,item,2011-03,3720
Sweden,item,2011-04,2856
Sweden,item,2011-05,1926
Sweden,item,2011-06,2011
Sweden,item,2011-07,2455
Sweden,item,2011-08,1726
Sweden,item,2011-09,1901
Sweden,item,2011-10,3228
Sweden,item,2011-11,3947
Sweden,item,2011-12,4934
Sweden,item,2012-01,5682
Sweden,item,2012-02,5967
Sweden,item,2012-03,5175
Sweden,item,2012-04,3447
Sweden,item,2012-05,2008
Sweden,item,2012-06,2043
Sweden,item,2012-07,2430
Sweden,item,2012-08,1872
Sweden,item,2012-09,1905
Sweden,item,2012-10,3035
Sweden,item,2012-11,3875
Sweden,item,2012-12,5809
Sweden,item,2013-01,6892
Sweden,item,2013-02,5440
Sweden,item,2013-03,5395
Sweden,item,2013-04,3243
Sweden,item,2013-05,2199
Sweden,item,2013-06,2240
Sweden,item,2013-07,2710
Sweden,item,2013-08,2049
Sweden,item,2013-09,1952
Sweden,item,2013-10,3491
Sweden,item,2013-11,3593
Sweden,item,2013-12,6052
Sweden,item,2014-01,6910
Sweden,item,2014-02,5289
Sweden,item,2014-03,4821
Sweden,item,2014-04,3676
Sweden,item,2014-05,2417
Sweden,item,2014-06,2160
Sweden,item,2014-07,2716
Sweden,item,2014-08,1841
Sweden,item,2014-09,2034
Sweden,item,2014-10,3331
Sweden,item,2014-11,3498
Sweden,item,2014-12,5363
Sweden,item,2015-01,6295
Sweden,item,2015-02,4556
Sweden,item,2015-03,4284
Sweden,item,2015-04,3138
Sweden,item,2015-05,1985
Sweden,item,2015-06,2091
Sweden,item,2015-07,2911
Sweden,item,2015-08,1946
Sweden,item,2015-09,2102
Sweden,item,2015-10,3753
Sweden,item,2015-11,4078
Sweden,item,2015-12,5423
Sweden,item,2016-01,6852
Sweden,item,2016-02,5075
Sweden,item,2016-03,5278
Sweden,item,2016-04,3165
Sweden,item,2016-05,2063
Sweden,item,2016-06,1963
Sweden,item,2016-07,2991
Sweden,item,2016-08,1908
Sweden,item,2016-09,2076
Sweden,item,2016-10,3422
Sweden,item,2016-11,4142
Sweden,item,2016-12,4830
Sweden,item,2017-01,6232
Sweden,item,2017-02,5726
Sweden,item,2017-03,4664
Sweden,item,2017-04,3662
Sweden,item,2017-05,2079
Sweden,item,2017-06,2421
Sweden,item,2017-07,4027
Sweden,item,2017-08,2443
Sweden,item,2017-09,2226
Sweden,item,2017-10,4054
Sweden,item,2017-11,4425
Sweden,item,2017-12,6052
Sweden,item,2018-01,7574
Sweden,item,2018-02,6765
Sweden,item,2018-03,6403
Sweden,item,2018-04,3620
Sweden,item,2018-05,2143
Sweden,item,2018-06,2677
Sweden,item,2018-07,4279
Sweden,item,2018-08,2708
Sweden,item,2018-09,2306
Sweden,item,2018-10,4051
Sweden,item,2018-11,4308
Sweden,item,2018-12,6588
Sweden,item,2019-01,7721
Sweden,item,2019-02,5707
Sweden,item,2019-03,4849
Sweden,item,2019-04,3920
Sweden,item,2019-05,2402
Sweden,item,2019-06,2612
Sweden,item,2019-07,4199
Sweden,item,2019-08,2454
Sweden,item,2019-09,2307
Sweden,item,2019-10,3677
Sweden,item,2019-11,3908
Sweden,item,2019-12,6391
Sweden,item,2020-01,6982
Sweden,item,2020-02,4539
Sweden,item,2020-03,1486
Sweden,item,2020-04,0
Sweden,item,2020-05,2
Sweden,item,2020-06,1
Sweden,item,2020-07,12
Sweden,item,2020-08,23
Sweden,item,2020-09,9
Sweden,item,2020-10,24
Sweden,item,2020-11,15
Sweden,item,2020-12,21
Sweden,item,2021-01,37
Sweden,item,2021-02,19
Sweden,item,2021-03,50
Sweden,item,2021-04,29
Sweden,item,2021-05,6
Sweden,item,2021-06,2
Sweden,item,2021-07,24
Sweden,item,2021-08,41
Sweden,item,2021-09,31
Sweden,item,2021-10,53
Sweden,item,2021-11,42
Sweden,item,2021-12,211
Sweden,item,2022-01,214
Sweden,item,2022-02,237
Sweden,item,2022-03,337
Sweden,item,2022-04,635
Sweden,item,2022-05,720
Sweden,item,2022-06,942
Sweden,item,2022-07,1394
Sweden,item,2022-08,1075
Sweden,item,2022-09,1429
Sweden,item,2022-10,1913
Sweden,item,2022-11,2091
Sweden,item,2022-12,2510
Sweden,item,2023-01,3234
Sweden,item,2023-02,2967
Sweden,item,2023-03,2786
Sweden,item,2023-04,2150
Sweden,item,2023-05,1585
Sweden,item,2023-06,1538
Sweden,item,2023-07,1930
Sweden,item,2023-08,1396
Sweden,item,2023-09,1484
Sweden,item,2023-10,2273
Sweden,item,2023-11,2589
Sweden,item,2023-12,2846
Sweden,item,2024-01,3658
Sweden,item,2024-02,3178
Sweden,item,2024-03,2911
Sweden,item,2024-04,2118
Sweden,item,2024-05,1452
Sweden,item,2024-06,1975
Sweden,item,2024-07,2350
Sweden,item,2024-08,1442
Sweden,item,2024-09,1574
Sweden,item,2024-10,2402
Sweden,item,2024-11,2892
Sweden,item,2024-12,4024
Sweden,item,2025-01,4674
Sweden,item,2025-02,3959
Sweden,item,2025-03,3083
Sweden,item,2025-04,2317
Sweden,item,2025-05,1400
Sweden,item,2025-06,1961
Sweden,item,2025-07,2693
Sweden,item,2025-08,1652
Sweden,item,2025-09,1505
Sweden,item,2025-10,2956
Sweden,item,2025-11,2859
Sweden,item,2025-12,4301
Sweden,item,2026-01,5245
Sweden,item,2026-02,3777
Sweden,item,2026-03,3304
Sweden,item,2026-04,2351
Sweden,item,2026-05,1283
Sweden,item,2026-06,1662
Switzerland,item,2008-01,4884
Switzerland,item,2008-02,4834
Switzerland,item,2008-03,5642
Switzerland,item,2008-04,5993
Switzerland,item,2008-05,5038
Switzerland,item,2008-06,3830
Switzerland,item,2008-07,5896
Switzerland,item,2008-08,5361
Switzerland,item,2008-09,4873
Switzerland,item,2008-10,6014
Switzerland,item,2008-11,6570
Switzerland,item,2008-12,5853
Switzerland,item,2009-01,5378
Switzerland,item,2009-02,5456
Switzerland,item,2009-03,5605
Switzerland,item,2009-04,6162
Switzerland,item,2009-05,4392
Switzerland,item,2009-06,3709
Switzerland,item,2009-07,6023
Switzerland,item,2009-08,4832
Switzerland,item,2009-09,4533
Switzerland,item,2009-10,6314
Switzerland,item,2009-11,6119
Switzerland,item,2009-12,5306
Switzerland,item,2010-01,6078
Switzerland,item,2010-02,6100
Switzerland,item,2010-03,6485
Switzerland,item,2010-04,6926
Switzerland,item,2010-05,6413
Switzerland,item,2010-06,4338
Switzerland,item,2010-07,6888
Switzerland,item,2010-08,6148
Switzerland,item,2010-09,4978
Switzerland,item,2010-10,7045
Switzerland,item,2010-11,7086
Switzerland,item,2010-12,5891
Switzerland,item,2011-01,6859
Switzerland,item,2011-02,6551
Switzerland,item,2011-03,7002
Switzerland,item,2011-04,7598
Switzerland,item,2011-05,5333
Switzerland,item,2011-06,4497
Switzerland,item,2011-07,7318
Switzerland,item,2011-08,6090
Switzerland,item,2011-09,5725
Switzerland,item,2011-10,7596
Switzerland,item,2011-11,7767
Switzerland,item,2011-12,6687
Switzerland,item,2012-01,7253
Switzerland,item,2012-02,7709
Switzerland,item,2012-03,7958
Switzerland,item,2012-04,7726
Switzerland,item,2012-05,5467
Switzerland,item,2012-06,4657
Switzerland,item,2012-07,8219
Switzerland,item,2012-08,6816
Switzerland,item,2012-09,5931
Switzerland,item,2012-10,7634
Switzerland,item,2012-11,7564
Switzerland,item,2012-12,6923
Switzerland,item,2013-01,7957
Switzerland,item,2013-02,7107
Switzerland,item,2013-03,7766
Switzerland,item,2013-04,7455
Switzerland,item,2013-05,6663
Switzerland,item,2013-06,5735
Switzerland,item,2013-07,10154
Switzerland,item,2013-08,7638
Switzerland,item,2013-09,7402
Switzerland,item,2013-10,9054
Switzerland,item,2013-11,8549
Switzerland,item,2013-12,8900
Switzerland,item,2014-01,9319
Switzerland,item,2014-02,8994
Switzerland,item,2014-03,8829
Switzerland,item,2014-04,10025
Switzerland,item,2014-05,6710
Switzerland,item,2014-06,5454
Switzerland,item,2014-07,10503
Switzerland,item,2014-08,8837
Switzerland,item,2014-09,7645
Switzerland,item,2014-10,9515
Switzerland,item,2014-11,8983
Switzerland,item,2014-12,8630
Switzerland,item,2015-01,9470
Switzerland,item,2015-02,8475
Switzerland,item,2015-03,8777
Switzerland,item,2015-04,9308
Switzerland,item,2015-05,6699
Switzerland,item,2015-06,5203
Switzerland,item,2015-07,10657
Switzerland,item,2015-08,8253
Switzerland,item,2015-09,6938
Switzerland,item,2015-10,9188
Switzerland,item,2015-11,9481
Switzerland,item,2015-12,8400
Switzerland,item,2016-01,9072
Switzerland,item,2016-02,9181
Switzerland,item,2016-03,8782
Switzerland,item,2016-04,9192
Switzerland,item,2016-05,6626
Switzerland,item,2016-06,4779
Switzerland,item,2016-07,10602
Switzerland,item,2016-08,8475
Switzerland,item,2016-09,7003
Switzerland,item,2016-10,10464
Switzerland,item,2016-11,8766
Switzerland,item,2016-12,8513
Switzerland,item,2017-01,9079
Switzerland,item,2017-02,9867
Switzerland,item,2017-03,8197
Switzerland,item,2017-04,11697
Switzerland,item,2017-05,6683
Switzerland,item,2017-06,5201
Switzerland,item,2017-07,10967
Switzerland,item,2017-08,8432
Switzerland,item,2017-09,7272
Switzerland,item,2017-10,9833
Switzerland,item,2017-11,9023
Switzerland,item,2017-12,8508
Switzerland,item,2018-01,9137
Switzerland,item,2018-02,9607
Switzerland,item,2018-03,9691
Switzerland,item,2018-04,9584
Switzerland,item,2018-05,6849
Switzerland,item,2018-06,5025
Switzerland,item,2018-07,10670
Switzerland,item,2018-08,8406
Switzerland,item,2018-09,7084
Switzerland,item,2018-10,9085
Switzerland,item,2018-11,8447
Switzerland,item,2018-12,8809
Switzerland,item,2019-01,9232
Switzerland,item,2019-02,8564
Switzerland,item,2019-03,8336
Switzerland,item,2019-04,9929
Switzerland,item,2019-05,6347
Switzerland,item,2019-06,5089
Switzerland,item,2019-07,9690
Switzerland,item,2019-08,7687
Switzerland,item,2019-09,6753
Switzerland,item,2019-10,8629
Switzerland,item,2019-11,8759
Switzerland,item,2019-12,8986
Switzerland,item,2020-01,8648
Switzerland,item,2020-02,7352
Switzerland,item,2020-03,2326
Switzerland,item,2020-04,0
Switzerland,item,2020-05,3
Switzerland,item,2020-06,12
Switzerland,item,2020-07,47
Switzerland,item,2020-08,49
Switzerland,item,2020-09,43
Switzerland,item,2020-10,77
Switzerland,item,2020-11,50
Switzerland,item,2020-12,63
Switzerland,item,2021-01,51
Switzerland,item,2021-02,77
Switzerland,item,2021-03,53
Switzerland,item,2021-04,49
Switzerland,item,2021-05,23
Switzerland,item,2021-06,12
Switzerland,item,2021-07,43
Switzerland,item,2021-08,108
Switzerland,item,2021-09,68
Switzerland,item,2021-10,78
Switzerland,item,2021-11,238
Switzerland,item,2021-12,515
Switzerland,item,2022-01,372
Switzerland,item,2022-02,576
Switzerland,item,2022-03,718
Switzerland,item,2022-04,1885
Switzerland,item,2022-05,2154
Switzerland,item,2022-06,2169
Switzerland,item,2022-07,4747
Switzerland,item,2022-08,4335
Switzerland,item,2022-09,4225
Switzerland,item,2022-10,5491
Switzerland,item,2022-11,5151
Switzerland,item,2022-12,4468
Switzerland,item,2023-01,5034
Switzerland,item,2023-02,6310
Switzerland,item,2023-03,5940
Switzerland,item,2023-04,7350
Switzerland,item,2023-05,5383
Switzerland,item,2023-06,3991
Switzerland,item,2023-07,8501
Switzerland,item,2023-08,6359
Switzerland,item,2023-09,6079
Switzerland,item,2023-10,7121
Switzerland,item,2023-11,6817
Switzerland,item,2023-12,6704
Switzerland,item,2024-01,7463
Switzerland,item,2024-02,7967
Switzerland,item,2024-03,7746
Switzerland,item,2024-04,8308
Switzerland,item,2024-05,6435
Switzerland,item,2024-06,4572
Switzerland,item,2024-07,10250
Switzerland,item,2024-08,7359
Switzerland,item,2024-09,6888
Switzerland,item,2024-10,8051
Switzerland,item,2024-11,7392
Switzerland,item,2024-12,7536
Switzerland,item,2025-01,8283
Switzerland,item,2025-02,8167
Switzerland,item,2025-03,7312
Switzerland,item,2025-04,9507
Switzerland,item,2025-05,6716
Switzerland,item,2025-06,5018
Switzerland,item,2025-07,11703
Switzerland,item,2025-08,7554
Switzerland,item,2025-09,6874
Switzerland,item,2025-10,8823
Switzerland,item,2025-11,7802
Switzerland,item,2025-12,8053
Switzerland,item,2026-01,8198
Switzerland,item,2026-02,9575
Switzerland,item,2026-03,7535
Switzerland,item,2026-04,9482
Switzerland,item,2026-05,5791
Switzerland,item,2026-06,4721
Taiwan,item,2008-01,16342
Taiwan,item,2008-02,17829
Taiwan,item,2008-03,13778
Taiwan,item,2008-04,13944
Taiwan,item,2008-05,14276
Taiwan,item,2008-06,13146
Taiwan,item,2008-07,19398
Taiwan,item,2008-08,16923
Taiwan,item,2008-09,12303
Taiwan,item,2008-10,13503
Taiwan,item,2008-11,12535
Taiwan,item,2008-12,11947
Taiwan,item,2009-01,15986
Taiwan,item,2009-02,12744
Taiwan,item,2009-03,12542
Taiwan,item,2009-04,11970
Taiwan,item,2009-05,11602
Taiwan,item,2009-06,11486
Taiwan,item,2009-07,17351
Taiwan,item,2009-08,17490
Taiwan,item,2009-09,10443
Taiwan,item,2009-10,13208
Taiwan,item,2009-11,11900
Taiwan,item,2009-12,10039
Taiwan,item,2010-01,15511
Taiwan,item,2010-02,17738
Taiwan,item,2010-03,15220
Taiwan,item,2010-04,14509
Taiwan,item,2010-05,17111
Taiwan,item,2010-06,13542
Taiwan,item,2010-07,23937
Taiwan,item,2010-08,20959
Taiwan,item,2010-09,13486
Taiwan,item,2010-10,13854
Taiwan,item,2010-11,13133
Taiwan,item,2010-12,12186
Taiwan,item,2011-01,18218
Taiwan,item,2011-02,19139
Taiwan,item,2011-03,15222
Taiwan,item,2011-04,18828
Taiwan,item,2011-05,18758
Taiwan,item,2011-06,20445
Taiwan,item,2011-07,33454
Taiwan,item,2011-08,26574
Taiwan,item,2011-09,19057
Taiwan,item,2011-10,17775
Taiwan,item,2011-11,15865
Taiwan,item,2011-12,15153
Taiwan,item,2012-01,27457
Taiwan,item,2012-02,27260
Taiwan,item,2012-03,21401
Taiwan,item,2012-04,22999
Taiwan,item,2012-05,20607
Taiwan,item,2012-06,21006
Taiwan,item,2012-07,33511
Taiwan,item,2012-08,27903
Taiwan,item,2012-09,18385
Taiwan,item,2012-10,20456
Taiwan,item,2012-11,20223
Taiwan,item,2012-12,20995
Taiwan,item,2013-01,32717
Taiwan,item,2013-02,39087
Taiwan,item,2013-03,22606
Taiwan,item,2013-04,24261
Taiwan,item,2013-05,22261
Taiwan,item,2013-06,29680
Taiwan,item,2013-07,47290
Taiwan,item,2013-08,40571
Taiwan,item,2013-09,27180
Taiwan,item,2013-10,23246
Taiwan,item,2013-11,22197
Taiwan,item,2013-12,19212
Taiwan,item,2014-01,32033
Taiwan,item,2014-02,32874
Taiwan,item,2014-03,22115
Taiwan,item,2014-04,25865
Taiwan,item,2014-05,26699
Taiwan,item,2014-06,25807
Taiwan,item,2014-07,44229
Taiwan,item,2014-08,38422
Taiwan,item,2014-09,25373
Taiwan,item,2014-10,24197
Taiwan,item,2014-11,21240
Taiwan,item,2014-12,18577
Taiwan,item,2015-01,30685
Taiwan,item,2015-02,40059
Taiwan,item,2015-03,24694
Taiwan,item,2015-04,29229
Taiwan,item,2015-05,25498
Taiwan,item,2015-06,30565
Taiwan,item,2015-07,50278
Taiwan,item,2015-08,45292
Taiwan,item,2015-09,27836
Taiwan,item,2015-10,27525
Taiwan,item,2015-11,24062
Taiwan,item,2015-12,22303
Taiwan,item,2016-01,37087
Taiwan,item,2016-02,42569
Taiwan,item,2016-03,27401
Taiwan,item,2016-04,33107
Taiwan,item,2016-05,28809
Taiwan,item,2016-06,36718
Taiwan,item,2016-07,46691
Taiwan,item,2016-08,42274
Taiwan,item,2016-09,30267
Taiwan,item,2016-10,26270
Taiwan,item,2016-11,21568
Taiwan,item,2016-12,21454
Taiwan,item,2017-01,36187
Taiwan,item,2017-02,38866
Taiwan,item,2017-03,27976
Taiwan,item,2017-04,30142
Taiwan,item,2017-05,31092
Taiwan,item,2017-06,30655
Taiwan,item,2017-07,48487
Taiwan,item,2017-08,42151
Taiwan,item,2017-09,29364
Taiwan,item,2017-10,33282
Taiwan,item,2017-11,25919
Taiwan,item,2017-12,21430
Taiwan,item,2018-01,34907
Taiwan,item,2018-02,47769
Taiwan,item,2018-03,30448
Taiwan,item,2018-04,35913
Taiwan,item,2018-05,28056
Taiwan,item,2018-06,34122
Taiwan,item,2018-07,52987
Taiwan,item,2018-08,46429
Taiwan,item,2018-09,32317
Taiwan,item,2018-10,30334
Taiwan,item,2018-11,25608
Taiwan,item,2018-12,24048
Taiwan,item,2019-01,40086
Taiwan,item,2019-02,42977
Taiwan,item,2019-03,29032
Taiwan,item,2019-04,32924
Taiwan,item,2019-05,28308
Taiwan,item,2019-06,34189
Taiwan,item,2019-07,55340
Taiwan,item,2019-08,45776
Taiwan,item,2019-09,33138
Taiwan,item,2019-10,34588
Taiwan,item,2019-11,28548
Taiwan,item,2019-12,20723
Taiwan,item,2020-01,42608
Taiwan,item,2020-02,16922
Taiwan,item,2020-03,1419
Taiwan,item,2020-04,2
Taiwan,item,2020-05,4
Taiwan,item,2020-06,34
Taiwan,item,2020-07,115
Taiwan,item,2020-08,113
Taiwan,item,2020-09,128
Taiwan,item,2020-10,152
Taiwan,item,2020-11,146
Taiwan,item,2020-12,244
Taiwan,item,2021-01,325
Taiwan,item,2021-02,231
Taiwan,item,2021-03,316
Taiwan,item,2021-04,302
Taiwan,item,2021-05,178
Taiwan,item,2021-06,29
Taiwan,item,2021-07,79
Taiwan,item,2021-08,456
Taiwan,item,2021-09,442
Taiwan,item,2021-10,378
Taiwan,item,2021-11,279
Taiwan,item,2021-12,392
Taiwan,item,2022-01,430
Taiwan,item,2022-02,531
Taiwan,item,2022-03,597
Taiwan,item,2022-04,1052
Taiwan,item,2022-05,1961
Taiwan,item,2022-06,3302
Taiwan,item,2022-07,6104
Taiwan,item,2022-08,7420
Taiwan,item,2022-09,7918
Taiwan,item,2022-10,10543
Taiwan,item,2022-11,12592
Taiwan,item,2022-12,12603
Taiwan,item,2023-01,31444
Taiwan,item,2023-02,25037
Taiwan,item,2023-03,19204
Taiwan,item,2023-04,25280
Taiwan,item,2023-05,24313
Taiwan,item,2023-06,28980
Taiwan,item,2023-07,43097
Taiwan,item,2023-08,38432
Taiwan,item,2023-09,25818
Taiwan,item,2023-10,28466
Taiwan,item,2023-11,21575
Taiwan,item,2023-12,17394
Taiwan,item,2024-01,38454
Taiwan,item,2024-02,45704
Taiwan,item,2024-03,30344
Taiwan,item,2024-04,30307
Taiwan,item,2024-05,28802
Taiwan,item,2024-06,34167
Taiwan,item,2024-07,49928
Taiwan,item,2024-08,42282
Taiwan,item,2024-09,30408
Taiwan,item,2024-10,29237
Taiwan,item,2024-11,23190
Taiwan,item,2024-12,20557
Taiwan,item,2025-01,46126
Taiwan,item,2025-02,33492
Taiwan,item,2025-03,26892
Taiwan,item,2025-04,31428
Taiwan,item,2025-05,35961
Taiwan,item,2025-06,32582
Taiwan,item,2025-07,54386
Taiwan,item,2025-08,47731
Taiwan,item,2025-09,26379
Taiwan,item,2025-10,41971
Taiwan,item,2025-11,25070
Taiwan,item,2025-12,20670
Taiwan,item,2026-01,36075
Taiwan,item,2026-02,55119
Taiwan,item,2026-03,32941
Taiwan,item,2026-04,39126
Taiwan,item,2026-05,29209
Taiwan,item,2026-06,35769
Thailand,item,2008-01,25851
Thailand,item,2008-02,23320
Thailand,item,2008-03,31641
Thailand,item,2008-04,36226
Thailand,item,2008-05,30487
Thailand,item,2008-06,26211
Thailand,item,2008-07,28884
Thailand,item,2008-08,25901
Thailand,item,2008-09,24530
Thailand,item,2008-10,34193
Thailand,item,2008-11,21914
Thailand,item,2008-12,24747
Thailand,item,2009-01,22661
Thailand,item,2009-02,23335
Thailand,item,2009-03,28055
Thailand,item,2009-04,32151
Thailand,item,2009-05,27066
Thailand,item,2009-06,24479
Thailand,item,2009-07,26643
Thailand,item,2009-08,23533
Thailand,item,2009-09,23587
Thailand,item,2009-10,35977
Thailand,item,2009-11,23588
Thailand,item,2009-12,26830
Thailand,item,2010-01,24635
Thailand,item,2010-02,23154
Thailand,item,2010-03,31815
Thailand,item,2010-04,50657
Thailand,item,2010-05,38925
Thailand,item,2010-06,30712
Thailand,item,2010-07,37256
Thailand,item,2010-08,34804
Thailand,item,2010-09,30711
Thailand,item,2010-10,57951
Thailand,item,2010-11,30197
Thailand,item,2010-12,39250
Thailand,item,2011-01,33230
Thailand,item,2011-02,31019
Thailand,item,2011-03,45728
Thailand,item,2011-04,55662
Thailand,item,2011-05,44274
Thailand,item,2011-06,32783
Thailand,item,2011-07,40848
Thailand,item,2011-08,34385
Thailand,item,2011-09,33009
Thailand,item,2011-10,53133
Thailand,item,2011-11,29299
Thailand,item,2011-12,39338
Thailand,item,2012-01,28725
Thailand,item,2012-02,33176
Thailand,item,2012-03,43230
Thailand,item,2012-04,56217
Thailand,item,2012-05,42583
Thailand,item,2012-06,34526
Thailand,item,2012-07,34542
Thailand,item,2012-08,38137
Thailand,item,2012-09,34926
Thailand,item,2012-10,57136
Thailand,item,2012-11,33908
Thailand,item,2012-12,40548
Thailand,item,2013-01,32897
Thailand,item,2013-02,30311
Thailand,item,2013-03,44202
Thailand,item,2013-04,54728
Thailand,item,2013-05,48171
Thailand,item,2013-06,36018
Thailand,item,2013-07,41912
Thailand,item,2013-08,36548
Thailand,item,2013-09,36254
Thailand,item,2013-10,58887
Thailand,item,2013-11,34685
Thailand,item,2013-12,42796
Thailand,item,2014-01,35263
Thailand,item,2014-02,35161
Thailand,item,2014-03,46338
Thailand,item,2014-04,56136
Thailand,item,2014-05,46683
Thailand,item,2014-06,39083
Thailand,item,2014-07,43785
Thailand,item,2014-08,40849
Thailand,item,2014-09,35122
Thailand,item,2014-10,53916
Thailand,item,2014-11,35138
Thailand,item,2014-12,39035
Thailand,item,2015-01,36798
Thailand,item,2015-02,29889
Thailand,item,2015-03,43504
Thailand,item,2015-04,47838
Thailand,item,2015-05,45674
Thailand,item,2015-06,40121
Thailand,item,2015-07,45729
Thailand,item,2015-08,39579
Thailand,item,2015-09,39567
Thailand,item,2015-10,63693
Thailand,item,2015-11,38576
Thailand,item,2015-12,45441
Thailand,item,2016-01,44330
Thailand,item,2016-02,38650
Thailand,item,2016-03,48381
Thailand,item,2016-04,62514
Thailand,item,2016-05,52331
Thailand,item,2016-06,36982
Thailand,item,2016-07,49788
Thailand,item,2016-08,39434
Thailand,item,2016-09,36911
Thailand,item,2016-10,58094
Thailand,item,2016-11,35520
Thailand,item,2016-12,43619
Thailand,item,2017-01,36813
Thailand,item,2017-02,38502
Thailand,item,2017-03,47025
Thailand,item,2017-04,58504
Thailand,item,2017-05,47074
Thailand,item,2017-06,34623
Thailand,item,2017-07,48620
Thailand,item,2017-08,40993
Thailand,item,2017-09,39692
Thailand,item,2017-10,61448
Thailand,item,2017-11,39331
Thailand,item,2017-12,38710
Thailand,item,2018-01,38143
Thailand,item,2018-02,34566
Thailand,item,2018-03,47744
Thailand,item,2018-04,61015
Thailand,item,2018-05,49858
Thailand,item,2018-06,38113
Thailand,item,2018-07,53379
Thailand,item,2018-08,40452
Thailand,item,2018-09,40580
Thailand,item,2018-10,65734
Thailand,item,2018-11,38796
Thailand,item,2018-12,37270
Thailand,item,2019-01,34822
Thailand,item,2019-02,33685
Thailand,item,2019-03,45072
Thailand,item,2019-04,57010
Thailand,item,2019-05,45735
Thailand,item,2019-06,35558
Thailand,item,2019-07,51916
Thailand,item,2019-08,39919
Thailand,item,2019-09,39776
Thailand,item,2019-10,63335
Thailand,item,2019-11,40986
Thailand,item,2019-12,40733
Thailand,item,2020-01,34152
Thailand,item,2020-02,24667
Thailand,item,2020-03,2898
Thailand,item,2020-04,153
Thailand,item,2020-05,138
Thailand,item,2020-06,158
Thailand,item,2020-07,243
Thailand,item,2020-08,206
Thailand,item,2020-09,260
Thailand,item,2020-10,229
Thailand,item,2020-11,195
Thailand,item,2020-12,323
Thailand,item,2021-01,221
Thailand,item,2021-02,179
Thailand,item,2021-03,178
Thailand,item,2021-04,246
Thailand,item,2021-05,163
Thailand,item,2021-06,99
Thailand,item,2021-07,334
Thailand,item,2021-08,264
Thailand,item,2021-09,290
Thailand,item,2021-10,623
Thailand,item,2021-11,361
Thailand,item,2021-12,1421
Thailand,item,2022-01,1060
Thailand,item,2022-02,1622
Thailand,item,2022-03,3038
Thailand,item,2022-04,10647
Thailand,item,2022-05,18487
Thailand,item,2022-06,23406
Thailand,item,2022-07,36615
Thailand,item,2022-08,33284
Thailand,item,2022-09,32426
Thailand,item,2022-10,52274
Thailand,item,2022-11,34566
Thailand,item,2022-12,36006
Thailand,item,2023-01,29735
Thailand,item,2023-02,37156
Thailand,item,2023-03,43145
Thailand,item,2023-04,49727
Thailand,item,2023-05,40375
Thailand,item,2023-06,31029
Thailand,item,2023-07,41367
Thailand,item,2023-08,34938
Thailand,item,2023-09,32307
Thailand,item,2023-10,53442
Thailand,item,2023-11,26808
Thailand,item,2023-12,29987
Thailand,item,2024-01,27196
Thailand,item,2024-02,31094
Thailand,item,2024-03,45975
Thailand,item,2024-04,42520
Thailand,item,2024-05,32889
Thailand,item,2024-06,25664
Thailand,item,2024-07,32863
Thailand,item,2024-08,27966
Thailand,item,2024-09,27707
Thailand,item,2024-10,44447
Thailand,item,2024-11,26740
Thailand,item,2024-12,30436
Thailand,item,2025-01,23423
Thailand,item,2025-02,26711
Thailand,item,2025-03,29757
Thailand,item,2025-04,41843
Thailand,item,2025-05,39123
Thailand,item,2025-06,26174
Thailand,item,2025-07,36228
Thailand,item,2025-08,31917
Thailand,item,2025-09,26947
Thailand,item,2025-10,49763
Thailand,item,2025-11,27797
Thailand,item,2025-12,26807
Thailand,item,2026-01,26322
Thailand,item,2026-02,24956
Thailand,item,2026-03,32863
Thailand,item,2026-04,48899
Thailand,item,2026-05,30067
Thailand,item,2026-06,23190
Total International Visitor Arrivals By Place Of Residence,total,2008-01,885290
Total International Visitor Arrivals By Place Of Residence,total,2008-02,813028
Total International Visitor Arrivals By Place Of Residence,total,2008-03,910635
Total International Visitor Arrivals By Place Of Residence,total,2008-04,829438
Total International Visitor Arrivals By Place Of Residence,total,2008-05,833604
Total International Visitor Arrivals By Place Of Residence,total,2008-06,822954
Total International Visitor Arrivals By Place Of Residence,total,2008-07,922569
Total International Visitor Arrivals By Place Of Residence,total,2008-08,850016
Total International Visitor Arrivals By Place Of Residence,total,2008-09,745794
Total International Visitor Arrivals By Place Of Residence,total,2008-10,849400
Total International Visitor Arrivals By Place Of Residence,total,2008-11,765325
Total International Visitor Arrivals By Place Of Residence,total,2008-12,888001
Total International Visitor Arrivals By Place Of Residence,total,2009-01,772138
Total International Visitor Arrivals By Place Of Residence,total,2009-02,689935
Total International Visitor Arrivals By Place Of Residence,total,2009-03,791236
Total International Visitor Arrivals By Place Of Residence,total,2009-04,778975
Total International Visitor Arrivals By Place Of Residence,total,2009-05,726391
Total International Visitor Arrivals By Place Of Residence,total,2009-06,750404
Total International Visitor Arrivals By Place Of Residence,total,2009-07,882107
Total International Visitor Arrivals By Place Of Residence,total,2009-08,844649
Total International Visitor Arrivals By Place Of Residence,total,2009-09,799496
Total International Visitor Arrivals By Place Of Residence,total,2009-10,844953
Total International Visitor Arrivals By Place Of Residence,total,2009-11,830173
Total International Visitor Arrivals By Place Of Residence,total,2009-12,972233
Total International Visitor Arrivals By Place Of Residence,total,2010-01,908495
Total International Visitor Arrivals By Place Of Residence,total,2010-02,857387
Total International Visitor Arrivals By Place Of Residence,total,2010-03,928903
Total International Visitor Arrivals By Place Of Residence,total,2010-04,939013
Total International Visitor Arrivals By Place Of Residence,total,2010-05,946676
Total International Visitor Arrivals By Place Of Residence,total,2010-06,951032
Total International Visitor Arrivals By Place Of Residence,total,2010-07,1095047
Total International Visitor Arrivals By Place Of Residence,total,2010-08,996899
Total International Visitor Arrivals By Place Of Residence,total,2010-09,947585
Total International Visitor Arrivals By Place Of Residence,total,2010-10,978913
Total International Visitor Arrivals By Place Of Residence,total,2010-11,964170
Total International Visitor Arrivals By Place Of Residence,total,2010-12,1127581
Total International Visitor Arrivals By Place Of Residence,total,2011-01,1055990
Total International Visitor Arrivals By Place Of Residence,total,2011-02,990118
Total International Visitor Arrivals By Place Of Residence,total,2011-03,1071960
Total International Visitor Arrivals By Place Of Residence,total,2011-04,1103320
Total International Visitor Arrivals By Place Of Residence,total,2011-05,1054104
Total International Visitor Arrivals By Place Of Residence,total,2011-06,1080066
Total International Visitor Arrivals By Place Of Residence,total,2011-07,1273870
Total International Visitor Arrivals By Place Of Residence,total,2011-08,1178511
Total International Visitor Arrivals By Place Of Residence,total,2011-09,1033747
Total International Visitor Arrivals By Place Of Residence,total,2011-10,1085193
Total International Visitor Arrivals By Place Of Residence,total,2011-11,1027787
Total International Visitor Arrivals By Place Of Residence,total,2011-12,1216637
Total International Visitor Arrivals By Place Of Residence,total,2012-01,1198507
Total International Visitor Arrivals By Place Of Residence,total,2012-02,1134554
Total International Visitor Arrivals By Place Of Residence,total,2012-03,1243133
Total International Visitor Arrivals By Place Of Residence,total,2012-04,1201953
Total International Visitor Arrivals By Place Of Residence,total,2012-05,1146448
Total International Visitor Arrivals By Place Of Residence,total,2012-06,1157739
Total International Visitor Arrivals By Place Of Residence,total,2012-07,1283611
Total International Visitor Arrivals By Place Of Residence,total,2012-08,1313604
Total International Visitor Arrivals By Place Of Residence,total,2012-09,1051348
Total International Visitor Arrivals By Place Of Residence,total,2012-10,1192580
Total International Visitor Arrivals By Place Of Residence,total,2012-11,1212079
Total International Visitor Arrivals By Place Of Residence,total,2012-12,1360536
Total International Visitor Arrivals By Place Of Residence,total,2013-01,1291718
Total International Visitor Arrivals By Place Of Residence,total,2013-02,1221365
Total International Visitor Arrivals By Place Of Residence,total,2013-03,1368891
Total International Visitor Arrivals By Place Of Residence,total,2013-04,1274246
Total International Visitor Arrivals By Place Of Residence,total,2013-05,1288282
Total International Visitor Arrivals By Place Of Residence,total,2013-06,1288950
Total International Visitor Arrivals By Place Of Residence,total,2013-07,1419657
Total International Visitor Arrivals By Place Of Residence,total,2013-08,1483520
Total International Visitor Arrivals By Place Of Residence,total,2013-09,1176142
Total International Visitor Arrivals By Place Of Residence,total,2013-10,1203746
Total International Visitor Arrivals By Place Of Residence,total,2013-11,1184002
Total International Visitor Arrivals By Place Of Residence,total,2013-12,1367404
Total International Visitor Arrivals By Place Of Residence,total,2014-01,1345842
Total International Visitor Arrivals By Place Of Residence,total,2014-02,1238239
Total International Visitor Arrivals By Place Of Residence,total,2014-03,1297551
Total International Visitor Arrivals By Place Of Residence,total,2014-04,1245307
Total International Visitor Arrivals By Place Of Residence,total,2014-05,1208532
Total International Visitor Arrivals By Place Of Residence,total,2014-06,1181422
Total International Visitor Arrivals By Place Of Residence,total,2014-07,1408400
Total International Visitor Arrivals By Place Of Residence,total,2014-08,1362935
Total International Visitor Arrivals By Place Of Residence,total,2014-09,1098626
Total International Visitor Arrivals By Place Of Residence,total,2014-10,1203527
Total International Visitor Arrivals By Place Of Residence,total,2014-11,1144230
Total International Visitor Arrivals By Place Of Residence,total,2014-12,1360541
Total International Visitor Arrivals By Place Of Residence,total,2015-01,1252608
Total International Visitor Arrivals By Place Of Residence,total,2015-02,1188818
Total International Visitor Arrivals By Place Of Residence,total,2015-03,1201648
Total International Visitor Arrivals By Place Of Residence,total,2015-04,1208624
Total International Visitor Arrivals By Place Of Residence,total,2015-05,1222836
Total International Visitor Arrivals By Place Of Residence,total,2015-06,1184747
Total International Visitor Arrivals By Place Of Residence,total,2015-07,1519233
Total International Visitor Arrivals By Place Of Residence,total,2015-08,1445062
Total International Visitor Arrivals By Place Of Residence,total,2015-09,1131976
Total International Visitor Arrivals By Place Of Residence,total,2015-10,1246947
Total International Visitor Arrivals By Place Of Residence,total,2015-11,1203992
Total International Visitor Arrivals By Place Of Residence,total,2015-12,1424978
Total International Visitor Arrivals By Place Of Residence,total,2016-01,1412123
Total International Visitor Arrivals By Place Of Residence,total,2016-02,1335097
Total International Visitor Arrivals By Place Of Residence,total,2016-03,1406607
Total International Visitor Arrivals By Place Of Residence,total,2016-04,1393972
Total International Visitor Arrivals By Place Of Residence,total,2016-05,1357543
Total International Visitor Arrivals By Place Of Residence,total,2016-06,1270531
Total International Visitor Arrivals By Place Of Residence,total,2016-07,1622405
Total International Visitor Arrivals By Place Of Residence,total,2016-08,1481876
Total International Visitor Arrivals By Place Of Residence,total,2016-09,1144063
Total International Visitor Arrivals By Place Of Residence,total,2016-10,1237675
Total International Visitor Arrivals By Place Of Residence,total,2016-11,1235433
Total International Visitor Arrivals By Place Of Residence,total,2016-12,1506134
Total International Visitor Arrivals By Place Of Residence,total,2017-01,1480479
Total International Visitor Arrivals By Place Of Residence,total,2017-02,1361010
Total International Visitor Arrivals By Place Of Residence,total,2017-03,1480161
Total International Visitor Arrivals By Place Of Residence,total,2017-04,1470750
Total International Visitor Arrivals By Place Of Residence,total,2017-05,1363897
Total International Visitor Arrivals By Place Of Residence,total,2017-06,1387601
Total International Visitor Arrivals By Place Of Residence,total,2017-07,1632135
Total International Visitor Arrivals By Place Of Residence,total,2017-08,1559283
Total International Visitor Arrivals By Place Of Residence,total,2017-09,1320050
Total International Visitor Arrivals By Place Of Residence,total,2017-10,1402299
Total International Visitor Arrivals By Place Of Residence,total,2017-11,1397330
Total International Visitor Arrivals By Place Of Residence,total,2017-12,1569616
Total International Visitor Arrivals By Place Of Residence,total,2018-01,1563359
Total International Visitor Arrivals By Place Of Residence,total,2018-02,1491970
Total International Visitor Arrivals By Place Of Residence,total,2018-03,1584406
Total International Visitor Arrivals By Place Of Residence,total,2018-04,1544248
Total International Visitor Arrivals By Place Of Residence,total,2018-05,1470891
Total International Visitor Arrivals By Place Of Residence,total,2018-06,1544679
Total International Visitor Arrivals By Place Of Residence,total,2018-07,1732896
Total International Visitor Arrivals By Place Of Residence,total,2018-08,1683122
Total International Visitor Arrivals By Place Of Residence,total,2018-09,1415149
Total International Visitor Arrivals By Place Of Residence,total,2018-10,1467380
Total International Visitor Arrivals By Place Of Residence,total,2018-11,1406985
Total International Visitor Arrivals By Place Of Residence,total,2018-12,1603217
Total International Visitor Arrivals By Place Of Residence,total,2019-01,1624593
Total International Visitor Arrivals By Place Of Residence,total,2019-02,1499051
Total International Visitor Arrivals By Place Of Residence,total,2019-03,1564664
Total International Visitor Arrivals By Place Of Residence,total,2019-04,1596724
Total International Visitor Arrivals By Place Of Residence,total,2019-05,1487791
Total International Visitor Arrivals By Place Of Residence,total,2019-06,1551847
Total International Visitor Arrivals By Place Of Residence,total,2019-07,1802593
Total International Visitor Arrivals By Place Of Residence,total,2019-08,1736102
Total International Visitor Arrivals By Place Of Residence,total,2019-09,1463543
Total International Visitor Arrivals By Place Of Residence,total,2019-10,1530479
Total International Visitor Arrivals By Place Of Residence,total,2019-11,1533668
Total International Visitor Arrivals By Place Of Residence,total,2019-12,1724961
Total International Visitor Arrivals By Place Of Residence,total,2020-01,1688102
Total International Visitor Arrivals By Place Of Residence,total,2020-02,732966
Total International Visitor Arrivals By Place Of Residence,total,2020-03,240001
Total International Visitor Arrivals By Place Of Residence,total,2020-04,750
Total International Visitor Arrivals By Place Of Residence,total,2020-05,880
Total International Visitor Arrivals By Place Of Residence,total,2020-06,2171
Total International Visitor Arrivals By Place Of Residence,total,2020-07,6843
Total International Visitor Arrivals By Place Of Residence,total,2020-08,8912
Total International Visitor Arrivals By Place Of Residence,total,2020-09,9500
Total International Visitor Arrivals By Place Of Residence,total,2020-10,13399
Total International Visitor Arrivals By Place Of Residence,total,2020-11,14749
Total International Visitor Arrivals By Place Of Residence,total,2020-12,24170
Total International Visitor Arrivals By Place Of Residence,total,2021-01,23366
Total International Visitor Arrivals By Place Of Residence,total,2021-02,18141
Total International Visitor Arrivals By Place Of Residence,total,2021-03,27202
Total International Visitor Arrivals By Place Of Residence,total,2021-04,25737
Total International Visitor Arrivals By Place Of Residence,total,2021-05,14190
Total International Visitor Arrivals By Place Of Residence,total,2021-06,10029
Total International Visitor Arrivals By Place Of Residence,total,2021-07,18517
Total International Visitor Arrivals By Place Of Residence,total,2021-08,15887
Total International Visitor Arrivals By Place Of Residence,total,2021-09,19009
Total International Visitor Arrivals By Place Of Residence,total,2021-10,24006
Total International Visitor Arrivals By Place Of Residence,total,2021-11,41179
Total International Visitor Arrivals By Place Of Residence,total,2021-12,92796
Total International Visitor Arrivals By Place Of Residence,total,2022-01,57174
Total International Visitor Arrivals By Place Of Residence,total,2022-02,67765
Total International Visitor Arrivals By Place Of Residence,total,2022-03,121207
Total International Visitor Arrivals By Place Of Residence,total,2022-04,295095
Total International Visitor Arrivals By Place Of Residence,total,2022-05,418458
Total International Visitor Arrivals By Place Of Residence,total,2022-06,543733
Total International Visitor Arrivals By Place Of Residence,total,2022-07,726739
Total International Visitor Arrivals By Place Of Residence,total,2022-08,728744
Total International Visitor Arrivals By Place Of Residence,total,2022-09,782215
Total International Visitor Arrivals By Place Of Residence,total,2022-10,816833
Total International Visitor Arrivals By Place Of Residence,total,2022-11,816340
Total International Visitor Arrivals By Place Of Residence,total,2022-12,931441
Total International Visitor Arrivals By Place Of Residence,total,2023-01,931814
Total International Visitor Arrivals By Place Of Residence,total,2023-02,957844
Total International Visitor Arrivals By Place Of Residence,total,2023-03,1021040
Total International Visitor Arrivals By Place Of Residence,total,2023-04,1128610
Total International Visitor Arrivals By Place Of Residence,total,2023-05,1112512
Total International Visitor Arrivals By Place Of Residence,total,2023-06,1129310
Total International Visitor Arrivals By Place Of Residence,total,2023-07,1419642
Total International Visitor Arrivals By Place Of Residence,total,2023-08,1312693
Total International Visitor Arrivals By Place Of Residence,total,2023-09,1130762
Total International Visitor Arrivals By Place Of Residence,total,2023-10,1125964
Total International Visitor Arrivals By Place Of Residence,total,2023-11,1100459
Total International Visitor Arrivals By Place Of Residence,total,2023-12,1231565
Total International Visitor Arrivals By Place Of Residence,total,2024-01,1419956
Total International Visitor Arrivals By Place Of Residence,total,2024-02,1417807
Total International Visitor Arrivals By Place Of Residence,total,2024-03,1464865
Total International Visitor Arrivals By Place Of Residence,total,2024-04,1343319
Total International Visitor Arrivals By Place Of Residence,total,2024-05,1277160
Total International Visitor Arrivals By Place Of Residence,total,2024-06,1250293
Total International Visitor Arrivals By Place Of Residence,total,2024-07,1602603
Total International Visitor Arrivals By Place Of Residence,total,2024-08,1539828
Total International Visitor Arrivals By Place Of Residence,total,2024-09,1270681
Total International Visitor Arrivals By Place Of Residence,total,2024-10,1314493
Total International Visitor Arrivals By Place Of Residence,total,2024-11,1234698
Total International Visitor Arrivals By Place Of Residence,total,2024-12,1390641
Total International Visitor Arrivals By Place Of Residence,total,2025-01,1633495
Total International Visitor Arrivals By Place Of Residence,total,2025-02,1377513
Total International Visitor Arrivals By Place Of Residence,total,2025-03,1296605
Total International Visitor Arrivals By Place Of Residence,total,2025-04,1403644
Total International Visitor Arrivals By Place Of Residence,total,2025-05,1374170
Total International Visitor Arrivals By Place Of Residence,total,2025-06,1245947
Total International Visitor Arrivals By Place Of Residence,total,2025-07,1680771
Total International Visitor Arrivals By Place Of Residence,total,2025-08,1609320
Total International Visitor Arrivals By Place Of Residence,total,2025-09,1254347
Total International Visitor Arrivals By Place Of Residence,total,2025-10,1379079
Total International Visitor Arrivals By Place Of Residence,total,2025-11,1293508
Total International Visitor Arrivals By Place Of Residence,total,2025-12,1364161
Total International Visitor Arrivals By Place Of Residence,total,2026-01,1502908
Total International Visitor Arrivals By Place Of Residence,total,2026-02,1500995
Total International Visitor Arrivals By Place Of Residence,total,2026-03,1427790
Total International Visitor Arrivals By Place Of Residence,total,2026-04,1331602
Total International Visitor Arrivals By Place Of Residence,total,2026-05,1241168
Total International Visitor Arrivals By Place Of Residence,total,2026-06,1184526
USA,item,2008-01,36447
USA,item,2008-02,33006
USA,item,2008-03,39004
USA,item,2008-04,31189
USA,item,2008-05,30862
USA,item,2008-06,35304
USA,item,2008-07,39087
USA,item,2008-08,32440
USA,item,2008-09,25160
USA,item,2008-10,31842
USA,item,2008-11,30713
USA,item,2008-12,31577
USA,item,2009-01,28845
USA,item,2009-02,26724
USA,item,2009-03,32022
USA,item,2009-04,28287
USA,item,2009-05,26832
USA,item,2009-06,32615
USA,item,2009-07,37270
USA,item,2009-08,32539
USA,item,2009-09,25190
USA,item,2009-10,32734
USA,item,2009-11,34402
USA,item,2009-12,33244
USA,item,2010-01,35514
USA,item,2010-02,31167
USA,item,2010-03,37123
USA,item,2010-04,33480
USA,item,2010-05,32124
USA,item,2010-06,39055
USA,item,2010-07,41173
USA,item,2010-08,34225
USA,item,2010-09,27957
USA,item,2010-10,36707
USA,item,2010-11,34324
USA,item,2010-12,34346
USA,item,2011-01,38267
USA,item,2011-02,33944
USA,item,2011-03,43236
USA,item,2011-04,34124
USA,item,2011-05,34105
USA,item,2011-06,39712
USA,item,2011-07,43187
USA,item,2011-08,34221
USA,item,2011-09,29821
USA,item,2011-10,36840
USA,item,2011-11,36701
USA,item,2011-12,36418
USA,item,2012-01,38922
USA,item,2012-02,41970
USA,item,2012-03,45720
USA,item,2012-04,35169
USA,item,2012-05,36739
USA,item,2012-06,43468
USA,item,2012-07,44265
USA,item,2012-08,36979
USA,item,2012-09,32008
USA,item,2012-10,38016
USA,item,2012-11,40170
USA,item,2012-12,43787
USA,item,2013-01,45736
USA,item,2013-02,40696
USA,item,2013-03,46881
USA,item,2013-04,38908
USA,item,2013-05,36909
USA,item,2013-06,45860
USA,item,2013-07,45176
USA,item,2013-08,39079
USA,item,2013-09,33741
USA,item,2013-10,37555
USA,item,2013-11,39620
USA,item,2013-12,41785
USA,item,2014-01,43746
USA,item,2014-02,44052
USA,item,2014-03,49729
USA,item,2014-04,36594
USA,item,2014-05,35355
USA,item,2014-06,41609
USA,item,2014-07,43508
USA,item,2014-08,38067
USA,item,2014-09,33053
USA,item,2014-10,36306
USA,item,2014-11,39705
USA,item,2014-12,43188
USA,item,2015-01,46845
USA,item,2015-02,42427
USA,item,2015-03,48341
USA,item,2015-04,36186
USA,item,2015-05,37117
USA,item,2015-06,44929
USA,item,2015-07,45139
USA,item,2015-08,39090
USA,item,2015-09,32749
USA,item,2015-10,39683
USA,item,2015-11,41457
USA,item,2015-12,45546
USA,item,2016-01,48852
USA,item,2016-02,42751
USA,item,2016-03,46658
USA,item,2016-04,39355
USA,item,2016-05,38422
USA,item,2016-06,46155
USA,item,2016-07,47089
USA,item,2016-08,38116
USA,item,2016-09,33262
USA,item,2016-10,40277
USA,item,2016-11,44971
USA,item,2016-12,50542
USA,item,2017-01,51562
USA,item,2017-02,49370
USA,item,2017-03,52107
USA,item,2017-04,40662
USA,item,2017-05,40789
USA,item,2017-06,52583
USA,item,2017-07,53111
USA,item,2017-08,41163
USA,item,2017-09,36834
USA,item,2017-10,40428
USA,item,2017-11,52454
USA,item,2017-12,54367
USA,item,2018-01,57991
USA,item,2018-02,54240
USA,item,2018-03,61354
USA,item,2018-04,50463
USA,item,2018-05,45553
USA,item,2018-06,57674
USA,item,2018-07,60786
USA,item,2018-08,46269
USA,item,2018-09,42379
USA,item,2018-10,46260
USA,item,2018-11,56184
USA,item,2018-12,64115
USA,item,2019-01,67151
USA,item,2019-02,56240
USA,item,2019-03,65415
USA,item,2019-04,54189
USA,item,2019-05,51455
USA,item,2019-06,67088
USA,item,2019-07,71343
USA,item,2019-08,54865
USA,item,2019-09,49493
USA,item,2019-10,52674
USA,item,2019-11,63363
USA,item,2019-12,76133
USA,item,2020-01,72577
USA,item,2020-02,37568
USA,item,2020-03,10408
USA,item,2020-04,13
USA,item,2020-05,34
USA,item,2020-06,130
USA,item,2020-07,360
USA,item,2020-08,400
USA,item,2020-09,356
USA,item,2020-10,407
USA,item,2020-11,414
USA,item,2020-12,515
USA,item,2021-01,509
USA,item,2021-02,387
USA,item,2021-03,423
USA,item,2021-04,563
USA,item,2021-05,254
USA,item,2021-06,206
USA,item,2021-07,685
USA,item,2021-08,828
USA,item,2021-09,652
USA,item,2021-10,840
USA,item,2021-11,1890
USA,item,2021-12,3720
USA,item,2022-01,2264
USA,item,2022-02,3775
USA,item,2022-03,5448
USA,item,2022-04,12001
USA,item,2022-05,19764
USA,item,2022-06,30990
USA,item,2022-07,39120
USA,item,2022-08,34497
USA,item,2022-09,34503
USA,item,2022-10,36734
USA,item,2022-11,45666
USA,item,2022-12,53688
USA,item,2023-01,50492
USA,item,2023-02,52830
USA,item,2023-03,54157
USA,item,2023-04,44779
USA,item,2023-05,50898
USA,item,2023-06,59074
USA,item,2023-07,64786
USA,item,2023-08,48489
USA,item,2023-09,46605
USA,item,2023-10,44140
USA,item,2023-11,58805
USA,item,2023-12,65946
USA,item,2024-01,62001
USA,item,2024-02,60340
USA,item,2024-03,64436
USA,item,2024-04,49724
USA,item,2024-05,54517
USA,item,2024-06,61411
USA,item,2024-07,65244
USA,item,2024-08,51082
USA,item,2024-09,47493
USA,item,2024-10,50339
USA,item,2024-11,61005
USA,item,2024-12,64842
USA,item,2025-01,70962
USA,item,2025-02,65777
USA,item,2025-03,68300
USA,item,2025-04,54197
USA,item,2025-05,47768
USA,item,2025-06,62920
USA,item,2025-07,67604
USA,item,2025-08,49956
USA,item,2025-09,44191
USA,item,2025-10,50146
USA,item,2025-11,63219
USA,item,2025-12,71933
USA,item,2026-01,71556
USA,item,2026-02,61861
USA,item,2026-03,73126
USA,item,2026-04,60189
USA,item,2026-05,50390
USA,item,2026-06,61082
United Arab Emirates,item,2008-01,2946
United Arab Emirates,item,2008-02,2439
United Arab Emirates,item,2008-03,3642
United Arab Emirates,item,2008-04,3491
United Arab Emirates,item,2008-05,3029
United Arab Emirates,item,2008-06,4625
United Arab Emirates,item,2008-07,8182
United Arab Emirates,item,2008-08,7253
United Arab Emirates,item,2008-09,3266
United Arab Emirates,item,2008-10,3898
United Arab Emirates,item,2008-11,3082
United Arab Emirates,item,2008-12,5317
United Arab Emirates,item,2009-01,3598
United Arab Emirates,item,2009-02,2678
United Arab Emirates,item,2009-03,3631
United Arab Emirates,item,2009-04,4177
United Arab Emirates,item,2009-05,3557
United Arab Emirates,item,2009-06,4115
United Arab Emirates,item,2009-07,6655
United Arab Emirates,item,2009-08,5466
United Arab Emirates,item,2009-09,3644
United Arab Emirates,item,2009-10,3078
United Arab Emirates,item,2009-11,4631
United Arab Emirates,item,2009-12,4299
United Arab Emirates,item,2010-01,3686
United Arab Emirates,item,2010-02,3036
United Arab Emirates,item,2010-03,3842
United Arab Emirates,item,2010-04,4301
United Arab Emirates,item,2010-05,3764
United Arab Emirates,item,2010-06,4620
United Arab Emirates,item,2010-07,8870
United Arab Emirates,item,2010-08,6133
United Arab Emirates,item,2010-09,4299
United Arab Emirates,item,2010-10,3683
United Arab Emirates,item,2010-11,5729
United Arab Emirates,item,2010-12,4513
United Arab Emirates,item,2011-01,3992
United Arab Emirates,item,2011-02,3429
United Arab Emirates,item,2011-03,4654
United Arab Emirates,item,2011-04,4447
United Arab Emirates,item,2011-05,4179
United Arab Emirates,item,2011-06,5064
United Arab Emirates,item,2011-07,9149
United Arab Emirates,item,2011-08,6637
United Arab Emirates,item,2011-09,4660
United Arab Emirates,item,2011-10,3710
United Arab Emirates,item,2011-11,6958
United Arab Emirates,item,2011-12,5857
United Arab Emirates,item,2012-01,3990
United Arab Emirates,item,2012-02,4211
United Arab Emirates,item,2012-03,6088
United Arab Emirates,item,2012-04,5282
United Arab Emirates,item,2012-05,4312
United Arab Emirates,item,2012-06,5716
United Arab Emirates,item,2012-07,7448
United Arab Emirates,item,2012-08,8068
United Arab Emirates,item,2012-09,4588
United Arab Emirates,item,2012-10,5100
United Arab Emirates,item,2012-11,4305
United Arab Emirates,item,2012-12,6444
United Arab Emirates,item,2013-01,4424
United Arab Emirates,item,2013-02,3873
United Arab Emirates,item,2013-03,6560
United Arab Emirates,item,2013-04,6582
United Arab Emirates,item,2013-05,4477
United Arab Emirates,item,2013-06,5375
United Arab Emirates,item,2013-07,6403
United Arab Emirates,item,2013-08,10701
United Arab Emirates,item,2013-09,5089
United Arab Emirates,item,2013-10,7356
United Arab Emirates,item,2013-11,4674
United Arab Emirates,item,2013-12,7039
United Arab Emirates,item,2014-01,3843
United Arab Emirates,item,2014-02,4072
United Arab Emirates,item,2014-03,6286
United Arab Emirates,item,2014-04,6512
United Arab Emirates,item,2014-05,4609
United Arab Emirates,item,2014-06,5676
United Arab Emirates,item,2014-07,8544
United Arab Emirates,item,2014-08,11862
United Arab Emirates,item,2014-09,5012
United Arab Emirates,item,2014-10,6704
United Arab Emirates,item,2014-11,4754
United Arab Emirates,item,2014-12,7868
United Arab Emirates,item,2015-01,4612
United Arab Emirates,item,2015-02,3871
United Arab Emirates,item,2015-03,7588
United Arab Emirates,item,2015-04,6628
United Arab Emirates,item,2015-05,5278
United Arab Emirates,item,2015-06,5101
United Arab Emirates,item,2015-07,10044
United Arab Emirates,item,2015-08,10164
United Arab Emirates,item,2015-09,6781
United Arab Emirates,item,2015-10,4984
United Arab Emirates,item,2015-11,5450
United Arab Emirates,item,2015-12,8192
United Arab Emirates,item,2016-01,5048
United Arab Emirates,item,2016-02,4470
United Arab Emirates,item,2016-03,8349
United Arab Emirates,item,2016-04,6712
United Arab Emirates,item,2016-05,5670
United Arab Emirates,item,2016-06,4478
United Arab Emirates,item,2016-07,11168
United Arab Emirates,item,2016-08,9881
United Arab Emirates,item,2016-09,7531
United Arab Emirates,item,2016-10,4527
United Arab Emirates,item,2016-11,4803
United Arab Emirates,item,2016-12,7575
United Arab Emirates,item,2017-01,4578
United Arab Emirates,item,2017-02,4834
United Arab Emirates,item,2017-03,8333
United Arab Emirates,item,2017-04,6122
United Arab Emirates,item,2017-05,5125
United Arab Emirates,item,2017-06,6688
United Arab Emirates,item,2017-07,9640
United Arab Emirates,item,2017-08,10315
United Arab Emirates,item,2017-09,5695
United Arab Emirates,item,2017-10,4922
United Arab Emirates,item,2017-11,5592
United Arab Emirates,item,2017-12,7163
United Arab Emirates,item,2018-01,4689
United Arab Emirates,item,2018-02,4311
United Arab Emirates,item,2018-03,8694
United Arab Emirates,item,2018-04,6215
United Arab Emirates,item,2018-05,4811
United Arab Emirates,item,2018-06,4969
United Arab Emirates,item,2018-07,9444
United Arab Emirates,item,2018-08,10476
United Arab Emirates,item,2018-09,5174
United Arab Emirates,item,2018-10,5129
United Arab Emirates,item,2018-11,5652
United Arab Emirates,item,2018-12,6704
United Arab Emirates,item,2019-01,4805
United Arab Emirates,item,2019-02,4409
United Arab Emirates,item,2019-03,7546
United Arab Emirates,item,2019-04,7716
United Arab Emirates,item,2019-05,5297
United Arab Emirates,item,2019-06,6917
United Arab Emirates,item,2019-07,9561
United Arab Emirates,item,2019-08,11049
United Arab Emirates,item,2019-09,5312
United Arab Emirates,item,2019-10,5338
United Arab Emirates,item,2019-11,6406
United Arab Emirates,item,2019-12,7174
United Arab Emirates,item,2020-01,4178
United Arab Emirates,item,2020-02,2268
United Arab Emirates,item,2020-03,587
United Arab Emirates,item,2020-04,2
United Arab Emirates,item,2020-05,1
United Arab Emirates,item,2020-06,19
United Arab Emirates,item,2020-07,75
United Arab Emirates,item,2020-08,44
United Arab Emirates,item,2020-09,69
United Arab Emirates,item,2020-10,73
United Arab Emirates,item,2020-11,48
United Arab Emirates,item,2020-12,93
United Arab Emirates,item,2021-01,70
United Arab Emirates,item,2021-02,58
United Arab Emirates,item,2021-03,67
United Arab Emirates,item,2021-04,59
United Arab Emirates,item,2021-05,42
United Arab Emirates,item,2021-06,22
United Arab Emirates,item,2021-07,42
United Arab Emirates,item,2021-08,78
United Arab Emirates,item,2021-09,82
United Arab Emirates,item,2021-10,127
United Arab Emirates,item,2021-11,152
United Arab Emirates,item,2021-12,141
United Arab Emirates,item,2022-01,110
United Arab Emirates,item,2022-02,203
United Arab Emirates,item,2022-03,1084
United Arab Emirates,item,2022-04,2539
United Arab Emirates,item,2022-05,3047
United Arab Emirates,item,2022-06,3012
United Arab Emirates,item,2022-07,6322
United Arab Emirates,item,2022-08,5974
United Arab Emirates,item,2022-09,4980
United Arab Emirates,item,2022-10,4671
United Arab Emirates,item,2022-11,4888
United Arab Emirates,item,2022-12,6135
United Arab Emirates,item,2023-01,4074
United Arab Emirates,item,2023-02,4971
United Arab Emirates,item,2023-03,6795
United Arab Emirates,item,2023-04,6714
United Arab Emirates,item,2023-05,5240
United Arab Emirates,item,2023-06,7525
United Arab Emirates,item,2023-07,9793
United Arab Emirates,item,2023-08,8749
United Arab Emirates,item,2023-09,6769
United Arab Emirates,item,2023-10,5534
United Arab Emirates,item,2023-11,5120
United Arab Emirates,item,2023-12,7156
United Arab Emirates,item,2024-01,4760
United Arab Emirates,item,2024-02,4985
United Arab Emirates,item,2024-03,7314
United Arab Emirates,item,2024-04,10554
United Arab Emirates,item,2024-05,5653
United Arab Emirates,item,2024-06,7172
United Arab Emirates,item,2024-07,11626
United Arab Emirates,item,2024-08,10764
United Arab Emirates,item,2024-09,7831
United Arab Emirates,item,2024-10,7301
United Arab Emirates,item,2024-11,6699
United Arab Emirates,item,2024-12,7869
United Arab Emirates,item,2025-01,5750
United Arab Emirates,item,2025-02,6240
United Arab Emirates,item,2025-03,9571
United Arab Emirates,item,2025-04,8860
United Arab Emirates,item,2025-05,7438
United Arab Emirates,item,2025-06,7971
United Arab Emirates,item,2025-07,12316
United Arab Emirates,item,2025-08,11549
United Arab Emirates,item,2025-09,8573
United Arab Emirates,item,2025-10,7900
United Arab Emirates,item,2025-11,7776
United Arab Emirates,item,2025-12,8593
United Arab Emirates,item,2026-01,5467
United Arab Emirates,item,2026-02,4897
United Arab Emirates,item,2026-03,8253
United Arab Emirates,item,2026-04,5381
United Arab Emirates,item,2026-05,8455
United Arab Emirates,item,2026-06,5524
United Kingdom,item,2008-01,47618
United Kingdom,item,2008-02,51188
United Kingdom,item,2008-03,61272
United Kingdom,item,2008-04,41655
United Kingdom,item,2008-05,29792
United Kingdom,item,2008-06,27584
United Kingdom,item,2008-07,33489
United Kingdom,item,2008-08,39102
United Kingdom,item,2008-09,34252
United Kingdom,item,2008-10,39729
United Kingdom,item,2008-11,43751
United Kingdom,item,2008-12,43612
United Kingdom,item,2009-01,41545
United Kingdom,item,2009-02,47261
United Kingdom,item,2009-03,52839
United Kingdom,item,2009-04,41624
United Kingdom,item,2009-05,29423
United Kingdom,item,2009-06,26545
United Kingdom,item,2009-07,34318
United Kingdom,item,2009-08,37583
United Kingdom,item,2009-09,34753
United Kingdom,item,2009-10,40669
United Kingdom,item,2009-11,43734
United Kingdom,item,2009-12,39590
United Kingdom,item,2010-01,44532
United Kingdom,item,2010-02,47583
United Kingdom,item,2010-03,54457
United Kingdom,item,2010-04,41364
United Kingdom,item,2010-05,29301
United Kingdom,item,2010-06,25742
United Kingdom,item,2010-07,31818
United Kingdom,item,2010-08,35000
United Kingdom,item,2010-09,31704
United Kingdom,item,2010-10,37587
United Kingdom,item,2010-11,43263
United Kingdom,item,2010-12,39570
United Kingdom,item,2011-01,41430
United Kingdom,item,2011-02,41679
United Kingdom,item,2011-03,49776
United Kingdom,item,2011-04,44974
United Kingdom,item,2011-05,28285
United Kingdom,item,2011-06,24474
United Kingdom,item,2011-07,30667
United Kingdom,item,2011-08,34980
United Kingdom,item,2011-09,33964
United Kingdom,item,2011-10,36372
United Kingdom,item,2011-11,39094
United Kingdom,item,2011-12,37068
United Kingdom,item,2012-01,40139
United Kingdom,item,2012-02,47150
United Kingdom,item,2012-03,52121
United Kingdom,item,2012-04,38489
United Kingdom,item,2012-05,26743
United Kingdom,item,2012-06,25663
United Kingdom,item,2012-07,31208
United Kingdom,item,2012-08,34351
United Kingdom,item,2012-09,34867
United Kingdom,item,2012-10,38087
United Kingdom,item,2012-11,39523
United Kingdom,item,2012-12,38331
United Kingdom,item,2013-01,42983
United Kingdom,item,2013-02,44608
United Kingdom,item,2013-03,52527
United Kingdom,item,2013-04,38620
United Kingdom,item,2013-05,27724
United Kingdom,item,2013-06,28866
United Kingdom,item,2013-07,35349
United Kingdom,item,2013-08,39533
United Kingdom,item,2013-09,36541
United Kingdom,item,2013-10,36491
United Kingdom,item,2013-11,39370
United Kingdom,item,2013-12,38994
United Kingdom,item,2014-01,42345
United Kingdom,item,2014-02,43998
United Kingdom,item,2014-03,49474
United Kingdom,item,2014-04,43708
United Kingdom,item,2014-05,27667
United Kingdom,item,2014-06,25135
United Kingdom,item,2014-07,32056
United Kingdom,item,2014-08,38360
United Kingdom,item,2014-09,35981
United Kingdom,item,2014-10,36986
United Kingdom,item,2014-11,37919
United Kingdom,item,2014-12,38438
United Kingdom,item,2015-01,44923
United Kingdom,item,2015-02,47051
United Kingdom,item,2015-03,50741
United Kingdom,item,2015-04,39822
United Kingdom,item,2015-05,28125
United Kingdom,item,2015-06,25543
United Kingdom,item,2015-07,36643
United Kingdom,item,2015-08,41077
United Kingdom,item,2015-09,37374
United Kingdom,item,2015-10,40871
United Kingdom,item,2015-11,42034
United Kingdom,item,2015-12,39757
United Kingdom,item,2016-01,48413
United Kingdom,item,2016-02,48378
United Kingdom,item,2016-03,54800
United Kingdom,item,2016-04,45552
United Kingdom,item,2016-05,27667
United Kingdom,item,2016-06,24413
United Kingdom,item,2016-07,37272
United Kingdom,item,2016-08,43301
United Kingdom,item,2016-09,36529
United Kingdom,item,2016-10,43841
United Kingdom,item,2016-11,39718
United Kingdom,item,2016-12,39465
United Kingdom,item,2017-01,46364
United Kingdom,item,2017-02,54456
United Kingdom,item,2017-03,58635
United Kingdom,item,2017-04,48170
United Kingdom,item,2017-05,30066
United Kingdom,item,2017-06,27974
United Kingdom,item,2017-07,38424
United Kingdom,item,2017-08,43467
United Kingdom,item,2017-09,42423
United Kingdom,item,2017-10,41920
United Kingdom,item,2017-11,45133
United Kingdom,item,2017-12,42007
United Kingdom,item,2018-01,51537
United Kingdom,item,2018-02,57901
United Kingdom,item,2018-03,68106
United Kingdom,item,2018-04,54566
United Kingdom,item,2018-05,33852
United Kingdom,item,2018-06,30952
United Kingdom,item,2018-07,44778
United Kingdom,item,2018-08,51036
United Kingdom,item,2018-09,53207
United Kingdom,item,2018-10,48279
United Kingdom,item,2018-11,48748
United Kingdom,item,2018-12,46047
United Kingdom,item,2019-01,59288
United Kingdom,item,2019-02,62481
United Kingdom,item,2019-03,66796
United Kingdom,item,2019-04,56004
United Kingdom,item,2019-05,34740
United Kingdom,item,2019-06,32813
United Kingdom,item,2019-07,43869
United Kingdom,item,2019-08,50718
United Kingdom,item,2019-09,49918
United Kingdom,item,2019-10,48679
United Kingdom,item,2019-11,48343
United Kingdom,item,2019-12,54172
United Kingdom,item,2020-01,61634
United Kingdom,item,2020-02,49475
United Kingdom,item,2020-03,20614
United Kingdom,item,2020-04,18
United Kingdom,item,2020-05,17
United Kingdom,item,2020-06,77
United Kingdom,item,2020-07,278
United Kingdom,item,2020-08,239
United Kingdom,item,2020-09,253
United Kingdom,item,2020-10,205
United Kingdom,item,2020-11,267
United Kingdom,item,2020-12,290
United Kingdom,item,2021-01,111
United Kingdom,item,2021-02,146
United Kingdom,item,2021-03,168
United Kingdom,item,2021-04,136
United Kingdom,item,2021-05,92
United Kingdom,item,2021-06,100
United Kingdom,item,2021-07,291
United Kingdom,item,2021-08,367
United Kingdom,item,2021-09,391
United Kingdom,item,2021-10,965
United Kingdom,item,2021-11,2117
United Kingdom,item,2021-12,3668
United Kingdom,item,2022-01,2362
United Kingdom,item,2022-02,3797
United Kingdom,item,2022-03,5498
United Kingdom,item,2022-04,10811
United Kingdom,item,2022-05,12737
United Kingdom,item,2022-06,14906
United Kingdom,item,2022-07,22493
United Kingdom,item,2022-08,27611
United Kingdom,item,2022-09,29963
United Kingdom,item,2022-10,30244
United Kingdom,item,2022-11,33269
United Kingdom,item,2022-12,33051
United Kingdom,item,2023-01,38123
United Kingdom,item,2023-02,45785
United Kingdom,item,2023-03,50330
United Kingdom,item,2023-04,41576
United Kingdom,item,2023-05,30608
United Kingdom,item,2023-06,24244
United Kingdom,item,2023-07,36886
United Kingdom,item,2023-08,41765
United Kingdom,item,2023-09,38715
United Kingdom,item,2023-10,36194
United Kingdom,item,2023-11,43195
United Kingdom,item,2023-12,46184
United Kingdom,item,2024-01,59049
United Kingdom,item,2024-02,68124
United Kingdom,item,2024-03,73495
United Kingdom,item,2024-04,47462
United Kingdom,item,2024-05,33172
United Kingdom,item,2024-06,28489
United Kingdom,item,2024-07,42188
United Kingdom,item,2024-08,47305
United Kingdom,item,2024-09,43032
United Kingdom,item,2024-10,43943
United Kingdom,item,2024-11,48607
United Kingdom,item,2024-12,44650
United Kingdom,item,2025-01,56474
United Kingdom,item,2025-02,60238
United Kingdom,item,2025-03,63276
United Kingdom,item,2025-04,56713
United Kingdom,item,2025-05,37413
United Kingdom,item,2025-06,30327
United Kingdom,item,2025-07,47971
United Kingdom,item,2025-08,53247
United Kingdom,item,2025-09,39297
United Kingdom,item,2025-10,47267
United Kingdom,item,2025-11,49373
United Kingdom,item,2025-12,45763
United Kingdom,item,2026-01,55561
United Kingdom,item,2026-02,57892
United Kingdom,item,2026-03,60544
United Kingdom,item,2026-04,47870
United Kingdom,item,2026-05,31879
United Kingdom,item,2026-06,27780
Vietnam,item,2008-01,12927
Vietnam,item,2008-02,17171
Vietnam,item,2008-03,17961
Vietnam,item,2008-04,19097
Vietnam,item,2008-05,18193
Vietnam,item,2008-06,27272
Vietnam,item,2008-07,29462
Vietnam,item,2008-08,24828
Vietnam,item,2008-09,16065
Vietnam,item,2008-10,18719
Vietnam,item,2008-11,17701
Vietnam,item,2008-12,19903
Vietnam,item,2009-01,19870
Vietnam,item,2009-02,19292
Vietnam,item,2009-03,18307
Vietnam,item,2009-04,21663
Vietnam,item,2009-05,20397
Vietnam,item,2009-06,28171
Vietnam,item,2009-07,32814
Vietnam,item,2009-08,24506
Vietnam,item,2009-09,17520
Vietnam,item,2009-10,20939
Vietnam,item,2009-11,19905
Vietnam,item,2009-12,22030
Vietnam,item,2010-01,19109
Vietnam,item,2010-02,20478
Vietnam,item,2010-03,21338
Vietnam,item,2010-04,26681
Vietnam,item,2010-05,26153
Vietnam,item,2010-06,35590
Vietnam,item,2010-07,43861
Vietnam,item,2010-08,32844
Vietnam,item,2010-09,24338
Vietnam,item,2010-10,24692
Vietnam,item,2010-11,21246
Vietnam,item,2010-12,26550
Vietnam,item,2011-01,19704
Vietnam,item,2011-02,26850
Vietnam,item,2011-03,23756
Vietnam,item,2011-04,24152
Vietnam,item,2011-05,24500
Vietnam,item,2011-06,36751
Vietnam,item,2011-07,45542
Vietnam,item,2011-08,30612
Vietnam,item,2011-09,26678
Vietnam,item,2011-10,23285
Vietnam,item,2011-11,23406
Vietnam,item,2011-12,26995
Vietnam,item,2012-01,27160
Vietnam,item,2012-02,26059
Vietnam,item,2012-03,28214
Vietnam,item,2012-04,29837
Vietnam,item,2012-05,30562
Vietnam,item,2012-06,39560
Vietnam,item,2012-07,46521
Vietnam,item,2012-08,33230
Vietnam,item,2012-09,25917
Vietnam,item,2012-10,25749
Vietnam,item,2012-11,25249
Vietnam,item,2012-12,28176
Vietnam,item,2013-01,22879
Vietnam,item,2013-02,28981
Vietnam,item,2013-03,27732
Vietnam,item,2013-04,31863
Vietnam,item,2013-05,30496
Vietnam,item,2013-06,42194
Vietnam,item,2013-07,47834
Vietnam,item,2013-08,34980
Vietnam,item,2013-09,28276
Vietnam,item,2013-10,29011
Vietnam,item,2013-11,27353
Vietnam,item,2013-12,28896
Vietnam,item,2014-01,26071
Vietnam,item,2014-02,33053
Vietnam,item,2014-03,31060
Vietnam,item,2014-04,30234
Vietnam,item,2014-05,36630
Vietnam,item,2014-06,48999
Vietnam,item,2014-07,55951
Vietnam,item,2014-08,41775
Vietnam,item,2014-09,28960
Vietnam,item,2014-10,30552
Vietnam,item,2014-11,29938
Vietnam,item,2014-12,31185
Vietnam,item,2015-01,28632
Vietnam,item,2015-02,28150
Vietnam,item,2015-03,30907
Vietnam,item,2015-04,36472
Vietnam,item,2015-05,35974
Vietnam,item,2015-06,45490
Vietnam,item,2015-07,54711
Vietnam,item,2015-08,39519
Vietnam,item,2015-09,28282
Vietnam,item,2015-10,30686
Vietnam,item,2015-11,29284
Vietnam,item,2015-12,30159
Vietnam,item,2016-01,29145
Vietnam,item,2016-02,35731
Vietnam,item,2016-03,33122
Vietnam,item,2016-04,38398
Vietnam,item,2016-05,40046
Vietnam,item,2016-06,52449
Vietnam,item,2016-07,59800
Vietnam,item,2016-08,46773
Vietnam,item,2016-09,32777
Vietnam,item,2016-10,32192
Vietnam,item,2016-11,33482
Vietnam,item,2016-12,35494
Vietnam,item,2017-01,35367
Vietnam,item,2017-02,34586
Vietnam,item,2017-03,37887
Vietnam,item,2017-04,39370
Vietnam,item,2017-05,43434
Vietnam,item,2017-06,62831
Vietnam,item,2017-07,71153
Vietnam,item,2017-08,51866
Vietnam,item,2017-09,40270
Vietnam,item,2017-10,39013
Vietnam,item,2017-11,36964
Vietnam,item,2017-12,38618
Vietnam,item,2018-01,35882
Vietnam,item,2018-02,42823
Vietnam,item,2018-03,41109
Vietnam,item,2018-04,48758
Vietnam,item,2018-05,53025
Vietnam,item,2018-06,69697
Vietnam,item,2018-07,79816
Vietnam,item,2018-08,60051
Vietnam,item,2018-09,43407
Vietnam,item,2018-10,41185
Vietnam,item,2018-11,38089
Vietnam,item,2018-12,37772
Vietnam,item,2019-01,32747
Vietnam,item,2019-02,44283
Vietnam,item,2019-03,41153
Vietnam,item,2019-04,45613
Vietnam,item,2019-05,49071
Vietnam,item,2019-06,72441
Vietnam,item,2019-07,78515
Vietnam,item,2019-08,59034
Vietnam,item,2019-09,44012
Vietnam,item,2019-10,41501
Vietnam,item,2019-11,45125
Vietnam,item,2019-12,38451
Vietnam,item,2020-01,46350
Vietnam,item,2020-02,19791
Vietnam,item,2020-03,5390
Vietnam,item,2020-04,5
Vietnam,item,2020-05,11
Vietnam,item,2020-06,40
Vietnam,item,2020-07,169
Vietnam,item,2020-08,230
Vietnam,item,2020-09,310
Vietnam,item,2020-10,759
Vietnam,item,2020-11,566
Vietnam,item,2020-12,803
Vietnam,item,2021-01,553
Vietnam,item,2021-02,286
Vietnam,item,2021-03,363
Vietnam,item,2021-04,239
Vietnam,item,2021-05,147
Vietnam,item,2021-06,36
Vietnam,item,2021-07,116
Vietnam,item,2021-08,89
Vietnam,item,2021-09,104
Vietnam,item,2021-10,264
Vietnam,item,2021-11,407
Vietnam,item,2021-12,840
Vietnam,item,2022-01,627
Vietnam,item,2022-02,1055
Vietnam,item,2022-03,2932
Vietnam,item,2022-04,16657
Vietnam,item,2022-05,21570
Vietnam,item,2022-06,36857
Vietnam,item,2022-07,48870
Vietnam,item,2022-08,48939
Vietnam,item,2022-09,41129
Vietnam,item,2022-10,36242
Vietnam,item,2022-11,30175
Vietnam,item,2022-12,27661
Vietnam,item,2023-01,31824
Vietnam,item,2023-02,27896
Vietnam,item,2023-03,31347
Vietnam,item,2023-04,36630
Vietnam,item,2023-05,50765
Vietnam,item,2023-06,48924
Vietnam,item,2023-07,60188
Vietnam,item,2023-08,51381
Vietnam,item,2023-09,34736
Vietnam,item,2023-10,32730
Vietnam,item,2023-11,27484
Vietnam,item,2023-12,24680
Vietnam,item,2024-01,25911
Vietnam,item,2024-02,31777
Vietnam,item,2024-03,35360
Vietnam,item,2024-04,30809
Vietnam,item,2024-05,31221
Vietnam,item,2024-06,42368
Vietnam,item,2024-07,50619
Vietnam,item,2024-08,43400
Vietnam,item,2024-09,27636
Vietnam,item,2024-10,27140
Vietnam,item,2024-11,24350
Vietnam,item,2024-12,22642
Vietnam,item,2025-01,26655
Vietnam,item,2025-02,23212
Vietnam,item,2025-03,23240
Vietnam,item,2025-04,26579
Vietnam,item,2025-05,30069
Vietnam,item,2025-06,37168
Vietnam,item,2025-07,45102
Vietnam,item,2025-08,37835
Vietnam,item,2025-09,23385
Vietnam,item,2025-10,26319
Vietnam,item,2025-11,24030
Vietnam,item,2025-12,20694
Vietnam,item,2026-01,22708
Vietnam,item,2026-02,27258
Vietnam,item,2026-03,22710
Vietnam,item,2026-04,26215
Vietnam,item,2026-05,24778
Vietnam,item,2026-06,40051
West Asia,group,2008-01,7206
West Asia,group,2008-02,6882
West Asia,group,2008-03,13567
West Asia,group,2008-04,7158
West Asia,group,2008-05,6135
West Asia,group,2008-06,9461
West Asia,group,2008-07,15161
West Asia,group,2008-08,15263
West Asia,group,2008-09,6922
West Asia,group,2008-10,8528
West Asia,group,2008-11,7112
West Asia,group,2008-12,10542
West Asia,group,2009-01,7109
West Asia,group,2009-02,7176
West Asia,group,2009-03,14730
West Asia,group,2009-04,7817
West Asia,group,2009-05,7251
West Asia,group,2009-06,9494
West Asia,group,2009-07,14654
West Asia,group,2009-08,12389
West Asia,group,2009-09,8743
West Asia,group,2009-10,7365
West Asia,group,2009-11,10364
West Asia,group,2009-12,9917
West Asia,group,2010-01,8796
West Asia,group,2010-02,10370
West Asia,group,2010-03,17358
West Asia,group,2010-04,9170
West Asia,group,2010-05,8692
West Asia,group,2010-06,11631
West Asia,group,2010-07,20156
West Asia,group,2010-08,13658
West Asia,group,2010-09,12752
West Asia,group,2010-10,9647
West Asia,group,2010-11,13507
West Asia,group,2010-12,10819
West Asia,group,2011-01,10097
West Asia,group,2011-02,10652
West Asia,group,2011-03,17157
West Asia,group,2011-04,9340
West Asia,group,2011-05,9512
West Asia,group,2011-06,12476
West Asia,group,2011-07,22187
West Asia,group,2011-08,13462
West Asia,group,2011-09,13020
West Asia,group,2011-10,9542
West Asia,group,2011-11,14584
West Asia,group,2011-12,12264
West Asia,group,2012-01,10230
West Asia,group,2012-02,10478
West Asia,group,2012-03,15711
West Asia,group,2012-04,10029
West Asia,group,2012-05,8702
West Asia,group,2012-06,14077
West Asia,group,2012-07,15998
West Asia,group,2012-08,16915
West Asia,group,2012-09,10867
West Asia,group,2012-10,12244
West Asia,group,2012-11,9208
West Asia,group,2012-12,12180
West Asia,group,2013-01,10529
West Asia,group,2013-02,9734
West Asia,group,2013-03,14304
West Asia,group,2013-04,11626
West Asia,group,2013-05,8816
West Asia,group,2013-06,13492
West Asia,group,2013-07,12094
West Asia,group,2013-08,24739
West Asia,group,2013-09,11861
West Asia,group,2013-10,15847
West Asia,group,2013-11,9690
West Asia,group,2013-12,14064
West Asia,group,2014-01,11464
West Asia,group,2014-02,11577
West Asia,group,2014-03,15614
West Asia,group,2014-04,12344
West Asia,group,2014-05,9852
West Asia,group,2014-06,12928
West Asia,group,2014-07,16438
West Asia,group,2014-08,27567
West Asia,group,2014-09,11961
West Asia,group,2014-10,14898
West Asia,group,2014-11,10844
West Asia,group,2014-12,14667
West Asia,group,2015-01,13037
West Asia,group,2015-02,9073
West Asia,group,2015-03,16316
West Asia,group,2015-04,12262
West Asia,group,2015-05,10058
West Asia,group,2015-06,9962
West Asia,group,2015-07,20337
West Asia,group,2015-08,22048
West Asia,group,2015-09,15313
West Asia,group,2015-10,10882
West Asia,group,2015-11,11096
West Asia,group,2015-12,15497
West Asia,group,2016-01,14073
West Asia,group,2016-02,11158
West Asia,group,2016-03,20822
West Asia,group,2016-04,12264
West Asia,group,2016-05,11708
West Asia,group,2016-06,8629
West Asia,group,2016-07,24247
West Asia,group,2016-08,22592
West Asia,group,2016-09,17859
West Asia,group,2016-10,11017
West Asia,group,2016-11,11281
West Asia,group,2016-12,14895
West Asia,group,2017-01,12581
West Asia,group,2017-02,11749
West Asia,group,2017-03,22042
West Asia,group,2017-04,12708
West Asia,group,2017-05,10189
West Asia,group,2017-06,12753
West Asia,group,2017-07,20463
West Asia,group,2017-08,21152
West Asia,group,2017-09,13738
West Asia,group,2017-10,11036
West Asia,group,2017-11,11524
West Asia,group,2017-12,14639
West Asia,group,2018-01,13833
West Asia,group,2018-02,11038
West Asia,group,2018-03,20025
West Asia,group,2018-04,12030
West Asia,group,2018-05,8787
West Asia,group,2018-06,11585
West Asia,group,2018-07,19564
West Asia,group,2018-08,21407
West Asia,group,2018-09,11098
West Asia,group,2018-10,10437
West Asia,group,2018-11,10396
West Asia,group,2018-12,13458
West Asia,group,2019-01,11527
West Asia,group,2019-02,9935
West Asia,group,2019-03,15025
West Asia,group,2019-04,14102
West Asia,group,2019-05,8729
West Asia,group,2019-06,14877
West Asia,group,2019-07,20611
West Asia,group,2019-08,22847
West Asia,group,2019-09,11778
West Asia,group,2019-10,12276
West Asia,group,2019-11,12438
West Asia,group,2019-12,14757
West Asia,group,2020-01,13545
West Asia,group,2020-02,5452
West Asia,group,2020-03,1019
West Asia,group,2020-04,8
West Asia,group,2020-05,6
West Asia,group,2020-06,25
West Asia,group,2020-07,136
West Asia,group,2020-08,92
West Asia,group,2020-09,117
West Asia,group,2020-10,128
West Asia,group,2020-11,112
West Asia,group,2020-12,175
West Asia,group,2021-01,141
West Asia,group,2021-02,94
West Asia,group,2021-03,142
West Asia,group,2021-04,150
West Asia,group,2021-05,108
West Asia,group,2021-06,57
West Asia,group,2021-07,143
West Asia,group,2021-08,207
West Asia,group,2021-09,158
West Asia,group,2021-10,313
West Asia,group,2021-11,373
West Asia,group,2021-12,361
West Asia,group,2022-01,288
West Asia,group,2022-02,620
West Asia,group,2022-03,1721
West Asia,group,2022-04,3997
West Asia,group,2022-05,5283
West Asia,group,2022-06,5839
West Asia,group,2022-07,12301
West Asia,group,2022-08,11241
West Asia,group,2022-09,9810
West Asia,group,2022-10,9382
West Asia,group,2022-11,9139
West Asia,group,2022-12,10007
West Asia,group,2023-01,8180
West Asia,group,2023-02,9159
West Asia,group,2023-03,12923
West Asia,group,2023-04,11604
West Asia,group,2023-05,9408
West Asia,group,2023-06,15806
West Asia,group,2023-07,22773
West Asia,group,2023-08,19790
West Asia,group,2023-09,13928
West Asia,group,2023-10,11379
West Asia,group,2023-11,10698
West Asia,group,2023-12,12730
West Asia,group,2024-01,11378
West Asia,group,2024-02,11501
West Asia,group,2024-03,13595
West Asia,group,2024-04,17512
West Asia,group,2024-05,10967
West Asia,group,2024-06,16711
West Asia,group,2024-07,23725
West Asia,group,2024-08,21344
West Asia,group,2024-09,15370
West Asia,group,2024-10,14707
West Asia,group,2024-11,15092
West Asia,group,2024-12,15103
West Asia,group,2025-01,13666
West Asia,group,2025-02,13566
West Asia,group,2025-03,17669
West Asia,group,2025-04,16714
West Asia,group,2025-05,13493
West Asia,group,2025-06,17308
West Asia,group,2025-07,25518
West Asia,group,2025-08,24000
West Asia,group,2025-09,16083
West Asia,group,2025-10,16177
West Asia,group,2025-11,16330
West Asia,group,2025-12,16076
West Asia,group,2026-01,14053
West Asia,group,2026-02,10236
West Asia,group,2026-03,11590
West Asia,group,2026-04,9172
West Asia,group,2026-05,13932
West Asia,group,2026-06,11630
