year,region,residence,metric,unit,value
2025,TOTAL,TOTAL,Alone,%,38.0
2025,TOTAL,TOTAL,Amongst Those Who Didn’t Travel Alone | Friends,%,19.0
2025,TOTAL,TOTAL,Amongst Those Who Didn’t Travel Alone | Children Aged 19 Years And Below,%,16.0
2025,TOTAL,TOTAL,Amongst Those Who Didn’t Travel Alone | Parents/  Parents-in-Law,%,14.0
2025,TOTAL,TOTAL,Amongst Those Who Didn’t Travel Alone | Siblings,%,10.0
2025,TOTAL,TOTAL,Amongst Those Who Didn’t Travel Alone | Spouse/ Partner/ Boyfriend/ Girlfriend,%,49.0
2025,TOTAL,TOTAL,Amongst Those Who Didn’t Travel Alone | Business Associates/ Colleagues,%,7.0
2025,TOTAL,TOTAL,Amongst Those Who Didn’t Travel Alone | Relatives,%,6.0
2025,TOTAL,TOTAL,Amongst Those Who Didn’t Travel Alone | Children Aged Above 19 Years,%,5.0
2025,TOTAL,TOTAL,Average Family Size4 (Persons),%,2.7
2025,TOTAL,TOTAL,Average Party Size (Persons),%,2.3
2024,TOTAL,TOTAL,Alone,%,36.0
2024,TOTAL,TOTAL,Amongst Those Who Didn’t Travel Alone | Spouse,%,45.0
2024,TOTAL,TOTAL,Amongst Those Who Didn’t Travel Alone | Friends,%,18.0
2024,TOTAL,TOTAL,Amongst Those Who Didn’t Travel Alone | Children Aged 19 Years And Below,%,16.0
2024,TOTAL,TOTAL,Amongst Those Who Didn’t Travel Alone | Parents/  Parents-in-Law,%,11.0
2024,TOTAL,TOTAL,Amongst Those Who Didn’t Travel Alone | Siblings,%,8.0
2024,TOTAL,TOTAL,Amongst Those Who Didn’t Travel Alone | Partner/ Boyfriend/ Girlfriend,%,8.0
2024,TOTAL,TOTAL,Amongst Those Who Didn’t Travel Alone | Business Associates/ Colleagues,%,7.0
2024,TOTAL,TOTAL,Amongst Those Who Didn’t Travel Alone | Relatives,%,7.0
2024,TOTAL,TOTAL,Amongst Those Who Didn’t Travel Alone | Children Aged Above 19 Years,%,6.0
2024,TOTAL,TOTAL,Average Family Size4 (Persons),%,2.9
2024,TOTAL,TOTAL,Average Party Size (Persons),%,2.4
2023,TOTAL,TOTAL,Alone,%,38.0
2023,TOTAL,TOTAL,Amongst Those Who Didn’t Travel Alone | Spouse,%,41.0
2023,TOTAL,TOTAL,Amongst Those Who Didn’t Travel Alone | Friends,%,19.0
2023,TOTAL,TOTAL,Amongst Those Who Didn’t Travel Alone | Children Aged 19 Years And Below,%,14.0
2023,TOTAL,TOTAL,Amongst Those Who Didn’t Travel Alone | Parents/  Parents-in-Law,%,14.0
2023,TOTAL,TOTAL,Amongst Those Who Didn’t Travel Alone | Siblings,%,10.0
2023,TOTAL,TOTAL,Amongst Those Who Didn’t Travel Alone | Partner/ Boyfriend/ Girlfriend,%,8.0
2023,TOTAL,TOTAL,Amongst Those Who Didn’t Travel Alone | Business Associates/ Colleagues,%,7.0
2023,TOTAL,TOTAL,Amongst Those Who Didn’t Travel Alone | Relatives,%,6.0
2023,TOTAL,TOTAL,Amongst Those Who Didn’t Travel Alone | Children Aged Above 19 Years,%,4.0
2023,TOTAL,TOTAL,Average Family Size4 (Persons),%,3.0
2023,TOTAL,TOTAL,Average Party Size (Persons),%,2.6
2019,TOTAL,TOTAL,Alone,%,32.21191572296153
2019,TOTAL,TOTAL,Amongst Those Who Didn’t Travel Alone | Spouse,%,51.52005029470136
2019,TOTAL,TOTAL,Amongst Those Who Didn’t Travel Alone | Friends,%,17.385800636380555
2019,TOTAL,TOTAL,Amongst Those Who Didn’t Travel Alone | Children Aged 19 Years And Below,%,16.762096613136478
2019,TOTAL,TOTAL,Amongst Those Who Didn’t Travel Alone | Parents/  Parents-in-Law,%,12.564143583237556
2019,TOTAL,TOTAL,Amongst Those Who Didn’t Travel Alone | Siblings,%,7.314543979085703
2019,TOTAL,TOTAL,Amongst Those Who Didn’t Travel Alone | Partner/ Boyfriend/ Girlfriend,%,6.680682575506368
2019,TOTAL,TOTAL,Amongst Those Who Didn’t Travel Alone | Business Associates/ Colleagues,%,5.63174745180028
2019,TOTAL,TOTAL,Amongst Those Who Didn’t Travel Alone | Relatives,%,5.2356856805663
2019,TOTAL,TOTAL,Amongst Those Who Didn’t Travel Alone | Children Aged Above 19 Years,%,4.046458175503998
2019,TOTAL,TOTAL,Average Family Size4 (Persons),%,2.781143752868475
2019,TOTAL,TOTAL,Average Party Size (Persons),%,2.560958944625706
2018,TOTAL,TOTAL,Alone,%,34.0
2018,TOTAL,TOTAL,Amongst Those Who Didn’t Travel Alone | Spouse,%,50.0
2018,TOTAL,TOTAL,Amongst Those Who Didn’t Travel Alone | Friends,%,17.0
2018,TOTAL,TOTAL,Amongst Those Who Didn’t Travel Alone | Children Aged 19 Years And Below,%,16.0
2018,TOTAL,TOTAL,Amongst Those Who Didn’t Travel Alone | Parents/  Parents-in-Law,%,13.0
2018,TOTAL,TOTAL,Amongst Those Who Didn’t Travel Alone | Siblings,%,8.0
2018,TOTAL,TOTAL,Amongst Those Who Didn’t Travel Alone | Partner/ Boyfriend/ Girlfriend,%,6.0
2018,TOTAL,TOTAL,Amongst Those Who Didn’t Travel Alone | Business Associates/ Colleagues,%,7.0
2018,TOTAL,TOTAL,Amongst Those Who Didn’t Travel Alone | Relatives,%,5.0
2018,TOTAL,TOTAL,Amongst Those Who Didn’t Travel Alone | Children Aged Above 19 Years,%,3.0
2018,TOTAL,TOTAL,Average Family Size4 (Persons),%,2.8
2018,TOTAL,TOTAL,Average Party Size (Persons),%,2.7
2017,TOTAL,TOTAL,Alone,%,30.0
2017,TOTAL,TOTAL,Amongst Those Who Didn’t Travel Alone | Spouse,%,56.0
2017,TOTAL,TOTAL,Amongst Those Who Didn’t Travel Alone | Friends,%,17.0
2017,TOTAL,TOTAL,Amongst Those Who Didn’t Travel Alone | Children Aged 19 Years And Below,%,12.0
2017,TOTAL,TOTAL,Amongst Those Who Didn’t Travel Alone | Parents/  Parents-in-Law,%,12.0
2017,TOTAL,TOTAL,Amongst Those Who Didn’t Travel Alone | Siblings,%,7.0
2017,TOTAL,TOTAL,Amongst Those Who Didn’t Travel Alone | Partner/ Boyfriend/ Girlfriend,%,6.0
2017,TOTAL,TOTAL,Amongst Those Who Didn’t Travel Alone | Business Associates/ Colleagues,%,6.0
2017,TOTAL,TOTAL,Amongst Those Who Didn’t Travel Alone | Relatives,%,4.0
2017,TOTAL,TOTAL,Amongst Those Who Didn’t Travel Alone | Children Aged Above 19 Years,%,3.0
2017,TOTAL,TOTAL,Average Family Size4 (Persons),%,2.9
2017,TOTAL,TOTAL,Average Party Size (Persons),%,2.9
2016,TOTAL,TOTAL,Alone,%,24.0
2016,TOTAL,TOTAL,Amongst Those Who Didn’t Travel Alone | Spouse,%,59.0
2016,TOTAL,TOTAL,Amongst Those Who Didn’t Travel Alone | Friends,%,18.0
2016,TOTAL,TOTAL,Amongst Those Who Didn’t Travel Alone | Children Aged 19 Years And Below,%,9.0
2016,TOTAL,TOTAL,Amongst Those Who Didn’t Travel Alone | Parents/  Parents-in-Law,%,5.0
2016,TOTAL,TOTAL,Amongst Those Who Didn’t Travel Alone | Siblings,%,10.0
2016,TOTAL,TOTAL,Amongst Those Who Didn’t Travel Alone | Partner/ Boyfriend/ Girlfriend,%,6.0
2016,TOTAL,TOTAL,Amongst Those Who Didn’t Travel Alone | Business Associates/ Colleagues,%,3.0
2016,TOTAL,TOTAL,Amongst Those Who Didn’t Travel Alone | Relatives,%,7.0
2016,TOTAL,TOTAL,Amongst Those Who Didn’t Travel Alone | Children Aged Above 19 Years,%,6.0
2016,TOTAL,TOTAL,Average Family Size4 (Persons),%,2.8
2016,TOTAL,TOTAL,Average Party Size (Persons),%,3.0
2015,TOTAL,TOTAL,Alone,%,35.0
2015,TOTAL,TOTAL,Amongst Those Who Didn’t Travel Alone | Spouse,%,44.0
2015,TOTAL,TOTAL,Amongst Those Who Didn’t Travel Alone | Friends,%,15.0
2015,TOTAL,TOTAL,Amongst Those Who Didn’t Travel Alone | Children Aged 19 Years And Below,%,17.0
2015,TOTAL,TOTAL,Amongst Those Who Didn’t Travel Alone | Parents/  Parents-in-Law,%,12.0
2015,TOTAL,TOTAL,Amongst Those Who Didn’t Travel Alone | Siblings,%,8.0
2015,TOTAL,TOTAL,Amongst Those Who Didn’t Travel Alone | Partner/ Boyfriend/ Girlfriend,%,5.0
2015,TOTAL,TOTAL,Amongst Those Who Didn’t Travel Alone | Business Associates/ Colleagues,%,11.0
2015,TOTAL,TOTAL,Amongst Those Who Didn’t Travel Alone | Relatives,%,5.0
2015,TOTAL,TOTAL,Amongst Those Who Didn’t Travel Alone | Children Aged Above 19 Years,%,3.0
2015,TOTAL,TOTAL,Average Family Size4 (Persons),%,2.8
2015,TOTAL,TOTAL,Average Party Size (Persons),%,4.0
2014,TOTAL,TOTAL,Alone,%,35.0
2014,TOTAL,TOTAL,Amongst Those Who Didn’t Travel Alone | Spouse,%,45.0
2014,TOTAL,TOTAL,Amongst Those Who Didn’t Travel Alone | Friends,%,15.0
2014,TOTAL,TOTAL,Amongst Those Who Didn’t Travel Alone | Children Aged 19 Years And Below,%,15.0
2014,TOTAL,TOTAL,Amongst Those Who Didn’t Travel Alone | Parents/  Parents-in-Law,%,12.0
2014,TOTAL,TOTAL,Amongst Those Who Didn’t Travel Alone | Siblings,%,8.0
2014,TOTAL,TOTAL,Amongst Those Who Didn’t Travel Alone | Partner/ Boyfriend/ Girlfriend,%,5.0
2014,TOTAL,TOTAL,Amongst Those Who Didn’t Travel Alone | Business Associates/ Colleagues,%,12.0
2014,TOTAL,TOTAL,Amongst Those Who Didn’t Travel Alone | Relatives,%,7.0
2014,TOTAL,TOTAL,Amongst Those Who Didn’t Travel Alone | Children Aged Above 19 Years,%,4.0
2014,TOTAL,TOTAL,Average Family Size4 (Persons),%,2.7
2014,TOTAL,TOTAL,Average Party Size (Persons),%,4.1
2013,TOTAL,TOTAL,Alone,%,36.0
2013,TOTAL,TOTAL,Amongst Those Who Didn’t Travel Alone | Spouse,%,49.0
2013,TOTAL,TOTAL,Amongst Those Who Didn’t Travel Alone | Friends,%,13.0
2013,TOTAL,TOTAL,Amongst Those Who Didn’t Travel Alone | Children Aged 19 Years And Below,%,12.0
2013,TOTAL,TOTAL,Amongst Those Who Didn’t Travel Alone | Parents/  Parents-in-Law,%,10.0
2013,TOTAL,TOTAL,Amongst Those Who Didn’t Travel Alone | Siblings,%,7.0
2013,TOTAL,TOTAL,Amongst Those Who Didn’t Travel Alone | Partner/ Boyfriend/ Girlfriend,%,4.0
2013,TOTAL,TOTAL,Amongst Those Who Didn’t Travel Alone | Business Associates/ Colleagues,%,11.0
2013,TOTAL,TOTAL,Amongst Those Who Didn’t Travel Alone | Relatives,%,6.0
2013,TOTAL,TOTAL,Amongst Those Who Didn’t Travel Alone | Children Aged Above 19 Years,%,3.0
2013,TOTAL,TOTAL,Average Family Size4 (Persons),%,2.6
2013,TOTAL,TOTAL,Average Party Size (Persons),%,3.4
2012,TOTAL,TOTAL,Alone,%,37.0
2012,TOTAL,TOTAL,Amongst Those Who Didn’t Travel Alone | Spouse,%,44.0
2012,TOTAL,TOTAL,Amongst Those Who Didn’t Travel Alone | Friends,%,15.0
2012,TOTAL,TOTAL,Amongst Those Who Didn’t Travel Alone | Children Aged 19 Years And Below,%,12.0
2012,TOTAL,TOTAL,Amongst Those Who Didn’t Travel Alone | Parents/  Parents-in-Law,%,11.0
2012,TOTAL,TOTAL,Amongst Those Who Didn’t Travel Alone | Siblings,%,7.0
2012,TOTAL,TOTAL,Amongst Those Who Didn’t Travel Alone | Partner/ Boyfriend/ Girlfriend,%,4.0
2012,TOTAL,TOTAL,Amongst Those Who Didn’t Travel Alone | Business Associates/ Colleagues,%,10.0
2012,TOTAL,TOTAL,Amongst Those Who Didn’t Travel Alone | Relatives,%,5.0
2012,TOTAL,TOTAL,Amongst Those Who Didn’t Travel Alone | Children Aged Above 19 Years,%,3.0
2012,TOTAL,TOTAL,Average Family Size4 (Persons),%,2.6
2012,TOTAL,TOTAL,Average Party Size (Persons),%,4.6
2011,TOTAL,TOTAL,Alone,%,41.0
2011,TOTAL,TOTAL,Amongst Those Who Didn’t Travel Alone | Spouse,%,46.0
2011,TOTAL,TOTAL,Amongst Those Who Didn’t Travel Alone | Friends,%,14.0
2011,TOTAL,TOTAL,Amongst Those Who Didn’t Travel Alone | Children Aged 19 Years And Below,%,15.0
2011,TOTAL,TOTAL,Amongst Those Who Didn’t Travel Alone | Parents/  Parents-in-Law,%,13.0
2011,TOTAL,TOTAL,Amongst Those Who Didn’t Travel Alone | Siblings,%,7.0
2011,TOTAL,TOTAL,Amongst Those Who Didn’t Travel Alone | Partner/ Boyfriend/ Girlfriend,%,5.0
2011,TOTAL,TOTAL,Amongst Those Who Didn’t Travel Alone | Business Associates/ Colleagues,%,11.0
2011,TOTAL,TOTAL,Amongst Those Who Didn’t Travel Alone | Relatives,%,7.0
2011,TOTAL,TOTAL,Amongst Those Who Didn’t Travel Alone | Children Aged Above 19 Years,%,4.0
2011,TOTAL,TOTAL,Average Family Size4 (Persons),%,2.8
2011,TOTAL,TOTAL,Average Party Size (Persons),%,3.5
2010,TOTAL,TOTAL,Alone,%,44.0
2010,TOTAL,TOTAL,Amongst Those Who Didn’t Travel Alone | Spouse,%,45.0
2010,TOTAL,TOTAL,Amongst Those Who Didn’t Travel Alone | Friends,%,14.0
2010,TOTAL,TOTAL,Amongst Those Who Didn’t Travel Alone | Children Aged 19 Years And Below,%,16.0
2010,TOTAL,TOTAL,Amongst Those Who Didn’t Travel Alone | Parents/  Parents-in-Law,%,12.0
2010,TOTAL,TOTAL,Amongst Those Who Didn’t Travel Alone | Siblings,%,8.0
2010,TOTAL,TOTAL,Amongst Those Who Didn’t Travel Alone | Partner/ Boyfriend/ Girlfriend,%,4.0
2010,TOTAL,TOTAL,Amongst Those Who Didn’t Travel Alone | Business Associates/ Colleagues,%,13.0
2010,TOTAL,TOTAL,Amongst Those Who Didn’t Travel Alone | Relatives,%,7.0
2010,TOTAL,TOTAL,Amongst Those Who Didn’t Travel Alone | Children Aged Above 19 Years,%,4.0
2010,TOTAL,TOTAL,Average Family Size4 (Persons),%,2.7
2010,TOTAL,TOTAL,Average Party Size (Persons),%,3.6
2009,TOTAL,TOTAL,Alone,%,45.0
2009,TOTAL,TOTAL,Amongst Those Who Didn’t Travel Alone | Spouse,%,44.0
2009,TOTAL,TOTAL,Amongst Those Who Didn’t Travel Alone | Friends,%,14.0
2009,TOTAL,TOTAL,Amongst Those Who Didn’t Travel Alone | Children Aged 19 Years And Below,%,14.0
2009,TOTAL,TOTAL,Amongst Those Who Didn’t Travel Alone | Parents/  Parents-in-Law,%,10.0
2009,TOTAL,TOTAL,Amongst Those Who Didn’t Travel Alone | Siblings,%,7.0
2009,TOTAL,TOTAL,Amongst Those Who Didn’t Travel Alone | Partner/ Boyfriend/ Girlfriend,%,5.0
2009,TOTAL,TOTAL,Amongst Those Who Didn’t Travel Alone | Business Associates/ Colleagues,%,12.0
2009,TOTAL,TOTAL,Amongst Those Who Didn’t Travel Alone | Relatives,%,6.0
2009,TOTAL,TOTAL,Amongst Those Who Didn’t Travel Alone | Children Aged Above 19 Years,%,4.0
2009,TOTAL,TOTAL,Average Family Size4 (Persons),%,2.6
2009,TOTAL,TOTAL,Average Party Size (Persons),%,2.9
2008,TOTAL,TOTAL,Alone,%,47.0
2008,TOTAL,TOTAL,Amongst Those Who Didn’t Travel Alone | Spouse,%,46.0
2008,TOTAL,TOTAL,Amongst Those Who Didn’t Travel Alone | Friends,%,14.0
2008,TOTAL,TOTAL,Amongst Those Who Didn’t Travel Alone | Children Aged 19 Years And Below,%,15.0
2008,TOTAL,TOTAL,Amongst Those Who Didn’t Travel Alone | Parents/  Parents-in-Law,%,10.0
2008,TOTAL,TOTAL,Amongst Those Who Didn’t Travel Alone | Siblings,%,7.0
2008,TOTAL,TOTAL,Amongst Those Who Didn’t Travel Alone | Partner/ Boyfriend/ Girlfriend,%,4.0
2008,TOTAL,TOTAL,Amongst Those Who Didn’t Travel Alone | Business Associates/ Colleagues,%,14.0
2008,TOTAL,TOTAL,Amongst Those Who Didn’t Travel Alone | Relatives,%,4.0
2008,TOTAL,TOTAL,Amongst Those Who Didn’t Travel Alone | Children Aged Above 19 Years,%,3.0
2008,TOTAL,TOTAL,Average Family Size4 (Persons),%,2.5
2008,TOTAL,TOTAL,Average Party Size (Persons),%,2.6
2025,SOUTHEAST ASIA,Indonesia,Alone,%,49.0
2025,SOUTHEAST ASIA,Indonesia,Amongst Those Who Didn’t Travel Alone | Friends,%,19.0
2025,SOUTHEAST ASIA,Indonesia,Amongst Those Who Didn’t Travel Alone | Children Aged 19 Years And Below,%,16.0
2025,SOUTHEAST ASIA,Indonesia,Amongst Those Who Didn’t Travel Alone | Parents/  Parents-in-Law,%,23.0
2025,SOUTHEAST ASIA,Indonesia,Amongst Those Who Didn’t Travel Alone | Siblings,%,17.0
2025,SOUTHEAST ASIA,Indonesia,Amongst Those Who Didn’t Travel Alone | Spouse/ Partner/ Boyfriend/ Girlfriend,%,34.0
2025,SOUTHEAST ASIA,Indonesia,Amongst Those Who Didn’t Travel Alone | Business Associates/ Colleagues,%,8.0
2025,SOUTHEAST ASIA,Indonesia,Amongst Those Who Didn’t Travel Alone | Relatives,%,8.0
2025,SOUTHEAST ASIA,Indonesia,Amongst Those Who Didn’t Travel Alone | Children Aged Above 19 Years,%,3.0
2025,SOUTHEAST ASIA,Indonesia,Average Family Size4 (Persons),%,3.0
2025,SOUTHEAST ASIA,Indonesia,Average Party Size (Persons),%,2.2
2025,SOUTHEAST ASIA,Malaysia,Alone,%,53.0
2025,SOUTHEAST ASIA,Malaysia,Amongst Those Who Didn’t Travel Alone | Friends,%,17.0
2025,SOUTHEAST ASIA,Malaysia,Amongst Those Who Didn’t Travel Alone | Children Aged 19 Years And Below,%,14.0
2025,SOUTHEAST ASIA,Malaysia,Amongst Those Who Didn’t Travel Alone | Parents/  Parents-in-Law,%,15.0
2025,SOUTHEAST ASIA,Malaysia,Amongst Those Who Didn’t Travel Alone | Siblings,%,14.0
2025,SOUTHEAST ASIA,Malaysia,Amongst Those Who Didn’t Travel Alone | Spouse/ Partner/ Boyfriend/ Girlfriend,%,38.0
2025,SOUTHEAST ASIA,Malaysia,Amongst Those Who Didn’t Travel Alone | Business Associates/ Colleagues,%,14.0
2025,SOUTHEAST ASIA,Malaysia,Amongst Those Who Didn’t Travel Alone | Relatives,%,8.0
2025,SOUTHEAST ASIA,Malaysia,Amongst Those Who Didn’t Travel Alone | Children Aged Above 19 Years,%,4.0
2025,SOUTHEAST ASIA,Malaysia,Average Family Size4 (Persons),%,3.0
2025,SOUTHEAST ASIA,Malaysia,Average Party Size (Persons),%,2.0
2025,SOUTHEAST ASIA,Philippines,Alone,%,27.0
2025,SOUTHEAST ASIA,Philippines,Amongst Those Who Didn’t Travel Alone | Friends,%,23.0
2025,SOUTHEAST ASIA,Philippines,Amongst Those Who Didn’t Travel Alone | Children Aged 19 Years And Below,%,17.0
2025,SOUTHEAST ASIA,Philippines,Amongst Those Who Didn’t Travel Alone | Parents/  Parents-in-Law,%,17.0
2025,SOUTHEAST ASIA,Philippines,Amongst Those Who Didn’t Travel Alone | Siblings,%,16.0
2025,SOUTHEAST ASIA,Philippines,Amongst Those Who Didn’t Travel Alone | Spouse/ Partner/ Boyfriend/ Girlfriend,%,40.0
2025,SOUTHEAST ASIA,Philippines,Amongst Those Who Didn’t Travel Alone | Business Associates/ Colleagues,%,5.0
2025,SOUTHEAST ASIA,Philippines,Amongst Those Who Didn’t Travel Alone | Relatives,%,13.0
2025,SOUTHEAST ASIA,Philippines,Amongst Those Who Didn’t Travel Alone | Children Aged Above 19 Years,%,5.0
2025,SOUTHEAST ASIA,Philippines,Average Family Size4 (Persons),%,3.3
2025,SOUTHEAST ASIA,Philippines,Average Party Size (Persons),%,2.8
2025,SOUTHEAST ASIA,Thailand,Alone,%,43.0
2025,SOUTHEAST ASIA,Thailand,Amongst Those Who Didn’t Travel Alone | Friends,%,22.0
2025,SOUTHEAST ASIA,Thailand,Amongst Those Who Didn’t Travel Alone | Children Aged 19 Years And Below,%,10.0
2025,SOUTHEAST ASIA,Thailand,Amongst Those Who Didn’t Travel Alone | Parents/  Parents-in-Law,%,12.0
2025,SOUTHEAST ASIA,Thailand,Amongst Those Who Didn’t Travel Alone | Siblings,%,9.0
2025,SOUTHEAST ASIA,Thailand,Amongst Those Who Didn’t Travel Alone | Spouse/ Partner/ Boyfriend/ Girlfriend,%,45.0
2025,SOUTHEAST ASIA,Thailand,Amongst Those Who Didn’t Travel Alone | Business Associates/ Colleagues,%,10.0
2025,SOUTHEAST ASIA,Thailand,Amongst Those Who Didn’t Travel Alone | Relatives,%,5.0
2025,SOUTHEAST ASIA,Thailand,Amongst Those Who Didn’t Travel Alone | Children Aged Above 19 Years,%,4.0
2025,SOUTHEAST ASIA,Thailand,Average Family Size4 (Persons),%,2.7
2025,SOUTHEAST ASIA,Thailand,Average Party Size (Persons),%,2.1
2025,SOUTHEAST ASIA,Vietnam,Alone,%,46.0
2025,SOUTHEAST ASIA,Vietnam,Amongst Those Who Didn’t Travel Alone | Friends,%,18.0
2025,SOUTHEAST ASIA,Vietnam,Amongst Those Who Didn’t Travel Alone | Children Aged 19 Years And Below,%,13.0
2025,SOUTHEAST ASIA,Vietnam,Amongst Those Who Didn’t Travel Alone | Parents/  Parents-in-Law,%,16.0
2025,SOUTHEAST ASIA,Vietnam,Amongst Those Who Didn’t Travel Alone | Siblings,%,13.0
2025,SOUTHEAST ASIA,Vietnam,Amongst Those Who Didn’t Travel Alone | Spouse/ Partner/ Boyfriend/ Girlfriend,%,27.0
2025,SOUTHEAST ASIA,Vietnam,Amongst Those Who Didn’t Travel Alone | Business Associates/ Colleagues,%,21.0
2025,SOUTHEAST ASIA,Vietnam,Amongst Those Who Didn’t Travel Alone | Relatives,%,10.0
2025,SOUTHEAST ASIA,Vietnam,Amongst Those Who Didn’t Travel Alone | Children Aged Above 19 Years,%,3.0
2025,SOUTHEAST ASIA,Vietnam,Average Family Size4 (Persons),%,2.9
2025,SOUTHEAST ASIA,Vietnam,Average Party Size (Persons),%,3.4
2025,GREATER CHINA,China,Alone,%,35.0
2025,GREATER CHINA,China,Amongst Those Who Didn’t Travel Alone | Friends,%,27.0
2025,GREATER CHINA,China,Amongst Those Who Didn’t Travel Alone | Children Aged 19 Years And Below,%,16.0
2025,GREATER CHINA,China,Amongst Those Who Didn’t Travel Alone | Parents/  Parents-in-Law,%,16.0
2025,GREATER CHINA,China,Amongst Those Who Didn’t Travel Alone | Siblings,%,7.0
2025,GREATER CHINA,China,Amongst Those Who Didn’t Travel Alone | Spouse/ Partner/ Boyfriend/ Girlfriend,%,36.0
2025,GREATER CHINA,China,Amongst Those Who Didn’t Travel Alone | Business Associates/ Colleagues,%,7.0
2025,GREATER CHINA,China,Amongst Those Who Didn’t Travel Alone | Relatives,%,5.0
2025,GREATER CHINA,China,Amongst Those Who Didn’t Travel Alone | Children Aged Above 19 Years,%,6.0
2025,GREATER CHINA,China,Average Family Size4 (Persons),%,2.6
2025,GREATER CHINA,China,Average Party Size (Persons),%,2.4
2025,GREATER CHINA,Hong Kong SAR,Alone,%,52.0
2025,GREATER CHINA,Hong Kong SAR,Amongst Those Who Didn’t Travel Alone | Friends,%,17.0
2025,GREATER CHINA,Hong Kong SAR,Amongst Those Who Didn’t Travel Alone | Children Aged 19 Years And Below,%,16.0
2025,GREATER CHINA,Hong Kong SAR,Amongst Those Who Didn’t Travel Alone | Parents/  Parents-in-Law,%,18.0
2025,GREATER CHINA,Hong Kong SAR,Amongst Those Who Didn’t Travel Alone | Siblings,%,12.0
2025,GREATER CHINA,Hong Kong SAR,Amongst Those Who Didn’t Travel Alone | Spouse/ Partner/ Boyfriend/ Girlfriend,%,50.0
2025,GREATER CHINA,Hong Kong SAR,Amongst Those Who Didn’t Travel Alone | Business Associates/ Colleagues,%,6.0
2025,GREATER CHINA,Hong Kong SAR,Amongst Those Who Didn’t Travel Alone | Relatives,%,6.0
2025,GREATER CHINA,Hong Kong SAR,Amongst Those Who Didn’t Travel Alone | Children Aged Above 19 Years,%,3.0
2025,GREATER CHINA,Hong Kong SAR,Average Family Size4 (Persons),%,2.6
2025,GREATER CHINA,Hong Kong SAR,Average Party Size (Persons),%,1.8
2025,GREATER CHINA,Taiwan,Alone,%,40.0
2025,GREATER CHINA,Taiwan,Amongst Those Who Didn’t Travel Alone | Friends,%,19.0
2025,GREATER CHINA,Taiwan,Amongst Those Who Didn’t Travel Alone | Children Aged 19 Years And Below,%,17.0
2025,GREATER CHINA,Taiwan,Amongst Those Who Didn’t Travel Alone | Parents/  Parents-in-Law,%,7.0
2025,GREATER CHINA,Taiwan,Amongst Those Who Didn’t Travel Alone | Siblings,%,10.0
2025,GREATER CHINA,Taiwan,Amongst Those Who Didn’t Travel Alone | Spouse/ Partner/ Boyfriend/ Girlfriend,%,38.0
2025,GREATER CHINA,Taiwan,Amongst Those Who Didn’t Travel Alone | Business Associates/ Colleagues,%,14.0
2025,GREATER CHINA,Taiwan,Amongst Those Who Didn’t Travel Alone | Relatives,%,6.0
2025,GREATER CHINA,Taiwan,Amongst Those Who Didn’t Travel Alone | Children Aged Above 19 Years,%,5.0
2025,GREATER CHINA,Taiwan,Average Family Size4 (Persons),%,2.6
2025,GREATER CHINA,Taiwan,Average Party Size (Persons),%,2.6
2025,NORTH ASIA,Japan,Alone,%,45.0
2025,NORTH ASIA,Japan,Amongst Those Who Didn’t Travel Alone | Friends,%,28.0
2025,NORTH ASIA,Japan,Amongst Those Who Didn’t Travel Alone | Children Aged 19 Years And Below,%,13.0
2025,NORTH ASIA,Japan,Amongst Those Who Didn’t Travel Alone | Parents/  Parents-in-Law,%,10.0
2025,NORTH ASIA,Japan,Amongst Those Who Didn’t Travel Alone | Siblings,%,6.0
2025,NORTH ASIA,Japan,Amongst Those Who Didn’t Travel Alone | Spouse/ Partner/ Boyfriend/ Girlfriend,%,38.0
2025,NORTH ASIA,Japan,Amongst Those Who Didn’t Travel Alone | Business Associates/ Colleagues,%,17.0
2025,NORTH ASIA,Japan,Amongst Those Who Didn’t Travel Alone | Relatives,%,1.0
2025,NORTH ASIA,Japan,Amongst Those Who Didn’t Travel Alone | Children Aged Above 19 Years,%,3.0
2025,NORTH ASIA,Japan,Average Family Size4 (Persons),%,2.7
2025,NORTH ASIA,Japan,Average Party Size (Persons),%,2.0
2025,NORTH ASIA,South Korea,Alone,%,32.0
2025,NORTH ASIA,South Korea,Amongst Those Who Didn’t Travel Alone | Friends,%,22.0
2025,NORTH ASIA,South Korea,Amongst Those Who Didn’t Travel Alone | Children Aged 19 Years And Below,%,18.0
2025,NORTH ASIA,South Korea,Amongst Those Who Didn’t Travel Alone | Parents/  Parents-in-Law,%,17.0
2025,NORTH ASIA,South Korea,Amongst Those Who Didn’t Travel Alone | Siblings,%,7.0
2025,NORTH ASIA,South Korea,Amongst Those Who Didn’t Travel Alone | Spouse/ Partner/ Boyfriend/ Girlfriend,%,33.0
2025,NORTH ASIA,South Korea,Amongst Those Who Didn’t Travel Alone | Business Associates/ Colleagues,%,15.0
2025,NORTH ASIA,South Korea,Amongst Those Who Didn’t Travel Alone | Relatives,%,3.0
2025,NORTH ASIA,South Korea,Amongst Those Who Didn’t Travel Alone | Children Aged Above 19 Years,%,6.0
2025,NORTH ASIA,South Korea,Average Family Size4 (Persons),%,2.8
2025,NORTH ASIA,South Korea,Average Party Size (Persons),%,2.6
2025,SOUTH ASIA,India,Alone,%,24.0
2025,SOUTH ASIA,India,Amongst Those Who Didn’t Travel Alone | Friends,%,11.0
2025,SOUTH ASIA,India,Amongst Those Who Didn’t Travel Alone | Children Aged 19 Years And Below,%,26.0
2025,SOUTH ASIA,India,Amongst Those Who Didn’t Travel Alone | Parents/  Parents-in-Law,%,19.0
2025,SOUTH ASIA,India,Amongst Those Who Didn’t Travel Alone | Siblings,%,13.0
2025,SOUTH ASIA,India,Amongst Those Who Didn’t Travel Alone | Spouse/ Partner/ Boyfriend/ Girlfriend,%,62.0
2025,SOUTH ASIA,India,Amongst Those Who Didn’t Travel Alone | Business Associates/ Colleagues,%,5.0
2025,SOUTH ASIA,India,Amongst Those Who Didn’t Travel Alone | Relatives,%,6.0
2025,SOUTH ASIA,India,Amongst Those Who Didn’t Travel Alone | Children Aged Above 19 Years,%,5.0
2025,SOUTH ASIA,India,Average Family Size4 (Persons),%,3.1
2025,SOUTH ASIA,India,Average Party Size (Persons),%,3.0
2025,EUROPE,France,Alone,%,43.0
2025,EUROPE,France,Amongst Those Who Didn’t Travel Alone | Friends,%,13.0
2025,EUROPE,France,Amongst Those Who Didn’t Travel Alone | Children Aged 19 Years And Below,%,17.0
2025,EUROPE,France,Amongst Those Who Didn’t Travel Alone | Parents/  Parents-in-Law,%,10.0
2025,EUROPE,France,Amongst Those Who Didn’t Travel Alone | Siblings,%,9.0
2025,EUROPE,France,Amongst Those Who Didn’t Travel Alone | Spouse/ Partner/ Boyfriend/ Girlfriend,%,63.0
2025,EUROPE,France,Amongst Those Who Didn’t Travel Alone | Business Associates/ Colleagues,%,4.0
2025,EUROPE,France,Amongst Those Who Didn’t Travel Alone | Relatives,%,4.0
2025,EUROPE,France,Amongst Those Who Didn’t Travel Alone | Children Aged Above 19 Years,%,6.0
2025,EUROPE,France,Average Family Size4 (Persons),%,2.6
2025,EUROPE,France,Average Party Size (Persons),%,2.0
2025,EUROPE,Germany,Alone,%,36.0
2025,EUROPE,Germany,Amongst Those Who Didn’t Travel Alone | Friends,%,21.0
2025,EUROPE,Germany,Amongst Those Who Didn’t Travel Alone | Children Aged 19 Years And Below,%,9.0
2025,EUROPE,Germany,Amongst Those Who Didn’t Travel Alone | Parents/  Parents-in-Law,%,6.0
2025,EUROPE,Germany,Amongst Those Who Didn’t Travel Alone | Siblings,%,3.0
2025,EUROPE,Germany,Amongst Those Who Didn’t Travel Alone | Spouse/ Partner/ Boyfriend/ Girlfriend,%,66.0
2025,EUROPE,Germany,Amongst Those Who Didn’t Travel Alone | Business Associates/ Colleagues,%,2.0
2025,EUROPE,Germany,Amongst Those Who Didn’t Travel Alone | Relatives,%,2.0
2025,EUROPE,Germany,Amongst Those Who Didn’t Travel Alone | Children Aged Above 19 Years,%,4.0
2025,EUROPE,Germany,Average Family Size4 (Persons),%,2.3
2025,EUROPE,Germany,Average Party Size (Persons),%,1.9
2025,EUROPE,Italy,Alone,%,26.0
2025,EUROPE,Italy,Amongst Those Who Didn’t Travel Alone | Friends,%,17.0
2025,EUROPE,Italy,Amongst Those Who Didn’t Travel Alone | Children Aged 19 Years And Below,%,8.0
2025,EUROPE,Italy,Amongst Those Who Didn’t Travel Alone | Parents/  Parents-in-Law,%,13.0
2025,EUROPE,Italy,Amongst Those Who Didn’t Travel Alone | Siblings,%,5.0
2025,EUROPE,Italy,Amongst Those Who Didn’t Travel Alone | Spouse/ Partner/ Boyfriend/ Girlfriend,%,67.0
2025,EUROPE,Italy,Amongst Those Who Didn’t Travel Alone | Business Associates/ Colleagues,%,4.0
2025,EUROPE,Italy,Amongst Those Who Didn’t Travel Alone | Relatives,%,1.0
2025,EUROPE,Italy,Amongst Those Who Didn’t Travel Alone | Children Aged Above 19 Years,%,2.0
2025,EUROPE,Italy,Average Family Size4 (Persons),%,2.3
2025,EUROPE,Italy,Average Party Size (Persons),%,2.1
2025,EUROPE,Netherlands,Alone,%,33.0
2025,EUROPE,Netherlands,Amongst Those Who Didn’t Travel Alone | Friends,%,13.0
2025,EUROPE,Netherlands,Amongst Those Who Didn’t Travel Alone | Children Aged 19 Years And Below,%,14.0
2025,EUROPE,Netherlands,Amongst Those Who Didn’t Travel Alone | Parents/  Parents-in-Law,%,13.0
2025,EUROPE,Netherlands,Amongst Those Who Didn’t Travel Alone | Siblings,%,2.0
2025,EUROPE,Netherlands,Amongst Those Who Didn’t Travel Alone | Spouse/ Partner/ Boyfriend/ Girlfriend,%,67.0
2025,EUROPE,Netherlands,Amongst Those Who Didn’t Travel Alone | Business Associates/ Colleagues,%,3.0
2025,EUROPE,Netherlands,Amongst Those Who Didn’t Travel Alone | Relatives,%,3.0
2025,EUROPE,Netherlands,Amongst Those Who Didn’t Travel Alone | Children Aged Above 19 Years,%,4.0
2025,EUROPE,Netherlands,Average Family Size4 (Persons),%,2.6
2025,EUROPE,Netherlands,Average Party Size (Persons),%,2.0
2025,EUROPE,Switzerland,Alone,%,32.0
2025,EUROPE,Switzerland,Amongst Those Who Didn’t Travel Alone | Friends,%,13.0
2025,EUROPE,Switzerland,Amongst Those Who Didn’t Travel Alone | Children Aged 19 Years And Below,%,8.0
2025,EUROPE,Switzerland,Amongst Those Who Didn’t Travel Alone | Parents/  Parents-in-Law,%,5.0
2025,EUROPE,Switzerland,Amongst Those Who Didn’t Travel Alone | Siblings,%,3.0
2025,EUROPE,Switzerland,Amongst Those Who Didn’t Travel Alone | Spouse/ Partner/ Boyfriend/ Girlfriend,%,77.0
2025,EUROPE,Switzerland,Amongst Those Who Didn’t Travel Alone | Business Associates/ Colleagues,%,1.0
2025,EUROPE,Switzerland,Amongst Those Who Didn’t Travel Alone | Relatives,%,3.0
2025,EUROPE,Switzerland,Amongst Those Who Didn’t Travel Alone | Children Aged Above 19 Years,%,3.0
2025,EUROPE,Switzerland,Average Family Size4 (Persons),%,2.3
2025,EUROPE,Switzerland,Average Party Size (Persons),%,1.9
2025,EUROPE,UK,Alone,%,36.0
2025,EUROPE,UK,Amongst Those Who Didn’t Travel Alone | Friends,%,14.0
2025,EUROPE,UK,Amongst Those Who Didn’t Travel Alone | Children Aged 19 Years And Below,%,8.0
2025,EUROPE,UK,Amongst Those Who Didn’t Travel Alone | Parents/  Parents-in-Law,%,3.0
2025,EUROPE,UK,Amongst Those Who Didn’t Travel Alone | Siblings,%,4.0
2025,EUROPE,UK,Amongst Those Who Didn’t Travel Alone | Spouse/ Partner/ Boyfriend/ Girlfriend,%,75.0
2025,EUROPE,UK,Amongst Those Who Didn’t Travel Alone | Business Associates/ Colleagues,%,1.0
2025,EUROPE,UK,Amongst Those Who Didn’t Travel Alone | Relatives,%,3.0
2025,EUROPE,UK,Amongst Those Who Didn’t Travel Alone | Children Aged Above 19 Years,%,2.0
2025,EUROPE,UK,Average Family Size4 (Persons),%,2.3
2025,EUROPE,UK,Average Party Size (Persons),%,1.9
2025,AMERICAS,Canada,Alone,%,35.0
2025,AMERICAS,Canada,Amongst Those Who Didn’t Travel Alone | Friends,%,13.0
2025,AMERICAS,Canada,Amongst Those Who Didn’t Travel Alone | Children Aged 19 Years And Below,%,13.0
2025,AMERICAS,Canada,Amongst Those Who Didn’t Travel Alone | Parents/  Parents-in-Law,%,6.0
2025,AMERICAS,Canada,Amongst Those Who Didn’t Travel Alone | Siblings,%,8.0
2025,AMERICAS,Canada,Amongst Those Who Didn’t Travel Alone | Spouse/ Partner/ Boyfriend/ Girlfriend,%,67.0
2025,AMERICAS,Canada,Amongst Those Who Didn’t Travel Alone | Business Associates/ Colleagues,%,1.0
2025,AMERICAS,Canada,Amongst Those Who Didn’t Travel Alone | Relatives,%,2.0
2025,AMERICAS,Canada,Amongst Those Who Didn’t Travel Alone | Children Aged Above 19 Years,%,3.0
2025,AMERICAS,Canada,Average Family Size4 (Persons),%,2.3
2025,AMERICAS,Canada,Average Party Size (Persons),%,2.0
2025,AMERICAS,USA,Alone,%,36.0
2025,AMERICAS,USA,Amongst Those Who Didn’t Travel Alone | Friends,%,13.0
2025,AMERICAS,USA,Amongst Those Who Didn’t Travel Alone | Children Aged 19 Years And Below,%,11.0
2025,AMERICAS,USA,Amongst Those Who Didn’t Travel Alone | Parents/  Parents-in-Law,%,12.0
2025,AMERICAS,USA,Amongst Those Who Didn’t Travel Alone | Siblings,%,10.0
2025,AMERICAS,USA,Amongst Those Who Didn’t Travel Alone | Spouse/ Partner/ Boyfriend/ Girlfriend,%,63.0
2025,AMERICAS,USA,Amongst Those Who Didn’t Travel Alone | Business Associates/ Colleagues,%,5.0
2025,AMERICAS,USA,Amongst Those Who Didn’t Travel Alone | Relatives,%,6.0
2025,AMERICAS,USA,Amongst Those Who Didn’t Travel Alone | Children Aged Above 19 Years,%,6.0
2025,AMERICAS,USA,Average Family Size4 (Persons),%,2.6
2025,AMERICAS,USA,Average Party Size (Persons),%,2.2
2025,OCEANIA,Australia,Alone,%,30.0
2025,OCEANIA,Australia,Amongst Those Who Didn’t Travel Alone | Friends,%,10.0
2025,OCEANIA,Australia,Amongst Those Who Didn’t Travel Alone | Children Aged 19 Years And Below,%,16.0
2025,OCEANIA,Australia,Amongst Those Who Didn’t Travel Alone | Parents/  Parents-in-Law,%,8.0
2025,OCEANIA,Australia,Amongst Those Who Didn’t Travel Alone | Siblings,%,6.0
2025,OCEANIA,Australia,Amongst Those Who Didn’t Travel Alone | Spouse/ Partner/ Boyfriend/ Girlfriend,%,73.0
2025,OCEANIA,Australia,Amongst Those Who Didn’t Travel Alone | Business Associates/ Colleagues,%,1.0
2025,OCEANIA,Australia,Amongst Those Who Didn’t Travel Alone | Relatives,%,4.0
2025,OCEANIA,Australia,Amongst Those Who Didn’t Travel Alone | Children Aged Above 19 Years,%,5.0
2025,OCEANIA,Australia,Average Family Size4 (Persons),%,2.5
2025,OCEANIA,Australia,Average Party Size (Persons),%,2.2
2025,OCEANIA,New Zealand,Alone,%,28.0
2025,OCEANIA,New Zealand,Amongst Those Who Didn’t Travel Alone | Friends,%,12.0
2025,OCEANIA,New Zealand,Amongst Those Who Didn’t Travel Alone | Children Aged 19 Years And Below,%,11.0
2025,OCEANIA,New Zealand,Amongst Those Who Didn’t Travel Alone | Parents/  Parents-in-Law,%,5.0
2025,OCEANIA,New Zealand,Amongst Those Who Didn’t Travel Alone | Siblings,%,2.0
2025,OCEANIA,New Zealand,Amongst Those Who Didn’t Travel Alone | Spouse/ Partner/ Boyfriend/ Girlfriend,%,78.0
2025,OCEANIA,New Zealand,Amongst Those Who Didn’t Travel Alone | Business Associates/ Colleagues,%,1.0
2025,OCEANIA,New Zealand,Amongst Those Who Didn’t Travel Alone | Relatives,%,5.0
2025,OCEANIA,New Zealand,Amongst Those Who Didn’t Travel Alone | Children Aged Above 19 Years,%,2.0
2025,OCEANIA,New Zealand,Average Family Size4 (Persons),%,2.3
2025,OCEANIA,New Zealand,Average Party Size (Persons),%,2.0
2025,AFRICA,South Africa (Rep of),Alone,%,39.0
2025,AFRICA,South Africa (Rep of),Amongst Those Who Didn’t Travel Alone | Friends,%,4.0
2025,AFRICA,South Africa (Rep of),Amongst Those Who Didn’t Travel Alone | Children Aged 19 Years And Below,%,8.0
2025,AFRICA,South Africa (Rep of),Amongst Those Who Didn’t Travel Alone | Parents/  Parents-in-Law,%,16.0
2025,AFRICA,South Africa (Rep of),Amongst Those Who Didn’t Travel Alone | Siblings,%,4.0
2025,AFRICA,South Africa (Rep of),Amongst Those Who Didn’t Travel Alone | Spouse/ Partner/ Boyfriend/ Girlfriend,%,39.0
2025,AFRICA,South Africa (Rep of),Amongst Those Who Didn’t Travel Alone | Business Associates/ Colleagues,%,25.0
2025,AFRICA,South Africa (Rep of),Amongst Those Who Didn’t Travel Alone | Relatives,%,2.0
2025,AFRICA,South Africa (Rep of),Amongst Those Who Didn’t Travel Alone | Children Aged Above 19 Years,%,5.0
2025,AFRICA,South Africa (Rep of),Average Family Size4 (Persons),%,2.4
2025,AFRICA,South Africa (Rep of),Average Party Size (Persons),%,1.8
2025,REMAINING,Others,Alone,%,33.0
2025,REMAINING,Others,Amongst Those Who Didn’t Travel Alone | Friends,%,19.0
2025,REMAINING,Others,Amongst Those Who Didn’t Travel Alone | Children Aged 19 Years And Below,%,14.0
2025,REMAINING,Others,Amongst Those Who Didn’t Travel Alone | Parents/  Parents-in-Law,%,12.0
2025,REMAINING,Others,Amongst Those Who Didn’t Travel Alone | Siblings,%,10.0
2025,REMAINING,Others,Amongst Those Who Didn’t Travel Alone | Spouse/ Partner/ Boyfriend/ Girlfriend,%,56.0
2025,REMAINING,Others,Amongst Those Who Didn’t Travel Alone | Business Associates/ Colleagues,%,5.0
2025,REMAINING,Others,Amongst Those Who Didn’t Travel Alone | Relatives,%,6.0
2025,REMAINING,Others,Amongst Those Who Didn’t Travel Alone | Children Aged Above 19 Years,%,4.0
2025,REMAINING,Others,Average Family Size4 (Persons),%,2.7
2025,REMAINING,Others,Average Party Size (Persons),%,2.3
2024,SOUTHEAST ASIA,Indonesia,Alone,%,47.0
2024,SOUTHEAST ASIA,Indonesia,Amongst Those Who Didn’t Travel Alone | Spouse,%,41.0
2024,SOUTHEAST ASIA,Indonesia,Amongst Those Who Didn’t Travel Alone | Friends,%,19.0
2024,SOUTHEAST ASIA,Indonesia,Amongst Those Who Didn’t Travel Alone | Children Aged 19 Years And Below,%,17.0
2024,SOUTHEAST ASIA,Indonesia,Amongst Those Who Didn’t Travel Alone | Parents/  Parents-in-Law,%,16.0
2024,SOUTHEAST ASIA,Indonesia,Amongst Those Who Didn’t Travel Alone | Siblings,%,13.0
2024,SOUTHEAST ASIA,Indonesia,Amongst Those Who Didn’t Travel Alone | Partner/ Boyfriend/ Girlfriend,%,3.0
2024,SOUTHEAST ASIA,Indonesia,Amongst Those Who Didn’t Travel Alone | Business Associates/ Colleagues,%,6.0
2024,SOUTHEAST ASIA,Indonesia,Amongst Those Who Didn’t Travel Alone | Relatives,%,9.0
2024,SOUTHEAST ASIA,Indonesia,Amongst Those Who Didn’t Travel Alone | Children Aged Above 19 Years,%,7.0
2024,SOUTHEAST ASIA,Indonesia,Average Family Size4 (Persons),%,3.1
2024,SOUTHEAST ASIA,Indonesia,Average Party Size (Persons),%,2.3
2024,SOUTHEAST ASIA,Malaysia,Alone,%,51.0
2024,SOUTHEAST ASIA,Malaysia,Amongst Those Who Didn’t Travel Alone | Spouse,%,35.0
2024,SOUTHEAST ASIA,Malaysia,Amongst Those Who Didn’t Travel Alone | Friends,%,15.0
2024,SOUTHEAST ASIA,Malaysia,Amongst Those Who Didn’t Travel Alone | Children Aged 19 Years And Below,%,10.0
2024,SOUTHEAST ASIA,Malaysia,Amongst Those Who Didn’t Travel Alone | Parents/  Parents-in-Law,%,11.0
2024,SOUTHEAST ASIA,Malaysia,Amongst Those Who Didn’t Travel Alone | Siblings,%,10.0
2024,SOUTHEAST ASIA,Malaysia,Amongst Those Who Didn’t Travel Alone | Partner/ Boyfriend/ Girlfriend,%,6.0
2024,SOUTHEAST ASIA,Malaysia,Amongst Those Who Didn’t Travel Alone | Business Associates/ Colleagues,%,19.0
2024,SOUTHEAST ASIA,Malaysia,Amongst Those Who Didn’t Travel Alone | Relatives,%,7.0
2024,SOUTHEAST ASIA,Malaysia,Amongst Those Who Didn’t Travel Alone | Children Aged Above 19 Years,%,9.0
2024,SOUTHEAST ASIA,Malaysia,Average Family Size4 (Persons),%,3.1
2024,SOUTHEAST ASIA,Malaysia,Average Party Size (Persons),%,2.2
2024,SOUTHEAST ASIA,Philippines,Alone,%,25.0
2024,SOUTHEAST ASIA,Philippines,Amongst Those Who Didn’t Travel Alone | Spouse,%,31.0
2024,SOUTHEAST ASIA,Philippines,Amongst Those Who Didn’t Travel Alone | Friends,%,22.0
2024,SOUTHEAST ASIA,Philippines,Amongst Those Who Didn’t Travel Alone | Children Aged 19 Years And Below,%,17.0
2024,SOUTHEAST ASIA,Philippines,Amongst Those Who Didn’t Travel Alone | Parents/  Parents-in-Law,%,13.0
2024,SOUTHEAST ASIA,Philippines,Amongst Those Who Didn’t Travel Alone | Siblings,%,14.0
2024,SOUTHEAST ASIA,Philippines,Amongst Those Who Didn’t Travel Alone | Partner/ Boyfriend/ Girlfriend,%,10.0
2024,SOUTHEAST ASIA,Philippines,Amongst Those Who Didn’t Travel Alone | Business Associates/ Colleagues,%,5.0
2024,SOUTHEAST ASIA,Philippines,Amongst Those Who Didn’t Travel Alone | Relatives,%,17.0
2024,SOUTHEAST ASIA,Philippines,Amongst Those Who Didn’t Travel Alone | Children Aged Above 19 Years,%,5.0
2024,SOUTHEAST ASIA,Philippines,Average Family Size4 (Persons),%,3.3
2024,SOUTHEAST ASIA,Philippines,Average Party Size (Persons),%,2.9
2024,SOUTHEAST ASIA,Thailand,Alone,%,43.0
2024,SOUTHEAST ASIA,Thailand,Amongst Those Who Didn’t Travel Alone | Spouse,%,27.0
2024,SOUTHEAST ASIA,Thailand,Amongst Those Who Didn’t Travel Alone | Friends,%,29.0
2024,SOUTHEAST ASIA,Thailand,Amongst Those Who Didn’t Travel Alone | Children Aged 19 Years And Below,%,10.0
2024,SOUTHEAST ASIA,Thailand,Amongst Those Who Didn’t Travel Alone | Parents/  Parents-in-Law,%,12.0
2024,SOUTHEAST ASIA,Thailand,Amongst Those Who Didn’t Travel Alone | Siblings,%,8.0
2024,SOUTHEAST ASIA,Thailand,Amongst Those Who Didn’t Travel Alone | Partner/ Boyfriend/ Girlfriend,%,11.0
2024,SOUTHEAST ASIA,Thailand,Amongst Those Who Didn’t Travel Alone | Business Associates/ Colleagues,%,11.0
2024,SOUTHEAST ASIA,Thailand,Amongst Those Who Didn’t Travel Alone | Relatives,%,7.0
2024,SOUTHEAST ASIA,Thailand,Amongst Those Who Didn’t Travel Alone | Children Aged Above 19 Years,%,7.0
2024,SOUTHEAST ASIA,Thailand,Average Family Size4 (Persons),%,2.8
2024,SOUTHEAST ASIA,Thailand,Average Party Size (Persons),%,2.3
2024,SOUTHEAST ASIA,Vietnam,Alone,%,41.0
2024,SOUTHEAST ASIA,Vietnam,Amongst Those Who Didn’t Travel Alone | Spouse,%,29.0
2024,SOUTHEAST ASIA,Vietnam,Amongst Those Who Didn’t Travel Alone | Friends,%,18.0
2024,SOUTHEAST ASIA,Vietnam,Amongst Those Who Didn’t Travel Alone | Children Aged 19 Years And Below,%,17.0
2024,SOUTHEAST ASIA,Vietnam,Amongst Those Who Didn’t Travel Alone | Parents/  Parents-in-Law,%,19.0
2024,SOUTHEAST ASIA,Vietnam,Amongst Those Who Didn’t Travel Alone | Siblings,%,9.0
2024,SOUTHEAST ASIA,Vietnam,Amongst Those Who Didn’t Travel Alone | Partner/ Boyfriend/ Girlfriend,%,3.0
2024,SOUTHEAST ASIA,Vietnam,Amongst Those Who Didn’t Travel Alone | Business Associates/ Colleagues,%,13.0
2024,SOUTHEAST ASIA,Vietnam,Amongst Those Who Didn’t Travel Alone | Relatives,%,8.0
2024,SOUTHEAST ASIA,Vietnam,Amongst Those Who Didn’t Travel Alone | Children Aged Above 19 Years,%,9.0
2024,SOUTHEAST ASIA,Vietnam,Average Family Size4 (Persons),%,3.1
2024,SOUTHEAST ASIA,Vietnam,Average Party Size (Persons),%,2.4
2024,GREATER CHINA,China,Alone,%,32.0
2024,GREATER CHINA,China,Amongst Those Who Didn’t Travel Alone | Spouse,%,36.0
2024,GREATER CHINA,China,Amongst Those Who Didn’t Travel Alone | Friends,%,24.0
2024,GREATER CHINA,China,Amongst Those Who Didn’t Travel Alone | Children Aged 19 Years And Below,%,19.0
2024,GREATER CHINA,China,Amongst Those Who Didn’t Travel Alone | Parents/  Parents-in-Law,%,14.0
2024,GREATER CHINA,China,Amongst Those Who Didn’t Travel Alone | Siblings,%,5.0
2024,GREATER CHINA,China,Amongst Those Who Didn’t Travel Alone | Partner/ Boyfriend/ Girlfriend,%,4.0
2024,GREATER CHINA,China,Amongst Those Who Didn’t Travel Alone | Business Associates/ Colleagues,%,8.0
2024,GREATER CHINA,China,Amongst Those Who Didn’t Travel Alone | Relatives,%,6.0
2024,GREATER CHINA,China,Amongst Those Who Didn’t Travel Alone | Children Aged Above 19 Years,%,8.0
2024,GREATER CHINA,China,Average Family Size4 (Persons),%,2.8
2024,GREATER CHINA,China,Average Party Size (Persons),%,2.5
2024,GREATER CHINA,Hong Kong SAR,Alone,%,46.0
2024,GREATER CHINA,Hong Kong SAR,Amongst Those Who Didn’t Travel Alone | Spouse,%,43.0
2024,GREATER CHINA,Hong Kong SAR,Amongst Those Who Didn’t Travel Alone | Friends,%,18.0
2024,GREATER CHINA,Hong Kong SAR,Amongst Those Who Didn’t Travel Alone | Children Aged 19 Years And Below,%,13.0
2024,GREATER CHINA,Hong Kong SAR,Amongst Those Who Didn’t Travel Alone | Parents/  Parents-in-Law,%,11.0
2024,GREATER CHINA,Hong Kong SAR,Amongst Those Who Didn’t Travel Alone | Siblings,%,6.0
2024,GREATER CHINA,Hong Kong SAR,Amongst Those Who Didn’t Travel Alone | Partner/ Boyfriend/ Girlfriend,%,4.0
2024,GREATER CHINA,Hong Kong SAR,Amongst Those Who Didn’t Travel Alone | Business Associates/ Colleagues,%,13.0
2024,GREATER CHINA,Hong Kong SAR,Amongst Those Who Didn’t Travel Alone | Relatives,%,7.0
2024,GREATER CHINA,Hong Kong SAR,Amongst Those Who Didn’t Travel Alone | Children Aged Above 19 Years,%,7.0
2024,GREATER CHINA,Hong Kong SAR,Average Family Size4 (Persons),%,2.7
2024,GREATER CHINA,Hong Kong SAR,Average Party Size (Persons),%,2.0
2024,GREATER CHINA,Taiwan,Alone,%,38.0
2024,GREATER CHINA,Taiwan,Amongst Those Who Didn’t Travel Alone | Spouse,%,45.0
2024,GREATER CHINA,Taiwan,Amongst Those Who Didn’t Travel Alone | Friends,%,15.0
2024,GREATER CHINA,Taiwan,Amongst Those Who Didn’t Travel Alone | Children Aged 19 Years And Below,%,14.0
2024,GREATER CHINA,Taiwan,Amongst Those Who Didn’t Travel Alone | Parents/  Parents-in-Law,%,9.0
2024,GREATER CHINA,Taiwan,Amongst Those Who Didn’t Travel Alone | Siblings,%,5.0
2024,GREATER CHINA,Taiwan,Amongst Those Who Didn’t Travel Alone | Partner/ Boyfriend/ Girlfriend,%,7.0
2024,GREATER CHINA,Taiwan,Amongst Those Who Didn’t Travel Alone | Business Associates/ Colleagues,%,11.0
2024,GREATER CHINA,Taiwan,Amongst Those Who Didn’t Travel Alone | Relatives,%,6.0
2024,GREATER CHINA,Taiwan,Amongst Those Who Didn’t Travel Alone | Children Aged Above 19 Years,%,9.0
2024,GREATER CHINA,Taiwan,Average Family Size4 (Persons),%,2.7
2024,GREATER CHINA,Taiwan,Average Party Size (Persons),%,2.6
2024,NORTH ASIA,Japan,Alone,%,44.0
2024,NORTH ASIA,Japan,Amongst Those Who Didn’t Travel Alone | Spouse,%,29.0
2024,NORTH ASIA,Japan,Amongst Those Who Didn’t Travel Alone | Friends,%,22.0
2024,NORTH ASIA,Japan,Amongst Those Who Didn’t Travel Alone | Children Aged 19 Years And Below,%,12.0
2024,NORTH ASIA,Japan,Amongst Those Who Didn’t Travel Alone | Parents/  Parents-in-Law,%,9.0
2024,NORTH ASIA,Japan,Amongst Those Who Didn’t Travel Alone | Siblings,%,4.0
2024,NORTH ASIA,Japan,Amongst Those Who Didn’t Travel Alone | Partner/ Boyfriend/ Girlfriend,%,9.0
2024,NORTH ASIA,Japan,Amongst Those Who Didn’t Travel Alone | Business Associates/ Colleagues,%,20.0
2024,NORTH ASIA,Japan,Amongst Those Who Didn’t Travel Alone | Relatives,%,2.0
2024,NORTH ASIA,Japan,Amongst Those Who Didn’t Travel Alone | Children Aged Above 19 Years,%,5.0
2024,NORTH ASIA,Japan,Average Family Size4 (Persons),%,2.6
2024,NORTH ASIA,Japan,Average Party Size (Persons),%,2.3
2024,NORTH ASIA,South Korea,Alone,%,28.0
2024,NORTH ASIA,South Korea,Amongst Those Who Didn’t Travel Alone | Spouse,%,42.0
2024,NORTH ASIA,South Korea,Amongst Those Who Didn’t Travel Alone | Friends,%,14.0
2024,NORTH ASIA,South Korea,Amongst Those Who Didn’t Travel Alone | Children Aged 19 Years And Below,%,17.0
2024,NORTH ASIA,South Korea,Amongst Those Who Didn’t Travel Alone | Parents/  Parents-in-Law,%,16.0
2024,NORTH ASIA,South Korea,Amongst Those Who Didn’t Travel Alone | Siblings,%,10.0
2024,NORTH ASIA,South Korea,Amongst Those Who Didn’t Travel Alone | Partner/ Boyfriend/ Girlfriend,%,9.0
2024,NORTH ASIA,South Korea,Amongst Those Who Didn’t Travel Alone | Business Associates/ Colleagues,%,10.0
2024,NORTH ASIA,South Korea,Amongst Those Who Didn’t Travel Alone | Relatives,%,4.0
2024,NORTH ASIA,South Korea,Amongst Those Who Didn’t Travel Alone | Children Aged Above 19 Years,%,7.0
2024,NORTH ASIA,South Korea,Average Family Size4 (Persons),%,2.9
2024,NORTH ASIA,South Korea,Average Party Size (Persons),%,2.4
2024,SOUTH ASIA,India,Alone,%,21.0
2024,SOUTH ASIA,India,Amongst Those Who Didn’t Travel Alone | Spouse,%,69.0
2024,SOUTH ASIA,India,Amongst Those Who Didn’t Travel Alone | Friends,%,9.0
2024,SOUTH ASIA,India,Amongst Those Who Didn’t Travel Alone | Children Aged 19 Years And Below,%,28.0
2024,SOUTH ASIA,India,Amongst Those Who Didn’t Travel Alone | Parents/  Parents-in-Law,%,15.0
2024,SOUTH ASIA,India,Amongst Those Who Didn’t Travel Alone | Siblings,%,9.0
2024,SOUTH ASIA,India,Amongst Those Who Didn’t Travel Alone | Partner/ Boyfriend/ Girlfriend,%,1.0
2024,SOUTH ASIA,India,Amongst Those Who Didn’t Travel Alone | Business Associates/ Colleagues,%,3.0
2024,SOUTH ASIA,India,Amongst Those Who Didn’t Travel Alone | Relatives,%,12.0
2024,SOUTH ASIA,India,Amongst Those Who Didn’t Travel Alone | Children Aged Above 19 Years,%,6.0
2024,SOUTH ASIA,India,Average Family Size4 (Persons),%,3.3
2024,SOUTH ASIA,India,Average Party Size (Persons),%,3.2
2024,EUROPE,France,Alone,%,31.0
2024,EUROPE,France,Amongst Those Who Didn’t Travel Alone | Spouse,%,45.0
2024,EUROPE,France,Amongst Those Who Didn’t Travel Alone | Friends,%,18.0
2024,EUROPE,France,Amongst Those Who Didn’t Travel Alone | Children Aged 19 Years And Below,%,14.0
2024,EUROPE,France,Amongst Those Who Didn’t Travel Alone | Parents/  Parents-in-Law,%,4.0
2024,EUROPE,France,Amongst Those Who Didn’t Travel Alone | Siblings,%,5.0
2024,EUROPE,France,Amongst Those Who Didn’t Travel Alone | Partner/ Boyfriend/ Girlfriend,%,21.0
2024,EUROPE,France,Amongst Those Who Didn’t Travel Alone | Business Associates/ Colleagues,%,2.0
2024,EUROPE,France,Amongst Those Who Didn’t Travel Alone | Relatives,%,1.0
2024,EUROPE,France,Amongst Those Who Didn’t Travel Alone | Children Aged Above 19 Years,%,2.0
2024,EUROPE,France,Average Family Size4 (Persons),%,2.5
2024,EUROPE,France,Average Party Size (Persons),%,2.0
2024,EUROPE,Germany,Alone,%,27.0
2024,EUROPE,Germany,Amongst Those Who Didn’t Travel Alone | Spouse,%,56.0
2024,EUROPE,Germany,Amongst Those Who Didn’t Travel Alone | Friends,%,14.0
2024,EUROPE,Germany,Amongst Those Who Didn’t Travel Alone | Children Aged 19 Years And Below,%,7.0
2024,EUROPE,Germany,Amongst Those Who Didn’t Travel Alone | Parents/  Parents-in-Law,%,4.0
2024,EUROPE,Germany,Amongst Those Who Didn’t Travel Alone | Siblings,%,4.0
2024,EUROPE,Germany,Amongst Those Who Didn’t Travel Alone | Partner/ Boyfriend/ Girlfriend,%,18.0
2024,EUROPE,Germany,Amongst Those Who Didn’t Travel Alone | Business Associates/ Colleagues,%,4.0
2024,EUROPE,Germany,Amongst Those Who Didn’t Travel Alone | Relatives,%,1.0
2024,EUROPE,Germany,Amongst Those Who Didn’t Travel Alone | Children Aged Above 19 Years,%,4.0
2024,EUROPE,Germany,Average Family Size4 (Persons),%,2.4
2024,EUROPE,Germany,Average Party Size (Persons),%,2.0
2024,EUROPE,Italy,Alone,%,28.0
2024,EUROPE,Italy,Amongst Those Who Didn’t Travel Alone | Spouse,%,44.0
2024,EUROPE,Italy,Amongst Those Who Didn’t Travel Alone | Friends,%,18.0
2024,EUROPE,Italy,Amongst Those Who Didn’t Travel Alone | Children Aged 19 Years And Below,%,16.0
2024,EUROPE,Italy,Amongst Those Who Didn’t Travel Alone | Parents/  Parents-in-Law,%,4.0
2024,EUROPE,Italy,Amongst Those Who Didn’t Travel Alone | Siblings,%,6.0
2024,EUROPE,Italy,Amongst Those Who Didn’t Travel Alone | Partner/ Boyfriend/ Girlfriend,%,25.0
2024,EUROPE,Italy,Amongst Those Who Didn’t Travel Alone | Business Associates/ Colleagues,%,5.0
2024,EUROPE,Italy,Amongst Those Who Didn’t Travel Alone | Relatives,%,3.0
2024,EUROPE,Italy,Amongst Those Who Didn’t Travel Alone | Children Aged Above 19 Years,%,1.0
2024,EUROPE,Italy,Average Family Size4 (Persons),%,2.6
2024,EUROPE,Italy,Average Party Size (Persons),%,2.2
2024,EUROPE,Netherlands,Alone,%,41.0
2024,EUROPE,Netherlands,Amongst Those Who Didn’t Travel Alone | Spouse,%,46.0
2024,EUROPE,Netherlands,Amongst Those Who Didn’t Travel Alone | Friends,%,17.0
2024,EUROPE,Netherlands,Amongst Those Who Didn’t Travel Alone | Children Aged 19 Years And Below,%,12.0
2024,EUROPE,Netherlands,Amongst Those Who Didn’t Travel Alone | Parents/  Parents-in-Law,%,1.0
2024,EUROPE,Netherlands,Amongst Those Who Didn’t Travel Alone | Siblings,%,4.0
2024,EUROPE,Netherlands,Amongst Those Who Didn’t Travel Alone | Partner/ Boyfriend/ Girlfriend,%,23.0
2024,EUROPE,Netherlands,Amongst Those Who Didn’t Travel Alone | Business Associates/ Colleagues,%,1.0
2024,EUROPE,Netherlands,Amongst Those Who Didn’t Travel Alone | Relatives,%,4.0
2024,EUROPE,Netherlands,Amongst Those Who Didn’t Travel Alone | Children Aged Above 19 Years,%,11.0
2024,EUROPE,Netherlands,Average Family Size4 (Persons),%,2.5
2024,EUROPE,Netherlands,Average Party Size (Persons),%,1.8
2024,EUROPE,Switzerland,Alone,%,33.0
2024,EUROPE,Switzerland,Amongst Those Who Didn’t Travel Alone | Spouse,%,50.0
2024,EUROPE,Switzerland,Amongst Those Who Didn’t Travel Alone | Friends,%,16.0
2024,EUROPE,Switzerland,Amongst Those Who Didn’t Travel Alone | Children Aged 19 Years And Below,%,12.0
2024,EUROPE,Switzerland,Amongst Those Who Didn’t Travel Alone | Parents/  Parents-in-Law,%,5.0
2024,EUROPE,Switzerland,Amongst Those Who Didn’t Travel Alone | Siblings,%,5.0
2024,EUROPE,Switzerland,Amongst Those Who Didn’t Travel Alone | Partner/ Boyfriend/ Girlfriend,%,24.0
2024,EUROPE,Switzerland,Amongst Those Who Didn’t Travel Alone | Business Associates/ Colleagues,%,1.0
2024,EUROPE,Switzerland,Amongst Those Who Didn’t Travel Alone | Relatives,%,2.0
2024,EUROPE,Switzerland,Amongst Those Who Didn’t Travel Alone | Children Aged Above 19 Years,%,3.0
2024,EUROPE,Switzerland,Average Family Size4 (Persons),%,2.4
2024,EUROPE,Switzerland,Average Party Size (Persons),%,4.3
2024,EUROPE,UK,Alone,%,28.0
2024,EUROPE,UK,Amongst Those Who Didn’t Travel Alone | Spouse,%,64.0
2024,EUROPE,UK,Amongst Those Who Didn’t Travel Alone | Friends,%,10.0
2024,EUROPE,UK,Amongst Those Who Didn’t Travel Alone | Children Aged 19 Years And Below,%,7.0
2024,EUROPE,UK,Amongst Those Who Didn’t Travel Alone | Parents/  Parents-in-Law,%,4.0
2024,EUROPE,UK,Amongst Those Who Didn’t Travel Alone | Siblings,%,4.0
2024,EUROPE,UK,Amongst Those Who Didn’t Travel Alone | Partner/ Boyfriend/ Girlfriend,%,17.0
2024,EUROPE,UK,Amongst Those Who Didn’t Travel Alone | Business Associates/ Colleagues,%,1.0
2024,EUROPE,UK,Amongst Those Who Didn’t Travel Alone | Relatives,%,2.0
2024,EUROPE,UK,Amongst Those Who Didn’t Travel Alone | Children Aged Above 19 Years,%,2.0
2024,EUROPE,UK,Average Family Size4 (Persons),%,2.3
2024,EUROPE,UK,Average Party Size (Persons),%,1.9
2024,AMERICAS,Canada,Alone,%,27.0
2024,AMERICAS,Canada,Amongst Those Who Didn’t Travel Alone | Spouse,%,54.0
2024,AMERICAS,Canada,Amongst Those Who Didn’t Travel Alone | Friends,%,19.0
2024,AMERICAS,Canada,Amongst Those Who Didn’t Travel Alone | Children Aged 19 Years And Below,%,9.0
2024,AMERICAS,Canada,Amongst Those Who Didn’t Travel Alone | Parents/  Parents-in-Law,%,5.0
2024,AMERICAS,Canada,Amongst Those Who Didn’t Travel Alone | Siblings,%,6.0
2024,AMERICAS,Canada,Amongst Those Who Didn’t Travel Alone | Partner/ Boyfriend/ Girlfriend,%,14.0
2024,AMERICAS,Canada,Amongst Those Who Didn’t Travel Alone | Business Associates/ Colleagues,%,5.0
2024,AMERICAS,Canada,Amongst Those Who Didn’t Travel Alone | Relatives,%,4.0
2024,AMERICAS,Canada,Amongst Those Who Didn’t Travel Alone | Children Aged Above 19 Years,%,4.0
2024,AMERICAS,Canada,Average Family Size4 (Persons),%,2.6
2024,AMERICAS,Canada,Average Party Size (Persons),%,2.2
2024,AMERICAS,USA,Alone,%,43.0
2024,AMERICAS,USA,Amongst Those Who Didn’t Travel Alone | Spouse,%,51.0
2024,AMERICAS,USA,Amongst Those Who Didn’t Travel Alone | Friends,%,22.0
2024,AMERICAS,USA,Amongst Those Who Didn’t Travel Alone | Children Aged 19 Years And Below,%,8.0
2024,AMERICAS,USA,Amongst Those Who Didn’t Travel Alone | Parents/  Parents-in-Law,%,6.0
2024,AMERICAS,USA,Amongst Those Who Didn’t Travel Alone | Siblings,%,6.0
2024,AMERICAS,USA,Amongst Those Who Didn’t Travel Alone | Partner/ Boyfriend/ Girlfriend,%,12.0
2024,AMERICAS,USA,Amongst Those Who Didn’t Travel Alone | Business Associates/ Colleagues,%,4.0
2024,AMERICAS,USA,Amongst Those Who Didn’t Travel Alone | Relatives,%,5.0
2024,AMERICAS,USA,Amongst Those Who Didn’t Travel Alone | Children Aged Above 19 Years,%,5.0
2024,AMERICAS,USA,Average Family Size4 (Persons),%,2.6
2024,AMERICAS,USA,Average Party Size (Persons),%,2.1
2024,OCEANIA,Australia,Alone,%,33.0
2024,OCEANIA,Australia,Amongst Those Who Didn’t Travel Alone | Spouse,%,63.0
2024,OCEANIA,Australia,Amongst Those Who Didn’t Travel Alone | Friends,%,11.0
2024,OCEANIA,Australia,Amongst Those Who Didn’t Travel Alone | Children Aged 19 Years And Below,%,12.0
2024,OCEANIA,Australia,Amongst Those Who Didn’t Travel Alone | Parents/  Parents-in-Law,%,6.0
2024,OCEANIA,Australia,Amongst Those Who Didn’t Travel Alone | Siblings,%,5.0
2024,OCEANIA,Australia,Amongst Those Who Didn’t Travel Alone | Partner/ Boyfriend/ Girlfriend,%,12.0
2024,OCEANIA,Australia,Amongst Those Who Didn’t Travel Alone | Business Associates/ Colleagues,%,1.0
2024,OCEANIA,Australia,Amongst Those Who Didn’t Travel Alone | Relatives,%,3.0
2024,OCEANIA,Australia,Amongst Those Who Didn’t Travel Alone | Children Aged Above 19 Years,%,4.0
2024,OCEANIA,Australia,Average Family Size4 (Persons),%,2.5
2024,OCEANIA,Australia,Average Party Size (Persons),%,2.0
2024,OCEANIA,New Zealand,Alone,%,22.0
2024,OCEANIA,New Zealand,Amongst Those Who Didn’t Travel Alone | Spouse,%,72.0
2024,OCEANIA,New Zealand,Amongst Those Who Didn’t Travel Alone | Friends,%,6.0
2024,OCEANIA,New Zealand,Amongst Those Who Didn’t Travel Alone | Children Aged 19 Years And Below,%,9.0
2024,OCEANIA,New Zealand,Amongst Those Who Didn’t Travel Alone | Parents/  Parents-in-Law,%,6.0
2024,OCEANIA,New Zealand,Amongst Those Who Didn’t Travel Alone | Siblings,%,5.0
2024,OCEANIA,New Zealand,Amongst Those Who Didn’t Travel Alone | Partner/ Boyfriend/ Girlfriend,%,13.0
2024,OCEANIA,New Zealand,Amongst Those Who Didn’t Travel Alone | Relatives,%,5.0
2024,OCEANIA,New Zealand,Amongst Those Who Didn’t Travel Alone | Children Aged Above 19 Years,%,3.0
2024,OCEANIA,New Zealand,Average Family Size4 (Persons),%,2.5
2024,OCEANIA,New Zealand,Average Party Size (Persons),%,2.2
2024,AFRICA,South Africa (Rep of),Alone,%,29.0
2024,AFRICA,South Africa (Rep of),Amongst Those Who Didn’t Travel Alone | Spouse,%,66.0
2024,AFRICA,South Africa (Rep of),Amongst Those Who Didn’t Travel Alone | Friends,%,13.0
2024,AFRICA,South Africa (Rep of),Amongst Those Who Didn’t Travel Alone | Children Aged 19 Years And Below,%,30.0
2024,AFRICA,South Africa (Rep of),Amongst Those Who Didn’t Travel Alone | Siblings,%,3.0
2024,AFRICA,South Africa (Rep of),Amongst Those Who Didn’t Travel Alone | Partner/ Boyfriend/ Girlfriend,%,5.0
2024,AFRICA,South Africa (Rep of),Amongst Those Who Didn’t Travel Alone | Relatives,%,4.0
2024,AFRICA,South Africa (Rep of),Amongst Those Who Didn’t Travel Alone | Children Aged Above 19 Years,%,15.0
2024,AFRICA,South Africa (Rep of),Average Family Size4 (Persons),%,2.9
2024,AFRICA,South Africa (Rep of),Average Party Size (Persons),%,2.4
2024,REMAINING,Others,Alone,%,35.0
2024,REMAINING,Others,Amongst Those Who Didn’t Travel Alone | Spouse,%,47.0
2024,REMAINING,Others,Amongst Those Who Didn’t Travel Alone | Friends,%,17.0
2024,REMAINING,Others,Amongst Those Who Didn’t Travel Alone | Children Aged 19 Years And Below,%,14.0
2024,REMAINING,Others,Amongst Those Who Didn’t Travel Alone | Parents/  Parents-in-Law,%,10.0
2024,REMAINING,Others,Amongst Those Who Didn’t Travel Alone | Siblings,%,7.0
2024,REMAINING,Others,Amongst Those Who Didn’t Travel Alone | Partner/ Boyfriend/ Girlfriend,%,11.0
2024,REMAINING,Others,Amongst Those Who Didn’t Travel Alone | Business Associates/ Colleagues,%,6.0
2024,REMAINING,Others,Amongst Those Who Didn’t Travel Alone | Relatives,%,7.0
2024,REMAINING,Others,Amongst Those Who Didn’t Travel Alone | Children Aged Above 19 Years,%,5.0
2024,REMAINING,Others,Average Family Size4 (Persons),%,2.9
2024,REMAINING,Others,Average Party Size (Persons),%,2.4
2023,SOUTHEAST ASIA,Indonesia,Alone,%,40.0
2023,SOUTHEAST ASIA,Indonesia,Amongst Those Who Didn’t Travel Alone | Spouse,%,32.0
2023,SOUTHEAST ASIA,Indonesia,Amongst Those Who Didn’t Travel Alone | Friends,%,21.0
2023,SOUTHEAST ASIA,Indonesia,Amongst Those Who Didn’t Travel Alone | Children Aged 19 Years And Below,%,16.0
2023,SOUTHEAST ASIA,Indonesia,Amongst Those Who Didn’t Travel Alone | Parents/  Parents-in-Law,%,19.0
2023,SOUTHEAST ASIA,Indonesia,Amongst Those Who Didn’t Travel Alone | Siblings,%,15.0
2023,SOUTHEAST ASIA,Indonesia,Amongst Those Who Didn’t Travel Alone | Partner/ Boyfriend/ Girlfriend,%,4.0
2023,SOUTHEAST ASIA,Indonesia,Amongst Those Who Didn’t Travel Alone | Business Associates/ Colleagues,%,6.0
2023,SOUTHEAST ASIA,Indonesia,Amongst Those Who Didn’t Travel Alone | Relatives,%,9.0
2023,SOUTHEAST ASIA,Indonesia,Amongst Those Who Didn’t Travel Alone | Children Aged Above 19 Years,%,4.0
2023,SOUTHEAST ASIA,Indonesia,Average Family Size4 (Persons),%,3.2
2023,SOUTHEAST ASIA,Indonesia,Average Party Size (Persons),%,2.5
2023,SOUTHEAST ASIA,Malaysia,Alone,%,49.0
2023,SOUTHEAST ASIA,Malaysia,Amongst Those Who Didn’t Travel Alone | Spouse,%,35.0
2023,SOUTHEAST ASIA,Malaysia,Amongst Those Who Didn’t Travel Alone | Friends,%,22.0
2023,SOUTHEAST ASIA,Malaysia,Amongst Those Who Didn’t Travel Alone | Children Aged 19 Years And Below,%,12.0
2023,SOUTHEAST ASIA,Malaysia,Amongst Those Who Didn’t Travel Alone | Parents/  Parents-in-Law,%,16.0
2023,SOUTHEAST ASIA,Malaysia,Amongst Those Who Didn’t Travel Alone | Siblings,%,13.0
2023,SOUTHEAST ASIA,Malaysia,Amongst Those Who Didn’t Travel Alone | Partner/ Boyfriend/ Girlfriend,%,6.0
2023,SOUTHEAST ASIA,Malaysia,Amongst Those Who Didn’t Travel Alone | Business Associates/ Colleagues,%,10.0
2023,SOUTHEAST ASIA,Malaysia,Amongst Those Who Didn’t Travel Alone | Relatives,%,6.0
2023,SOUTHEAST ASIA,Malaysia,Amongst Those Who Didn’t Travel Alone | Children Aged Above 19 Years,%,6.0
2023,SOUTHEAST ASIA,Malaysia,Average Family Size4 (Persons),%,3.1
2023,SOUTHEAST ASIA,Malaysia,Average Party Size (Persons),%,2.4
2023,SOUTHEAST ASIA,Philippines,Alone,%,28.0
2023,SOUTHEAST ASIA,Philippines,Amongst Those Who Didn’t Travel Alone | Spouse,%,35.0
2023,SOUTHEAST ASIA,Philippines,Amongst Those Who Didn’t Travel Alone | Friends,%,17.0
2023,SOUTHEAST ASIA,Philippines,Amongst Those Who Didn’t Travel Alone | Children Aged 19 Years And Below,%,16.0
2023,SOUTHEAST ASIA,Philippines,Amongst Those Who Didn’t Travel Alone | Parents/  Parents-in-Law,%,18.0
2023,SOUTHEAST ASIA,Philippines,Amongst Those Who Didn’t Travel Alone | Siblings,%,17.0
2023,SOUTHEAST ASIA,Philippines,Amongst Those Who Didn’t Travel Alone | Partner/ Boyfriend/ Girlfriend,%,6.0
2023,SOUTHEAST ASIA,Philippines,Amongst Those Who Didn’t Travel Alone | Business Associates/ Colleagues,%,8.0
2023,SOUTHEAST ASIA,Philippines,Amongst Those Who Didn’t Travel Alone | Relatives,%,15.0
2023,SOUTHEAST ASIA,Philippines,Amongst Those Who Didn’t Travel Alone | Children Aged Above 19 Years,%,5.0
2023,SOUTHEAST ASIA,Philippines,Average Family Size4 (Persons),%,3.5
2023,SOUTHEAST ASIA,Philippines,Average Party Size (Persons),%,3.3
2023,SOUTHEAST ASIA,Thailand,Alone,%,40.0
2023,SOUTHEAST ASIA,Thailand,Amongst Those Who Didn’t Travel Alone | Spouse,%,19.0
2023,SOUTHEAST ASIA,Thailand,Amongst Those Who Didn’t Travel Alone | Friends,%,24.0
2023,SOUTHEAST ASIA,Thailand,Amongst Those Who Didn’t Travel Alone | Children Aged 19 Years And Below,%,12.0
2023,SOUTHEAST ASIA,Thailand,Amongst Those Who Didn’t Travel Alone | Parents/  Parents-in-Law,%,19.0
2023,SOUTHEAST ASIA,Thailand,Amongst Those Who Didn’t Travel Alone | Siblings,%,15.0
2023,SOUTHEAST ASIA,Thailand,Amongst Those Who Didn’t Travel Alone | Partner/ Boyfriend/ Girlfriend,%,12.0
2023,SOUTHEAST ASIA,Thailand,Amongst Those Who Didn’t Travel Alone | Business Associates/ Colleagues,%,13.0
2023,SOUTHEAST ASIA,Thailand,Amongst Those Who Didn’t Travel Alone | Relatives,%,7.0
2023,SOUTHEAST ASIA,Thailand,Amongst Those Who Didn’t Travel Alone | Children Aged Above 19 Years,%,2.0
2023,SOUTHEAST ASIA,Thailand,Average Family Size4 (Persons),%,3.3
2023,SOUTHEAST ASIA,Thailand,Average Party Size (Persons),%,2.6
2023,SOUTHEAST ASIA,Vietnam,Alone,%,37.0
2023,SOUTHEAST ASIA,Vietnam,Amongst Those Who Didn’t Travel Alone | Spouse,%,22.0
2023,SOUTHEAST ASIA,Vietnam,Amongst Those Who Didn’t Travel Alone | Friends,%,21.0
2023,SOUTHEAST ASIA,Vietnam,Amongst Those Who Didn’t Travel Alone | Children Aged 19 Years And Below,%,12.0
2023,SOUTHEAST ASIA,Vietnam,Amongst Those Who Didn’t Travel Alone | Parents/  Parents-in-Law,%,22.0
2023,SOUTHEAST ASIA,Vietnam,Amongst Those Who Didn’t Travel Alone | Siblings,%,14.0
2023,SOUTHEAST ASIA,Vietnam,Amongst Those Who Didn’t Travel Alone | Partner/ Boyfriend/ Girlfriend,%,4.0
2023,SOUTHEAST ASIA,Vietnam,Amongst Those Who Didn’t Travel Alone | Business Associates/ Colleagues,%,13.0
2023,SOUTHEAST ASIA,Vietnam,Amongst Those Who Didn’t Travel Alone | Relatives,%,12.0
2023,SOUTHEAST ASIA,Vietnam,Amongst Those Who Didn’t Travel Alone | Children Aged Above 19 Years,%,5.0
2023,SOUTHEAST ASIA,Vietnam,Average Family Size4 (Persons),%,3.4
2023,SOUTHEAST ASIA,Vietnam,Average Party Size (Persons),%,3.0
2023,GREATER CHINA,China,Alone,%,40.0
2023,GREATER CHINA,China,Amongst Those Who Didn’t Travel Alone | Spouse,%,34.0
2023,GREATER CHINA,China,Amongst Those Who Didn’t Travel Alone | Friends,%,22.0
2023,GREATER CHINA,China,Amongst Those Who Didn’t Travel Alone | Children Aged 19 Years And Below,%,15.0
2023,GREATER CHINA,China,Amongst Those Who Didn’t Travel Alone | Parents/  Parents-in-Law,%,15.0
2023,GREATER CHINA,China,Amongst Those Who Didn’t Travel Alone | Siblings,%,7.0
2023,GREATER CHINA,China,Amongst Those Who Didn’t Travel Alone | Partner/ Boyfriend/ Girlfriend,%,5.0
2023,GREATER CHINA,China,Amongst Those Who Didn’t Travel Alone | Business Associates/ Colleagues,%,12.0
2023,GREATER CHINA,China,Amongst Those Who Didn’t Travel Alone | Relatives,%,5.0
2023,GREATER CHINA,China,Amongst Those Who Didn’t Travel Alone | Children Aged Above 19 Years,%,5.0
2023,GREATER CHINA,China,Average Family Size4 (Persons),%,2.9
2023,GREATER CHINA,China,Average Party Size (Persons),%,2.6
2023,GREATER CHINA,Hong Kong SAR,Alone,%,49.0
2023,GREATER CHINA,Hong Kong SAR,Amongst Those Who Didn’t Travel Alone | Spouse,%,45.0
2023,GREATER CHINA,Hong Kong SAR,Amongst Those Who Didn’t Travel Alone | Friends,%,12.0
2023,GREATER CHINA,Hong Kong SAR,Amongst Those Who Didn’t Travel Alone | Children Aged 19 Years And Below,%,13.0
2023,GREATER CHINA,Hong Kong SAR,Amongst Those Who Didn’t Travel Alone | Parents/  Parents-in-Law,%,12.0
2023,GREATER CHINA,Hong Kong SAR,Amongst Those Who Didn’t Travel Alone | Siblings,%,6.0
2023,GREATER CHINA,Hong Kong SAR,Amongst Those Who Didn’t Travel Alone | Partner/ Boyfriend/ Girlfriend,%,5.0
2023,GREATER CHINA,Hong Kong SAR,Amongst Those Who Didn’t Travel Alone | Business Associates/ Colleagues,%,10.0
2023,GREATER CHINA,Hong Kong SAR,Amongst Those Who Didn’t Travel Alone | Relatives,%,7.0
2023,GREATER CHINA,Hong Kong SAR,Amongst Those Who Didn’t Travel Alone | Children Aged Above 19 Years,%,7.0
2023,GREATER CHINA,Hong Kong SAR,Average Family Size4 (Persons),%,2.6
2023,GREATER CHINA,Hong Kong SAR,Average Party Size (Persons),%,1.9
2023,GREATER CHINA,Taiwan,Alone,%,38.0
2023,GREATER CHINA,Taiwan,Amongst Those Who Didn’t Travel Alone | Spouse,%,33.0
2023,GREATER CHINA,Taiwan,Amongst Those Who Didn’t Travel Alone | Friends,%,20.0
2023,GREATER CHINA,Taiwan,Amongst Those Who Didn’t Travel Alone | Children Aged 19 Years And Below,%,17.0
2023,GREATER CHINA,Taiwan,Amongst Those Who Didn’t Travel Alone | Parents/  Parents-in-Law,%,15.0
2023,GREATER CHINA,Taiwan,Amongst Those Who Didn’t Travel Alone | Siblings,%,10.0
2023,GREATER CHINA,Taiwan,Amongst Those Who Didn’t Travel Alone | Partner/ Boyfriend/ Girlfriend,%,7.0
2023,GREATER CHINA,Taiwan,Amongst Those Who Didn’t Travel Alone | Business Associates/ Colleagues,%,16.0
2023,GREATER CHINA,Taiwan,Amongst Those Who Didn’t Travel Alone | Relatives,%,5.0
2023,GREATER CHINA,Taiwan,Amongst Those Who Didn’t Travel Alone | Children Aged Above 19 Years,%,5.0
2023,GREATER CHINA,Taiwan,Average Family Size4 (Persons),%,3.2
2023,GREATER CHINA,Taiwan,Average Party Size (Persons),%,2.8
2023,NORTH ASIA,Japan,Alone,%,51.0
2023,NORTH ASIA,Japan,Amongst Those Who Didn’t Travel Alone | Spouse,%,28.0
2023,NORTH ASIA,Japan,Amongst Those Who Didn’t Travel Alone | Friends,%,22.0
2023,NORTH ASIA,Japan,Amongst Those Who Didn’t Travel Alone | Children Aged 19 Years And Below,%,13.0
2023,NORTH ASIA,Japan,Amongst Those Who Didn’t Travel Alone | Parents/  Parents-in-Law,%,11.0
2023,NORTH ASIA,Japan,Amongst Those Who Didn’t Travel Alone | Siblings,%,7.0
2023,NORTH ASIA,Japan,Amongst Those Who Didn’t Travel Alone | Partner/ Boyfriend/ Girlfriend,%,8.0
2023,NORTH ASIA,Japan,Amongst Those Who Didn’t Travel Alone | Business Associates/ Colleagues,%,17.0
2023,NORTH ASIA,Japan,Amongst Those Who Didn’t Travel Alone | Children Aged Above 19 Years,%,4.0
2023,NORTH ASIA,Japan,Average Family Size4 (Persons),%,2.6
2023,NORTH ASIA,Japan,Average Party Size (Persons),%,1.9
2023,NORTH ASIA,South Korea,Alone,%,29.0
2023,NORTH ASIA,South Korea,Amongst Those Who Didn’t Travel Alone | Spouse,%,26.0
2023,NORTH ASIA,South Korea,Amongst Those Who Didn’t Travel Alone | Friends,%,29.0
2023,NORTH ASIA,South Korea,Amongst Those Who Didn’t Travel Alone | Children Aged 19 Years And Below,%,9.0
2023,NORTH ASIA,South Korea,Amongst Those Who Didn’t Travel Alone | Parents/  Parents-in-Law,%,15.0
2023,NORTH ASIA,South Korea,Amongst Those Who Didn’t Travel Alone | Siblings,%,13.0
2023,NORTH ASIA,South Korea,Amongst Those Who Didn’t Travel Alone | Partner/ Boyfriend/ Girlfriend,%,9.0
2023,NORTH ASIA,South Korea,Amongst Those Who Didn’t Travel Alone | Business Associates/ Colleagues,%,10.0
2023,NORTH ASIA,South Korea,Amongst Those Who Didn’t Travel Alone | Relatives,%,2.0
2023,NORTH ASIA,South Korea,Amongst Those Who Didn’t Travel Alone | Children Aged Above 19 Years,%,2.0
2023,NORTH ASIA,South Korea,Average Family Size4 (Persons),%,2.8
2023,NORTH ASIA,South Korea,Average Party Size (Persons),%,2.6
2023,SOUTH ASIA,India,Alone,%,26.0
2023,SOUTH ASIA,India,Amongst Those Who Didn’t Travel Alone | Spouse,%,65.0
2023,SOUTH ASIA,India,Amongst Those Who Didn’t Travel Alone | Friends,%,8.0
2023,SOUTH ASIA,India,Amongst Those Who Didn’t Travel Alone | Children Aged 19 Years And Below,%,26.0
2023,SOUTH ASIA,India,Amongst Those Who Didn’t Travel Alone | Parents/  Parents-in-Law,%,17.0
2023,SOUTH ASIA,India,Amongst Those Who Didn’t Travel Alone | Siblings,%,10.0
2023,SOUTH ASIA,India,Amongst Those Who Didn’t Travel Alone | Partner/ Boyfriend/ Girlfriend,%,1.0
2023,SOUTH ASIA,India,Amongst Those Who Didn’t Travel Alone | Business Associates/ Colleagues,%,6.0
2023,SOUTH ASIA,India,Amongst Those Who Didn’t Travel Alone | Relatives,%,7.0
2023,SOUTH ASIA,India,Amongst Those Who Didn’t Travel Alone | Children Aged Above 19 Years,%,3.0
2023,SOUTH ASIA,India,Average Family Size4 (Persons),%,3.3
2023,SOUTH ASIA,India,Average Party Size (Persons),%,4.6
2023,EUROPE,France,Alone,%,47.0
2023,EUROPE,France,Amongst Those Who Didn’t Travel Alone | Spouse,%,40.0
2023,EUROPE,France,Amongst Those Who Didn’t Travel Alone | Friends,%,17.0
2023,EUROPE,France,Amongst Those Who Didn’t Travel Alone | Children Aged 19 Years And Below,%,8.0
2023,EUROPE,France,Amongst Those Who Didn’t Travel Alone | Parents/  Parents-in-Law,%,2.0
2023,EUROPE,France,Amongst Those Who Didn’t Travel Alone | Siblings,%,5.0
2023,EUROPE,France,Amongst Those Who Didn’t Travel Alone | Partner/ Boyfriend/ Girlfriend,%,31.0
2023,EUROPE,France,Amongst Those Who Didn’t Travel Alone | Business Associates/ Colleagues,%,3.0
2023,EUROPE,France,Amongst Those Who Didn’t Travel Alone | Relatives,%,4.0
2023,EUROPE,France,Amongst Those Who Didn’t Travel Alone | Children Aged Above 19 Years,%,1.0
2023,EUROPE,France,Average Family Size4 (Persons),%,2.4
2023,EUROPE,France,Average Party Size (Persons),%,1.7
2023,EUROPE,Germany,Alone,%,32.0
2023,EUROPE,Germany,Amongst Those Who Didn’t Travel Alone | Spouse,%,38.0
2023,EUROPE,Germany,Amongst Those Who Didn’t Travel Alone | Friends,%,24.0
2023,EUROPE,Germany,Amongst Those Who Didn’t Travel Alone | Children Aged 19 Years And Below,%,9.0
2023,EUROPE,Germany,Amongst Those Who Didn’t Travel Alone | Parents/  Parents-in-Law,%,7.0
2023,EUROPE,Germany,Amongst Those Who Didn’t Travel Alone | Siblings,%,4.0
2023,EUROPE,Germany,Amongst Those Who Didn’t Travel Alone | Partner/ Boyfriend/ Girlfriend,%,26.0
2023,EUROPE,Germany,Amongst Those Who Didn’t Travel Alone | Business Associates/ Colleagues,%,3.0
2023,EUROPE,Germany,Amongst Those Who Didn’t Travel Alone | Relatives,%,2.0
2023,EUROPE,Germany,Amongst Those Who Didn’t Travel Alone | Children Aged Above 19 Years,%,4.0
2023,EUROPE,Germany,Average Family Size4 (Persons),%,2.6
2023,EUROPE,Germany,Average Party Size (Persons),%,2.0
2023,EUROPE,Italy,Alone,%,39.0
2023,EUROPE,Italy,Amongst Those Who Didn’t Travel Alone | Spouse,%,38.0
2023,EUROPE,Italy,Amongst Those Who Didn’t Travel Alone | Friends,%,15.0
2023,EUROPE,Italy,Amongst Those Who Didn’t Travel Alone | Children Aged 19 Years And Below,%,4.0
2023,EUROPE,Italy,Amongst Those Who Didn’t Travel Alone | Parents/  Parents-in-Law,%,1.0
2023,EUROPE,Italy,Amongst Those Who Didn’t Travel Alone | Siblings,%,1.0
2023,EUROPE,Italy,Amongst Those Who Didn’t Travel Alone | Partner/ Boyfriend/ Girlfriend,%,39.0
2023,EUROPE,Italy,Amongst Those Who Didn’t Travel Alone | Business Associates/ Colleagues,%,6.0
2023,EUROPE,Italy,Amongst Those Who Didn’t Travel Alone | Relatives,%,1.0
2023,EUROPE,Italy,Amongst Those Who Didn’t Travel Alone | Children Aged Above 19 Years,%,1.0
2023,EUROPE,Italy,Average Family Size4 (Persons),%,2.4
2023,EUROPE,Italy,Average Party Size (Persons),%,2.1
2023,EUROPE,Netherlands,Alone,%,32.0
2023,EUROPE,Netherlands,Amongst Those Who Didn’t Travel Alone | Spouse,%,43.0
2023,EUROPE,Netherlands,Amongst Those Who Didn’t Travel Alone | Friends,%,24.0
2023,EUROPE,Netherlands,Amongst Those Who Didn’t Travel Alone | Children Aged 19 Years And Below,%,10.0
2023,EUROPE,Netherlands,Amongst Those Who Didn’t Travel Alone | Parents/  Parents-in-Law,%,2.0
2023,EUROPE,Netherlands,Amongst Those Who Didn’t Travel Alone | Siblings,%,1.0
2023,EUROPE,Netherlands,Amongst Those Who Didn’t Travel Alone | Partner/ Boyfriend/ Girlfriend,%,28.0
2023,EUROPE,Netherlands,Amongst Those Who Didn’t Travel Alone | Business Associates/ Colleagues,%,3.0
2023,EUROPE,Netherlands,Amongst Those Who Didn’t Travel Alone | Relatives,%,1.0
2023,EUROPE,Netherlands,Amongst Those Who Didn’t Travel Alone | Children Aged Above 19 Years,%,4.0
2023,EUROPE,Netherlands,Average Family Size4 (Persons),%,2.5
2023,EUROPE,Netherlands,Average Party Size (Persons),%,2.7
2023,EUROPE,Switzerland,Alone,%,41.0
2023,EUROPE,Switzerland,Amongst Those Who Didn’t Travel Alone | Spouse,%,36.0
2023,EUROPE,Switzerland,Amongst Those Who Didn’t Travel Alone | Friends,%,18.0
2023,EUROPE,Switzerland,Amongst Those Who Didn’t Travel Alone | Children Aged 19 Years And Below,%,5.0
2023,EUROPE,Switzerland,Amongst Those Who Didn’t Travel Alone | Parents/  Parents-in-Law,%,13.0
2023,EUROPE,Switzerland,Amongst Those Who Didn’t Travel Alone | Siblings,%,18.0
2023,EUROPE,Switzerland,Amongst Those Who Didn’t Travel Alone | Partner/ Boyfriend/ Girlfriend,%,24.0
2023,EUROPE,Switzerland,Amongst Those Who Didn’t Travel Alone | Relatives,%,4.0
2023,EUROPE,Switzerland,Amongst Those Who Didn’t Travel Alone | Children Aged Above 19 Years,%,3.0
2023,EUROPE,Switzerland,Average Family Size4 (Persons),%,2.7
2023,EUROPE,Switzerland,Average Party Size (Persons),%,1.9
2023,EUROPE,UK,Alone,%,34.0
2023,EUROPE,UK,Amongst Those Who Didn’t Travel Alone | Spouse,%,59.0
2023,EUROPE,UK,Amongst Those Who Didn’t Travel Alone | Friends,%,11.0
2023,EUROPE,UK,Amongst Those Who Didn’t Travel Alone | Children Aged 19 Years And Below,%,7.0
2023,EUROPE,UK,Amongst Those Who Didn’t Travel Alone | Parents/  Parents-in-Law,%,2.0
2023,EUROPE,UK,Amongst Those Who Didn’t Travel Alone | Siblings,%,3.0
2023,EUROPE,UK,Amongst Those Who Didn’t Travel Alone | Partner/ Boyfriend/ Girlfriend,%,19.0
2023,EUROPE,UK,Amongst Those Who Didn’t Travel Alone | Business Associates/ Colleagues,%,3.0
2023,EUROPE,UK,Amongst Those Who Didn’t Travel Alone | Relatives,%,5.0
2023,EUROPE,UK,Amongst Those Who Didn’t Travel Alone | Children Aged Above 19 Years,%,4.0
2023,EUROPE,UK,Average Family Size4 (Persons),%,2.4
2023,EUROPE,UK,Average Party Size (Persons),%,1.9
2023,AMERICAS,Canada,Alone,%,42.0
2023,AMERICAS,Canada,Amongst Those Who Didn’t Travel Alone | Spouse,%,63.0
2023,AMERICAS,Canada,Amongst Those Who Didn’t Travel Alone | Friends,%,12.0
2023,AMERICAS,Canada,Amongst Those Who Didn’t Travel Alone | Children Aged 19 Years And Below,%,10.0
2023,AMERICAS,Canada,Amongst Those Who Didn’t Travel Alone | Parents/  Parents-in-Law,%,8.0
2023,AMERICAS,Canada,Amongst Those Who Didn’t Travel Alone | Siblings,%,3.0
2023,AMERICAS,Canada,Amongst Those Who Didn’t Travel Alone | Partner/ Boyfriend/ Girlfriend,%,8.0
2023,AMERICAS,Canada,Amongst Those Who Didn’t Travel Alone | Business Associates/ Colleagues,%,1.0
2023,AMERICAS,Canada,Amongst Those Who Didn’t Travel Alone | Relatives,%,5.0
2023,AMERICAS,Canada,Amongst Those Who Didn’t Travel Alone | Children Aged Above 19 Years,%,4.0
2023,AMERICAS,Canada,Average Family Size4 (Persons),%,2.5
2023,AMERICAS,Canada,Average Party Size (Persons),%,1.9
2023,AMERICAS,USA,Alone,%,46.0
2023,AMERICAS,USA,Amongst Those Who Didn’t Travel Alone | Spouse,%,54.0
2023,AMERICAS,USA,Amongst Those Who Didn’t Travel Alone | Friends,%,21.0
2023,AMERICAS,USA,Amongst Those Who Didn’t Travel Alone | Children Aged 19 Years And Below,%,8.0
2023,AMERICAS,USA,Amongst Those Who Didn’t Travel Alone | Parents/  Parents-in-Law,%,10.0
2023,AMERICAS,USA,Amongst Those Who Didn’t Travel Alone | Siblings,%,6.0
2023,AMERICAS,USA,Amongst Those Who Didn’t Travel Alone | Partner/ Boyfriend/ Girlfriend,%,10.0
2023,AMERICAS,USA,Amongst Those Who Didn’t Travel Alone | Business Associates/ Colleagues,%,3.0
2023,AMERICAS,USA,Amongst Those Who Didn’t Travel Alone | Relatives,%,4.0
2023,AMERICAS,USA,Amongst Those Who Didn’t Travel Alone | Children Aged Above 19 Years,%,3.0
2023,AMERICAS,USA,Average Family Size4 (Persons),%,2.7
2023,AMERICAS,USA,Average Party Size (Persons),%,2.0
2023,OCEANIA,Australia,Alone,%,33.0
2023,OCEANIA,Australia,Amongst Those Who Didn’t Travel Alone | Spouse,%,60.0
2023,OCEANIA,Australia,Amongst Those Who Didn’t Travel Alone | Friends,%,13.0
2023,OCEANIA,Australia,Amongst Those Who Didn’t Travel Alone | Children Aged 19 Years And Below,%,16.0
2023,OCEANIA,Australia,Amongst Those Who Didn’t Travel Alone | Parents/  Parents-in-Law,%,6.0
2023,OCEANIA,Australia,Amongst Those Who Didn’t Travel Alone | Siblings,%,6.0
2023,OCEANIA,Australia,Amongst Those Who Didn’t Travel Alone | Partner/ Boyfriend/ Girlfriend,%,11.0
2023,OCEANIA,Australia,Amongst Those Who Didn’t Travel Alone | Business Associates/ Colleagues,%,1.0
2023,OCEANIA,Australia,Amongst Those Who Didn’t Travel Alone | Relatives,%,3.0
2023,OCEANIA,Australia,Amongst Those Who Didn’t Travel Alone | Children Aged Above 19 Years,%,4.0
2023,OCEANIA,Australia,Average Family Size4 (Persons),%,2.6
2023,OCEANIA,Australia,Average Party Size (Persons),%,2.1
2023,OCEANIA,New Zealand,Alone,%,36.0
2023,OCEANIA,New Zealand,Amongst Those Who Didn’t Travel Alone | Spouse,%,69.0
2023,OCEANIA,New Zealand,Amongst Those Who Didn’t Travel Alone | Friends,%,12.0
2023,OCEANIA,New Zealand,Amongst Those Who Didn’t Travel Alone | Children Aged 19 Years And Below,%,11.0
2023,OCEANIA,New Zealand,Amongst Those Who Didn’t Travel Alone | Parents/  Parents-in-Law,%,8.0
2023,OCEANIA,New Zealand,Amongst Those Who Didn’t Travel Alone | Siblings,%,6.0
2023,OCEANIA,New Zealand,Amongst Those Who Didn’t Travel Alone | Partner/ Boyfriend/ Girlfriend,%,7.0
2023,OCEANIA,New Zealand,Amongst Those Who Didn’t Travel Alone | Business Associates/ Colleagues,%,1.0
2023,OCEANIA,New Zealand,Amongst Those Who Didn’t Travel Alone | Relatives,%,1.0
2023,OCEANIA,New Zealand,Amongst Those Who Didn’t Travel Alone | Children Aged Above 19 Years,%,4.0
2023,OCEANIA,New Zealand,Average Family Size4 (Persons),%,2.5
2023,OCEANIA,New Zealand,Average Party Size (Persons),%,2.0
2023,AFRICA,South Africa (Rep of),Alone,%,31.0
2023,AFRICA,South Africa (Rep of),Amongst Those Who Didn’t Travel Alone | Spouse,%,51.0
2023,AFRICA,South Africa (Rep of),Amongst Those Who Didn’t Travel Alone | Friends,%,21.0
2023,AFRICA,South Africa (Rep of),Amongst Those Who Didn’t Travel Alone | Children Aged 19 Years And Below,%,8.0
2023,AFRICA,South Africa (Rep of),Amongst Those Who Didn’t Travel Alone | Parents/  Parents-in-Law,%,5.0
2023,AFRICA,South Africa (Rep of),Amongst Those Who Didn’t Travel Alone | Siblings,%,3.0
2023,AFRICA,South Africa (Rep of),Amongst Those Who Didn’t Travel Alone | Partner/ Boyfriend/ Girlfriend,%,7.0
2023,AFRICA,South Africa (Rep of),Amongst Those Who Didn’t Travel Alone | Business Associates/ Colleagues,%,8.0
2023,AFRICA,South Africa (Rep of),Amongst Those Who Didn’t Travel Alone | Relatives,%,2.0
2023,AFRICA,South Africa (Rep of),Amongst Those Who Didn’t Travel Alone | Children Aged Above 19 Years,%,2.0
2023,AFRICA,South Africa (Rep of),Average Family Size4 (Persons),%,2.4
2023,AFRICA,South Africa (Rep of),Average Party Size (Persons),%,2.0
2023,REMAINING,Others,Alone,%,39.0
2023,REMAINING,Others,Amongst Those Who Didn’t Travel Alone | Spouse,%,42.0
2023,REMAINING,Others,Amongst Those Who Didn’t Travel Alone | Friends,%,20.0
2023,REMAINING,Others,Amongst Those Who Didn’t Travel Alone | Children Aged 19 Years And Below,%,15.0
2023,REMAINING,Others,Amongst Those Who Didn’t Travel Alone | Parents/  Parents-in-Law,%,12.0
2023,REMAINING,Others,Amongst Those Who Didn’t Travel Alone | Siblings,%,9.0
2023,REMAINING,Others,Amongst Those Who Didn’t Travel Alone | Partner/ Boyfriend/ Girlfriend,%,12.0
2023,REMAINING,Others,Amongst Those Who Didn’t Travel Alone | Business Associates/ Colleagues,%,5.0
2023,REMAINING,Others,Amongst Those Who Didn’t Travel Alone | Relatives,%,4.0
2023,REMAINING,Others,Amongst Those Who Didn’t Travel Alone | Children Aged Above 19 Years,%,4.0
2023,REMAINING,Others,Average Family Size4 (Persons),%,2.8
2023,REMAINING,Others,Average Party Size (Persons),%,2.3
2019,SOUTHEAST ASIA,Indonesia,Alone,%,36.20195153828273
2019,SOUTHEAST ASIA,Indonesia,Amongst Those Who Didn’t Travel Alone | Spouse,%,43.22782006709989
2019,SOUTHEAST ASIA,Indonesia,Amongst Those Who Didn’t Travel Alone | Friends,%,19.08223633836437
2019,SOUTHEAST ASIA,Indonesia,Amongst Those Who Didn’t Travel Alone | Children Aged 19 Years And Below,%,20.44624241553169
2019,SOUTHEAST ASIA,Indonesia,Amongst Those Who Didn’t Travel Alone | Parents/  Parents-in-Law,%,19.73899823444196
2019,SOUTHEAST ASIA,Indonesia,Amongst Those Who Didn’t Travel Alone | Siblings,%,13.09128219525897
2019,SOUTHEAST ASIA,Indonesia,Amongst Those Who Didn’t Travel Alone | Partner/ Boyfriend/ Girlfriend,%,3.015507585310875
2019,SOUTHEAST ASIA,Indonesia,Amongst Those Who Didn’t Travel Alone | Business Associates/ Colleagues,%,4.37986081470832
2019,SOUTHEAST ASIA,Indonesia,Amongst Those Who Didn’t Travel Alone | Relatives,%,6.941618017878723
2019,SOUTHEAST ASIA,Indonesia,Amongst Those Who Didn’t Travel Alone | Children Aged Above 19 Years,%,5.56433173176963
2019,SOUTHEAST ASIA,Indonesia,Average Family Size4 (Persons),%,3.118869463973604
2019,SOUTHEAST ASIA,Indonesia,Average Party Size (Persons),%,2.6529363365131
2019,SOUTHEAST ASIA,Malaysia,Alone,%,47.68522891398017
2019,SOUTHEAST ASIA,Malaysia,Amongst Those Who Didn’t Travel Alone | Spouse,%,46.97306192627654
2019,SOUTHEAST ASIA,Malaysia,Amongst Those Who Didn’t Travel Alone | Friends,%,19.00968805831036
2019,SOUTHEAST ASIA,Malaysia,Amongst Those Who Didn’t Travel Alone | Children Aged 19 Years And Below,%,13.77775852838882
2019,SOUTHEAST ASIA,Malaysia,Amongst Those Who Didn’t Travel Alone | Parents/  Parents-in-Law,%,11.11246910187424
2019,SOUTHEAST ASIA,Malaysia,Amongst Those Who Didn’t Travel Alone | Siblings,%,8.09664700286377
2019,SOUTHEAST ASIA,Malaysia,Amongst Those Who Didn’t Travel Alone | Partner/ Boyfriend/ Girlfriend,%,5.560966533752647
2019,SOUTHEAST ASIA,Malaysia,Amongst Those Who Didn’t Travel Alone | Business Associates/ Colleagues,%,6.566146657558212
2019,SOUTHEAST ASIA,Malaysia,Amongst Those Who Didn’t Travel Alone | Relatives,%,6.363998696456758
2019,SOUTHEAST ASIA,Malaysia,Amongst Those Who Didn’t Travel Alone | Children Aged Above 19 Years,%,5.389495222524325
2019,SOUTHEAST ASIA,Malaysia,Average Family Size4 (Persons),%,2.857107971614512
2019,SOUTHEAST ASIA,Malaysia,Average Party Size (Persons),%,2.420010128458271
2019,SOUTHEAST ASIA,Philippines,Alone,%,32.97401614645788
2019,SOUTHEAST ASIA,Philippines,Amongst Those Who Didn’t Travel Alone | Spouse,%,39.6891833929032
2019,SOUTHEAST ASIA,Philippines,Amongst Those Who Didn’t Travel Alone | Friends,%,18.83320384273961
2019,SOUTHEAST ASIA,Philippines,Amongst Those Who Didn’t Travel Alone | Children Aged 19 Years And Below,%,19.31631364289097
2019,SOUTHEAST ASIA,Philippines,Amongst Those Who Didn’t Travel Alone | Parents/  Parents-in-Law,%,19.33749356987039
2019,SOUTHEAST ASIA,Philippines,Amongst Those Who Didn’t Travel Alone | Siblings,%,15.72890942028393
2019,SOUTHEAST ASIA,Philippines,Amongst Those Who Didn’t Travel Alone | Partner/ Boyfriend/ Girlfriend,%,8.864517918203441
2019,SOUTHEAST ASIA,Philippines,Amongst Those Who Didn’t Travel Alone | Business Associates/ Colleagues,%,5.421886700710104
2019,SOUTHEAST ASIA,Philippines,Amongst Those Who Didn’t Travel Alone | Relatives,%,11.01854960268077
2019,SOUTHEAST ASIA,Philippines,Amongst Those Who Didn’t Travel Alone | Children Aged Above 19 Years,%,6.374926943600042
2019,SOUTHEAST ASIA,Philippines,Average Family Size4 (Persons),%,3.338830022918965
2019,SOUTHEAST ASIA,Philippines,Average Party Size (Persons),%,2.872621703079621
2019,SOUTHEAST ASIA,Thailand,Alone,%,44.20741423235201
2019,SOUTHEAST ASIA,Thailand,Amongst Those Who Didn’t Travel Alone | Spouse,%,28.84951626202572
2019,SOUTHEAST ASIA,Thailand,Amongst Those Who Didn’t Travel Alone | Friends,%,22.78550389753907
2019,SOUTHEAST ASIA,Thailand,Amongst Those Who Didn’t Travel Alone | Children Aged 19 Years And Below,%,13.32951558087648
2019,SOUTHEAST ASIA,Thailand,Amongst Those Who Didn’t Travel Alone | Parents/  Parents-in-Law,%,12.9599648251034
2019,SOUTHEAST ASIA,Thailand,Amongst Those Who Didn’t Travel Alone | Siblings,%,9.245468864229393
2019,SOUTHEAST ASIA,Thailand,Amongst Those Who Didn’t Travel Alone | Partner/ Boyfriend/ Girlfriend,%,14.10887508940835
2019,SOUTHEAST ASIA,Thailand,Amongst Those Who Didn’t Travel Alone | Business Associates/ Colleagues,%,11.01625191604701
2019,SOUTHEAST ASIA,Thailand,Amongst Those Who Didn’t Travel Alone | Relatives,%,4.467502158933327
2019,SOUTHEAST ASIA,Thailand,Amongst Those Who Didn’t Travel Alone | Children Aged Above 19 Years,%,2.732752366162347
2019,SOUTHEAST ASIA,Thailand,Average Family Size4 (Persons),%,2.786327753443827
2019,SOUTHEAST ASIA,Thailand,Average Party Size (Persons),%,2.295976568174572
2019,SOUTHEAST ASIA,Vietnam,Alone,%,32.34410061548271
2019,SOUTHEAST ASIA,Vietnam,Amongst Those Who Didn’t Travel Alone | Spouse,%,38.2465238795067
2019,SOUTHEAST ASIA,Vietnam,Amongst Those Who Didn’t Travel Alone | Friends,%,21.4937248102084
2019,SOUTHEAST ASIA,Vietnam,Amongst Those Who Didn’t Travel Alone | Children Aged 19 Years And Below,%,17.50675896356221
2019,SOUTHEAST ASIA,Vietnam,Amongst Those Who Didn’t Travel Alone | Parents/  Parents-in-Law,%,17.67055721513471
2019,SOUTHEAST ASIA,Vietnam,Amongst Those Who Didn’t Travel Alone | Siblings,%,14.03585162274834
2019,SOUTHEAST ASIA,Vietnam,Amongst Those Who Didn’t Travel Alone | Partner/ Boyfriend/ Girlfriend,%,8.789582985669929
2019,SOUTHEAST ASIA,Vietnam,Amongst Those Who Didn’t Travel Alone | Business Associates/ Colleagues,%,9.26863617371402
2019,SOUTHEAST ASIA,Vietnam,Amongst Those Who Didn’t Travel Alone | Relatives,%,8.356515644196062
2019,SOUTHEAST ASIA,Vietnam,Amongst Those Who Didn’t Travel Alone | Children Aged Above 19 Years,%,2.981453294274321
2019,SOUTHEAST ASIA,Vietnam,Average Family Size4 (Persons),%,3.412731954920833
2019,SOUTHEAST ASIA,Vietnam,Average Party Size (Persons),%,2.873666395192587
2019,GREATER CHINA,China,Alone,%,19.53930861922332
2019,GREATER CHINA,China,Amongst Those Who Didn’t Travel Alone | Spouse,%,49.67995508066944
2019,GREATER CHINA,China,Amongst Those Who Didn’t Travel Alone | Friends,%,22.52158456897603
2019,GREATER CHINA,China,Amongst Those Who Didn’t Travel Alone | Children Aged 19 Years And Below,%,19.47664303834255
2019,GREATER CHINA,China,Amongst Those Who Didn’t Travel Alone | Parents/  Parents-in-Law,%,11.24223157648001
2019,GREATER CHINA,China,Amongst Those Who Didn’t Travel Alone | Siblings,%,3.497364726789935
2019,GREATER CHINA,China,Amongst Those Who Didn’t Travel Alone | Partner/ Boyfriend/ Girlfriend,%,4.353155453313512
2019,GREATER CHINA,China,Amongst Those Who Didn’t Travel Alone | Business Associates/ Colleagues,%,5.532517593720962
2019,GREATER CHINA,China,Amongst Those Who Didn’t Travel Alone | Relatives,%,6.672611185399998
2019,GREATER CHINA,China,Amongst Those Who Didn’t Travel Alone | Children Aged Above 19 Years,%,4.368018396404624
2019,GREATER CHINA,China,Average Family Size4 (Persons),%,2.707905485662713
2019,GREATER CHINA,China,Average Party Size (Persons),%,2.938604193040552
2019,GREATER CHINA,Hong Kong SAR,Alone,%,37.84687004961197
2019,GREATER CHINA,Hong Kong SAR,Amongst Those Who Didn’t Travel Alone | Spouse,%,51.2030864676366
2019,GREATER CHINA,Hong Kong SAR,Amongst Those Who Didn’t Travel Alone | Friends,%,12.92982707225419
2019,GREATER CHINA,Hong Kong SAR,Amongst Those Who Didn’t Travel Alone | Children Aged 19 Years And Below,%,22.10195345337066
2019,GREATER CHINA,Hong Kong SAR,Amongst Those Who Didn’t Travel Alone | Parents/  Parents-in-Law,%,10.12908641744778
2019,GREATER CHINA,Hong Kong SAR,Amongst Those Who Didn’t Travel Alone | Siblings,%,5.65846982570462
2019,GREATER CHINA,Hong Kong SAR,Amongst Those Who Didn’t Travel Alone | Partner/ Boyfriend/ Girlfriend,%,8.693451721353117
2019,GREATER CHINA,Hong Kong SAR,Amongst Those Who Didn’t Travel Alone | Business Associates/ Colleagues,%,6.868638768553782
2019,GREATER CHINA,Hong Kong SAR,Amongst Those Who Didn’t Travel Alone | Relatives,%,5.49563228194647
2019,GREATER CHINA,Hong Kong SAR,Amongst Those Who Didn’t Travel Alone | Children Aged Above 19 Years,%,8.138773914911999
2019,GREATER CHINA,Hong Kong SAR,Average Family Size4 (Persons),%,2.996640307934279
2019,GREATER CHINA,Hong Kong SAR,Average Party Size (Persons),%,2.275149485602632
2019,GREATER CHINA,Taiwan,Alone,%,41.551086464372
2019,GREATER CHINA,Taiwan,Amongst Those Who Didn’t Travel Alone | Spouse,%,45.63523712414027
2019,GREATER CHINA,Taiwan,Amongst Those Who Didn’t Travel Alone | Friends,%,19.08388754131335
2019,GREATER CHINA,Taiwan,Amongst Those Who Didn’t Travel Alone | Children Aged 19 Years And Below,%,18.92954294807958
2019,GREATER CHINA,Taiwan,Amongst Those Who Didn’t Travel Alone | Parents/  Parents-in-Law,%,10.99289433524294
2019,GREATER CHINA,Taiwan,Amongst Those Who Didn’t Travel Alone | Siblings,%,5.661989580316637
2019,GREATER CHINA,Taiwan,Amongst Those Who Didn’t Travel Alone | Partner/ Boyfriend/ Girlfriend,%,7.889850673123421
2019,GREATER CHINA,Taiwan,Amongst Those Who Didn’t Travel Alone | Business Associates/ Colleagues,%,11.06534121308123
2019,GREATER CHINA,Taiwan,Amongst Those Who Didn’t Travel Alone | Relatives,%,3.565688494018635
2019,GREATER CHINA,Taiwan,Amongst Those Who Didn’t Travel Alone | Children Aged Above 19 Years,%,2.792994753540183
2019,GREATER CHINA,Taiwan,Average Family Size4 (Persons),%,2.879168115505106
2019,GREATER CHINA,Taiwan,Average Party Size (Persons),%,2.476484073512469
2019,NORTH ASIA,Japan,Alone,%,36.29185165898685
2019,NORTH ASIA,Japan,Amongst Those Who Didn’t Travel Alone | Spouse,%,41.34506077374056
2019,NORTH ASIA,Japan,Amongst Those Who Didn’t Travel Alone | Friends,%,18.19098061874679
2019,NORTH ASIA,Japan,Amongst Those Who Didn’t Travel Alone | Children Aged 19 Years And Below,%,10.1511260796658
2019,NORTH ASIA,Japan,Amongst Those Who Didn’t Travel Alone | Parents/  Parents-in-Law,%,13.64572349656133
2019,NORTH ASIA,Japan,Amongst Those Who Didn’t Travel Alone | Siblings,%,7.093809060986231
2019,NORTH ASIA,Japan,Amongst Those Who Didn’t Travel Alone | Partner/ Boyfriend/ Girlfriend,%,6.580361800665717
2019,NORTH ASIA,Japan,Amongst Those Who Didn’t Travel Alone | Business Associates/ Colleagues,%,12.95406691957403
2019,NORTH ASIA,Japan,Amongst Those Who Didn’t Travel Alone | Relatives,%,1.921836138371589
2019,NORTH ASIA,Japan,Amongst Those Who Didn’t Travel Alone | Children Aged Above 19 Years,%,2.802670398730439
2019,NORTH ASIA,Japan,Average Family Size4 (Persons),%,2.547289649267424
2019,NORTH ASIA,Japan,Average Party Size (Persons),%,2.366960502532581
2019,NORTH ASIA,South Korea,Alone,%,25.47988524321087
2019,NORTH ASIA,South Korea,Amongst Those Who Didn’t Travel Alone | Spouse,%,50.77818408063458
2019,NORTH ASIA,South Korea,Amongst Those Who Didn’t Travel Alone | Friends,%,16.20126823475626
2019,NORTH ASIA,South Korea,Amongst Those Who Didn’t Travel Alone | Children Aged 19 Years And Below,%,14.65653874976514
2019,NORTH ASIA,South Korea,Amongst Those Who Didn’t Travel Alone | Parents/  Parents-in-Law,%,11.65433131349858
2019,NORTH ASIA,South Korea,Amongst Those Who Didn’t Travel Alone | Siblings,%,6.98822851620189
2019,NORTH ASIA,South Korea,Amongst Those Who Didn’t Travel Alone | Partner/ Boyfriend/ Girlfriend,%,4.83045762925012
2019,NORTH ASIA,South Korea,Amongst Those Who Didn’t Travel Alone | Business Associates/ Colleagues,%,8.675963693210848
2019,NORTH ASIA,South Korea,Amongst Those Who Didn’t Travel Alone | Relatives,%,2.812237450986534
2019,NORTH ASIA,South Korea,Amongst Those Who Didn’t Travel Alone | Children Aged Above 19 Years,%,2.504154683692317
2019,NORTH ASIA,South Korea,Average Family Size4 (Persons),%,2.587381145311372
2019,NORTH ASIA,South Korea,Average Party Size (Persons),%,3.108239458269468
2019,SOUTH ASIA,India,Alone,%,29.02535831562598
2019,SOUTH ASIA,India,Amongst Those Who Didn’t Travel Alone | Spouse,%,69.21242671929024
2019,SOUTH ASIA,India,Amongst Those Who Didn’t Travel Alone | Friends,%,9.31414676188632
2019,SOUTH ASIA,India,Amongst Those Who Didn’t Travel Alone | Children Aged 19 Years And Below,%,26.82108183974287
2019,SOUTH ASIA,India,Amongst Those Who Didn’t Travel Alone | Parents/  Parents-in-Law,%,14.8758539042146
2019,SOUTH ASIA,India,Amongst Those Who Didn’t Travel Alone | Siblings,%,8.322344744248218
2019,SOUTH ASIA,India,Amongst Those Who Didn’t Travel Alone | Partner/ Boyfriend/ Girlfriend,%,0.9047190805426716
2019,SOUTH ASIA,India,Amongst Those Who Didn’t Travel Alone | Business Associates/ Colleagues,%,4.557357342823146
2019,SOUTH ASIA,India,Amongst Those Who Didn’t Travel Alone | Relatives,%,5.525568782640311
2019,SOUTH ASIA,India,Amongst Those Who Didn’t Travel Alone | Children Aged Above 19 Years,%,4.100828272336049
2019,SOUTH ASIA,India,Average Family Size4 (Persons),%,2.978590058573206
2019,SOUTH ASIA,India,Average Party Size (Persons),%,2.995040889555212
2019,EUROPE,France,Alone,%,31.41643789781446
2019,EUROPE,France,Amongst Those Who Didn’t Travel Alone | Spouse,%,60.42796843603934
2019,EUROPE,France,Amongst Those Who Didn’t Travel Alone | Friends,%,12.53197941277027
2019,EUROPE,France,Amongst Those Who Didn’t Travel Alone | Children Aged 19 Years And Below,%,6.871207397248656
2019,EUROPE,France,Amongst Those Who Didn’t Travel Alone | Parents/  Parents-in-Law,%,5.406286347396892
2019,EUROPE,France,Amongst Those Who Didn’t Travel Alone | Siblings,%,3.561113460573308
2019,EUROPE,France,Amongst Those Who Didn’t Travel Alone | Partner/ Boyfriend/ Girlfriend,%,21.82246803147091
2019,EUROPE,France,Amongst Those Who Didn’t Travel Alone | Relatives,%,0.6209535336625811
2019,EUROPE,France,Average Family Size4 (Persons),%,2.246073090919773
2019,EUROPE,France,Average Party Size (Persons),%,1.878719801320448
2019,EUROPE,Germany,Alone,%,27.8391376421681
2019,EUROPE,Germany,Amongst Those Who Didn’t Travel Alone | Spouse,%,64.6249286066325
2019,EUROPE,Germany,Amongst Those Who Didn’t Travel Alone | Friends,%,15.12249956570236
2019,EUROPE,Germany,Amongst Those Who Didn’t Travel Alone | Children Aged 19 Years And Below,%,4.21816873875581
2019,EUROPE,Germany,Amongst Those Who Didn’t Travel Alone | Parents/  Parents-in-Law,%,3.449635765436453
2019,EUROPE,Germany,Amongst Those Who Didn’t Travel Alone | Siblings,%,1.925658055568103
2019,EUROPE,Germany,Amongst Those Who Didn’t Travel Alone | Partner/ Boyfriend/ Girlfriend,%,16.23467498735064
2019,EUROPE,Germany,Amongst Those Who Didn’t Travel Alone | Business Associates/ Colleagues,%,1.818639369671605
2019,EUROPE,Germany,Amongst Those Who Didn’t Travel Alone | Children Aged Above 19 Years,%,0.8415906470284029
2019,EUROPE,Germany,Average Family Size4 (Persons),%,2.161969486868005
2019,EUROPE,Germany,Average Party Size (Persons),%,1.928768884957432
2019,EUROPE,Italy,Alone,%,19.79636192038101
2019,EUROPE,Italy,Amongst Those Who Didn’t Travel Alone | Spouse,%,64.88707766396661
2019,EUROPE,Italy,Amongst Those Who Didn’t Travel Alone | Friends,%,7.996695281350823
2019,EUROPE,Italy,Amongst Those Who Didn’t Travel Alone | Children Aged 19 Years And Below,%,7.210152113244983
2019,EUROPE,Italy,Amongst Those Who Didn’t Travel Alone | Parents/  Parents-in-Law,%,3.625448555916448
2019,EUROPE,Italy,Amongst Those Who Didn’t Travel Alone | Partner/ Boyfriend/ Girlfriend,%,19.71941268752218
2019,EUROPE,Italy,Amongst Those Who Didn’t Travel Alone | Business Associates/ Colleagues,%,1.600813931404014
2019,EUROPE,Italy,Amongst Those Who Didn’t Travel Alone | Children Aged Above 19 Years,%,6.074317731298621
2019,EUROPE,Italy,Average Family Size4 (Persons),%,2.278244700846256
2019,EUROPE,Italy,Average Party Size (Persons),%,2.02161002999886
2019,EUROPE,Netherlands,Alone,%,29.56106055452629
2019,EUROPE,Netherlands,Amongst Those Who Didn’t Travel Alone | Spouse,%,67.11685758485928
2019,EUROPE,Netherlands,Amongst Those Who Didn’t Travel Alone | Friends,%,7.432759995140261
2019,EUROPE,Netherlands,Amongst Those Who Didn’t Travel Alone | Children Aged 19 Years And Below,%,10.56106066219627
2019,EUROPE,Netherlands,Amongst Those Who Didn’t Travel Alone | Parents/  Parents-in-Law,%,8.061762992547768
2019,EUROPE,Netherlands,Amongst Those Who Didn’t Travel Alone | Siblings,%,5.730364180410059
2019,EUROPE,Netherlands,Amongst Those Who Didn’t Travel Alone | Partner/ Boyfriend/ Girlfriend,%,21.75852217867912
2019,EUROPE,Netherlands,Amongst Those Who Didn’t Travel Alone | Business Associates/ Colleagues,%,0.548532398624605
2019,EUROPE,Netherlands,Amongst Those Who Didn’t Travel Alone | Children Aged Above 19 Years,%,0.6960823421645848
2019,EUROPE,Netherlands,Average Family Size4 (Persons),%,2.372888410510027
2019,EUROPE,Netherlands,Average Party Size (Persons),%,1.98338163188474
2019,EUROPE,Switzerland,Alone,%,29.79195261415893
2019,EUROPE,Switzerland,Amongst Those Who Didn’t Travel Alone | Spouse,%,69.61715292063457
2019,EUROPE,Switzerland,Amongst Those Who Didn’t Travel Alone | Friends,%,14.3661757148999
2019,EUROPE,Switzerland,Amongst Those Who Didn’t Travel Alone | Children Aged 19 Years And Below,%,2.996328688879811
2019,EUROPE,Switzerland,Amongst Those Who Didn’t Travel Alone | Parents/  Parents-in-Law,%,2.644682353196616
2019,EUROPE,Switzerland,Amongst Those Who Didn’t Travel Alone | Partner/ Boyfriend/ Girlfriend,%,12.34865172690178
2019,EUROPE,Switzerland,Amongst Those Who Didn’t Travel Alone | Business Associates/ Colleagues,%,2.321134824036238
2019,EUROPE,Switzerland,Amongst Those Who Didn’t Travel Alone | Children Aged Above 19 Years,%,3.154582168882079
2019,EUROPE,Switzerland,Average Family Size4 (Persons),%,2.127441321607253
2019,EUROPE,Switzerland,Average Party Size (Persons),%,1.905132422509813
2019,EUROPE,UK,Alone,%,26.23908629225397
2019,EUROPE,UK,Amongst Those Who Didn’t Travel Alone | Spouse,%,66.34483014925011
2019,EUROPE,UK,Amongst Those Who Didn’t Travel Alone | Friends,%,10.74418297564018
2019,EUROPE,UK,Amongst Those Who Didn’t Travel Alone | Children Aged 19 Years And Below,%,5.521488562773294
2019,EUROPE,UK,Amongst Those Who Didn’t Travel Alone | Parents/  Parents-in-Law,%,4.655934710581707
2019,EUROPE,UK,Amongst Those Who Didn’t Travel Alone | Siblings,%,2.952390400022609
2019,EUROPE,UK,Amongst Those Who Didn’t Travel Alone | Partner/ Boyfriend/ Girlfriend,%,14.31583080785811
2019,EUROPE,UK,Amongst Those Who Didn’t Travel Alone | Business Associates/ Colleagues,%,1.423292000317913
2019,EUROPE,UK,Amongst Those Who Didn’t Travel Alone | Relatives,%,1.481869096042947
2019,EUROPE,UK,Amongst Those Who Didn’t Travel Alone | Children Aged Above 19 Years,%,1.151926326929978
2019,EUROPE,UK,Average Family Size4 (Persons),%,2.242744623650471
2019,EUROPE,UK,Average Party Size (Persons),%,1.999552843188676
2019,AMERICAS,Canada,Alone,%,29.50387706162946
2019,AMERICAS,Canada,Amongst Those Who Didn’t Travel Alone | Spouse,%,57.22057043357762
2019,AMERICAS,Canada,Amongst Those Who Didn’t Travel Alone | Friends,%,17.31940680382504
2019,AMERICAS,Canada,Amongst Those Who Didn’t Travel Alone | Children Aged 19 Years And Below,%,8.96902405706001
2019,AMERICAS,Canada,Amongst Those Who Didn’t Travel Alone | Parents/  Parents-in-Law,%,10.07422150317292
2019,AMERICAS,Canada,Amongst Those Who Didn’t Travel Alone | Siblings,%,10.82009482744718
2019,AMERICAS,Canada,Amongst Those Who Didn’t Travel Alone | Partner/ Boyfriend/ Girlfriend,%,8.84055837020663
2019,AMERICAS,Canada,Amongst Those Who Didn’t Travel Alone | Business Associates/ Colleagues,%,4.032150273025267
2019,AMERICAS,Canada,Amongst Those Who Didn’t Travel Alone | Relatives,%,1.931327065718386
2019,AMERICAS,Canada,Amongst Those Who Didn’t Travel Alone | Children Aged Above 19 Years,%,3.081275222263493
2019,AMERICAS,Canada,Average Family Size4 (Persons),%,2.553084801246127
2019,AMERICAS,Canada,Average Party Size (Persons),%,2.108403448725424
2019,AMERICAS,USA,Alone,%,42.67610860897518
2019,AMERICAS,USA,Amongst Those Who Didn’t Travel Alone | Spouse,%,57.63605760521455
2019,AMERICAS,USA,Amongst Those Who Didn’t Travel Alone | Friends,%,14.29634014631138
2019,AMERICAS,USA,Amongst Those Who Didn’t Travel Alone | Children Aged 19 Years And Below,%,9.405188806173856
2019,AMERICAS,USA,Amongst Those Who Didn’t Travel Alone | Parents/  Parents-in-Law,%,8.598378315229487
2019,AMERICAS,USA,Amongst Those Who Didn’t Travel Alone | Siblings,%,6.509996828253847
2019,AMERICAS,USA,Amongst Those Who Didn’t Travel Alone | Partner/ Boyfriend/ Girlfriend,%,8.575157766642825
2019,AMERICAS,USA,Amongst Those Who Didn’t Travel Alone | Business Associates/ Colleagues,%,6.343101849549178
2019,AMERICAS,USA,Amongst Those Who Didn’t Travel Alone | Relatives,%,3.249482039330139
2019,AMERICAS,USA,Amongst Those Who Didn’t Travel Alone | Children Aged Above 19 Years,%,2.476069455898299
2019,AMERICAS,USA,Average Family Size4 (Persons),%,2.438967993201008
2019,AMERICAS,USA,Average Party Size (Persons),%,2.236797737842158
2019,OCEANIA,Australia,Alone,%,32.04858951107452
2019,OCEANIA,Australia,Amongst Those Who Didn’t Travel Alone | Spouse,%,68.75564740649455
2019,OCEANIA,Australia,Amongst Those Who Didn’t Travel Alone | Friends,%,9.488981093304378
2019,OCEANIA,Australia,Amongst Those Who Didn’t Travel Alone | Children Aged 19 Years And Below,%,14.23587333027991
2019,OCEANIA,Australia,Amongst Those Who Didn’t Travel Alone | Parents/  Parents-in-Law,%,7.597833274188838
2019,OCEANIA,Australia,Amongst Those Who Didn’t Travel Alone | Siblings,%,4.646795359900089
2019,OCEANIA,Australia,Amongst Those Who Didn’t Travel Alone | Partner/ Boyfriend/ Girlfriend,%,8.166611000096767
2019,OCEANIA,Australia,Amongst Those Who Didn’t Travel Alone | Business Associates/ Colleagues,%,2.161727311812936
2019,OCEANIA,Australia,Amongst Those Who Didn’t Travel Alone | Relatives,%,2.253865048535868
2019,OCEANIA,Australia,Amongst Those Who Didn’t Travel Alone | Children Aged Above 19 Years,%,3.188906603439034
2019,OCEANIA,Australia,Average Family Size4 (Persons),%,2.48472645461755
2019,OCEANIA,Australia,Average Party Size (Persons),%,2.020526753160284
2019,OCEANIA,New Zealand,Alone,%,30.204765903979
2019,OCEANIA,New Zealand,Amongst Those Who Didn’t Travel Alone | Spouse,%,63.18850123579451
2019,OCEANIA,New Zealand,Amongst Those Who Didn’t Travel Alone | Friends,%,9.8184489139798
2019,OCEANIA,New Zealand,Amongst Those Who Didn’t Travel Alone | Children Aged 19 Years And Below,%,13.93288646758922
2019,OCEANIA,New Zealand,Amongst Those Who Didn’t Travel Alone | Parents/  Parents-in-Law,%,6.463328320290615
2019,OCEANIA,New Zealand,Amongst Those Who Didn’t Travel Alone | Siblings,%,5.490044236257551
2019,OCEANIA,New Zealand,Amongst Those Who Didn’t Travel Alone | Partner/ Boyfriend/ Girlfriend,%,16.2758291580003
2019,OCEANIA,New Zealand,Amongst Those Who Didn’t Travel Alone | Business Associates/ Colleagues,%,3.86694803690078
2019,OCEANIA,New Zealand,Amongst Those Who Didn’t Travel Alone | Relatives,%,3.839895173557939
2019,OCEANIA,New Zealand,Amongst Those Who Didn’t Travel Alone | Children Aged Above 19 Years,%,1.732888487327625
2019,OCEANIA,New Zealand,Average Family Size4 (Persons),%,2.492141712371696
2019,OCEANIA,New Zealand,Average Party Size (Persons),%,2.008108084995241
2019,AFRICA,South Africa (Rep of),Alone,%,37.54511063257497
2019,AFRICA,South Africa (Rep of),Amongst Those Who Didn’t Travel Alone | Spouse,%,63.14147877168467
2019,AFRICA,South Africa (Rep of),Amongst Those Who Didn’t Travel Alone | Friends,%,25.24356728541243
2019,AFRICA,South Africa (Rep of),Amongst Those Who Didn’t Travel Alone | Children Aged 19 Years And Below,%,23.10727291080538
2019,AFRICA,South Africa (Rep of),Amongst Those Who Didn’t Travel Alone | Parents/  Parents-in-Law,%,4.83983904103993
2019,AFRICA,South Africa (Rep of),Amongst Those Who Didn’t Travel Alone | Siblings,%,5.058503256801091
2019,AFRICA,South Africa (Rep of),Amongst Those Who Didn’t Travel Alone | Partner/ Boyfriend/ Girlfriend,%,2.561892768483413
2019,AFRICA,South Africa (Rep of),Amongst Those Who Didn’t Travel Alone | Business Associates/ Colleagues,%,3.897600262216783
2019,AFRICA,South Africa (Rep of),Amongst Those Who Didn’t Travel Alone | Relatives,%,6.976575602395162
2019,AFRICA,South Africa (Rep of),Amongst Those Who Didn’t Travel Alone | Children Aged Above 19 Years,%,10.20591625447585
2019,AFRICA,South Africa (Rep of),Average Family Size4 (Persons),%,2.886639350612847
2019,AFRICA,South Africa (Rep of),Average Party Size (Persons),%,2.842382283338513
2019,REMAINING,Others,Alone,%,36.81999478738567
2019,REMAINING,Others,Amongst Those Who Didn’t Travel Alone | Spouse,%,52.26935398025532
2019,REMAINING,Others,Amongst Those Who Didn’t Travel Alone | Friends,%,16.81254684662954
2019,REMAINING,Others,Amongst Those Who Didn’t Travel Alone | Children Aged 19 Years And Below,%,13.31782792199127
2019,REMAINING,Others,Amongst Those Who Didn’t Travel Alone | Parents/  Parents-in-Law,%,11.02905910652376
2019,REMAINING,Others,Amongst Those Who Didn’t Travel Alone | Siblings,%,6.05115808831039
2019,REMAINING,Others,Amongst Those Who Didn’t Travel Alone | Partner/ Boyfriend/ Girlfriend,%,9.312362865915569
2019,REMAINING,Others,Amongst Those Who Didn’t Travel Alone | Business Associates/ Colleagues,%,6.237682016014999
2019,REMAINING,Others,Amongst Those Who Didn’t Travel Alone | Relatives,%,4.220602908555924
2019,REMAINING,Others,Amongst Those Who Didn’t Travel Alone | Children Aged Above 19 Years,%,3.687466693155775
2019,REMAINING,Others,Average Family Size4 (Persons),%,2.627557823166657
2019,REMAINING,Others,Average Party Size (Persons),%,2.209285718788004
2018,SOUTHEAST ASIA,Indonesia,Alone,%,36.9387439706036
2018,SOUTHEAST ASIA,Indonesia,Amongst Those Who Didn’t Travel Alone | Spouse,%,44.9400261288151
2018,SOUTHEAST ASIA,Indonesia,Amongst Those Who Didn’t Travel Alone | Friends,%,17.63028022679996
2018,SOUTHEAST ASIA,Indonesia,Amongst Those Who Didn’t Travel Alone | Children Aged 19 Years And Below,%,16.93749832512571
2018,SOUTHEAST ASIA,Indonesia,Amongst Those Who Didn’t Travel Alone | Parents/  Parents-in-Law,%,17.88291496599373
2018,SOUTHEAST ASIA,Indonesia,Amongst Those Who Didn’t Travel Alone | Siblings,%,11.84811420989829
2018,SOUTHEAST ASIA,Indonesia,Amongst Those Who Didn’t Travel Alone | Partner/ Boyfriend/ Girlfriend,%,2.445216622587164
2018,SOUTHEAST ASIA,Indonesia,Amongst Those Who Didn’t Travel Alone | Business Associates/ Colleagues,%,4.785369023082517
2018,SOUTHEAST ASIA,Indonesia,Amongst Those Who Didn’t Travel Alone | Relatives,%,6.461946137145476
2018,SOUTHEAST ASIA,Indonesia,Amongst Those Who Didn’t Travel Alone | Children Aged Above 19 Years,%,4.519669335571649
2018,SOUTHEAST ASIA,Indonesia,Average Family Size4 (Persons),%,2.98408014982127
2018,SOUTHEAST ASIA,Indonesia,Average Party Size (Persons),%,2.68081261533739
2018,SOUTHEAST ASIA,Malaysia,Alone,%,49.30199041617641
2018,SOUTHEAST ASIA,Malaysia,Amongst Those Who Didn’t Travel Alone | Spouse,%,43.59585848597377
2018,SOUTHEAST ASIA,Malaysia,Amongst Those Who Didn’t Travel Alone | Friends,%,21.16024556894576
2018,SOUTHEAST ASIA,Malaysia,Amongst Those Who Didn’t Travel Alone | Children Aged 19 Years And Below,%,11.84971558162352
2018,SOUTHEAST ASIA,Malaysia,Amongst Those Who Didn’t Travel Alone | Parents/  Parents-in-Law,%,12.66877871820016
2018,SOUTHEAST ASIA,Malaysia,Amongst Those Who Didn’t Travel Alone | Siblings,%,10.38443503804054
2018,SOUTHEAST ASIA,Malaysia,Amongst Those Who Didn’t Travel Alone | Partner/ Boyfriend/ Girlfriend,%,4.801973366928245
2018,SOUTHEAST ASIA,Malaysia,Amongst Those Who Didn’t Travel Alone | Business Associates/ Colleagues,%,8.645369415234187
2018,SOUTHEAST ASIA,Malaysia,Amongst Those Who Didn’t Travel Alone | Relatives,%,5.362021391007134
2018,SOUTHEAST ASIA,Malaysia,Amongst Those Who Didn’t Travel Alone | Children Aged Above 19 Years,%,4.184756365284287
2018,SOUTHEAST ASIA,Malaysia,Average Family Size4 (Persons),%,2.947658217052595
2018,SOUTHEAST ASIA,Malaysia,Average Party Size (Persons),%,2.054297751675089
2018,SOUTHEAST ASIA,Philippines,Alone,%,33.70497916717963
2018,SOUTHEAST ASIA,Philippines,Amongst Those Who Didn’t Travel Alone | Spouse,%,33.80425943326465
2018,SOUTHEAST ASIA,Philippines,Amongst Those Who Didn’t Travel Alone | Friends,%,17.39554781121307
2018,SOUTHEAST ASIA,Philippines,Amongst Those Who Didn’t Travel Alone | Children Aged 19 Years And Below,%,16.92738790720183
2018,SOUTHEAST ASIA,Philippines,Amongst Those Who Didn’t Travel Alone | Parents/  Parents-in-Law,%,15.99244293697227
2018,SOUTHEAST ASIA,Philippines,Amongst Those Who Didn’t Travel Alone | Siblings,%,16.1945157179089
2018,SOUTHEAST ASIA,Philippines,Amongst Those Who Didn’t Travel Alone | Partner/ Boyfriend/ Girlfriend,%,8.210879087654847
2018,SOUTHEAST ASIA,Philippines,Amongst Those Who Didn’t Travel Alone | Business Associates/ Colleagues,%,9.90790980845609
2018,SOUTHEAST ASIA,Philippines,Amongst Those Who Didn’t Travel Alone | Relatives,%,10.82750354580038
2018,SOUTHEAST ASIA,Philippines,Amongst Those Who Didn’t Travel Alone | Children Aged Above 19 Years,%,3.51904178092685
2018,SOUTHEAST ASIA,Philippines,Average Family Size4 (Persons),%,3.170196512283885
2018,SOUTHEAST ASIA,Philippines,Average Party Size (Persons),%,2.613625835216284
2018,SOUTHEAST ASIA,Thailand,Alone,%,42.59225688295863
2018,SOUTHEAST ASIA,Thailand,Amongst Those Who Didn’t Travel Alone | Spouse,%,30.08535612485536
2018,SOUTHEAST ASIA,Thailand,Amongst Those Who Didn’t Travel Alone | Friends,%,23.92776843316808
2018,SOUTHEAST ASIA,Thailand,Amongst Those Who Didn’t Travel Alone | Children Aged 19 Years And Below,%,8.907778424237762
2018,SOUTHEAST ASIA,Thailand,Amongst Those Who Didn’t Travel Alone | Parents/  Parents-in-Law,%,14.04932281725146
2018,SOUTHEAST ASIA,Thailand,Amongst Those Who Didn’t Travel Alone | Siblings,%,7.394801277158533
2018,SOUTHEAST ASIA,Thailand,Amongst Those Who Didn’t Travel Alone | Partner/ Boyfriend/ Girlfriend,%,12.2213108313282
2018,SOUTHEAST ASIA,Thailand,Amongst Those Who Didn’t Travel Alone | Business Associates/ Colleagues,%,13.43889792888234
2018,SOUTHEAST ASIA,Thailand,Amongst Those Who Didn’t Travel Alone | Relatives,%,6.385216050814453
2018,SOUTHEAST ASIA,Thailand,Amongst Those Who Didn’t Travel Alone | Children Aged Above 19 Years,%,3.088102204971789
2018,SOUTHEAST ASIA,Thailand,Average Family Size4 (Persons),%,3.001812062653867
2018,SOUTHEAST ASIA,Thailand,Average Party Size (Persons),%,2.486909088552204
2018,SOUTHEAST ASIA,Vietnam,Alone,%,39.93734150548201
2018,SOUTHEAST ASIA,Vietnam,Amongst Those Who Didn’t Travel Alone | Spouse,%,37.11659998961198
2018,SOUTHEAST ASIA,Vietnam,Amongst Those Who Didn’t Travel Alone | Friends,%,17.13143971462787
2018,SOUTHEAST ASIA,Vietnam,Amongst Those Who Didn’t Travel Alone | Children Aged 19 Years And Below,%,15.79151200485179
2018,SOUTHEAST ASIA,Vietnam,Amongst Those Who Didn’t Travel Alone | Parents/  Parents-in-Law,%,19.9741960223235
2018,SOUTHEAST ASIA,Vietnam,Amongst Those Who Didn’t Travel Alone | Siblings,%,15.32501116908687
2018,SOUTHEAST ASIA,Vietnam,Amongst Those Who Didn’t Travel Alone | Partner/ Boyfriend/ Girlfriend,%,7.730136383251296
2018,SOUTHEAST ASIA,Vietnam,Amongst Those Who Didn’t Travel Alone | Business Associates/ Colleagues,%,7.452304010892403
2018,SOUTHEAST ASIA,Vietnam,Amongst Those Who Didn’t Travel Alone | Relatives,%,9.306481707950212
2018,SOUTHEAST ASIA,Vietnam,Amongst Those Who Didn’t Travel Alone | Children Aged Above 19 Years,%,2.717629463100824
2018,SOUTHEAST ASIA,Vietnam,Average Family Size4 (Persons),%,2.913291914422484
2018,SOUTHEAST ASIA,Vietnam,Average Party Size (Persons),%,2.618104276776869
2018,GREATER CHINA,China,Alone,%,21.46971004692364
2018,GREATER CHINA,China,Amongst Those Who Didn’t Travel Alone | Spouse,%,49.78870220437613
2018,GREATER CHINA,China,Amongst Those Who Didn’t Travel Alone | Friends,%,18.78158938147287
2018,GREATER CHINA,China,Amongst Those Who Didn’t Travel Alone | Children Aged 19 Years And Below,%,19.65933891087919
2018,GREATER CHINA,China,Amongst Those Who Didn’t Travel Alone | Parents/  Parents-in-Law,%,13.47003385879409
2018,GREATER CHINA,China,Amongst Those Who Didn’t Travel Alone | Siblings,%,5.511652183929947
2018,GREATER CHINA,China,Amongst Those Who Didn’t Travel Alone | Partner/ Boyfriend/ Girlfriend,%,3.796155776087934
2018,GREATER CHINA,China,Amongst Those Who Didn’t Travel Alone | Business Associates/ Colleagues,%,6.943078037051416
2018,GREATER CHINA,China,Amongst Those Who Didn’t Travel Alone | Relatives,%,5.361473237147562
2018,GREATER CHINA,China,Amongst Those Who Didn’t Travel Alone | Children Aged Above 19 Years,%,3.41971676815891
2018,GREATER CHINA,China,Average Family Size4 (Persons),%,2.724715741184843
2018,GREATER CHINA,China,Average Party Size (Persons),%,3.680856590153081
2018,GREATER CHINA,Hong Kong SAR,Alone,%,39.56304895523868
2018,GREATER CHINA,Hong Kong SAR,Amongst Those Who Didn’t Travel Alone | Spouse,%,54.79937643548375
2018,GREATER CHINA,Hong Kong SAR,Amongst Those Who Didn’t Travel Alone | Friends,%,15.7846102838165
2018,GREATER CHINA,Hong Kong SAR,Amongst Those Who Didn’t Travel Alone | Children Aged 19 Years And Below,%,21.4583017349228
2018,GREATER CHINA,Hong Kong SAR,Amongst Those Who Didn’t Travel Alone | Parents/  Parents-in-Law,%,13.19983180278532
2018,GREATER CHINA,Hong Kong SAR,Amongst Those Who Didn’t Travel Alone | Siblings,%,5.029425213598375
2018,GREATER CHINA,Hong Kong SAR,Amongst Those Who Didn’t Travel Alone | Partner/ Boyfriend/ Girlfriend,%,4.193420562653495
2018,GREATER CHINA,Hong Kong SAR,Amongst Those Who Didn’t Travel Alone | Business Associates/ Colleagues,%,8.027905857835172
2018,GREATER CHINA,Hong Kong SAR,Amongst Those Who Didn’t Travel Alone | Relatives,%,3.745035214104419
2018,GREATER CHINA,Hong Kong SAR,Amongst Those Who Didn’t Travel Alone | Children Aged Above 19 Years,%,5.313184135760636
2018,GREATER CHINA,Hong Kong SAR,Average Family Size4 (Persons),%,2.913109274824158
2018,GREATER CHINA,Hong Kong SAR,Average Party Size (Persons),%,2.23486937309243
2018,GREATER CHINA,Taiwan,Alone,%,37.58001476295314
2018,GREATER CHINA,Taiwan,Amongst Those Who Didn’t Travel Alone | Spouse,%,42.17993123456642
2018,GREATER CHINA,Taiwan,Amongst Those Who Didn’t Travel Alone | Friends,%,19.71690624224982
2018,GREATER CHINA,Taiwan,Amongst Those Who Didn’t Travel Alone | Children Aged 19 Years And Below,%,13.09383664055589
2018,GREATER CHINA,Taiwan,Amongst Those Who Didn’t Travel Alone | Parents/  Parents-in-Law,%,11.01916857351515
2018,GREATER CHINA,Taiwan,Amongst Those Who Didn’t Travel Alone | Siblings,%,9.906474516435964
2018,GREATER CHINA,Taiwan,Amongst Those Who Didn’t Travel Alone | Partner/ Boyfriend/ Girlfriend,%,7.413205136350035
2018,GREATER CHINA,Taiwan,Amongst Those Who Didn’t Travel Alone | Business Associates/ Colleagues,%,12.45086032776707
2018,GREATER CHINA,Taiwan,Amongst Those Who Didn’t Travel Alone | Relatives,%,2.886515855692825
2018,GREATER CHINA,Taiwan,Amongst Those Who Didn’t Travel Alone | Children Aged Above 19 Years,%,4.802234420108259
2018,GREATER CHINA,Taiwan,Average Family Size4 (Persons),%,2.769392657303702
2018,GREATER CHINA,Taiwan,Average Party Size (Persons),%,2.996141852968569
2018,NORTH ASIA,Japan,Alone,%,44.45883569306095
2018,NORTH ASIA,Japan,Amongst Those Who Didn’t Travel Alone | Spouse,%,38.25353074788673
2018,NORTH ASIA,Japan,Amongst Those Who Didn’t Travel Alone | Friends,%,18.48001800838541
2018,NORTH ASIA,Japan,Amongst Those Who Didn’t Travel Alone | Children Aged 19 Years And Below,%,9.38379238977245
2018,NORTH ASIA,Japan,Amongst Those Who Didn’t Travel Alone | Parents/  Parents-in-Law,%,12.81157044003503
2018,NORTH ASIA,Japan,Amongst Those Who Didn’t Travel Alone | Siblings,%,8.377501638782999
2018,NORTH ASIA,Japan,Amongst Those Who Didn’t Travel Alone | Partner/ Boyfriend/ Girlfriend,%,6.228908695051805
2018,NORTH ASIA,Japan,Amongst Those Who Didn’t Travel Alone | Business Associates/ Colleagues,%,19.69403209120618
2018,NORTH ASIA,Japan,Amongst Those Who Didn’t Travel Alone | Relatives,%,1.163915714267344
2018,NORTH ASIA,Japan,Amongst Those Who Didn’t Travel Alone | Children Aged Above 19 Years,%,0.71449351331881
2018,NORTH ASIA,Japan,Average Family Size4 (Persons),%,2.582675535884232
2018,NORTH ASIA,Japan,Average Party Size (Persons),%,2.802661193430257
2018,NORTH ASIA,South Korea,Alone,%,30.9895827842142
2018,NORTH ASIA,South Korea,Amongst Those Who Didn’t Travel Alone | Spouse,%,49.32774866125727
2018,NORTH ASIA,South Korea,Amongst Those Who Didn’t Travel Alone | Friends,%,15.82387523597597
2018,NORTH ASIA,South Korea,Amongst Those Who Didn’t Travel Alone | Children Aged 19 Years And Below,%,12.70414669556666
2018,NORTH ASIA,South Korea,Amongst Those Who Didn’t Travel Alone | Parents/  Parents-in-Law,%,13.73424206305188
2018,NORTH ASIA,South Korea,Amongst Those Who Didn’t Travel Alone | Siblings,%,7.446275947204628
2018,NORTH ASIA,South Korea,Amongst Those Who Didn’t Travel Alone | Partner/ Boyfriend/ Girlfriend,%,5.794618128845968
2018,NORTH ASIA,South Korea,Amongst Those Who Didn’t Travel Alone | Business Associates/ Colleagues,%,8.773660281971072
2018,NORTH ASIA,South Korea,Amongst Those Who Didn’t Travel Alone | Relatives,%,1.456907260716734
2018,NORTH ASIA,South Korea,Amongst Those Who Didn’t Travel Alone | Children Aged Above 19 Years,%,4.224070022003178
2018,NORTH ASIA,South Korea,Average Family Size4 (Persons),%,2.620737180513613
2018,NORTH ASIA,South Korea,Average Party Size (Persons),%,2.524814172736881
2018,SOUTH ASIA,India,Alone,%,30.54306054474031
2018,SOUTH ASIA,India,Amongst Those Who Didn’t Travel Alone | Spouse,%,63.60567470558838
2018,SOUTH ASIA,India,Amongst Those Who Didn’t Travel Alone | Friends,%,9.478153957022965
2018,SOUTH ASIA,India,Amongst Those Who Didn’t Travel Alone | Children Aged 19 Years And Below,%,25.71818583519415
2018,SOUTH ASIA,India,Amongst Those Who Didn’t Travel Alone | Parents/  Parents-in-Law,%,18.83843362947806
2018,SOUTH ASIA,India,Amongst Those Who Didn’t Travel Alone | Siblings,%,10.72824876929277
2018,SOUTH ASIA,India,Amongst Those Who Didn’t Travel Alone | Partner/ Boyfriend/ Girlfriend,%,0.547710727540017
2018,SOUTH ASIA,India,Amongst Those Who Didn’t Travel Alone | Business Associates/ Colleagues,%,5.872500669603058
2018,SOUTH ASIA,India,Amongst Those Who Didn’t Travel Alone | Relatives,%,5.716905858268187
2018,SOUTH ASIA,India,Amongst Those Who Didn’t Travel Alone | Children Aged Above 19 Years,%,4.017227849502094
2018,SOUTH ASIA,India,Average Family Size4 (Persons),%,3.140269189959377
2018,SOUTH ASIA,India,Average Party Size (Persons),%,3.020833874680881
2018,EUROPE,France,Alone,%,38.88237253584268
2018,EUROPE,France,Amongst Those Who Didn’t Travel Alone | Spouse,%,61.21046186179522
2018,EUROPE,France,Amongst Those Who Didn’t Travel Alone | Friends,%,10.17372412991945
2018,EUROPE,France,Amongst Those Who Didn’t Travel Alone | Children Aged 19 Years And Below,%,7.567031119027912
2018,EUROPE,France,Amongst Those Who Didn’t Travel Alone | Parents/  Parents-in-Law,%,8.384495740467198
2018,EUROPE,France,Amongst Those Who Didn’t Travel Alone | Siblings,%,5.958441804884223
2018,EUROPE,France,Amongst Those Who Didn’t Travel Alone | Partner/ Boyfriend/ Girlfriend,%,15.80923942829602
2018,EUROPE,France,Amongst Those Who Didn’t Travel Alone | Business Associates/ Colleagues,%,4.255452337131845
2018,EUROPE,France,Amongst Those Who Didn’t Travel Alone | Relatives,%,1.598685104551255
2018,EUROPE,France,Amongst Those Who Didn’t Travel Alone | Children Aged Above 19 Years,%,1.100401578973727
2018,EUROPE,France,Average Family Size4 (Persons),%,2.414420579303671
2018,EUROPE,France,Average Party Size (Persons),%,2.200875356865197
2018,EUROPE,Germany,Alone,%,28.04670059360334
2018,EUROPE,Germany,Amongst Those Who Didn’t Travel Alone | Spouse,%,59.24695180111534
2018,EUROPE,Germany,Amongst Those Who Didn’t Travel Alone | Friends,%,14.60475130407034
2018,EUROPE,Germany,Amongst Those Who Didn’t Travel Alone | Children Aged 19 Years And Below,%,6.404168333275228
2018,EUROPE,Germany,Amongst Those Who Didn’t Travel Alone | Parents/  Parents-in-Law,%,4.570355306444105
2018,EUROPE,Germany,Amongst Those Who Didn’t Travel Alone | Siblings,%,2.425364980506071
2018,EUROPE,Germany,Amongst Those Who Didn’t Travel Alone | Partner/ Boyfriend/ Girlfriend,%,20.60952636857802
2018,EUROPE,Germany,Amongst Those Who Didn’t Travel Alone | Business Associates/ Colleagues,%,2.513379492498712
2018,EUROPE,Germany,Amongst Those Who Didn’t Travel Alone | Relatives,%,0.7368587093211153
2018,EUROPE,Germany,Amongst Those Who Didn’t Travel Alone | Children Aged Above 19 Years,%,1.00305279109248
2018,EUROPE,Germany,Average Family Size4 (Persons),%,2.234062665259759
2018,EUROPE,Germany,Average Party Size (Persons),%,2.001107511718458
2018,EUROPE,Italy,Alone,%,25.03016717927134
2018,EUROPE,Italy,Amongst Those Who Didn’t Travel Alone | Spouse,%,48.07843886160551
2018,EUROPE,Italy,Amongst Those Who Didn’t Travel Alone | Friends,%,16.58032533142558
2018,EUROPE,Italy,Amongst Those Who Didn’t Travel Alone | Children Aged 19 Years And Below,%,5.734066238564475
2018,EUROPE,Italy,Amongst Those Who Didn’t Travel Alone | Parents/  Parents-in-Law,%,6.097156811865155
2018,EUROPE,Italy,Amongst Those Who Didn’t Travel Alone | Siblings,%,5.151262716397343
2018,EUROPE,Italy,Amongst Those Who Didn’t Travel Alone | Partner/ Boyfriend/ Girlfriend,%,21.2312790197451
2018,EUROPE,Italy,Amongst Those Who Didn’t Travel Alone | Business Associates/ Colleagues,%,4.196602561882132
2018,EUROPE,Italy,Amongst Those Who Didn’t Travel Alone | Relatives,%,0.6816425907240172
2018,EUROPE,Italy,Amongst Those Who Didn’t Travel Alone | Children Aged Above 19 Years,%,1.44451477654575
2018,EUROPE,Italy,Average Family Size4 (Persons),%,2.292942984063485
2018,EUROPE,Italy,Average Party Size (Persons),%,1.929200995288644
2018,EUROPE,Netherlands,Alone,%,42.27432880964486
2018,EUROPE,Netherlands,Amongst Those Who Didn’t Travel Alone | Spouse,%,59.87241135606427
2018,EUROPE,Netherlands,Amongst Those Who Didn’t Travel Alone | Friends,%,8.507632853951911
2018,EUROPE,Netherlands,Amongst Those Who Didn’t Travel Alone | Children Aged 19 Years And Below,%,9.738082793018602
2018,EUROPE,Netherlands,Amongst Those Who Didn’t Travel Alone | Parents/  Parents-in-Law,%,4.555160709687564
2018,EUROPE,Netherlands,Amongst Those Who Didn’t Travel Alone | Siblings,%,6.656651780261905
2018,EUROPE,Netherlands,Amongst Those Who Didn’t Travel Alone | Partner/ Boyfriend/ Girlfriend,%,21.34114402771845
2018,EUROPE,Netherlands,Amongst Those Who Didn’t Travel Alone | Business Associates/ Colleagues,%,4.815616175120349
2018,EUROPE,Netherlands,Amongst Those Who Didn’t Travel Alone | Children Aged Above 19 Years,%,1.349500857259689
2018,EUROPE,Netherlands,Average Family Size4 (Persons),%,2.482033193244493
2018,EUROPE,Netherlands,Average Party Size (Persons),%,1.837826542351207
2018,EUROPE,Switzerland,Alone,%,25.68414048321888
2018,EUROPE,Switzerland,Amongst Those Who Didn’t Travel Alone | Spouse,%,52.59255554626545
2018,EUROPE,Switzerland,Amongst Those Who Didn’t Travel Alone | Friends,%,17.07163503092409
2018,EUROPE,Switzerland,Amongst Those Who Didn’t Travel Alone | Children Aged 19 Years And Below,%,8.90666278733171
2018,EUROPE,Switzerland,Amongst Those Who Didn’t Travel Alone | Parents/  Parents-in-Law,%,3.664273766809951
2018,EUROPE,Switzerland,Amongst Those Who Didn’t Travel Alone | Siblings,%,1.963834499986119
2018,EUROPE,Switzerland,Amongst Those Who Didn’t Travel Alone | Partner/ Boyfriend/ Girlfriend,%,15.27293228535386
2018,EUROPE,Switzerland,Amongst Those Who Didn’t Travel Alone | Business Associates/ Colleagues,%,6.665008681677255
2018,EUROPE,Switzerland,Amongst Those Who Didn’t Travel Alone | Relatives,%,5.005677716602892
2018,EUROPE,Switzerland,Average Family Size4 (Persons),%,2.342390286705249
2018,EUROPE,Switzerland,Average Party Size (Persons),%,2.032068809718719
2018,EUROPE,UK,Alone,%,34.89693519338122
2018,EUROPE,UK,Amongst Those Who Didn’t Travel Alone | Spouse,%,67.9133093171676
2018,EUROPE,UK,Amongst Those Who Didn’t Travel Alone | Friends,%,10.96307342860579
2018,EUROPE,UK,Amongst Those Who Didn’t Travel Alone | Children Aged 19 Years And Below,%,7.285035001680833
2018,EUROPE,UK,Amongst Those Who Didn’t Travel Alone | Parents/  Parents-in-Law,%,4.366347890854551
2018,EUROPE,UK,Amongst Those Who Didn’t Travel Alone | Siblings,%,3.897394934041833
2018,EUROPE,UK,Amongst Those Who Didn’t Travel Alone | Partner/ Boyfriend/ Girlfriend,%,12.5036131600994
2018,EUROPE,UK,Amongst Those Who Didn’t Travel Alone | Business Associates/ Colleagues,%,1.940868801556327
2018,EUROPE,UK,Amongst Those Who Didn’t Travel Alone | Relatives,%,1.299882829705598
2018,EUROPE,UK,Amongst Those Who Didn’t Travel Alone | Children Aged Above 19 Years,%,1.496652578458923
2018,EUROPE,UK,Average Family Size4 (Persons),%,2.264810236430227
2018,EUROPE,UK,Average Party Size (Persons),%,1.876773809283131
2018,AMERICAS,Canada,Alone,%,34.69067207238472
2018,AMERICAS,Canada,Amongst Those Who Didn’t Travel Alone | Spouse,%,64.05534106552349
2018,AMERICAS,Canada,Amongst Those Who Didn’t Travel Alone | Friends,%,16.90643763913526
2018,AMERICAS,Canada,Amongst Those Who Didn’t Travel Alone | Children Aged 19 Years And Below,%,6.736601504209288
2018,AMERICAS,Canada,Amongst Those Who Didn’t Travel Alone | Parents/  Parents-in-Law,%,3.669255228757978
2018,AMERICAS,Canada,Amongst Those Who Didn’t Travel Alone | Siblings,%,2.570514077153828
2018,AMERICAS,Canada,Amongst Those Who Didn’t Travel Alone | Partner/ Boyfriend/ Girlfriend,%,13.35592846016624
2018,AMERICAS,Canada,Amongst Those Who Didn’t Travel Alone | Relatives,%,2.254038540919124
2018,AMERICAS,Canada,Amongst Those Who Didn’t Travel Alone | Children Aged Above 19 Years,%,3.9251910889218
2018,AMERICAS,Canada,Average Family Size4 (Persons),%,2.417382775891656
2018,AMERICAS,Canada,Average Party Size (Persons),%,1.963145684264577
2018,AMERICAS,USA,Alone,%,41.25914122105515
2018,AMERICAS,USA,Amongst Those Who Didn’t Travel Alone | Spouse,%,57.21762182149514
2018,AMERICAS,USA,Amongst Those Who Didn’t Travel Alone | Friends,%,15.84781410692078
2018,AMERICAS,USA,Amongst Those Who Didn’t Travel Alone | Children Aged 19 Years And Below,%,11.59340183334799
2018,AMERICAS,USA,Amongst Those Who Didn’t Travel Alone | Parents/  Parents-in-Law,%,6.510566103703916
2018,AMERICAS,USA,Amongst Those Who Didn’t Travel Alone | Siblings,%,6.963155683336293
2018,AMERICAS,USA,Amongst Those Who Didn’t Travel Alone | Partner/ Boyfriend/ Girlfriend,%,8.77176954654403
2018,AMERICAS,USA,Amongst Those Who Didn’t Travel Alone | Business Associates/ Colleagues,%,4.928350110294586
2018,AMERICAS,USA,Amongst Those Who Didn’t Travel Alone | Relatives,%,2.554599243428574
2018,AMERICAS,USA,Amongst Those Who Didn’t Travel Alone | Children Aged Above 19 Years,%,3.220171553812481
2018,AMERICAS,USA,Average Family Size4 (Persons),%,2.564825724025159
2018,AMERICAS,USA,Average Party Size (Persons),%,2.113002141538517
2018,OCEANIA,Australia,Alone,%,29.43939112746446
2018,OCEANIA,Australia,Amongst Those Who Didn’t Travel Alone | Spouse,%,63.84758876697833
2018,OCEANIA,Australia,Amongst Those Who Didn’t Travel Alone | Friends,%,12.44309053795209
2018,OCEANIA,Australia,Amongst Those Who Didn’t Travel Alone | Children Aged 19 Years And Below,%,12.99947952614389
2018,OCEANIA,Australia,Amongst Those Who Didn’t Travel Alone | Parents/  Parents-in-Law,%,8.863899992826326
2018,OCEANIA,Australia,Amongst Those Who Didn’t Travel Alone | Siblings,%,6.102673552171063
2018,OCEANIA,Australia,Amongst Those Who Didn’t Travel Alone | Partner/ Boyfriend/ Girlfriend,%,10.02810389972861
2018,OCEANIA,Australia,Amongst Those Who Didn’t Travel Alone | Business Associates/ Colleagues,%,1.788833085404495
2018,OCEANIA,Australia,Amongst Those Who Didn’t Travel Alone | Relatives,%,2.854438440969422
2018,OCEANIA,Australia,Amongst Those Who Didn’t Travel Alone | Children Aged Above 19 Years,%,1.868153968010353
2018,OCEANIA,Australia,Average Family Size4 (Persons),%,2.483706386557434
2018,OCEANIA,Australia,Average Party Size (Persons),%,2.092957086580142
2018,OCEANIA,New Zealand,Alone,%,26.83969829912536
2018,OCEANIA,New Zealand,Amongst Those Who Didn’t Travel Alone | Spouse,%,69.43467025235789
2018,OCEANIA,New Zealand,Amongst Those Who Didn’t Travel Alone | Friends,%,15.43395978938619
2018,OCEANIA,New Zealand,Amongst Those Who Didn’t Travel Alone | Children Aged 19 Years And Below,%,17.71027775980878
2018,OCEANIA,New Zealand,Amongst Those Who Didn’t Travel Alone | Parents/  Parents-in-Law,%,4.287566340867882
2018,OCEANIA,New Zealand,Amongst Those Who Didn’t Travel Alone | Siblings,%,6.183464865516351
2018,OCEANIA,New Zealand,Amongst Those Who Didn’t Travel Alone | Partner/ Boyfriend/ Girlfriend,%,2.995485902100624
2018,OCEANIA,New Zealand,Amongst Those Who Didn’t Travel Alone | Business Associates/ Colleagues,%,1.444318110727101
2018,OCEANIA,New Zealand,Amongst Those Who Didn’t Travel Alone | Relatives,%,2.21237976048573
2018,OCEANIA,New Zealand,Amongst Those Who Didn’t Travel Alone | Children Aged Above 19 Years,%,2.473977935970312
2018,OCEANIA,New Zealand,Average Family Size4 (Persons),%,2.540652657479302
2018,OCEANIA,New Zealand,Average Party Size (Persons),%,2.168520006877247
2018,AFRICA,South Africa (Rep of),Alone,%,37.2374356535628
2018,AFRICA,South Africa (Rep of),Amongst Those Who Didn’t Travel Alone | Spouse,%,60.31176349152474
2018,AFRICA,South Africa (Rep of),Amongst Those Who Didn’t Travel Alone | Friends,%,14.62143603615699
2018,AFRICA,South Africa (Rep of),Amongst Those Who Didn’t Travel Alone | Children Aged 19 Years And Below,%,6.045406757748598
2018,AFRICA,South Africa (Rep of),Amongst Those Who Didn’t Travel Alone | Parents/  Parents-in-Law,%,8.304784645323323
2018,AFRICA,South Africa (Rep of),Amongst Those Who Didn’t Travel Alone | Siblings,%,1.1031883806846
2018,AFRICA,South Africa (Rep of),Amongst Those Who Didn’t Travel Alone | Partner/ Boyfriend/ Girlfriend,%,6.169440320332392
2018,AFRICA,South Africa (Rep of),Amongst Those Who Didn’t Travel Alone | Business Associates/ Colleagues,%,9.489387125977936
2018,AFRICA,South Africa (Rep of),Average Family Size4 (Persons),%,2.278626012800421
2018,AFRICA,South Africa (Rep of),Average Party Size (Persons),%,1.871911715977405
2018,REMAINING,Others,Alone,%,38.18463420240732
2018,REMAINING,Others,Amongst Those Who Didn’t Travel Alone | Spouse,%,52.37365321287321
2018,REMAINING,Others,Amongst Those Who Didn’t Travel Alone | Friends,%,15.00665345536099
2018,REMAINING,Others,Amongst Those Who Didn’t Travel Alone | Children Aged 19 Years And Below,%,17.29100000621295
2018,REMAINING,Others,Amongst Those Who Didn’t Travel Alone | Parents/  Parents-in-Law,%,11.82449225811975
2018,REMAINING,Others,Amongst Those Who Didn’t Travel Alone | Siblings,%,8.90049839935296
2018,REMAINING,Others,Amongst Those Who Didn’t Travel Alone | Partner/ Boyfriend/ Girlfriend,%,10.82795627908885
2018,REMAINING,Others,Amongst Those Who Didn’t Travel Alone | Business Associates/ Colleagues,%,5.850051814652084
2018,REMAINING,Others,Amongst Those Who Didn’t Travel Alone | Relatives,%,4.127716107952684
2018,REMAINING,Others,Amongst Those Who Didn’t Travel Alone | Children Aged Above 19 Years,%,2.225152374589587
2018,REMAINING,Others,Average Family Size4 (Persons),%,2.822163322229002
2018,REMAINING,Others,Average Party Size (Persons),%,2.232083032885289
2017,SOUTHEAST ASIA,Indonesia,Alone,%,30.35132214569676
2017,SOUTHEAST ASIA,Indonesia,Amongst Those Who Didn’t Travel Alone | Spouse,%,51.93856744764652
2017,SOUTHEAST ASIA,Indonesia,Amongst Those Who Didn’t Travel Alone | Friends,%,16.11552786887539
2017,SOUTHEAST ASIA,Indonesia,Amongst Those Who Didn’t Travel Alone | Children Aged 19 Years And Below,%,14.50932846010316
2017,SOUTHEAST ASIA,Indonesia,Amongst Those Who Didn’t Travel Alone | Parents/  Parents-in-Law,%,17.07880354922116
2017,SOUTHEAST ASIA,Indonesia,Amongst Those Who Didn’t Travel Alone | Siblings,%,10.97604384516199
2017,SOUTHEAST ASIA,Indonesia,Amongst Those Who Didn’t Travel Alone | Partner/ Boyfriend/ Girlfriend,%,2.865401043367028
2017,SOUTHEAST ASIA,Indonesia,Amongst Those Who Didn’t Travel Alone | Business Associates/ Colleagues,%,4.11264272278004
2017,SOUTHEAST ASIA,Indonesia,Amongst Those Who Didn’t Travel Alone | Relatives,%,4.878280167304553
2017,SOUTHEAST ASIA,Indonesia,Amongst Those Who Didn’t Travel Alone | Children Aged Above 19 Years,%,3.71333722086124
2017,SOUTHEAST ASIA,Indonesia,Average Family Size4 (Persons),%,2.85804454995532
2017,SOUTHEAST ASIA,Indonesia,Average Party Size (Persons),%,2.78007072104021
2017,SOUTHEAST ASIA,Malaysia,Alone,%,45.82070901701911
2017,SOUTHEAST ASIA,Malaysia,Amongst Those Who Didn’t Travel Alone | Spouse,%,51.96306287936848
2017,SOUTHEAST ASIA,Malaysia,Amongst Those Who Didn’t Travel Alone | Friends,%,14.05454058971521
2017,SOUTHEAST ASIA,Malaysia,Amongst Those Who Didn’t Travel Alone | Children Aged 19 Years And Below,%,9.924864330629756
2017,SOUTHEAST ASIA,Malaysia,Amongst Those Who Didn’t Travel Alone | Parents/  Parents-in-Law,%,12.63710831985757
2017,SOUTHEAST ASIA,Malaysia,Amongst Those Who Didn’t Travel Alone | Siblings,%,7.639334464905772
2017,SOUTHEAST ASIA,Malaysia,Amongst Those Who Didn’t Travel Alone | Partner/ Boyfriend/ Girlfriend,%,5.507175988218787
2017,SOUTHEAST ASIA,Malaysia,Amongst Those Who Didn’t Travel Alone | Business Associates/ Colleagues,%,7.891555501868404
2017,SOUTHEAST ASIA,Malaysia,Amongst Those Who Didn’t Travel Alone | Relatives,%,3.183481052822565
2017,SOUTHEAST ASIA,Malaysia,Amongst Those Who Didn’t Travel Alone | Children Aged Above 19 Years,%,2.955251267221706
2017,SOUTHEAST ASIA,Malaysia,Average Family Size4 (Persons),%,2.514340329279688
2017,SOUTHEAST ASIA,Malaysia,Average Party Size (Persons),%,1.913608692800508
2017,SOUTHEAST ASIA,Philippines,Alone,%,32.60198113110157
2017,SOUTHEAST ASIA,Philippines,Amongst Those Who Didn’t Travel Alone | Spouse,%,45.00607295423055
2017,SOUTHEAST ASIA,Philippines,Amongst Those Who Didn’t Travel Alone | Friends,%,19.90731790751795
2017,SOUTHEAST ASIA,Philippines,Amongst Those Who Didn’t Travel Alone | Children Aged 19 Years And Below,%,14.09890754887849
2017,SOUTHEAST ASIA,Philippines,Amongst Those Who Didn’t Travel Alone | Parents/  Parents-in-Law,%,15.38521604216786
2017,SOUTHEAST ASIA,Philippines,Amongst Those Who Didn’t Travel Alone | Siblings,%,13.30832628158129
2017,SOUTHEAST ASIA,Philippines,Amongst Those Who Didn’t Travel Alone | Partner/ Boyfriend/ Girlfriend,%,4.996262714837981
2017,SOUTHEAST ASIA,Philippines,Amongst Those Who Didn’t Travel Alone | Business Associates/ Colleagues,%,7.102512460665286
2017,SOUTHEAST ASIA,Philippines,Amongst Those Who Didn’t Travel Alone | Relatives,%,5.266147612156543
2017,SOUTHEAST ASIA,Philippines,Amongst Those Who Didn’t Travel Alone | Children Aged Above 19 Years,%,2.917265586796104
2017,SOUTHEAST ASIA,Philippines,Average Family Size4 (Persons),%,2.907204255500342
2017,SOUTHEAST ASIA,Philippines,Average Party Size (Persons),%,2.614015469947303
2017,SOUTHEAST ASIA,Thailand,Alone,%,34.95817932753604
2017,SOUTHEAST ASIA,Thailand,Amongst Those Who Didn’t Travel Alone | Spouse,%,41.17974915866196
2017,SOUTHEAST ASIA,Thailand,Amongst Those Who Didn’t Travel Alone | Friends,%,24.47476121351144
2017,SOUTHEAST ASIA,Thailand,Amongst Those Who Didn’t Travel Alone | Children Aged 19 Years And Below,%,8.762340686736911
2017,SOUTHEAST ASIA,Thailand,Amongst Those Who Didn’t Travel Alone | Parents/  Parents-in-Law,%,10.25565214020696
2017,SOUTHEAST ASIA,Thailand,Amongst Those Who Didn’t Travel Alone | Siblings,%,8.699108959668738
2017,SOUTHEAST ASIA,Thailand,Amongst Those Who Didn’t Travel Alone | Partner/ Boyfriend/ Girlfriend,%,9.518870154103002
2017,SOUTHEAST ASIA,Thailand,Amongst Those Who Didn’t Travel Alone | Business Associates/ Colleagues,%,11.05074967775634
2017,SOUTHEAST ASIA,Thailand,Amongst Those Who Didn’t Travel Alone | Relatives,%,2.403378065476023
2017,SOUTHEAST ASIA,Thailand,Amongst Those Who Didn’t Travel Alone | Children Aged Above 19 Years,%,2.180243148567026
2017,SOUTHEAST ASIA,Thailand,Average Family Size4 (Persons),%,2.709389381041792
2017,SOUTHEAST ASIA,Thailand,Average Party Size (Persons),%,2.35147697708551
2017,SOUTHEAST ASIA,Vietnam,Alone,%,37.53992706222872
2017,SOUTHEAST ASIA,Vietnam,Amongst Those Who Didn’t Travel Alone | Spouse,%,43.29586865156465
2017,SOUTHEAST ASIA,Vietnam,Amongst Those Who Didn’t Travel Alone | Friends,%,18.23226459224817
2017,SOUTHEAST ASIA,Vietnam,Amongst Those Who Didn’t Travel Alone | Children Aged 19 Years And Below,%,16.1407966544811
2017,SOUTHEAST ASIA,Vietnam,Amongst Those Who Didn’t Travel Alone | Parents/  Parents-in-Law,%,15.55744708766125
2017,SOUTHEAST ASIA,Vietnam,Amongst Those Who Didn’t Travel Alone | Siblings,%,9.407713048879138
2017,SOUTHEAST ASIA,Vietnam,Amongst Those Who Didn’t Travel Alone | Partner/ Boyfriend/ Girlfriend,%,6.680293500454148
2017,SOUTHEAST ASIA,Vietnam,Amongst Those Who Didn’t Travel Alone | Business Associates/ Colleagues,%,6.843920448284882
2017,SOUTHEAST ASIA,Vietnam,Amongst Those Who Didn’t Travel Alone | Relatives,%,4.442522904051009
2017,SOUTHEAST ASIA,Vietnam,Amongst Those Who Didn’t Travel Alone | Children Aged Above 19 Years,%,2.927108000974581
2017,SOUTHEAST ASIA,Vietnam,Average Family Size4 (Persons),%,2.972396719204045
2017,SOUTHEAST ASIA,Vietnam,Average Party Size (Persons),%,2.908764332928146
2017,GREATER CHINA,China,Alone,%,23.60983798858324
2017,GREATER CHINA,China,Amongst Those Who Didn’t Travel Alone | Spouse,%,54.36215284090991
2017,GREATER CHINA,China,Amongst Those Who Didn’t Travel Alone | Friends,%,21.84823713275128
2017,GREATER CHINA,China,Amongst Those Who Didn’t Travel Alone | Children Aged 19 Years And Below,%,12.34019120602514
2017,GREATER CHINA,China,Amongst Those Who Didn’t Travel Alone | Parents/  Parents-in-Law,%,11.50523903449724
2017,GREATER CHINA,China,Amongst Those Who Didn’t Travel Alone | Siblings,%,4.054718030583296
2017,GREATER CHINA,China,Amongst Those Who Didn’t Travel Alone | Partner/ Boyfriend/ Girlfriend,%,3.552000902873672
2017,GREATER CHINA,China,Amongst Those Who Didn’t Travel Alone | Business Associates/ Colleagues,%,6.45597354726173
2017,GREATER CHINA,China,Amongst Those Who Didn’t Travel Alone | Relatives,%,5.969268075124731
2017,GREATER CHINA,China,Amongst Those Who Didn’t Travel Alone | Children Aged Above 19 Years,%,4.708382299476874
2017,GREATER CHINA,China,Average Family Size4 (Persons),%,2.675131037893133
2017,GREATER CHINA,China,Average Party Size (Persons),%,3.640542825504591
2017,GREATER CHINA,Hong Kong SAR,Alone,%,37.38354386686052
2017,GREATER CHINA,Hong Kong SAR,Amongst Those Who Didn’t Travel Alone | Spouse,%,54.6899328213055
2017,GREATER CHINA,Hong Kong SAR,Amongst Those Who Didn’t Travel Alone | Friends,%,18.69821192542774
2017,GREATER CHINA,Hong Kong SAR,Amongst Those Who Didn’t Travel Alone | Children Aged 19 Years And Below,%,13.85991204554982
2017,GREATER CHINA,Hong Kong SAR,Amongst Those Who Didn’t Travel Alone | Parents/  Parents-in-Law,%,11.55322221940125
2017,GREATER CHINA,Hong Kong SAR,Amongst Those Who Didn’t Travel Alone | Siblings,%,6.622970658526299
2017,GREATER CHINA,Hong Kong SAR,Amongst Those Who Didn’t Travel Alone | Partner/ Boyfriend/ Girlfriend,%,10.68830977865294
2017,GREATER CHINA,Hong Kong SAR,Amongst Those Who Didn’t Travel Alone | Business Associates/ Colleagues,%,3.82657086260155
2017,GREATER CHINA,Hong Kong SAR,Amongst Those Who Didn’t Travel Alone | Relatives,%,6.531210080376655
2017,GREATER CHINA,Hong Kong SAR,Amongst Those Who Didn’t Travel Alone | Children Aged Above 19 Years,%,3.278977581191739
2017,GREATER CHINA,Hong Kong SAR,Average Family Size4 (Persons),%,2.902086443879927
2017,GREATER CHINA,Hong Kong SAR,Average Party Size (Persons),%,2.373600543100762
2017,GREATER CHINA,Taiwan,Alone,%,31.36324322642429
2017,GREATER CHINA,Taiwan,Amongst Those Who Didn’t Travel Alone | Spouse,%,45.62360734572516
2017,GREATER CHINA,Taiwan,Amongst Those Who Didn’t Travel Alone | Friends,%,21.07696059803715
2017,GREATER CHINA,Taiwan,Amongst Those Who Didn’t Travel Alone | Children Aged 19 Years And Below,%,15.69351299682076
2017,GREATER CHINA,Taiwan,Amongst Those Who Didn’t Travel Alone | Parents/  Parents-in-Law,%,9.786527257690908
2017,GREATER CHINA,Taiwan,Amongst Those Who Didn’t Travel Alone | Siblings,%,8.688160049249632
2017,GREATER CHINA,Taiwan,Amongst Those Who Didn’t Travel Alone | Partner/ Boyfriend/ Girlfriend,%,7.28339550811187
2017,GREATER CHINA,Taiwan,Amongst Those Who Didn’t Travel Alone | Business Associates/ Colleagues,%,10.27542834834058
2017,GREATER CHINA,Taiwan,Amongst Those Who Didn’t Travel Alone | Relatives,%,5.545234560291977
2017,GREATER CHINA,Taiwan,Amongst Those Who Didn’t Travel Alone | Children Aged Above 19 Years,%,2.686322593938494
2017,GREATER CHINA,Taiwan,Average Family Size4 (Persons),%,2.804505068579499
2017,GREATER CHINA,Taiwan,Average Party Size (Persons),%,3.019142879372119
2017,NORTH ASIA,Japan,Alone,%,31.79545633333162
2017,NORTH ASIA,Japan,Amongst Those Who Didn’t Travel Alone | Spouse,%,48.72560992292907
2017,NORTH ASIA,Japan,Amongst Those Who Didn’t Travel Alone | Friends,%,22.68668128227766
2017,NORTH ASIA,Japan,Amongst Those Who Didn’t Travel Alone | Children Aged 19 Years And Below,%,7.400837812284424
2017,NORTH ASIA,Japan,Amongst Those Who Didn’t Travel Alone | Parents/  Parents-in-Law,%,10.31922553063017
2017,NORTH ASIA,Japan,Amongst Those Who Didn’t Travel Alone | Siblings,%,5.140753808776818
2017,NORTH ASIA,Japan,Amongst Those Who Didn’t Travel Alone | Partner/ Boyfriend/ Girlfriend,%,4.536588599998039
2017,NORTH ASIA,Japan,Amongst Those Who Didn’t Travel Alone | Business Associates/ Colleagues,%,11.60997173739901
2017,NORTH ASIA,Japan,Amongst Those Who Didn’t Travel Alone | Relatives,%,2.155541492974991
2017,NORTH ASIA,Japan,Amongst Those Who Didn’t Travel Alone | Children Aged Above 19 Years,%,1.894017131500025
2017,NORTH ASIA,Japan,Average Family Size4 (Persons),%,2.537611156261522
2017,NORTH ASIA,Japan,Average Party Size (Persons),%,6.448973601027906
2017,NORTH ASIA,South Korea,Alone,%,29.22994952425659
2017,NORTH ASIA,South Korea,Amongst Those Who Didn’t Travel Alone | Spouse,%,43.32443597127683
2017,NORTH ASIA,South Korea,Amongst Those Who Didn’t Travel Alone | Friends,%,23.62080127534392
2017,NORTH ASIA,South Korea,Amongst Those Who Didn’t Travel Alone | Children Aged 19 Years And Below,%,10.64432172700409
2017,NORTH ASIA,South Korea,Amongst Those Who Didn’t Travel Alone | Parents/  Parents-in-Law,%,9.01806078461299
2017,NORTH ASIA,South Korea,Amongst Those Who Didn’t Travel Alone | Siblings,%,7.135867758568872
2017,NORTH ASIA,South Korea,Amongst Those Who Didn’t Travel Alone | Partner/ Boyfriend/ Girlfriend,%,6.936268570568468
2017,NORTH ASIA,South Korea,Amongst Those Who Didn’t Travel Alone | Business Associates/ Colleagues,%,12.32322924120967
2017,NORTH ASIA,South Korea,Amongst Those Who Didn’t Travel Alone | Relatives,%,1.918154132815983
2017,NORTH ASIA,South Korea,Amongst Those Who Didn’t Travel Alone | Children Aged Above 19 Years,%,1.25378296613179
2017,NORTH ASIA,South Korea,Average Family Size4 (Persons),%,2.730296423863725
2017,NORTH ASIA,South Korea,Average Party Size (Persons),%,3.763110736514436
2017,SOUTH ASIA,India,Alone,%,25.55959684795234
2017,SOUTH ASIA,India,Amongst Those Who Didn’t Travel Alone | Spouse,%,70.08698031435367
2017,SOUTH ASIA,India,Amongst Those Who Didn’t Travel Alone | Friends,%,10.05100639309523
2017,SOUTH ASIA,India,Amongst Those Who Didn’t Travel Alone | Children Aged 19 Years And Below,%,19.61346053686438
2017,SOUTH ASIA,India,Amongst Those Who Didn’t Travel Alone | Parents/  Parents-in-Law,%,13.64419571848195
2017,SOUTH ASIA,India,Amongst Those Who Didn’t Travel Alone | Siblings,%,10.4704240446617
2017,SOUTH ASIA,India,Amongst Those Who Didn’t Travel Alone | Partner/ Boyfriend/ Girlfriend,%,0.9763924154725884
2017,SOUTH ASIA,India,Amongst Those Who Didn’t Travel Alone | Business Associates/ Colleagues,%,5.022451001046587
2017,SOUTH ASIA,India,Amongst Those Who Didn’t Travel Alone | Relatives,%,5.795020532432942
2017,SOUTH ASIA,India,Amongst Those Who Didn’t Travel Alone | Children Aged Above 19 Years,%,2.390930033547631
2017,SOUTH ASIA,India,Average Family Size4 (Persons),%,2.887817690142096
2017,SOUTH ASIA,India,Average Party Size (Persons),%,2.880556052910912
2017,EUROPE,France,Alone,%,36.82985743418023
2017,EUROPE,France,Amongst Those Who Didn’t Travel Alone | Spouse,%,58.08797126699911
2017,EUROPE,France,Amongst Those Who Didn’t Travel Alone | Friends,%,16.4557735465389
2017,EUROPE,France,Amongst Those Who Didn’t Travel Alone | Children Aged 19 Years And Below,%,8.042776972644983
2017,EUROPE,France,Amongst Those Who Didn’t Travel Alone | Parents/  Parents-in-Law,%,4.487598927908087
2017,EUROPE,France,Amongst Those Who Didn’t Travel Alone | Siblings,%,6.941251328504337
2017,EUROPE,France,Amongst Those Who Didn’t Travel Alone | Partner/ Boyfriend/ Girlfriend,%,16.71852810941
2017,EUROPE,France,Amongst Those Who Didn’t Travel Alone | Business Associates/ Colleagues,%,3.601614063124249
2017,EUROPE,France,Amongst Those Who Didn’t Travel Alone | Relatives,%,0.8153855931690301
2017,EUROPE,France,Average Family Size4 (Persons),%,2.393172466170804
2017,EUROPE,France,Average Party Size (Persons),%,1.931170403257462
2017,EUROPE,Germany,Alone,%,24.52641627799693
2017,EUROPE,Germany,Amongst Those Who Didn’t Travel Alone | Spouse,%,61.79657550961566
2017,EUROPE,Germany,Amongst Those Who Didn’t Travel Alone | Friends,%,15.69656601119168
2017,EUROPE,Germany,Amongst Those Who Didn’t Travel Alone | Children Aged 19 Years And Below,%,4.093313706588869
2017,EUROPE,Germany,Amongst Those Who Didn’t Travel Alone | Parents/  Parents-in-Law,%,3.89021244330822
2017,EUROPE,Germany,Amongst Those Who Didn’t Travel Alone | Siblings,%,2.930507560757115
2017,EUROPE,Germany,Amongst Those Who Didn’t Travel Alone | Partner/ Boyfriend/ Girlfriend,%,17.06064579617247
2017,EUROPE,Germany,Amongst Those Who Didn’t Travel Alone | Business Associates/ Colleagues,%,2.606735815586626
2017,EUROPE,Germany,Amongst Those Who Didn’t Travel Alone | Relatives,%,1.761076571298197
2017,EUROPE,Germany,Amongst Those Who Didn’t Travel Alone | Children Aged Above 19 Years,%,1.729587657035501
2017,EUROPE,Germany,Average Family Size4 (Persons),%,2.255833458866109
2017,EUROPE,Germany,Average Party Size (Persons),%,2.000710406777121
2017,EUROPE,Italy,Alone,%,29.25684796525725
2017,EUROPE,Italy,Amongst Those Who Didn’t Travel Alone | Spouse,%,61.30411014163955
2017,EUROPE,Italy,Amongst Those Who Didn’t Travel Alone | Friends,%,12.83758558039471
2017,EUROPE,Italy,Amongst Those Who Didn’t Travel Alone | Children Aged 19 Years And Below,%,6.542090062495153
2017,EUROPE,Italy,Amongst Those Who Didn’t Travel Alone | Parents/  Parents-in-Law,%,2.619535399030907
2017,EUROPE,Italy,Amongst Those Who Didn’t Travel Alone | Partner/ Boyfriend/ Girlfriend,%,22.56173712902545
2017,EUROPE,Italy,Amongst Those Who Didn’t Travel Alone | Business Associates/ Colleagues,%,3.228170325976747
2017,EUROPE,Italy,Average Family Size4 (Persons),%,2.160934455394224
2017,EUROPE,Italy,Average Party Size (Persons),%,1.832550906575117
2017,EUROPE,Netherlands,Alone,%,31.27716503007078
2017,EUROPE,Netherlands,Amongst Those Who Didn’t Travel Alone | Spouse,%,63.39482365713953
2017,EUROPE,Netherlands,Amongst Those Who Didn’t Travel Alone | Friends,%,21.73346762349233
2017,EUROPE,Netherlands,Amongst Those Who Didn’t Travel Alone | Children Aged 19 Years And Below,%,3.918497173805519
2017,EUROPE,Netherlands,Amongst Those Who Didn’t Travel Alone | Parents/  Parents-in-Law,%,2.850664617159113
2017,EUROPE,Netherlands,Amongst Those Who Didn’t Travel Alone | Siblings,%,3.352968571588252
2017,EUROPE,Netherlands,Amongst Those Who Didn’t Travel Alone | Partner/ Boyfriend/ Girlfriend,%,11.4480260825238
2017,EUROPE,Netherlands,Amongst Those Who Didn’t Travel Alone | Business Associates/ Colleagues,%,2.593159259310442
2017,EUROPE,Netherlands,Average Family Size4 (Persons),%,2.159355980681244
2017,EUROPE,Netherlands,Average Party Size (Persons),%,1.82341011727595
2017,EUROPE,Switzerland,Alone,%,28.3285888457846
2017,EUROPE,Switzerland,Amongst Those Who Didn’t Travel Alone | Spouse,%,69.11148125273145
2017,EUROPE,Switzerland,Amongst Those Who Didn’t Travel Alone | Friends,%,8.965654195327295
2017,EUROPE,Switzerland,Amongst Those Who Didn’t Travel Alone | Children Aged 19 Years And Below,%,5.741643809136733
2017,EUROPE,Switzerland,Amongst Those Who Didn’t Travel Alone | Parents/  Parents-in-Law,%,6.510673137433639
2017,EUROPE,Switzerland,Amongst Those Who Didn’t Travel Alone | Siblings,%,4.649707695060052
2017,EUROPE,Switzerland,Amongst Those Who Didn’t Travel Alone | Partner/ Boyfriend/ Girlfriend,%,9.78220973006641
2017,EUROPE,Switzerland,Amongst Those Who Didn’t Travel Alone | Business Associates/ Colleagues,%,3.510159205264624
2017,EUROPE,Switzerland,Amongst Those Who Didn’t Travel Alone | Relatives,%,1.430101522218127
2017,EUROPE,Switzerland,Amongst Those Who Didn’t Travel Alone | Children Aged Above 19 Years,%,3.639735033529381
2017,EUROPE,Switzerland,Average Family Size4 (Persons),%,2.347827581810596
2017,EUROPE,Switzerland,Average Party Size (Persons),%,1.981136337486281
2017,EUROPE,UK,Alone,%,25.30052118922038
2017,EUROPE,UK,Amongst Those Who Didn’t Travel Alone | Spouse,%,69.14339592052858
2017,EUROPE,UK,Amongst Those Who Didn’t Travel Alone | Friends,%,10.45421009965906
2017,EUROPE,UK,Amongst Those Who Didn’t Travel Alone | Children Aged 19 Years And Below,%,6.316281953905986
2017,EUROPE,UK,Amongst Those Who Didn’t Travel Alone | Parents/  Parents-in-Law,%,4.717601619087759
2017,EUROPE,UK,Amongst Those Who Didn’t Travel Alone | Siblings,%,4.523537450824606
2017,EUROPE,UK,Amongst Those Who Didn’t Travel Alone | Partner/ Boyfriend/ Girlfriend,%,13.81102551491496
2017,EUROPE,UK,Amongst Those Who Didn’t Travel Alone | Business Associates/ Colleagues,%,1.599535921116376
2017,EUROPE,UK,Amongst Those Who Didn’t Travel Alone | Relatives,%,2.947883189961215
2017,EUROPE,UK,Amongst Those Who Didn’t Travel Alone | Children Aged Above 19 Years,%,3.220942024790073
2017,EUROPE,UK,Average Family Size4 (Persons),%,2.364164270698041
2017,EUROPE,UK,Average Party Size (Persons),%,2.16492154147713
2017,AMERICAS,Canada,Alone,%,23.20232992926414
2017,AMERICAS,Canada,Amongst Those Who Didn’t Travel Alone | Spouse,%,76.3541300746957
2017,AMERICAS,Canada,Amongst Those Who Didn’t Travel Alone | Friends,%,7.210382179754679
2017,AMERICAS,Canada,Amongst Those Who Didn’t Travel Alone | Children Aged 19 Years And Below,%,5.29121394295757
2017,AMERICAS,Canada,Amongst Those Who Didn’t Travel Alone | Parents/  Parents-in-Law,%,3.489216314540022
2017,AMERICAS,Canada,Amongst Those Who Didn’t Travel Alone | Siblings,%,8.316732513027002
2017,AMERICAS,Canada,Amongst Those Who Didn’t Travel Alone | Partner/ Boyfriend/ Girlfriend,%,8.84152985651403
2017,AMERICAS,Canada,Amongst Those Who Didn’t Travel Alone | Business Associates/ Colleagues,%,2.589961075278728
2017,AMERICAS,Canada,Amongst Those Who Didn’t Travel Alone | Relatives,%,6.62661498812911
2017,AMERICAS,Canada,Amongst Those Who Didn’t Travel Alone | Children Aged Above 19 Years,%,1.336035804550016
2017,AMERICAS,Canada,Average Family Size4 (Persons),%,2.462324857115971
2017,AMERICAS,Canada,Average Party Size (Persons),%,2.112768950547248
2017,AMERICAS,USA,Alone,%,35.99434998244642
2017,AMERICAS,USA,Amongst Those Who Didn’t Travel Alone | Spouse,%,65.35774248974816
2017,AMERICAS,USA,Amongst Those Who Didn’t Travel Alone | Friends,%,16.13875032743817
2017,AMERICAS,USA,Amongst Those Who Didn’t Travel Alone | Children Aged 19 Years And Below,%,6.21772889926197
2017,AMERICAS,USA,Amongst Those Who Didn’t Travel Alone | Parents/  Parents-in-Law,%,5.147442640740965
2017,AMERICAS,USA,Amongst Those Who Didn’t Travel Alone | Siblings,%,5.672496579742035
2017,AMERICAS,USA,Amongst Those Who Didn’t Travel Alone | Partner/ Boyfriend/ Girlfriend,%,10.48050835931392
2017,AMERICAS,USA,Amongst Those Who Didn’t Travel Alone | Business Associates/ Colleagues,%,4.525801021417706
2017,AMERICAS,USA,Amongst Those Who Didn’t Travel Alone | Relatives,%,2.19072808814308
2017,AMERICAS,USA,Amongst Those Who Didn’t Travel Alone | Children Aged Above 19 Years,%,1.465989261510447
2017,AMERICAS,USA,Average Family Size4 (Persons),%,2.386403628765322
2017,AMERICAS,USA,Average Party Size (Persons),%,2.216142308305384
2017,OCEANIA,Australia,Alone,%,24.22144979792269
2017,OCEANIA,Australia,Amongst Those Who Didn’t Travel Alone | Spouse,%,67.40871123705146
2017,OCEANIA,Australia,Amongst Those Who Didn’t Travel Alone | Friends,%,13.68542067258941
2017,OCEANIA,Australia,Amongst Those Who Didn’t Travel Alone | Children Aged 19 Years And Below,%,10.43800687457361
2017,OCEANIA,Australia,Amongst Those Who Didn’t Travel Alone | Parents/  Parents-in-Law,%,8.940261120291185
2017,OCEANIA,Australia,Amongst Those Who Didn’t Travel Alone | Siblings,%,5.676578685478307
2017,OCEANIA,Australia,Amongst Those Who Didn’t Travel Alone | Partner/ Boyfriend/ Girlfriend,%,7.606346836254236
2017,OCEANIA,Australia,Amongst Those Who Didn’t Travel Alone | Business Associates/ Colleagues,%,1.802640164127108
2017,OCEANIA,Australia,Amongst Those Who Didn’t Travel Alone | Relatives,%,1.434187351369963
2017,OCEANIA,Australia,Amongst Those Who Didn’t Travel Alone | Children Aged Above 19 Years,%,1.660723052858309
2017,OCEANIA,Australia,Average Family Size4 (Persons),%,2.454953843045521
2017,OCEANIA,Australia,Average Party Size (Persons),%,2.186224057338798
2017,OCEANIA,New Zealand,Alone,%,19.13087519497705
2017,OCEANIA,New Zealand,Amongst Those Who Didn’t Travel Alone | Spouse,%,70.951065110918
2017,OCEANIA,New Zealand,Amongst Those Who Didn’t Travel Alone | Friends,%,13.36865081911132
2017,OCEANIA,New Zealand,Amongst Those Who Didn’t Travel Alone | Children Aged 19 Years And Below,%,7.974378292944443
2017,OCEANIA,New Zealand,Amongst Those Who Didn’t Travel Alone | Parents/  Parents-in-Law,%,5.895389976920081
2017,OCEANIA,New Zealand,Amongst Those Who Didn’t Travel Alone | Siblings,%,3.18587892462315
2017,OCEANIA,New Zealand,Amongst Those Who Didn’t Travel Alone | Partner/ Boyfriend/ Girlfriend,%,9.186603124712558
2017,OCEANIA,New Zealand,Amongst Those Who Didn’t Travel Alone | Business Associates/ Colleagues,%,2.350685298585661
2017,OCEANIA,New Zealand,Amongst Those Who Didn’t Travel Alone | Relatives,%,3.094307293803989
2017,OCEANIA,New Zealand,Amongst Those Who Didn’t Travel Alone | Children Aged Above 19 Years,%,1.432906739402329
2017,OCEANIA,New Zealand,Average Family Size4 (Persons),%,2.325479010709037
2017,OCEANIA,New Zealand,Average Party Size (Persons),%,2.144269770930441
2017,AFRICA,South Africa (Rep of),Alone,%,28.461373441335
2017,AFRICA,South Africa (Rep of),Amongst Those Who Didn’t Travel Alone | Spouse,%,72.04147273848139
2017,AFRICA,South Africa (Rep of),Amongst Those Who Didn’t Travel Alone | Friends,%,7.635053634729302
2017,AFRICA,South Africa (Rep of),Amongst Those Who Didn’t Travel Alone | Children Aged 19 Years And Below,%,17.2481647917533
2017,AFRICA,South Africa (Rep of),Amongst Those Who Didn’t Travel Alone | Parents/  Parents-in-Law,%,8.161435102920528
2017,AFRICA,South Africa (Rep of),Amongst Those Who Didn’t Travel Alone | Siblings,%,5.496954075668421
2017,AFRICA,South Africa (Rep of),Amongst Those Who Didn’t Travel Alone | Partner/ Boyfriend/ Girlfriend,%,6.325603753619341
2017,AFRICA,South Africa (Rep of),Amongst Those Who Didn’t Travel Alone | Business Associates/ Colleagues,%,2.720832781255575
2017,AFRICA,South Africa (Rep of),Amongst Those Who Didn’t Travel Alone | Relatives,%,7.503637093060413
2017,AFRICA,South Africa (Rep of),Amongst Those Who Didn’t Travel Alone | Children Aged Above 19 Years,%,6.918854744395024
2017,AFRICA,South Africa (Rep of),Average Family Size4 (Persons),%,2.86859938531011
2017,AFRICA,South Africa (Rep of),Average Party Size (Persons),%,2.263388854994236
2017,REMAINING,Others,Alone,%,30.40360573540258
2017,REMAINING,Others,Amongst Those Who Didn’t Travel Alone | Spouse,%,57.78808285944426
2017,REMAINING,Others,Amongst Those Who Didn’t Travel Alone | Friends,%,17.15718207419988
2017,REMAINING,Others,Amongst Those Who Didn’t Travel Alone | Children Aged 19 Years And Below,%,12.51798726884664
2017,REMAINING,Others,Amongst Those Who Didn’t Travel Alone | Parents/  Parents-in-Law,%,8.683248115051606
2017,REMAINING,Others,Amongst Those Who Didn’t Travel Alone | Siblings,%,3.68586427428531
2017,REMAINING,Others,Amongst Those Who Didn’t Travel Alone | Partner/ Boyfriend/ Girlfriend,%,10.68613638524726
2017,REMAINING,Others,Amongst Those Who Didn’t Travel Alone | Business Associates/ Colleagues,%,6.554982845545601
2017,REMAINING,Others,Amongst Those Who Didn’t Travel Alone | Relatives,%,2.66704511113565
2017,REMAINING,Others,Amongst Those Who Didn’t Travel Alone | Children Aged Above 19 Years,%,2.323797422575062
2017,REMAINING,Others,Average Family Size4 (Persons),%,2.584799356386251
2017,REMAINING,Others,Average Party Size (Persons),%,2.417043863512344
2016,SOUTHEAST ASIA,Indonesia,Alone,%,27.65495634471477
2016,SOUTHEAST ASIA,Indonesia,Amongst Those Who Didn’t Travel Alone | Spouse,%,54.88402634919559
2016,SOUTHEAST ASIA,Indonesia,Amongst Those Who Didn’t Travel Alone | Friends,%,16.19750918480182
2016,SOUTHEAST ASIA,Indonesia,Amongst Those Who Didn’t Travel Alone | Children Aged 19 Years And Below,%,13.3743601189969
2016,SOUTHEAST ASIA,Indonesia,Amongst Those Who Didn’t Travel Alone | Parents/  Parents-in-Law,%,15.60360867474337
2016,SOUTHEAST ASIA,Indonesia,Amongst Those Who Didn’t Travel Alone | Siblings,%,9.379738217332145
2016,SOUTHEAST ASIA,Indonesia,Amongst Those Who Didn’t Travel Alone | Partner/ Boyfriend/ Girlfriend,%,3.608961527693603
2016,SOUTHEAST ASIA,Indonesia,Amongst Those Who Didn’t Travel Alone | Business Associates/ Colleagues,%,3.989121891618254
2016,SOUTHEAST ASIA,Indonesia,Amongst Those Who Didn’t Travel Alone | Relatives,%,4.651102588126167
2016,SOUTHEAST ASIA,Indonesia,Amongst Those Who Didn’t Travel Alone | Children Aged Above 19 Years,%,4.102703596030012
2016,SOUTHEAST ASIA,Indonesia,Average Family Size4 (Persons),%,2.743691019928951
2016,SOUTHEAST ASIA,Indonesia,Average Party Size (Persons),%,2.943736876377697
2016,SOUTHEAST ASIA,Malaysia,Alone,%,39.78938877873377
2016,SOUTHEAST ASIA,Malaysia,Amongst Those Who Didn’t Travel Alone | Spouse,%,56.57688135220595
2016,SOUTHEAST ASIA,Malaysia,Amongst Those Who Didn’t Travel Alone | Friends,%,19.05036322757076
2016,SOUTHEAST ASIA,Malaysia,Amongst Those Who Didn’t Travel Alone | Children Aged 19 Years And Below,%,9.678043470072335
2016,SOUTHEAST ASIA,Malaysia,Amongst Those Who Didn’t Travel Alone | Parents/  Parents-in-Law,%,9.2780292570256
2016,SOUTHEAST ASIA,Malaysia,Amongst Those Who Didn’t Travel Alone | Siblings,%,8.25217646984101
2016,SOUTHEAST ASIA,Malaysia,Amongst Those Who Didn’t Travel Alone | Partner/ Boyfriend/ Girlfriend,%,5.837672880727446
2016,SOUTHEAST ASIA,Malaysia,Amongst Those Who Didn’t Travel Alone | Business Associates/ Colleagues,%,7.718804947236222
2016,SOUTHEAST ASIA,Malaysia,Amongst Those Who Didn’t Travel Alone | Relatives,%,3.037956782008119
2016,SOUTHEAST ASIA,Malaysia,Amongst Those Who Didn’t Travel Alone | Children Aged Above 19 Years,%,4.008628631921924
2016,SOUTHEAST ASIA,Malaysia,Average Family Size4 (Persons),%,2.662354867437378
2016,SOUTHEAST ASIA,Malaysia,Average Party Size (Persons),%,2.251693460534342
2016,SOUTHEAST ASIA,Philippines,Alone,%,25.5453240765361
2016,SOUTHEAST ASIA,Philippines,Amongst Those Who Didn’t Travel Alone | Spouse,%,47.69213633512365
2016,SOUTHEAST ASIA,Philippines,Amongst Those Who Didn’t Travel Alone | Friends,%,17.55585032268573
2016,SOUTHEAST ASIA,Philippines,Amongst Those Who Didn’t Travel Alone | Children Aged 19 Years And Below,%,10.21533957070686
2016,SOUTHEAST ASIA,Philippines,Amongst Those Who Didn’t Travel Alone | Parents/  Parents-in-Law,%,13.93488275159869
2016,SOUTHEAST ASIA,Philippines,Amongst Those Who Didn’t Travel Alone | Siblings,%,10.4589483629431
2016,SOUTHEAST ASIA,Philippines,Amongst Those Who Didn’t Travel Alone | Partner/ Boyfriend/ Girlfriend,%,7.341774974659744
2016,SOUTHEAST ASIA,Philippines,Amongst Those Who Didn’t Travel Alone | Business Associates/ Colleagues,%,11.56276184494855
2016,SOUTHEAST ASIA,Philippines,Amongst Those Who Didn’t Travel Alone | Relatives,%,3.997915255638036
2016,SOUTHEAST ASIA,Philippines,Amongst Those Who Didn’t Travel Alone | Children Aged Above 19 Years,%,0.8637961876582352
2016,SOUTHEAST ASIA,Philippines,Average Family Size4 (Persons),%,2.72162583402387
2016,SOUTHEAST ASIA,Philippines,Average Party Size (Persons),%,2.776944990079671
2016,SOUTHEAST ASIA,Thailand,Alone,%,27.77936723932967
2016,SOUTHEAST ASIA,Thailand,Amongst Those Who Didn’t Travel Alone | Spouse,%,45.31438958439225
2016,SOUTHEAST ASIA,Thailand,Amongst Those Who Didn’t Travel Alone | Friends,%,24.60882139994945
2016,SOUTHEAST ASIA,Thailand,Amongst Those Who Didn’t Travel Alone | Children Aged 19 Years And Below,%,8.138721785653845
2016,SOUTHEAST ASIA,Thailand,Amongst Those Who Didn’t Travel Alone | Parents/  Parents-in-Law,%,9.997075754841427
2016,SOUTHEAST ASIA,Thailand,Amongst Those Who Didn’t Travel Alone | Siblings,%,7.33129325197146
2016,SOUTHEAST ASIA,Thailand,Amongst Those Who Didn’t Travel Alone | Partner/ Boyfriend/ Girlfriend,%,10.84353145182735
2016,SOUTHEAST ASIA,Thailand,Amongst Those Who Didn’t Travel Alone | Business Associates/ Colleagues,%,7.975986420513632
2016,SOUTHEAST ASIA,Thailand,Amongst Those Who Didn’t Travel Alone | Relatives,%,2.502977105056637
2016,SOUTHEAST ASIA,Thailand,Amongst Those Who Didn’t Travel Alone | Children Aged Above 19 Years,%,1.954666199510029
2016,SOUTHEAST ASIA,Thailand,Average Family Size4 (Persons),%,2.551612446155529
2016,SOUTHEAST ASIA,Thailand,Average Party Size (Persons),%,2.597453989485618
2016,SOUTHEAST ASIA,Vietnam,Alone,%,32.38042582204454
2016,SOUTHEAST ASIA,Vietnam,Amongst Those Who Didn’t Travel Alone | Spouse,%,46.9303754922
2016,SOUTHEAST ASIA,Vietnam,Amongst Those Who Didn’t Travel Alone | Friends,%,21.43465914641054
2016,SOUTHEAST ASIA,Vietnam,Amongst Those Who Didn’t Travel Alone | Children Aged 19 Years And Below,%,8.46522551495676
2016,SOUTHEAST ASIA,Vietnam,Amongst Those Who Didn’t Travel Alone | Parents/  Parents-in-Law,%,12.56365426347374
2016,SOUTHEAST ASIA,Vietnam,Amongst Those Who Didn’t Travel Alone | Siblings,%,8.538523893191996
2016,SOUTHEAST ASIA,Vietnam,Amongst Those Who Didn’t Travel Alone | Partner/ Boyfriend/ Girlfriend,%,8.678804056153762
2016,SOUTHEAST ASIA,Vietnam,Amongst Those Who Didn’t Travel Alone | Business Associates/ Colleagues,%,5.011987863159567
2016,SOUTHEAST ASIA,Vietnam,Amongst Those Who Didn’t Travel Alone | Relatives,%,6.322486231203104
2016,SOUTHEAST ASIA,Vietnam,Amongst Those Who Didn’t Travel Alone | Children Aged Above 19 Years,%,3.127654748607642
2016,SOUTHEAST ASIA,Vietnam,Average Family Size4 (Persons),%,2.816674364481446
2016,SOUTHEAST ASIA,Vietnam,Average Party Size (Persons),%,2.735790575092557
2016,GREATER CHINA,China,Alone,%,19.34355265816363
2016,GREATER CHINA,China,Amongst Those Who Didn’t Travel Alone | Spouse,%,55.7044240109329
2016,GREATER CHINA,China,Amongst Those Who Didn’t Travel Alone | Friends,%,20.68276720866322
2016,GREATER CHINA,China,Amongst Those Who Didn’t Travel Alone | Children Aged 19 Years And Below,%,12.19625908067407
2016,GREATER CHINA,China,Amongst Those Who Didn’t Travel Alone | Parents/  Parents-in-Law,%,11.18370725856186
2016,GREATER CHINA,China,Amongst Those Who Didn’t Travel Alone | Siblings,%,3.5692321402013
2016,GREATER CHINA,China,Amongst Those Who Didn’t Travel Alone | Partner/ Boyfriend/ Girlfriend,%,4.609975067117454
2016,GREATER CHINA,China,Amongst Those Who Didn’t Travel Alone | Business Associates/ Colleagues,%,5.718111889165582
2016,GREATER CHINA,China,Amongst Those Who Didn’t Travel Alone | Relatives,%,4.643282656422098
2016,GREATER CHINA,China,Amongst Those Who Didn’t Travel Alone | Children Aged Above 19 Years,%,4.210879998911507
2016,GREATER CHINA,China,Average Family Size4 (Persons),%,2.752604395623937
2016,GREATER CHINA,China,Average Party Size (Persons),%,4.168424755850258
2016,GREATER CHINA,Hong Kong SAR,Alone,%,21.67768683034718
2016,GREATER CHINA,Hong Kong SAR,Amongst Those Who Didn’t Travel Alone | Spouse,%,58.42196483413372
2016,GREATER CHINA,Hong Kong SAR,Amongst Those Who Didn’t Travel Alone | Friends,%,17.22493231584152
2016,GREATER CHINA,Hong Kong SAR,Amongst Those Who Didn’t Travel Alone | Children Aged 19 Years And Below,%,14.22814048273155
2016,GREATER CHINA,Hong Kong SAR,Amongst Those Who Didn’t Travel Alone | Parents/  Parents-in-Law,%,8.85014599161362
2016,GREATER CHINA,Hong Kong SAR,Amongst Those Who Didn’t Travel Alone | Siblings,%,6.055756184412075
2016,GREATER CHINA,Hong Kong SAR,Amongst Those Who Didn’t Travel Alone | Partner/ Boyfriend/ Girlfriend,%,8.107982748014576
2016,GREATER CHINA,Hong Kong SAR,Amongst Those Who Didn’t Travel Alone | Business Associates/ Colleagues,%,8.036794305775757
2016,GREATER CHINA,Hong Kong SAR,Amongst Those Who Didn’t Travel Alone | Relatives,%,4.082007052958296
2016,GREATER CHINA,Hong Kong SAR,Amongst Those Who Didn’t Travel Alone | Children Aged Above 19 Years,%,3.616235295206717
2016,GREATER CHINA,Hong Kong SAR,Average Family Size4 (Persons),%,2.695603570164406
2016,GREATER CHINA,Hong Kong SAR,Average Party Size (Persons),%,2.777050273347659
2016,GREATER CHINA,Taiwan,Alone,%,14.32781687970434
2016,GREATER CHINA,Taiwan,Amongst Those Who Didn’t Travel Alone | Spouse,%,41.16770605969502
2016,GREATER CHINA,Taiwan,Amongst Those Who Didn’t Travel Alone | Friends,%,26.17977407559546
2016,GREATER CHINA,Taiwan,Amongst Those Who Didn’t Travel Alone | Children Aged 19 Years And Below,%,12.43545382277538
2016,GREATER CHINA,Taiwan,Amongst Those Who Didn’t Travel Alone | Parents/  Parents-in-Law,%,10.64423995776187
2016,GREATER CHINA,Taiwan,Amongst Those Who Didn’t Travel Alone | Siblings,%,8.016727391002219
2016,GREATER CHINA,Taiwan,Amongst Those Who Didn’t Travel Alone | Partner/ Boyfriend/ Girlfriend,%,9.223360651797584
2016,GREATER CHINA,Taiwan,Amongst Those Who Didn’t Travel Alone | Business Associates/ Colleagues,%,10.04652775854722
2016,GREATER CHINA,Taiwan,Amongst Those Who Didn’t Travel Alone | Relatives,%,1.45761918199535
2016,GREATER CHINA,Taiwan,Amongst Those Who Didn’t Travel Alone | Children Aged Above 19 Years,%,5.045714620156875
2016,GREATER CHINA,Taiwan,Average Family Size4 (Persons),%,2.755872469298203
2016,GREATER CHINA,Taiwan,Average Party Size (Persons),%,3.786601909513156
2016,NORTH ASIA,Japan,Alone,%,26.70847272429802
2016,NORTH ASIA,Japan,Amongst Those Who Didn’t Travel Alone | Spouse,%,51.13158482121947
2016,NORTH ASIA,Japan,Amongst Those Who Didn’t Travel Alone | Friends,%,18.29205843426995
2016,NORTH ASIA,Japan,Amongst Those Who Didn’t Travel Alone | Children Aged 19 Years And Below,%,9.518415752605897
2016,NORTH ASIA,Japan,Amongst Those Who Didn’t Travel Alone | Parents/  Parents-in-Law,%,6.665076710589553
2016,NORTH ASIA,Japan,Amongst Those Who Didn’t Travel Alone | Siblings,%,4.857856454858245
2016,NORTH ASIA,Japan,Amongst Those Who Didn’t Travel Alone | Partner/ Boyfriend/ Girlfriend,%,7.093553588882267
2016,NORTH ASIA,Japan,Amongst Those Who Didn’t Travel Alone | Business Associates/ Colleagues,%,9.78796072800876
2016,NORTH ASIA,Japan,Amongst Those Who Didn’t Travel Alone | Relatives,%,1.227306811395122
2016,NORTH ASIA,Japan,Amongst Those Who Didn’t Travel Alone | Children Aged Above 19 Years,%,0.9179504657274312
2016,NORTH ASIA,Japan,Average Family Size4 (Persons),%,2.452129679225331
2016,NORTH ASIA,Japan,Average Party Size (Persons),%,5.368232244556838
2016,NORTH ASIA,South Korea,Alone,%,21.06389765418983
2016,NORTH ASIA,South Korea,Amongst Those Who Didn’t Travel Alone | Spouse,%,57.25613318166201
2016,NORTH ASIA,South Korea,Amongst Those Who Didn’t Travel Alone | Friends,%,17.86461445850988
2016,NORTH ASIA,South Korea,Amongst Those Who Didn’t Travel Alone | Children Aged 19 Years And Below,%,12.65525011478363
2016,NORTH ASIA,South Korea,Amongst Those Who Didn’t Travel Alone | Parents/  Parents-in-Law,%,11.47176203422438
2016,NORTH ASIA,South Korea,Amongst Those Who Didn’t Travel Alone | Siblings,%,10.15531380898088
2016,NORTH ASIA,South Korea,Amongst Those Who Didn’t Travel Alone | Partner/ Boyfriend/ Girlfriend,%,7.057299421544947
2016,NORTH ASIA,South Korea,Amongst Those Who Didn’t Travel Alone | Business Associates/ Colleagues,%,6.327347654415681
2016,NORTH ASIA,South Korea,Amongst Those Who Didn’t Travel Alone | Relatives,%,3.627562532705058
2016,NORTH ASIA,South Korea,Amongst Those Who Didn’t Travel Alone | Children Aged Above 19 Years,%,2.005560221837176
2016,NORTH ASIA,South Korea,Average Family Size4 (Persons),%,2.803328086967595
2016,NORTH ASIA,South Korea,Average Party Size (Persons),%,2.80854039504423
2016,SOUTH ASIA,India,Alone,%,22.68991317609513
2016,SOUTH ASIA,India,Amongst Those Who Didn’t Travel Alone | Spouse,%,76.94131050477547
2016,SOUTH ASIA,India,Amongst Those Who Didn’t Travel Alone | Friends,%,7.534995413100722
2016,SOUTH ASIA,India,Amongst Those Who Didn’t Travel Alone | Children Aged 19 Years And Below,%,18.52949492622787
2016,SOUTH ASIA,India,Amongst Those Who Didn’t Travel Alone | Parents/  Parents-in-Law,%,11.43296851052135
2016,SOUTH ASIA,India,Amongst Those Who Didn’t Travel Alone | Siblings,%,8.342253508483838
2016,SOUTH ASIA,India,Amongst Those Who Didn’t Travel Alone | Partner/ Boyfriend/ Girlfriend,%,1.966097801296786
2016,SOUTH ASIA,India,Amongst Those Who Didn’t Travel Alone | Business Associates/ Colleagues,%,4.396348005207676
2016,SOUTH ASIA,India,Amongst Those Who Didn’t Travel Alone | Relatives,%,3.323514730878615
2016,SOUTH ASIA,India,Amongst Those Who Didn’t Travel Alone | Children Aged Above 19 Years,%,3.512203837279521
2016,SOUTH ASIA,India,Average Family Size4 (Persons),%,2.801098769330091
2016,SOUTH ASIA,India,Average Party Size (Persons),%,2.675366068739281
2016,EUROPE,France,Alone,%,20.07127380096987
2016,EUROPE,France,Amongst Those Who Didn’t Travel Alone | Spouse,%,59.74138520887794
2016,EUROPE,France,Amongst Those Who Didn’t Travel Alone | Friends,%,15.93908960680626
2016,EUROPE,France,Amongst Those Who Didn’t Travel Alone | Children Aged 19 Years And Below,%,3.849330115198656
2016,EUROPE,France,Amongst Those Who Didn’t Travel Alone | Parents/  Parents-in-Law,%,4.883475758764989
2016,EUROPE,France,Amongst Those Who Didn’t Travel Alone | Siblings,%,2.562925518548627
2016,EUROPE,France,Amongst Those Who Didn’t Travel Alone | Partner/ Boyfriend/ Girlfriend,%,20.01527510070158
2016,EUROPE,France,Amongst Those Who Didn’t Travel Alone | Business Associates/ Colleagues,%,2.046235707502733
2016,EUROPE,France,Amongst Those Who Didn’t Travel Alone | Children Aged Above 19 Years,%,0.7971438750543991
2016,EUROPE,France,Average Family Size4 (Persons),%,2.214295554636794
2016,EUROPE,France,Average Party Size (Persons),%,2.061619826532514
2016,EUROPE,Germany,Alone,%,19.61437901624124
2016,EUROPE,Germany,Amongst Those Who Didn’t Travel Alone | Spouse,%,64.79667490069842
2016,EUROPE,Germany,Amongst Those Who Didn’t Travel Alone | Friends,%,20.29589986990612
2016,EUROPE,Germany,Amongst Those Who Didn’t Travel Alone | Children Aged 19 Years And Below,%,7.720811542353367
2016,EUROPE,Germany,Amongst Those Who Didn’t Travel Alone | Parents/  Parents-in-Law,%,5.558799478647345
2016,EUROPE,Germany,Amongst Those Who Didn’t Travel Alone | Siblings,%,2.799320665905936
2016,EUROPE,Germany,Amongst Those Who Didn’t Travel Alone | Partner/ Boyfriend/ Girlfriend,%,11.12061402396126
2016,EUROPE,Germany,Amongst Those Who Didn’t Travel Alone | Business Associates/ Colleagues,%,1.549601932253914
2016,EUROPE,Germany,Amongst Those Who Didn’t Travel Alone | Relatives,%,1.545298415078816
2016,EUROPE,Germany,Amongst Those Who Didn’t Travel Alone | Children Aged Above 19 Years,%,2.034862462099641
2016,EUROPE,Germany,Average Family Size4 (Persons),%,2.402492129930747
2016,EUROPE,Germany,Average Party Size (Persons),%,2.201895737255271
2016,EUROPE,Italy,Alone,%,19.13654949782818
2016,EUROPE,Italy,Amongst Those Who Didn’t Travel Alone | Spouse,%,52.48364904639531
2016,EUROPE,Italy,Amongst Those Who Didn’t Travel Alone | Friends,%,24.88902578865341
2016,EUROPE,Italy,Amongst Those Who Didn’t Travel Alone | Children Aged 19 Years And Below,%,5.50952095671069
2016,EUROPE,Italy,Amongst Those Who Didn’t Travel Alone | Parents/  Parents-in-Law,%,2.972518318729337
2016,EUROPE,Italy,Amongst Those Who Didn’t Travel Alone | Siblings,%,1.799457082068152
2016,EUROPE,Italy,Amongst Those Who Didn’t Travel Alone | Partner/ Boyfriend/ Girlfriend,%,23.53467808037554
2016,EUROPE,Italy,Amongst Those Who Didn’t Travel Alone | Business Associates/ Colleagues,%,1.344583470367384
2016,EUROPE,Italy,Amongst Those Who Didn’t Travel Alone | Relatives,%,1.513127783558701
2016,EUROPE,Italy,Average Family Size4 (Persons),%,2.410262305838511
2016,EUROPE,Italy,Average Party Size (Persons),%,2.24435593811096
2016,EUROPE,Netherlands,Alone,%,22.48480926762269
2016,EUROPE,Netherlands,Amongst Those Who Didn’t Travel Alone | Spouse,%,57.91552031330048
2016,EUROPE,Netherlands,Amongst Those Who Didn’t Travel Alone | Friends,%,24.98259075633343
2016,EUROPE,Netherlands,Amongst Those Who Didn’t Travel Alone | Children Aged 19 Years And Below,%,7.310230644649184
2016,EUROPE,Netherlands,Amongst Those Who Didn’t Travel Alone | Parents/  Parents-in-Law,%,4.013082888347602
2016,EUROPE,Netherlands,Amongst Those Who Didn’t Travel Alone | Siblings,%,3.879169342609924
2016,EUROPE,Netherlands,Amongst Those Who Didn’t Travel Alone | Partner/ Boyfriend/ Girlfriend,%,14.39223265076643
2016,EUROPE,Netherlands,Amongst Those Who Didn’t Travel Alone | Business Associates/ Colleagues,%,0.8383331411514973
2016,EUROPE,Netherlands,Average Family Size4 (Persons),%,2.292657585984518
2016,EUROPE,Netherlands,Average Party Size (Persons),%,2.078722344234542
2016,EUROPE,Switzerland,Alone,%,19.95646341537955
2016,EUROPE,Switzerland,Amongst Those Who Didn’t Travel Alone | Spouse,%,68.63807426421248
2016,EUROPE,Switzerland,Amongst Those Who Didn’t Travel Alone | Friends,%,24.01771839964263
2016,EUROPE,Switzerland,Amongst Those Who Didn’t Travel Alone | Children Aged 19 Years And Below,%,7.267958251995829
2016,EUROPE,Switzerland,Amongst Those Who Didn’t Travel Alone | Parents/  Parents-in-Law,%,1.926284714414371
2016,EUROPE,Switzerland,Amongst Those Who Didn’t Travel Alone | Partner/ Boyfriend/ Girlfriend,%,12.00078742745832
2016,EUROPE,Switzerland,Amongst Those Who Didn’t Travel Alone | Business Associates/ Colleagues,%,2.912250240290775
2016,EUROPE,Switzerland,Amongst Those Who Didn’t Travel Alone | Relatives,%,1.196739430225205
2016,EUROPE,Switzerland,Amongst Those Who Didn’t Travel Alone | Children Aged Above 19 Years,%,1.464001730922646
2016,EUROPE,Switzerland,Average Family Size4 (Persons),%,2.236142582437666
2016,EUROPE,Switzerland,Average Party Size (Persons),%,2.145421666375595
2016,EUROPE,UK,Alone,%,16.88345183718101
2016,EUROPE,UK,Amongst Those Who Didn’t Travel Alone | Spouse,%,69.53358768812289
2016,EUROPE,UK,Amongst Those Who Didn’t Travel Alone | Friends,%,17.90971263529383
2016,EUROPE,UK,Amongst Those Who Didn’t Travel Alone | Children Aged 19 Years And Below,%,6.70604768274074
2016,EUROPE,UK,Amongst Those Who Didn’t Travel Alone | Parents/  Parents-in-Law,%,4.047748899430983
2016,EUROPE,UK,Amongst Those Who Didn’t Travel Alone | Siblings,%,1.228411708341986
2016,EUROPE,UK,Amongst Those Who Didn’t Travel Alone | Partner/ Boyfriend/ Girlfriend,%,10.25749889505327
2016,EUROPE,UK,Amongst Those Who Didn’t Travel Alone | Business Associates/ Colleagues,%,1.526273058687742
2016,EUROPE,UK,Amongst Those Who Didn’t Travel Alone | Relatives,%,1.277421684536947
2016,EUROPE,UK,Amongst Those Who Didn’t Travel Alone | Children Aged Above 19 Years,%,2.663553790053332
2016,EUROPE,UK,Average Family Size4 (Persons),%,2.299234746038709
2016,EUROPE,UK,Average Party Size (Persons),%,2.188745843750931
2016,AMERICAS,Canada,Alone,%,14.70471386743348
2016,AMERICAS,Canada,Amongst Those Who Didn’t Travel Alone | Spouse,%,67.49377726992525
2016,AMERICAS,Canada,Amongst Those Who Didn’t Travel Alone | Friends,%,21.45259432974656
2016,AMERICAS,Canada,Amongst Those Who Didn’t Travel Alone | Children Aged 19 Years And Below,%,7.806573404792746
2016,AMERICAS,Canada,Amongst Those Who Didn’t Travel Alone | Parents/  Parents-in-Law,%,6.713016082924423
2016,AMERICAS,Canada,Amongst Those Who Didn’t Travel Alone | Siblings,%,6.560574414717547
2016,AMERICAS,Canada,Amongst Those Who Didn’t Travel Alone | Partner/ Boyfriend/ Girlfriend,%,8.68329956088864
2016,AMERICAS,Canada,Amongst Those Who Didn’t Travel Alone | Children Aged Above 19 Years,%,3.897660417290774
2016,AMERICAS,Canada,Average Family Size4 (Persons),%,2.466099794069897
2016,AMERICAS,Canada,Average Party Size (Persons),%,2.371215095266327
2016,AMERICAS,USA,Alone,%,21.91327823314715
2016,AMERICAS,USA,Amongst Those Who Didn’t Travel Alone | Spouse,%,69.49114476995128
2016,AMERICAS,USA,Amongst Those Who Didn’t Travel Alone | Friends,%,19.56704885625944
2016,AMERICAS,USA,Amongst Those Who Didn’t Travel Alone | Children Aged 19 Years And Below,%,7.228906773626711
2016,AMERICAS,USA,Amongst Those Who Didn’t Travel Alone | Parents/  Parents-in-Law,%,5.105429898795727
2016,AMERICAS,USA,Amongst Those Who Didn’t Travel Alone | Siblings,%,5.250383890657081
2016,AMERICAS,USA,Amongst Those Who Didn’t Travel Alone | Partner/ Boyfriend/ Girlfriend,%,8.830090256559027
2016,AMERICAS,USA,Amongst Those Who Didn’t Travel Alone | Business Associates/ Colleagues,%,2.123737293456052
2016,AMERICAS,USA,Amongst Those Who Didn’t Travel Alone | Children Aged Above 19 Years,%,1.858299227453401
2016,AMERICAS,USA,Average Family Size4 (Persons),%,2.369486514308032
2016,AMERICAS,USA,Average Party Size (Persons),%,2.345868642358322
2016,OCEANIA,Australia,Alone,%,16.68306212930697
2016,OCEANIA,Australia,Amongst Those Who Didn’t Travel Alone | Spouse,%,69.32657646211929
2016,OCEANIA,Australia,Amongst Those Who Didn’t Travel Alone | Friends,%,14.89823374822517
2016,OCEANIA,Australia,Amongst Those Who Didn’t Travel Alone | Children Aged 19 Years And Below,%,9.665330920882395
2016,OCEANIA,Australia,Amongst Those Who Didn’t Travel Alone | Parents/  Parents-in-Law,%,7.342884922251745
2016,OCEANIA,Australia,Amongst Those Who Didn’t Travel Alone | Siblings,%,5.904666136909265
2016,OCEANIA,Australia,Amongst Those Who Didn’t Travel Alone | Partner/ Boyfriend/ Girlfriend,%,8.051698812390734
2016,OCEANIA,Australia,Amongst Those Who Didn’t Travel Alone | Business Associates/ Colleagues,%,1.712099104822447
2016,OCEANIA,Australia,Amongst Those Who Didn’t Travel Alone | Relatives,%,1.25845398642484
2016,OCEANIA,Australia,Amongst Those Who Didn’t Travel Alone | Children Aged Above 19 Years,%,2.330486972357993
2016,OCEANIA,Australia,Average Family Size4 (Persons),%,2.440244049566178
2016,OCEANIA,Australia,Average Party Size (Persons),%,2.322309326526177
2016,OCEANIA,New Zealand,Alone,%,29.28964751885109
2016,OCEANIA,New Zealand,Amongst Those Who Didn’t Travel Alone | Spouse,%,68.50300570176333
2016,OCEANIA,New Zealand,Amongst Those Who Didn’t Travel Alone | Friends,%,23.87004104256273
2016,OCEANIA,New Zealand,Amongst Those Who Didn’t Travel Alone | Children Aged 19 Years And Below,%,7.642477258774617
2016,OCEANIA,New Zealand,Amongst Those Who Didn’t Travel Alone | Parents/  Parents-in-Law,%,8.99791367837738
2016,OCEANIA,New Zealand,Amongst Those Who Didn’t Travel Alone | Siblings,%,4.881354319541192
2016,OCEANIA,New Zealand,Amongst Those Who Didn’t Travel Alone | Partner/ Boyfriend/ Girlfriend,%,7.808450294947832
2016,OCEANIA,New Zealand,Amongst Those Who Didn’t Travel Alone | Business Associates/ Colleagues,%,0.9506346834920292
2016,OCEANIA,New Zealand,Average Family Size4 (Persons),%,2.370545226150727
2016,OCEANIA,New Zealand,Average Party Size (Persons),%,2.331532321031854
2016,AFRICA,South Africa (Rep of),Alone,%,26.78525620560762
2016,AFRICA,South Africa (Rep of),Amongst Those Who Didn’t Travel Alone | Spouse,%,69.43733443156769
2016,AFRICA,South Africa (Rep of),Amongst Those Who Didn’t Travel Alone | Friends,%,13.72897678408451
2016,AFRICA,South Africa (Rep of),Amongst Those Who Didn’t Travel Alone | Children Aged 19 Years And Below,%,22.01062102757452
2016,AFRICA,South Africa (Rep of),Amongst Those Who Didn’t Travel Alone | Siblings,%,10.34174317832409
2016,AFRICA,South Africa (Rep of),Amongst Those Who Didn’t Travel Alone | Partner/ Boyfriend/ Girlfriend,%,15.44360898798912
2016,AFRICA,South Africa (Rep of),Amongst Those Who Didn’t Travel Alone | Business Associates/ Colleagues,%,2.284744577015906
2016,AFRICA,South Africa (Rep of),Amongst Those Who Didn’t Travel Alone | Relatives,%,3.775296370351882
2016,AFRICA,South Africa (Rep of),Average Family Size4 (Persons),%,3.150226388332703
2016,AFRICA,South Africa (Rep of),Average Party Size (Persons),%,2.656671371050857
2016,REMAINING,Others,Alone,%,24.23455475925813
2016,REMAINING,Others,Amongst Those Who Didn’t Travel Alone | Spouse,%,63.07788714398465
2016,REMAINING,Others,Amongst Those Who Didn’t Travel Alone | Friends,%,17.98049866244935
2016,REMAINING,Others,Amongst Those Who Didn’t Travel Alone | Children Aged 19 Years And Below,%,10.1065366310518
2016,REMAINING,Others,Amongst Those Who Didn’t Travel Alone | Parents/  Parents-in-Law,%,6.694686301967007
2016,REMAINING,Others,Amongst Those Who Didn’t Travel Alone | Siblings,%,6.088292607203667
2016,REMAINING,Others,Amongst Those Who Didn’t Travel Alone | Partner/ Boyfriend/ Girlfriend,%,9.175624082543102
2016,REMAINING,Others,Amongst Those Who Didn’t Travel Alone | Business Associates/ Colleagues,%,3.076912803443915
2016,REMAINING,Others,Amongst Those Who Didn’t Travel Alone | Relatives,%,1.59608696409524
2016,REMAINING,Others,Amongst Those Who Didn’t Travel Alone | Children Aged Above 19 Years,%,2.563178278541035
2016,REMAINING,Others,Average Family Size4 (Persons),%,2.464147757034951
2016,REMAINING,Others,Average Party Size (Persons),%,2.267140880618964
2015,SOUTHEAST ASIA,Indonesia,Alone,%,33.18446383208954
2015,SOUTHEAST ASIA,Indonesia,Amongst Those Who Didn’t Travel Alone | Spouse,%,40.73406101650553
2015,SOUTHEAST ASIA,Indonesia,Amongst Those Who Didn’t Travel Alone | Friends,%,16.19328155937457
2015,SOUTHEAST ASIA,Indonesia,Amongst Those Who Didn’t Travel Alone | Children Aged 19 Years And Below,%,17.28210112800556
2015,SOUTHEAST ASIA,Indonesia,Amongst Those Who Didn’t Travel Alone | Parents/  Parents-in-Law,%,18.887911111599472
2015,SOUTHEAST ASIA,Indonesia,Amongst Those Who Didn’t Travel Alone | Siblings,%,13.21179962112184
2015,SOUTHEAST ASIA,Indonesia,Amongst Those Who Didn’t Travel Alone | Partner/ Boyfriend/ Girlfriend,%,2.444009312529436
2015,SOUTHEAST ASIA,Indonesia,Amongst Those Who Didn’t Travel Alone | Business Associates/ Colleagues,%,8.185178620467736
2015,SOUTHEAST ASIA,Indonesia,Amongst Those Who Didn’t Travel Alone | Relatives,%,6.580491535167174
2015,SOUTHEAST ASIA,Indonesia,Amongst Those Who Didn’t Travel Alone | Children Aged Above 19 Years,%,24.91153455416008
2015,SOUTHEAST ASIA,Indonesia,Average Family Size4 (Persons),%,2.577120494555731
2015,SOUTHEAST ASIA,Indonesia,Average Party Size (Persons),%,3.501790396230228
2015,SOUTHEAST ASIA,Malaysia,Alone,%,54.79881975862128
2015,SOUTHEAST ASIA,Malaysia,Amongst Those Who Didn’t Travel Alone | Spouse,%,38.21698332574933
2015,SOUTHEAST ASIA,Malaysia,Amongst Those Who Didn’t Travel Alone | Friends,%,13.8574238326473
2015,SOUTHEAST ASIA,Malaysia,Amongst Those Who Didn’t Travel Alone | Children Aged 19 Years And Below,%,8.656864141532791
2015,SOUTHEAST ASIA,Malaysia,Amongst Those Who Didn’t Travel Alone | Parents/  Parents-in-Law,%,13.29908498637798
2015,SOUTHEAST ASIA,Malaysia,Amongst Those Who Didn’t Travel Alone | Siblings,%,7.986112982246044
2015,SOUTHEAST ASIA,Malaysia,Amongst Those Who Didn’t Travel Alone | Partner/ Boyfriend/ Girlfriend,%,3.383013712828207
2015,SOUTHEAST ASIA,Malaysia,Amongst Those Who Didn’t Travel Alone | Business Associates/ Colleagues,%,19.83025355891559
2015,SOUTHEAST ASIA,Malaysia,Amongst Those Who Didn’t Travel Alone | Relatives,%,6.598777857720954
2015,SOUTHEAST ASIA,Malaysia,Amongst Those Who Didn’t Travel Alone | Children Aged Above 19 Years,%,12.69723258046254
2015,SOUTHEAST ASIA,Malaysia,Average Family Size4 (Persons),%,2.536874243611881
2015,SOUTHEAST ASIA,Malaysia,Average Party Size (Persons),%,2.04653736077424
2015,SOUTHEAST ASIA,Philippines,Alone,%,38.22209483914313
2015,SOUTHEAST ASIA,Philippines,Amongst Those Who Didn’t Travel Alone | Spouse,%,27.93075740680475
2015,SOUTHEAST ASIA,Philippines,Amongst Those Who Didn’t Travel Alone | Friends,%,15.12946835999762
2015,SOUTHEAST ASIA,Philippines,Amongst Those Who Didn’t Travel Alone | Children Aged 19 Years And Below,%,10.38037016471657
2015,SOUTHEAST ASIA,Philippines,Amongst Those Who Didn’t Travel Alone | Parents/  Parents-in-Law,%,16.64351049013354
2015,SOUTHEAST ASIA,Philippines,Amongst Those Who Didn’t Travel Alone | Siblings,%,17.16823095509841
2015,SOUTHEAST ASIA,Philippines,Amongst Those Who Didn’t Travel Alone | Partner/ Boyfriend/ Girlfriend,%,5.998900532498846
2015,SOUTHEAST ASIA,Philippines,Amongst Those Who Didn’t Travel Alone | Business Associates/ Colleagues,%,23.36549537863373
2015,SOUTHEAST ASIA,Philippines,Amongst Those Who Didn’t Travel Alone | Relatives,%,11.12055332545026
2015,SOUTHEAST ASIA,Philippines,Amongst Those Who Didn’t Travel Alone | Children Aged Above 19 Years,%,16.50230781278741
2015,SOUTHEAST ASIA,Philippines,Average Family Size4 (Persons),%,2.994908697495488
2015,SOUTHEAST ASIA,Philippines,Average Party Size (Persons),%,3.560792340088263
2015,SOUTHEAST ASIA,Thailand,Alone,%,44.32604618341084
2015,SOUTHEAST ASIA,Thailand,Amongst Those Who Didn’t Travel Alone | Spouse,%,17.02891129450852
2015,SOUTHEAST ASIA,Thailand,Amongst Those Who Didn’t Travel Alone | Friends,%,22.42246489079375
2015,SOUTHEAST ASIA,Thailand,Amongst Those Who Didn’t Travel Alone | Children Aged 19 Years And Below,%,6.69302409788278
2015,SOUTHEAST ASIA,Thailand,Amongst Those Who Didn’t Travel Alone | Parents/  Parents-in-Law,%,9.7867646984056
2015,SOUTHEAST ASIA,Thailand,Amongst Those Who Didn’t Travel Alone | Siblings,%,6.343885183331989
2015,SOUTHEAST ASIA,Thailand,Amongst Those Who Didn’t Travel Alone | Partner/ Boyfriend/ Girlfriend,%,9.31440815937938
2015,SOUTHEAST ASIA,Thailand,Amongst Those Who Didn’t Travel Alone | Business Associates/ Colleagues,%,30.10219750450965
2015,SOUTHEAST ASIA,Thailand,Amongst Those Who Didn’t Travel Alone | Relatives,%,4.102484091201026
2015,SOUTHEAST ASIA,Thailand,Amongst Those Who Didn’t Travel Alone | Children Aged Above 19 Years,%,10.36370073674043
2015,SOUTHEAST ASIA,Thailand,Average Family Size4 (Persons),%,2.476410871970675
2015,SOUTHEAST ASIA,Thailand,Average Party Size (Persons),%,4.707200839442968
2015,SOUTHEAST ASIA,Vietnam,Alone,%,33.1870175059471
2015,SOUTHEAST ASIA,Vietnam,Amongst Those Who Didn’t Travel Alone | Spouse,%,28.12136046499361
2015,SOUTHEAST ASIA,Vietnam,Amongst Those Who Didn’t Travel Alone | Friends,%,20.08264660830819
2015,SOUTHEAST ASIA,Vietnam,Amongst Those Who Didn’t Travel Alone | Children Aged 19 Years And Below,%,9.9073676874293
2015,SOUTHEAST ASIA,Vietnam,Amongst Those Who Didn’t Travel Alone | Parents/  Parents-in-Law,%,14.78143356031156
2015,SOUTHEAST ASIA,Vietnam,Amongst Those Who Didn’t Travel Alone | Siblings,%,11.73277637611905
2015,SOUTHEAST ASIA,Vietnam,Amongst Those Who Didn’t Travel Alone | Partner/ Boyfriend/ Girlfriend,%,5.549280737863559
2015,SOUTHEAST ASIA,Vietnam,Amongst Those Who Didn’t Travel Alone | Business Associates/ Colleagues,%,16.0836990279723
2015,SOUTHEAST ASIA,Vietnam,Amongst Those Who Didn’t Travel Alone | Relatives,%,5.326007772951276
2015,SOUTHEAST ASIA,Vietnam,Amongst Those Who Didn’t Travel Alone | Children Aged Above 19 Years,%,9.9073676874293
2015,SOUTHEAST ASIA,Vietnam,Average Family Size4 (Persons),%,2.502336449391695
2015,SOUTHEAST ASIA,Vietnam,Average Party Size (Persons),%,4.610737518879916
2015,GREATER CHINA,China,Alone,%,18.91080413727814
2015,GREATER CHINA,China,Amongst Those Who Didn’t Travel Alone | Spouse,%,36.33791983048036
2015,GREATER CHINA,China,Amongst Those Who Didn’t Travel Alone | Friends,%,12.51014328014018
2015,GREATER CHINA,China,Amongst Those Who Didn’t Travel Alone | Children Aged 19 Years And Below,%,17.37470215272526
2015,GREATER CHINA,China,Amongst Those Who Didn’t Travel Alone | Parents/  Parents-in-Law,%,11.11352164419759
2015,GREATER CHINA,China,Amongst Those Who Didn’t Travel Alone | Siblings,%,3.586969985979738
2015,GREATER CHINA,China,Amongst Those Who Didn’t Travel Alone | Partner/ Boyfriend/ Girlfriend,%,1.568956691771961
2015,GREATER CHINA,China,Amongst Those Who Didn’t Travel Alone | Business Associates/ Colleagues,%,7.461766064819429
2015,GREATER CHINA,China,Amongst Those Who Didn’t Travel Alone | Relatives,%,4.687282620044718
2015,GREATER CHINA,China,Amongst Those Who Didn’t Travel Alone | Children Aged Above 19 Years,%,23.17530014038451
2015,GREATER CHINA,China,Average Family Size4 (Persons),%,2.431823423519861
2015,GREATER CHINA,China,Average Party Size (Persons),%,8.116398398512342
2015,GREATER CHINA,Hong Kong SAR,Alone,%,35.64503751837032
2015,GREATER CHINA,Hong Kong SAR,Amongst Those Who Didn’t Travel Alone | Spouse,%,48.24733104827256
2015,GREATER CHINA,Hong Kong SAR,Amongst Those Who Didn’t Travel Alone | Friends,%,14.34804700398088
2015,GREATER CHINA,Hong Kong SAR,Amongst Those Who Didn’t Travel Alone | Children Aged 19 Years And Below,%,20.15039681778174
2015,GREATER CHINA,Hong Kong SAR,Amongst Those Who Didn’t Travel Alone | Parents/  Parents-in-Law,%,12.55945291552661
2015,GREATER CHINA,Hong Kong SAR,Amongst Those Who Didn’t Travel Alone | Siblings,%,6.774432953414832
2015,GREATER CHINA,Hong Kong SAR,Amongst Those Who Didn’t Travel Alone | Partner/ Boyfriend/ Girlfriend,%,4.195557535308611
2015,GREATER CHINA,Hong Kong SAR,Amongst Those Who Didn’t Travel Alone | Business Associates/ Colleagues,%,13.02210485661518
2015,GREATER CHINA,Hong Kong SAR,Amongst Those Who Didn’t Travel Alone | Relatives,%,5.67343300179339
2015,GREATER CHINA,Hong Kong SAR,Amongst Those Who Didn’t Travel Alone | Children Aged Above 19 Years,%,28.37074633758959
2015,GREATER CHINA,Hong Kong SAR,Average Family Size4 (Persons),%,2.484835250310407
2015,GREATER CHINA,Hong Kong SAR,Average Party Size (Persons),%,4.629693524752965
2015,GREATER CHINA,Taiwan,Alone,%,30.60357398716735
2015,GREATER CHINA,Taiwan,Amongst Those Who Didn’t Travel Alone | Spouse,%,38.59421088092416
2015,GREATER CHINA,Taiwan,Amongst Those Who Didn’t Travel Alone | Friends,%,19.69052409201041
2015,GREATER CHINA,Taiwan,Amongst Those Who Didn’t Travel Alone | Children Aged 19 Years And Below,%,14.59365899968344
2015,GREATER CHINA,Taiwan,Amongst Those Who Didn’t Travel Alone | Parents/  Parents-in-Law,%,8.351807674723736
2015,GREATER CHINA,Taiwan,Amongst Those Who Didn’t Travel Alone | Siblings,%,3.650612444059901
2015,GREATER CHINA,Taiwan,Amongst Those Who Didn’t Travel Alone | Partner/ Boyfriend/ Girlfriend,%,5.304052647683534
2015,GREATER CHINA,Taiwan,Amongst Those Who Didn’t Travel Alone | Business Associates/ Colleagues,%,14.1403810505013
2015,GREATER CHINA,Taiwan,Amongst Those Who Didn’t Travel Alone | Relatives,%,4.377992592188193
2015,GREATER CHINA,Taiwan,Amongst Those Who Didn’t Travel Alone | Children Aged Above 19 Years,%,17.44741269848122
2015,GREATER CHINA,Taiwan,Average Family Size4 (Persons),%,2.31902458024398
2015,GREATER CHINA,Taiwan,Average Party Size (Persons),%,6.129287034164703
2015,NORTH ASIA,Japan,Alone,%,49.77974940239437
2015,NORTH ASIA,Japan,Amongst Those Who Didn’t Travel Alone | Spouse,%,28.99088363669459
2015,NORTH ASIA,Japan,Amongst Those Who Didn’t Travel Alone | Friends,%,23.60908618027906
2015,NORTH ASIA,Japan,Amongst Those Who Didn’t Travel Alone | Children Aged 19 Years And Below,%,3.67374239180455
2015,NORTH ASIA,Japan,Amongst Those Who Didn’t Travel Alone | Parents/  Parents-in-Law,%,6.588551723403168
2015,NORTH ASIA,Japan,Amongst Those Who Didn’t Travel Alone | Siblings,%,3.142915926482807
2015,NORTH ASIA,Japan,Amongst Those Who Didn’t Travel Alone | Partner/ Boyfriend/ Girlfriend,%,4.667050402010555
2015,NORTH ASIA,Japan,Amongst Those Who Didn’t Travel Alone | Business Associates/ Colleagues,%,28.5251776234737
2015,NORTH ASIA,Japan,Amongst Those Who Didn’t Travel Alone | Relatives,%,1.714515034511839
2015,NORTH ASIA,Japan,Amongst Those Who Didn’t Travel Alone | Children Aged Above 19 Years,%,11.06587644690975
2015,NORTH ASIA,Japan,Average Family Size4 (Persons),%,2.341017245906266
2015,NORTH ASIA,Japan,Average Party Size (Persons),%,4.846137523344961
2015,NORTH ASIA,South Korea,Alone,%,31.22826689939907
2015,NORTH ASIA,South Korea,Amongst Those Who Didn’t Travel Alone | Spouse,%,39.24491056550275
2015,NORTH ASIA,South Korea,Amongst Those Who Didn’t Travel Alone | Friends,%,17.13854684831179
2015,NORTH ASIA,South Korea,Amongst Those Who Didn’t Travel Alone | Children Aged 19 Years And Below,%,13.92892960178874
2015,NORTH ASIA,South Korea,Amongst Those Who Didn’t Travel Alone | Parents/  Parents-in-Law,%,14.48383309676256
2015,NORTH ASIA,South Korea,Amongst Those Who Didn’t Travel Alone | Siblings,%,10.10215110696792
2015,NORTH ASIA,South Korea,Amongst Those Who Didn’t Travel Alone | Partner/ Boyfriend/ Girlfriend,%,3.217519546780817
2015,NORTH ASIA,South Korea,Amongst Those Who Didn’t Travel Alone | Business Associates/ Colleagues,%,23.70386786727516
2015,NORTH ASIA,South Korea,Amongst Those Who Didn’t Travel Alone | Relatives,%,2.423438601576484
2015,NORTH ASIA,South Korea,Amongst Those Who Didn’t Travel Alone | Children Aged Above 19 Years,%,16.85546257574574
2015,NORTH ASIA,South Korea,Average Family Size4 (Persons),%,2.564146170481055
2015,NORTH ASIA,South Korea,Average Party Size (Persons),%,3.487811802537951
2015,SOUTH ASIA,India,Alone,%,32.92829772218384
2015,SOUTH ASIA,India,Amongst Those Who Didn’t Travel Alone | Spouse,%,63.4043752613882
2015,SOUTH ASIA,India,Amongst Those Who Didn’t Travel Alone | Friends,%,9.223465634765716
2015,SOUTH ASIA,India,Amongst Those Who Didn’t Travel Alone | Children Aged 19 Years And Below,%,19.86598630552375
2015,SOUTH ASIA,India,Amongst Those Who Didn’t Travel Alone | Parents/  Parents-in-Law,%,14.52958874244658
2015,SOUTH ASIA,India,Amongst Those Who Didn’t Travel Alone | Siblings,%,9.041066643584394
2015,SOUTH ASIA,India,Amongst Those Who Didn’t Travel Alone | Business Associates/ Colleagues,%,9.102798724692548
2015,SOUTH ASIA,India,Amongst Those Who Didn’t Travel Alone | Relatives,%,3.919539038271723
2015,SOUTH ASIA,India,Amongst Those Who Didn’t Travel Alone | Children Aged Above 19 Years,%,26.76303950448066
2015,SOUTH ASIA,India,Average Family Size4 (Persons),%,2.395312077573787
2015,SOUTH ASIA,India,Average Party Size (Persons),%,3.980761875294699
2015,EUROPE,France,Alone,%,39.68441288800991
2015,EUROPE,France,Amongst Those Who Didn’t Travel Alone | Spouse,%,61.35409733976856
2015,EUROPE,France,Amongst Those Who Didn’t Travel Alone | Friends,%,12.6312852558794
2015,EUROPE,France,Amongst Those Who Didn’t Travel Alone | Children Aged 19 Years And Below,%,15.9872206233067
2015,EUROPE,France,Amongst Those Who Didn’t Travel Alone | Parents/  Parents-in-Law,%,6.111992339259068
2015,EUROPE,France,Amongst Those Who Didn’t Travel Alone | Siblings,%,9.145495458926431
2015,EUROPE,France,Amongst Those Who Didn’t Travel Alone | Partner/ Boyfriend/ Girlfriend,%,11.8277428080656
2015,EUROPE,France,Amongst Those Who Didn’t Travel Alone | Business Associates/ Colleagues,%,6.205378262186093
2015,EUROPE,France,Amongst Those Who Didn’t Travel Alone | Relatives,%,0.5143205070503365
2015,EUROPE,France,Amongst Those Who Didn’t Travel Alone | Children Aged Above 19 Years,%,17.01586163740738
2015,EUROPE,France,Average Family Size4 (Persons),%,2.217832313169738
2015,EUROPE,France,Average Party Size (Persons),%,2.009219090074709
2015,EUROPE,Germany,Alone,%,39.23664306551524
2015,EUROPE,Germany,Amongst Those Who Didn’t Travel Alone | Spouse,%,54.5699163836812
2015,EUROPE,Germany,Amongst Those Who Didn’t Travel Alone | Friends,%,23.41845216121125
2015,EUROPE,Germany,Amongst Those Who Didn’t Travel Alone | Children Aged 19 Years And Below,%,5.810844021395065
2015,EUROPE,Germany,Amongst Those Who Didn’t Travel Alone | Parents/  Parents-in-Law,%,4.215978791506508
2015,EUROPE,Germany,Amongst Those Who Didn’t Travel Alone | Siblings,%,0.8646881652175509
2015,EUROPE,Germany,Amongst Those Who Didn’t Travel Alone | Partner/ Boyfriend/ Girlfriend,%,16.08291244313369
2015,EUROPE,Germany,Amongst Those Who Didn’t Travel Alone | Business Associates/ Colleagues,%,3.343461978542902
2015,EUROPE,Germany,Amongst Those Who Didn’t Travel Alone | Relatives,%,0.8314188059325648
2015,EUROPE,Germany,Amongst Those Who Didn’t Travel Alone | Children Aged Above 19 Years,%,9.733447349117794
2015,EUROPE,Germany,Average Family Size4 (Persons),%,2.072860666990763
2015,EUROPE,Germany,Average Party Size (Persons),%,2.420294218953055
2015,EUROPE,Italy,Alone,%,28.5502559869504
2015,EUROPE,Italy,Amongst Those Who Didn’t Travel Alone | Spouse,%,45.20193408864252
2015,EUROPE,Italy,Amongst Those Who Didn’t Travel Alone | Friends,%,19.55323403044921
2015,EUROPE,Italy,Amongst Those Who Didn’t Travel Alone | Children Aged 19 Years And Below,%,7.231140505592358
2015,EUROPE,Italy,Amongst Those Who Didn’t Travel Alone | Parents/  Parents-in-Law,%,3.780096714190862
2015,EUROPE,Italy,Amongst Those Who Didn’t Travel Alone | Siblings,%,2.053024776339984
2015,EUROPE,Italy,Amongst Those Who Didn’t Travel Alone | Partner/ Boyfriend/ Girlfriend,%,21.96071210197004
2015,EUROPE,Italy,Amongst Those Who Didn’t Travel Alone | Business Associates/ Colleagues,%,8.152567473579323
2015,EUROPE,Italy,Amongst Those Who Didn’t Travel Alone | Relatives,%,1.160423071460613
2015,EUROPE,Italy,Amongst Those Who Didn’t Travel Alone | Children Aged Above 19 Years,%,7.231140505592358
2015,EUROPE,Italy,Average Family Size4 (Persons),%,2.137898231854122
2015,EUROPE,Italy,Average Party Size (Persons),%,1.99549133653705
2015,EUROPE,Netherlands,Alone,%,42.21239343096561
2015,EUROPE,Netherlands,Amongst Those Who Didn’t Travel Alone | Spouse,%,50.12534897711227
2015,EUROPE,Netherlands,Amongst Those Who Didn’t Travel Alone | Friends,%,15.80641751835001
2015,EUROPE,Netherlands,Amongst Those Who Didn’t Travel Alone | Children Aged 19 Years And Below,%,10.45581934644227
2015,EUROPE,Netherlands,Amongst Those Who Didn’t Travel Alone | Parents/  Parents-in-Law,%,4.717092232579042
2015,EUROPE,Netherlands,Amongst Those Who Didn’t Travel Alone | Siblings,%,4.685443635916717
2015,EUROPE,Netherlands,Amongst Those Who Didn’t Travel Alone | Partner/ Boyfriend/ Girlfriend,%,17.59021929740011
2015,EUROPE,Netherlands,Amongst Those Who Didn’t Travel Alone | Business Associates/ Colleagues,%,8.562138579685968
2015,EUROPE,Netherlands,Amongst Those Who Didn’t Travel Alone | Relatives,%,6.649861765069455
2015,EUROPE,Netherlands,Amongst Those Who Didn’t Travel Alone | Children Aged Above 19 Years,%,10.45581934644227
2015,EUROPE,Netherlands,Average Family Size4 (Persons),%,2.117158745581824
2015,EUROPE,Netherlands,Average Party Size (Persons),%,1.749842700969564
2015,EUROPE,Switzerland,Alone,%,35.86473263165806
2015,EUROPE,Switzerland,Amongst Those Who Didn’t Travel Alone | Spouse,%,60.3696789309292
2015,EUROPE,Switzerland,Amongst Those Who Didn’t Travel Alone | Friends,%,17.58284435968776
2015,EUROPE,Switzerland,Amongst Those Who Didn’t Travel Alone | Children Aged 19 Years And Below,%,17.97360193644521
2015,EUROPE,Switzerland,Amongst Those Who Didn’t Travel Alone | Parents/  Parents-in-Law,%,4.002693318064929
2015,EUROPE,Switzerland,Amongst Those Who Didn’t Travel Alone | Siblings,%,3.996396525847697
2015,EUROPE,Switzerland,Amongst Those Who Didn’t Travel Alone | Partner/ Boyfriend/ Girlfriend,%,11.94829823990823
2015,EUROPE,Switzerland,Amongst Those Who Didn’t Travel Alone | Business Associates/ Colleagues,%,3.698156436717228
2015,EUROPE,Switzerland,Amongst Those Who Didn’t Travel Alone | Relatives,%,0.7058218643168066
2015,EUROPE,Switzerland,Amongst Those Who Didn’t Travel Alone | Children Aged Above 19 Years,%,22.78298563209258
2015,EUROPE,Switzerland,Average Family Size4 (Persons),%,2.090995726730207
2015,EUROPE,Switzerland,Average Party Size (Persons),%,1.922064546372116
2015,EUROPE,UK,Alone,%,34.21810175183857
2015,EUROPE,UK,Amongst Those Who Didn’t Travel Alone | Spouse,%,66.62362194992022
2015,EUROPE,UK,Amongst Those Who Didn’t Travel Alone | Friends,%,12.98036829748605
2015,EUROPE,UK,Amongst Those Who Didn’t Travel Alone | Children Aged 19 Years And Below,%,6.327261794577143
2015,EUROPE,UK,Amongst Those Who Didn’t Travel Alone | Parents/  Parents-in-Law,%,1.52534203461752
2015,EUROPE,UK,Amongst Those Who Didn’t Travel Alone | Siblings,%,3.696420071041266
2015,EUROPE,UK,Amongst Those Who Didn’t Travel Alone | Partner/ Boyfriend/ Girlfriend,%,13.36837044217683
2015,EUROPE,UK,Amongst Those Who Didn’t Travel Alone | Business Associates/ Colleagues,%,2.567452733174306
2015,EUROPE,UK,Amongst Those Who Didn’t Travel Alone | Relatives,%,0.9297962568058136
2015,EUROPE,UK,Amongst Those Who Didn’t Travel Alone | Children Aged Above 19 Years,%,8.845438137408621
2015,EUROPE,UK,Average Family Size4 (Persons),%,2.047565412434903
2015,EUROPE,UK,Average Party Size (Persons),%,1.872074103893022
2015,AMERICAS,Canada,Alone,%,40.51210772717858
2015,AMERICAS,Canada,Amongst Those Who Didn’t Travel Alone | Spouse,%,64.61342942110394
2015,AMERICAS,Canada,Amongst Those Who Didn’t Travel Alone | Friends,%,14.40784827884798
2015,AMERICAS,Canada,Amongst Those Who Didn’t Travel Alone | Children Aged 19 Years And Below,%,4.143255826686475
2015,AMERICAS,Canada,Amongst Those Who Didn’t Travel Alone | Parents/  Parents-in-Law,%,4.206960547674612
2015,AMERICAS,Canada,Amongst Those Who Didn’t Travel Alone | Siblings,%,11.44368031878561
2015,AMERICAS,Canada,Amongst Those Who Didn’t Travel Alone | Partner/ Boyfriend/ Girlfriend,%,10.12285558821862
2015,AMERICAS,Canada,Amongst Those Who Didn’t Travel Alone | Business Associates/ Colleagues,%,0.8420282026185553
2015,AMERICAS,Canada,Amongst Those Who Didn’t Travel Alone | Relatives,%,5.498468016589325
2015,AMERICAS,Canada,Amongst Those Who Didn’t Travel Alone | Children Aged Above 19 Years,%,15.03444138695338
2015,AMERICAS,Canada,Average Family Size4 (Persons),%,2.279528926085212
2015,AMERICAS,Canada,Average Party Size (Persons),%,1.996588272573395
2015,AMERICAS,USA,Alone,%,43.11241889420766
2015,AMERICAS,USA,Amongst Those Who Didn’t Travel Alone | Spouse,%,56.14422228828644
2015,AMERICAS,USA,Amongst Those Who Didn’t Travel Alone | Friends,%,14.28417649972958
2015,AMERICAS,USA,Amongst Those Who Didn’t Travel Alone | Children Aged 19 Years And Below,%,7.044240078485121
2015,AMERICAS,USA,Amongst Those Who Didn’t Travel Alone | Parents/  Parents-in-Law,%,5.528674650580379
2015,AMERICAS,USA,Amongst Those Who Didn’t Travel Alone | Siblings,%,5.507068041569202
2015,AMERICAS,USA,Amongst Those Who Didn’t Travel Alone | Partner/ Boyfriend/ Girlfriend,%,10.29055179742281
2015,AMERICAS,USA,Amongst Those Who Didn’t Travel Alone | Business Associates/ Colleagues,%,8.244016559474169
2015,AMERICAS,USA,Amongst Those Who Didn’t Travel Alone | Relatives,%,3.685456753736409
2015,AMERICAS,USA,Amongst Those Who Didn’t Travel Alone | Children Aged Above 19 Years,%,12.68729558541809
2015,AMERICAS,USA,Average Family Size4 (Persons),%,2.237322020178491
2015,AMERICAS,USA,Average Party Size (Persons),%,2.118018430049654
2015,OCEANIA,Australia,Alone,%,29.79921334356712
2015,OCEANIA,Australia,Amongst Those Who Didn’t Travel Alone | Spouse,%,63.80310488980675
2015,OCEANIA,Australia,Amongst Those Who Didn’t Travel Alone | Friends,%,11.57040355814693
2015,OCEANIA,Australia,Amongst Those Who Didn’t Travel Alone | Children Aged 19 Years And Below,%,13.18896916330433
2015,OCEANIA,Australia,Amongst Those Who Didn’t Travel Alone | Parents/  Parents-in-Law,%,9.70996446306094
2015,OCEANIA,Australia,Amongst Those Who Didn’t Travel Alone | Siblings,%,6.180698741734711
2015,OCEANIA,Australia,Amongst Those Who Didn’t Travel Alone | Partner/ Boyfriend/ Girlfriend,%,11.62934246008686
2015,OCEANIA,Australia,Amongst Those Who Didn’t Travel Alone | Business Associates/ Colleagues,%,1.811359736968272
2015,OCEANIA,Australia,Amongst Those Who Didn’t Travel Alone | Relatives,%,2.30536937185641
2015,OCEANIA,Australia,Amongst Those Who Didn’t Travel Alone | Children Aged Above 19 Years,%,16.85567338552131
2015,OCEANIA,Australia,Average Family Size4 (Persons),%,2.232886049133219
2015,OCEANIA,Australia,Average Party Size (Persons),%,2.133943574488162
2015,OCEANIA,New Zealand,Alone,%,35.80791796999385
2015,OCEANIA,New Zealand,Amongst Those Who Didn’t Travel Alone | Spouse,%,74.71710001637398
2015,OCEANIA,New Zealand,Amongst Those Who Didn’t Travel Alone | Friends,%,12.45949243598671
2015,OCEANIA,New Zealand,Amongst Those Who Didn’t Travel Alone | Children Aged 19 Years And Below,%,19.79219572331407
2015,OCEANIA,New Zealand,Amongst Those Who Didn’t Travel Alone | Parents/  Parents-in-Law,%,4.097472828734693
2015,OCEANIA,New Zealand,Amongst Those Who Didn’t Travel Alone | Partner/ Boyfriend/ Girlfriend,%,6.410648203498453
2015,OCEANIA,New Zealand,Amongst Those Who Didn’t Travel Alone | Business Associates/ Colleagues,%,1.606539552673857
2015,OCEANIA,New Zealand,Amongst Those Who Didn’t Travel Alone | Relatives,%,1.327045032030892
2015,OCEANIA,New Zealand,Amongst Those Who Didn’t Travel Alone | Children Aged Above 19 Years,%,24.90698619226583
2015,OCEANIA,New Zealand,Average Family Size4 (Persons),%,2.036436233900649
2015,OCEANIA,New Zealand,Average Party Size (Persons),%,2.141484492664798
2015,AFRICA,South Africa (Rep of),Alone,%,42.88054291143828
2015,AFRICA,South Africa (Rep of),Amongst Those Who Didn’t Travel Alone | Spouse,%,53.79826891664583
2015,AFRICA,South Africa (Rep of),Amongst Those Who Didn’t Travel Alone | Friends,%,14.40673232213346
2015,AFRICA,South Africa (Rep of),Amongst Those Who Didn’t Travel Alone | Children Aged 19 Years And Below,%,10.633521853435
2015,AFRICA,South Africa (Rep of),Amongst Those Who Didn’t Travel Alone | Parents/  Parents-in-Law,%,7.042786338507874
2015,AFRICA,South Africa (Rep of),Amongst Those Who Didn’t Travel Alone | Siblings,%,9.257216399222925
2015,AFRICA,South Africa (Rep of),Amongst Those Who Didn’t Travel Alone | Partner/ Boyfriend/ Girlfriend,%,4.583545306002091
2015,AFRICA,South Africa (Rep of),Amongst Those Who Didn’t Travel Alone | Business Associates/ Colleagues,%,17.14042068412013
2015,AFRICA,South Africa (Rep of),Amongst Those Who Didn’t Travel Alone | Relatives,%,4.690619339967987
2015,AFRICA,South Africa (Rep of),Amongst Those Who Didn’t Travel Alone | Children Aged Above 19 Years,%,10.633521853435
2015,AFRICA,South Africa (Rep of),Average Family Size4 (Persons),%,2.409641947352511
2015,AFRICA,South Africa (Rep of),Average Party Size (Persons),%,2.127886769495588
2015,REMAINING,Others,Alone,%,37.82293253252763
2015,REMAINING,Others,Amongst Those Who Didn’t Travel Alone | Spouse,%,43.72372753916969
2015,REMAINING,Others,Amongst Those Who Didn’t Travel Alone | Friends,%,16.0570888037491
2015,REMAINING,Others,Amongst Those Who Didn’t Travel Alone | Children Aged 19 Years And Below,%,16.6725243595895
2015,REMAINING,Others,Amongst Those Who Didn’t Travel Alone | Parents/  Parents-in-Law,%,12.16719888174917
2015,REMAINING,Others,Amongst Those Who Didn’t Travel Alone | Siblings,%,8.37719983837136
2015,REMAINING,Others,Amongst Those Who Didn’t Travel Alone | Partner/ Boyfriend/ Girlfriend,%,8.096038715599759
2015,REMAINING,Others,Amongst Those Who Didn’t Travel Alone | Business Associates/ Colleagues,%,12.59976856845429
2015,REMAINING,Others,Amongst Those Who Didn’t Travel Alone | Relatives,%,4.810918387639129
2015,REMAINING,Others,Amongst Those Who Didn’t Travel Alone | Children Aged Above 19 Years,%,22.17714654702
2015,REMAINING,Others,Average Family Size4 (Persons),%,2.434065409889213
2015,REMAINING,Others,Average Party Size (Persons),%,2.583138532541827
2014,SOUTHEAST ASIA,Indonesia,Alone,%,30.30255615570474
2014,SOUTHEAST ASIA,Indonesia,Amongst Those Who Didn’t Travel Alone | Spouse,%,45.34070134627618
2014,SOUTHEAST ASIA,Indonesia,Amongst Those Who Didn’t Travel Alone | Friends,%,15.1616421615312
2014,SOUTHEAST ASIA,Indonesia,Amongst Those Who Didn’t Travel Alone | Children Aged 19 Years And Below,%,13.8838937349805
2014,SOUTHEAST ASIA,Indonesia,Amongst Those Who Didn’t Travel Alone | Parents/  Parents-in-Law,%,18.95913205723022
2014,SOUTHEAST ASIA,Indonesia,Amongst Those Who Didn’t Travel Alone | Siblings,%,14.85714435640224
2014,SOUTHEAST ASIA,Indonesia,Amongst Those Who Didn’t Travel Alone | Partner/ Boyfriend/ Girlfriend,%,1.674382815435046
2014,SOUTHEAST ASIA,Indonesia,Amongst Those Who Didn’t Travel Alone | Business Associates/ Colleagues,%,6.561242163678867
2014,SOUTHEAST ASIA,Indonesia,Amongst Those Who Didn’t Travel Alone | Relatives,%,8.601226821286392
2014,SOUTHEAST ASIA,Indonesia,Amongst Those Who Didn’t Travel Alone | Children Aged Above 19 Years,%,23.17754760067756
2014,SOUTHEAST ASIA,Indonesia,Average Family Size4 (Persons),%,2.65329924474802
2014,SOUTHEAST ASIA,Indonesia,Average Party Size (Persons),%,3.936340811468483
2014,SOUTHEAST ASIA,Malaysia,Alone,%,52.74654432073024
2014,SOUTHEAST ASIA,Malaysia,Amongst Those Who Didn’t Travel Alone | Spouse,%,39.94554634946589
2014,SOUTHEAST ASIA,Malaysia,Amongst Those Who Didn’t Travel Alone | Friends,%,16.30552679951652
2014,SOUTHEAST ASIA,Malaysia,Amongst Those Who Didn’t Travel Alone | Children Aged 19 Years And Below,%,9.367186633068226
2014,SOUTHEAST ASIA,Malaysia,Amongst Those Who Didn’t Travel Alone | Parents/  Parents-in-Law,%,13.40654264539663
2014,SOUTHEAST ASIA,Malaysia,Amongst Those Who Didn’t Travel Alone | Siblings,%,12.67943253254376
2014,SOUTHEAST ASIA,Malaysia,Amongst Those Who Didn’t Travel Alone | Partner/ Boyfriend/ Girlfriend,%,2.876252936387716
2014,SOUTHEAST ASIA,Malaysia,Amongst Those Who Didn’t Travel Alone | Business Associates/ Colleagues,%,17.71779891615188
2014,SOUTHEAST ASIA,Malaysia,Amongst Those Who Didn’t Travel Alone | Relatives,%,5.466751109124609
2014,SOUTHEAST ASIA,Malaysia,Amongst Those Who Didn’t Travel Alone | Children Aged Above 19 Years,%,13.41235165184242
2014,SOUTHEAST ASIA,Malaysia,Average Family Size4 (Persons),%,2.476509579495103
2014,SOUTHEAST ASIA,Malaysia,Average Party Size (Persons),%,2.026578191626464
2014,SOUTHEAST ASIA,Philippines,Alone,%,37.97615567755159
2014,SOUTHEAST ASIA,Philippines,Amongst Those Who Didn’t Travel Alone | Spouse,%,30.39477220253698
2014,SOUTHEAST ASIA,Philippines,Amongst Those Who Didn’t Travel Alone | Friends,%,17.23021106219799
2014,SOUTHEAST ASIA,Philippines,Amongst Those Who Didn’t Travel Alone | Children Aged 19 Years And Below,%,12.3060542192786
2014,SOUTHEAST ASIA,Philippines,Amongst Those Who Didn’t Travel Alone | Parents/  Parents-in-Law,%,14.32477039799927
2014,SOUTHEAST ASIA,Philippines,Amongst Those Who Didn’t Travel Alone | Siblings,%,13.65117746842883
2014,SOUTHEAST ASIA,Philippines,Amongst Those Who Didn’t Travel Alone | Partner/ Boyfriend/ Girlfriend,%,5.119906873319714
2014,SOUTHEAST ASIA,Philippines,Amongst Those Who Didn’t Travel Alone | Business Associates/ Colleagues,%,19.30194126479383
2014,SOUTHEAST ASIA,Philippines,Amongst Those Who Didn’t Travel Alone | Relatives,%,12.24165440227178
2014,SOUTHEAST ASIA,Philippines,Amongst Those Who Didn’t Travel Alone | Children Aged Above 19 Years,%,18.10910258930988
2014,SOUTHEAST ASIA,Philippines,Average Family Size4 (Persons),%,2.708534054738141
2014,SOUTHEAST ASIA,Philippines,Average Party Size (Persons),%,2.781702199015871
2014,SOUTHEAST ASIA,Thailand,Alone,%,53.8499051769091
2014,SOUTHEAST ASIA,Thailand,Amongst Those Who Didn’t Travel Alone | Spouse,%,19.76772745762538
2014,SOUTHEAST ASIA,Thailand,Amongst Those Who Didn’t Travel Alone | Friends,%,21.72348306141915
2014,SOUTHEAST ASIA,Thailand,Amongst Those Who Didn’t Travel Alone | Children Aged 19 Years And Below,%,7.476799800233981
2014,SOUTHEAST ASIA,Thailand,Amongst Those Who Didn’t Travel Alone | Parents/  Parents-in-Law,%,9.891089013365171
2014,SOUTHEAST ASIA,Thailand,Amongst Those Who Didn’t Travel Alone | Siblings,%,6.171736425485774
2014,SOUTHEAST ASIA,Thailand,Amongst Those Who Didn’t Travel Alone | Partner/ Boyfriend/ Girlfriend,%,5.99973003174379
2014,SOUTHEAST ASIA,Thailand,Amongst Those Who Didn’t Travel Alone | Business Associates/ Colleagues,%,28.57673611914658
2014,SOUTHEAST ASIA,Thailand,Amongst Those Who Didn’t Travel Alone | Relatives,%,5.822749278636616
2014,SOUTHEAST ASIA,Thailand,Amongst Those Who Didn’t Travel Alone | Children Aged Above 19 Years,%,13.58430108848038
2014,SOUTHEAST ASIA,Thailand,Average Family Size4 (Persons),%,2.87888461597415
2014,SOUTHEAST ASIA,Thailand,Average Party Size (Persons),%,4.425455216044677
2014,SOUTHEAST ASIA,Vietnam,Alone,%,36.41365743112398
2014,SOUTHEAST ASIA,Vietnam,Amongst Those Who Didn’t Travel Alone | Spouse,%,26.73549141189018
2014,SOUTHEAST ASIA,Vietnam,Amongst Those Who Didn’t Travel Alone | Friends,%,15.99474211700514
2014,SOUTHEAST ASIA,Vietnam,Amongst Those Who Didn’t Travel Alone | Children Aged 19 Years And Below,%,6.370767274861615
2014,SOUTHEAST ASIA,Vietnam,Amongst Those Who Didn’t Travel Alone | Parents/  Parents-in-Law,%,11.6419729760304
2014,SOUTHEAST ASIA,Vietnam,Amongst Those Who Didn’t Travel Alone | Siblings,%,9.417961915184042
2014,SOUTHEAST ASIA,Vietnam,Amongst Those Who Didn’t Travel Alone | Partner/ Boyfriend/ Girlfriend,%,3.10181576293479
2014,SOUTHEAST ASIA,Vietnam,Amongst Those Who Didn’t Travel Alone | Business Associates/ Colleagues,%,21.13780191066192
2014,SOUTHEAST ASIA,Vietnam,Amongst Those Who Didn’t Travel Alone | Relatives,%,4.769965240619651
2014,SOUTHEAST ASIA,Vietnam,Amongst Those Who Didn’t Travel Alone | Children Aged Above 19 Years,%,8.720647901052745
2014,SOUTHEAST ASIA,Vietnam,Average Family Size4 (Persons),%,2.469749367460333
2014,SOUTHEAST ASIA,Vietnam,Average Party Size (Persons),%,6.883478297773375
2014,GREATER CHINA,China,Alone,%,23.61194414194946
2014,GREATER CHINA,China,Amongst Those Who Didn’t Travel Alone | Spouse,%,33.02063967524638
2014,GREATER CHINA,China,Amongst Those Who Didn’t Travel Alone | Friends,%,12.56773484125614
2014,GREATER CHINA,China,Amongst Those Who Didn’t Travel Alone | Children Aged 19 Years And Below,%,14.95549029234355
2014,GREATER CHINA,China,Amongst Those Who Didn’t Travel Alone | Parents/  Parents-in-Law,%,8.695132336215483
2014,GREATER CHINA,China,Amongst Those Who Didn’t Travel Alone | Siblings,%,3.281241144176384
2014,GREATER CHINA,China,Amongst Those Who Didn’t Travel Alone | Partner/ Boyfriend/ Girlfriend,%,1.639862248656233
2014,GREATER CHINA,China,Amongst Those Who Didn’t Travel Alone | Business Associates/ Colleagues,%,13.92791959916999
2014,GREATER CHINA,China,Amongst Those Who Didn’t Travel Alone | Relatives,%,4.963680564247507
2014,GREATER CHINA,China,Amongst Those Who Didn’t Travel Alone | Children Aged Above 19 Years,%,22.06087067165337
2014,GREATER CHINA,China,Average Family Size4 (Persons),%,2.360641542595754
2014,GREATER CHINA,China,Average Party Size (Persons),%,8.377509001415907
2014,GREATER CHINA,Hong Kong SAR,Alone,%,40.22151278057894
2014,GREATER CHINA,Hong Kong SAR,Amongst Those Who Didn’t Travel Alone | Spouse,%,46.86958422174622
2014,GREATER CHINA,Hong Kong SAR,Amongst Those Who Didn’t Travel Alone | Friends,%,15.14625247675589
2014,GREATER CHINA,Hong Kong SAR,Amongst Those Who Didn’t Travel Alone | Children Aged 19 Years And Below,%,18.3541558127287
2014,GREATER CHINA,Hong Kong SAR,Amongst Those Who Didn’t Travel Alone | Parents/  Parents-in-Law,%,11.93139165765962
2014,GREATER CHINA,Hong Kong SAR,Amongst Those Who Didn’t Travel Alone | Siblings,%,5.382299046838803
2014,GREATER CHINA,Hong Kong SAR,Amongst Those Who Didn’t Travel Alone | Partner/ Boyfriend/ Girlfriend,%,4.144995887897355
2014,GREATER CHINA,Hong Kong SAR,Amongst Those Who Didn’t Travel Alone | Business Associates/ Colleagues,%,13.68561118029777
2014,GREATER CHINA,Hong Kong SAR,Amongst Those Who Didn’t Travel Alone | Relatives,%,5.52527735824687
2014,GREATER CHINA,Hong Kong SAR,Amongst Those Who Didn’t Travel Alone | Children Aged Above 19 Years,%,24.54579879802613
2014,GREATER CHINA,Hong Kong SAR,Average Family Size4 (Persons),%,2.391676777585951
2014,GREATER CHINA,Hong Kong SAR,Average Party Size (Persons),%,2.667315016052385
2014,GREATER CHINA,Taiwan,Alone,%,30.81656500617238
2014,GREATER CHINA,Taiwan,Amongst Those Who Didn’t Travel Alone | Spouse,%,24.91677043281997
2014,GREATER CHINA,Taiwan,Amongst Those Who Didn’t Travel Alone | Friends,%,15.33317593302992
2014,GREATER CHINA,Taiwan,Amongst Those Who Didn’t Travel Alone | Children Aged 19 Years And Below,%,12.18176789278119
2014,GREATER CHINA,Taiwan,Amongst Those Who Didn’t Travel Alone | Parents/  Parents-in-Law,%,10.82324945829285
2014,GREATER CHINA,Taiwan,Amongst Those Who Didn’t Travel Alone | Siblings,%,4.824567031572791
2014,GREATER CHINA,Taiwan,Amongst Those Who Didn’t Travel Alone | Partner/ Boyfriend/ Girlfriend,%,4.934012481502202
2014,GREATER CHINA,Taiwan,Amongst Those Who Didn’t Travel Alone | Business Associates/ Colleagues,%,23.54386592779004
2014,GREATER CHINA,Taiwan,Amongst Those Who Didn’t Travel Alone | Relatives,%,6.021444876825775
2014,GREATER CHINA,Taiwan,Amongst Those Who Didn’t Travel Alone | Children Aged Above 19 Years,%,19.52774673773292
2014,GREATER CHINA,Taiwan,Average Family Size4 (Persons),%,2.835276455376843
2014,GREATER CHINA,Taiwan,Average Party Size (Persons),%,6.165199573233866
2014,NORTH ASIA,Japan,Alone,%,45.33804999411615
2014,NORTH ASIA,Japan,Amongst Those Who Didn’t Travel Alone | Spouse,%,32.27177960806991
2014,NORTH ASIA,Japan,Amongst Those Who Didn’t Travel Alone | Friends,%,23.76189754224482
2014,NORTH ASIA,Japan,Amongst Those Who Didn’t Travel Alone | Children Aged 19 Years And Below,%,8.530970075000702
2014,NORTH ASIA,Japan,Amongst Those Who Didn’t Travel Alone | Parents/  Parents-in-Law,%,9.251194697619654
2014,NORTH ASIA,Japan,Amongst Those Who Didn’t Travel Alone | Siblings,%,3.727291900854456
2014,NORTH ASIA,Japan,Amongst Those Who Didn’t Travel Alone | Partner/ Boyfriend/ Girlfriend,%,2.214410788459961
2014,NORTH ASIA,Japan,Amongst Those Who Didn’t Travel Alone | Business Associates/ Colleagues,%,24.1849942003597
2014,NORTH ASIA,Japan,Amongst Those Who Didn’t Travel Alone | Relatives,%,2.436508934941311
2014,NORTH ASIA,Japan,Amongst Those Who Didn’t Travel Alone | Children Aged Above 19 Years,%,16.31398094309121
2014,NORTH ASIA,Japan,Average Family Size4 (Persons),%,2.343823669051342
2014,NORTH ASIA,Japan,Average Party Size (Persons),%,3.838511530186076
2014,NORTH ASIA,South Korea,Alone,%,32.71849133188486
2014,NORTH ASIA,South Korea,Amongst Those Who Didn’t Travel Alone | Spouse,%,36.83384995167538
2014,NORTH ASIA,South Korea,Amongst Those Who Didn’t Travel Alone | Friends,%,15.11428467766988
2014,NORTH ASIA,South Korea,Amongst Those Who Didn’t Travel Alone | Children Aged 19 Years And Below,%,9.65873669810641
2014,NORTH ASIA,South Korea,Amongst Those Who Didn’t Travel Alone | Parents/  Parents-in-Law,%,7.629309036834088
2014,NORTH ASIA,South Korea,Amongst Those Who Didn’t Travel Alone | Siblings,%,7.595364770094869
2014,NORTH ASIA,South Korea,Amongst Those Who Didn’t Travel Alone | Partner/ Boyfriend/ Girlfriend,%,4.078443853111952
2014,NORTH ASIA,South Korea,Amongst Those Who Didn’t Travel Alone | Business Associates/ Colleagues,%,23.32457580846323
2014,NORTH ASIA,South Korea,Amongst Those Who Didn’t Travel Alone | Relatives,%,2.978315878527057
2014,NORTH ASIA,South Korea,Amongst Those Who Didn’t Travel Alone | Children Aged Above 19 Years,%,20.55734337736548
2014,NORTH ASIA,South Korea,Average Family Size4 (Persons),%,2.36433527344835
2014,NORTH ASIA,South Korea,Average Party Size (Persons),%,3.386243593239596
2014,SOUTH ASIA,India,Alone,%,35.47205151115454
2014,SOUTH ASIA,India,Amongst Those Who Didn’t Travel Alone | Spouse,%,58.35988517226753
2014,SOUTH ASIA,India,Amongst Those Who Didn’t Travel Alone | Friends,%,9.968467221301172
2014,SOUTH ASIA,India,Amongst Those Who Didn’t Travel Alone | Children Aged 19 Years And Below,%,20.98837525022686
2014,SOUTH ASIA,India,Amongst Those Who Didn’t Travel Alone | Parents/  Parents-in-Law,%,13.40218041989236
2014,SOUTH ASIA,India,Amongst Those Who Didn’t Travel Alone | Siblings,%,8.993836219681304
2014,SOUTH ASIA,India,Amongst Those Who Didn’t Travel Alone | Partner/ Boyfriend/ Girlfriend,%,0.693350456373387
2014,SOUTH ASIA,India,Amongst Those Who Didn’t Travel Alone | Business Associates/ Colleagues,%,11.03828010521763
2014,SOUTH ASIA,India,Amongst Those Who Didn’t Travel Alone | Relatives,%,6.835349134542764
2014,SOUTH ASIA,India,Amongst Those Who Didn’t Travel Alone | Children Aged Above 19 Years,%,28.10085859979211
2014,SOUTH ASIA,India,Average Family Size4 (Persons),%,2.572575697940987
2014,SOUTH ASIA,India,Average Party Size (Persons),%,6.801969200062071
2014,EUROPE,France,Alone,%,35.42835237451048
2014,EUROPE,France,Amongst Those Who Didn’t Travel Alone | Spouse,%,60.73332159653889
2014,EUROPE,France,Amongst Those Who Didn’t Travel Alone | Friends,%,14.45940900526385
2014,EUROPE,France,Amongst Those Who Didn’t Travel Alone | Children Aged 19 Years And Below,%,4.392676165153963
2014,EUROPE,France,Amongst Those Who Didn’t Travel Alone | Parents/  Parents-in-Law,%,7.914764953814005
2014,EUROPE,France,Amongst Those Who Didn’t Travel Alone | Siblings,%,4.929034916855738
2014,EUROPE,France,Amongst Those Who Didn’t Travel Alone | Partner/ Boyfriend/ Girlfriend,%,10.87357575432457
2014,EUROPE,France,Amongst Those Who Didn’t Travel Alone | Business Associates/ Colleagues,%,4.369290448082126
2014,EUROPE,France,Amongst Those Who Didn’t Travel Alone | Relatives,%,2.700373203872466
2014,EUROPE,France,Amongst Those Who Didn’t Travel Alone | Children Aged Above 19 Years,%,10.84686980662364
2014,EUROPE,France,Average Family Size4 (Persons),%,2.252261502250013
2014,EUROPE,France,Average Party Size (Persons),%,2.12914779765562
2014,EUROPE,Germany,Alone,%,31.22541179963819
2014,EUROPE,Germany,Amongst Those Who Didn’t Travel Alone | Spouse,%,53.25782516862735
2014,EUROPE,Germany,Amongst Those Who Didn’t Travel Alone | Friends,%,24.42790119047559
2014,EUROPE,Germany,Amongst Those Who Didn’t Travel Alone | Children Aged 19 Years And Below,%,3.61440790692342
2014,EUROPE,Germany,Amongst Those Who Didn’t Travel Alone | Parents/  Parents-in-Law,%,3.445721538322079
2014,EUROPE,Germany,Amongst Those Who Didn’t Travel Alone | Siblings,%,2.52359784999864
2014,EUROPE,Germany,Amongst Those Who Didn’t Travel Alone | Partner/ Boyfriend/ Girlfriend,%,16.46338137513674
2014,EUROPE,Germany,Amongst Those Who Didn’t Travel Alone | Business Associates/ Colleagues,%,3.103881776991642
2014,EUROPE,Germany,Amongst Those Who Didn’t Travel Alone | Children Aged Above 19 Years,%,4.550075835000966
2014,EUROPE,Germany,Average Family Size4 (Persons),%,2.062193272887595
2014,EUROPE,Germany,Average Party Size (Persons),%,1.823535158356111
2014,EUROPE,Italy,Alone,%,40.85134076267653
2014,EUROPE,Italy,Amongst Those Who Didn’t Travel Alone | Spouse,%,58.58361831413394
2014,EUROPE,Italy,Amongst Those Who Didn’t Travel Alone | Friends,%,16.67358134958549
2014,EUROPE,Italy,Amongst Those Who Didn’t Travel Alone | Children Aged 19 Years And Below,%,8.569475220981477
2014,EUROPE,Italy,Amongst Those Who Didn’t Travel Alone | Siblings,%,1.419215991990894
2014,EUROPE,Italy,Amongst Those Who Didn’t Travel Alone | Partner/ Boyfriend/ Girlfriend,%,18.31612638904193
2014,EUROPE,Italy,Amongst Those Who Didn’t Travel Alone | Business Associates/ Colleagues,%,3.819799788097221
2014,EUROPE,Italy,Amongst Those Who Didn’t Travel Alone | Children Aged Above 19 Years,%,8.569475220981477
2014,EUROPE,Italy,Average Family Size4 (Persons),%,2.0
2014,EUROPE,Italy,Average Party Size (Persons),%,1.704549084598303
2014,EUROPE,Netherlands,Alone,%,41.92209556242597
2014,EUROPE,Netherlands,Amongst Those Who Didn’t Travel Alone | Spouse,%,66.2096674156655
2014,EUROPE,Netherlands,Amongst Those Who Didn’t Travel Alone | Friends,%,12.93398907872514
2014,EUROPE,Netherlands,Amongst Those Who Didn’t Travel Alone | Children Aged 19 Years And Below,%,4.775577593790032
2014,EUROPE,Netherlands,Amongst Those Who Didn’t Travel Alone | Parents/  Parents-in-Law,%,3.716599921276299
2014,EUROPE,Netherlands,Amongst Those Who Didn’t Travel Alone | Siblings,%,1.141676045134489
2014,EUROPE,Netherlands,Amongst Those Who Didn’t Travel Alone | Partner/ Boyfriend/ Girlfriend,%,12.55756929844541
2014,EUROPE,Netherlands,Amongst Those Who Didn’t Travel Alone | Relatives,%,0.6352725185605762
2014,EUROPE,Netherlands,Amongst Those Who Didn’t Travel Alone | Children Aged Above 19 Years,%,12.66938112844413
2014,EUROPE,Netherlands,Average Family Size4 (Persons),%,2.051060201922924
2014,EUROPE,Netherlands,Average Party Size (Persons),%,1.712625671455582
2014,EUROPE,Switzerland,Alone,%,28.66256391683361
2014,EUROPE,Switzerland,Amongst Those Who Didn’t Travel Alone | Spouse,%,54.2172981087305
2014,EUROPE,Switzerland,Amongst Those Who Didn’t Travel Alone | Friends,%,11.46525834882772
2014,EUROPE,Switzerland,Amongst Those Who Didn’t Travel Alone | Children Aged 19 Years And Below,%,10.18569803899619
2014,EUROPE,Switzerland,Amongst Those Who Didn’t Travel Alone | Parents/  Parents-in-Law,%,4.470576739103145
2014,EUROPE,Switzerland,Amongst Those Who Didn’t Travel Alone | Siblings,%,1.814897983055479
2014,EUROPE,Switzerland,Amongst Those Who Didn’t Travel Alone | Partner/ Boyfriend/ Girlfriend,%,24.40730904930152
2014,EUROPE,Switzerland,Amongst Those Who Didn’t Travel Alone | Business Associates/ Colleagues,%,5.712430894828406
2014,EUROPE,Switzerland,Amongst Those Who Didn’t Travel Alone | Relatives,%,0.9006962253520887
2014,EUROPE,Switzerland,Amongst Those Who Didn’t Travel Alone | Children Aged Above 19 Years,%,10.18569803899619
2014,EUROPE,Switzerland,Average Family Size4 (Persons),%,2.029417841996469
2014,EUROPE,Switzerland,Average Party Size (Persons),%,1.887905603550609
2014,EUROPE,UK,Alone,%,32.68160438191165
2014,EUROPE,UK,Amongst Those Who Didn’t Travel Alone | Spouse,%,64.75702741650993
2014,EUROPE,UK,Amongst Those Who Didn’t Travel Alone | Friends,%,10.49832080153147
2014,EUROPE,UK,Amongst Those Who Didn’t Travel Alone | Children Aged 19 Years And Below,%,5.488358370947505
2014,EUROPE,UK,Amongst Those Who Didn’t Travel Alone | Parents/  Parents-in-Law,%,3.939042787600749
2014,EUROPE,UK,Amongst Those Who Didn’t Travel Alone | Siblings,%,2.741821983781064
2014,EUROPE,UK,Amongst Those Who Didn’t Travel Alone | Partner/ Boyfriend/ Girlfriend,%,12.49433080858342
2014,EUROPE,UK,Amongst Those Who Didn’t Travel Alone | Business Associates/ Colleagues,%,4.756337338120506
2014,EUROPE,UK,Amongst Those Who Didn’t Travel Alone | Relatives,%,1.392062035961415
2014,EUROPE,UK,Amongst Those Who Didn’t Travel Alone | Children Aged Above 19 Years,%,9.295352146172172
2014,EUROPE,UK,Average Family Size4 (Persons),%,2.081865173966083
2014,EUROPE,UK,Average Party Size (Persons),%,2.059640847430237
2014,AMERICAS,Canada,Alone,%,31.01342749833188
2014,AMERICAS,Canada,Amongst Those Who Didn’t Travel Alone | Spouse,%,52.40380058881176
2014,AMERICAS,Canada,Amongst Those Who Didn’t Travel Alone | Friends,%,14.84754549032242
2014,AMERICAS,Canada,Amongst Those Who Didn’t Travel Alone | Children Aged 19 Years And Below,%,7.174787434472534
2014,AMERICAS,Canada,Amongst Those Who Didn’t Travel Alone | Parents/  Parents-in-Law,%,8.220063938604213
2014,AMERICAS,Canada,Amongst Those Who Didn’t Travel Alone | Siblings,%,2.811706819670628
2014,AMERICAS,Canada,Amongst Those Who Didn’t Travel Alone | Partner/ Boyfriend/ Girlfriend,%,12.39002769077213
2014,AMERICAS,Canada,Amongst Those Who Didn’t Travel Alone | Business Associates/ Colleagues,%,5.743600266870665
2014,AMERICAS,Canada,Amongst Those Who Didn’t Travel Alone | Relatives,%,2.075036856933344
2014,AMERICAS,Canada,Amongst Those Who Didn’t Travel Alone | Children Aged Above 19 Years,%,12.33394321357384
2014,AMERICAS,Canada,Average Family Size4 (Persons),%,2.318215887882186
2014,AMERICAS,Canada,Average Party Size (Persons),%,2.442845202964425
2014,AMERICAS,USA,Alone,%,44.94794586825414
2014,AMERICAS,USA,Amongst Those Who Didn’t Travel Alone | Spouse,%,51.95721769544321
2014,AMERICAS,USA,Amongst Those Who Didn’t Travel Alone | Friends,%,15.51971670827652
2014,AMERICAS,USA,Amongst Those Who Didn’t Travel Alone | Children Aged 19 Years And Below,%,7.375964358377487
2014,AMERICAS,USA,Amongst Those Who Didn’t Travel Alone | Parents/  Parents-in-Law,%,7.708592197658152
2014,AMERICAS,USA,Amongst Those Who Didn’t Travel Alone | Siblings,%,6.393717247463414
2014,AMERICAS,USA,Amongst Those Who Didn’t Travel Alone | Partner/ Boyfriend/ Girlfriend,%,9.957201822117522
2014,AMERICAS,USA,Amongst Those Who Didn’t Travel Alone | Business Associates/ Colleagues,%,6.8518674707626
2014,AMERICAS,USA,Amongst Those Who Didn’t Travel Alone | Relatives,%,5.564489663427221
2014,AMERICAS,USA,Amongst Those Who Didn’t Travel Alone | Children Aged Above 19 Years,%,14.45099658647945
2014,AMERICAS,USA,Average Family Size4 (Persons),%,2.437438331085902
2014,AMERICAS,USA,Average Party Size (Persons),%,4.041961500849245
2014,OCEANIA,Australia,Alone,%,24.09680580274357
2014,OCEANIA,Australia,Amongst Those Who Didn’t Travel Alone | Spouse,%,65.40934633391285
2014,OCEANIA,Australia,Amongst Those Who Didn’t Travel Alone | Friends,%,13.18548210851387
2014,OCEANIA,Australia,Amongst Those Who Didn’t Travel Alone | Children Aged 19 Years And Below,%,12.08269209469544
2014,OCEANIA,Australia,Amongst Those Who Didn’t Travel Alone | Parents/  Parents-in-Law,%,7.311936518553802
2014,OCEANIA,Australia,Amongst Those Who Didn’t Travel Alone | Siblings,%,5.719100226846856
2014,OCEANIA,Australia,Amongst Those Who Didn’t Travel Alone | Partner/ Boyfriend/ Girlfriend,%,8.99580210754614
2014,OCEANIA,Australia,Amongst Those Who Didn’t Travel Alone | Business Associates/ Colleagues,%,1.931223903477606
2014,OCEANIA,Australia,Amongst Those Who Didn’t Travel Alone | Relatives,%,2.183454306956968
2014,OCEANIA,Australia,Amongst Those Who Didn’t Travel Alone | Children Aged Above 19 Years,%,16.19225212081022
2014,OCEANIA,Australia,Average Family Size4 (Persons),%,2.193815197064132
2014,OCEANIA,Australia,Average Party Size (Persons),%,2.184324326320489
2014,OCEANIA,New Zealand,Alone,%,33.3929708255347
2014,OCEANIA,New Zealand,Amongst Those Who Didn’t Travel Alone | Spouse,%,75.9330470307687
2014,OCEANIA,New Zealand,Amongst Those Who Didn’t Travel Alone | Friends,%,6.484995804244702
2014,OCEANIA,New Zealand,Amongst Those Who Didn’t Travel Alone | Children Aged 19 Years And Below,%,8.193921129946538
2014,OCEANIA,New Zealand,Amongst Those Who Didn’t Travel Alone | Parents/  Parents-in-Law,%,4.557545692489382
2014,OCEANIA,New Zealand,Amongst Those Who Didn’t Travel Alone | Siblings,%,7.138025594026015
2014,OCEANIA,New Zealand,Amongst Those Who Didn’t Travel Alone | Partner/ Boyfriend/ Girlfriend,%,6.932837790074016
2014,OCEANIA,New Zealand,Amongst Those Who Didn’t Travel Alone | Relatives,%,2.013280136605371
2014,OCEANIA,New Zealand,Amongst Those Who Didn’t Travel Alone | Children Aged Above 19 Years,%,9.524867588092327
2014,OCEANIA,New Zealand,Average Family Size4 (Persons),%,2.335240542486188
2014,OCEANIA,New Zealand,Average Party Size (Persons),%,1.956075403729183
2014,AFRICA,South Africa (Rep of),Alone,%,24.62242674083252
2014,AFRICA,South Africa (Rep of),Amongst Those Who Didn’t Travel Alone | Spouse,%,58.46468874997536
2014,AFRICA,South Africa (Rep of),Amongst Those Who Didn’t Travel Alone | Friends,%,14.95074846065675
2014,AFRICA,South Africa (Rep of),Amongst Those Who Didn’t Travel Alone | Children Aged 19 Years And Below,%,13.97082594183143
2014,AFRICA,South Africa (Rep of),Amongst Those Who Didn’t Travel Alone | Parents/  Parents-in-Law,%,8.542606767584656
2014,AFRICA,South Africa (Rep of),Amongst Those Who Didn’t Travel Alone | Siblings,%,6.637316879368821
2014,AFRICA,South Africa (Rep of),Amongst Those Who Didn’t Travel Alone | Partner/ Boyfriend/ Girlfriend,%,9.244939200601662
2014,AFRICA,South Africa (Rep of),Amongst Those Who Didn’t Travel Alone | Business Associates/ Colleagues,%,6.397020084797393
2014,AFRICA,South Africa (Rep of),Amongst Those Who Didn’t Travel Alone | Relatives,%,2.313088776570805
2014,AFRICA,South Africa (Rep of),Amongst Those Who Didn’t Travel Alone | Children Aged Above 19 Years,%,20.79711192378649
2014,AFRICA,South Africa (Rep of),Average Family Size4 (Persons),%,2.339754143541303
2014,AFRICA,South Africa (Rep of),Average Party Size (Persons),%,2.527798298256124
2014,REMAINING,Others,Alone,%,35.20132877853639
2014,REMAINING,Others,Amongst Those Who Didn’t Travel Alone | Spouse,%,48.52868656853588
2014,REMAINING,Others,Amongst Those Who Didn’t Travel Alone | Friends,%,16.15319454208549
2014,REMAINING,Others,Amongst Those Who Didn’t Travel Alone | Children Aged 19 Years And Below,%,14.06360421195757
2014,REMAINING,Others,Amongst Those Who Didn’t Travel Alone | Parents/  Parents-in-Law,%,11.49239041510017
2014,REMAINING,Others,Amongst Those Who Didn’t Travel Alone | Siblings,%,7.766892207157686
2014,REMAINING,Others,Amongst Those Who Didn’t Travel Alone | Partner/ Boyfriend/ Girlfriend,%,7.388537268327275
2014,REMAINING,Others,Amongst Those Who Didn’t Travel Alone | Business Associates/ Colleagues,%,11.06166704222688
2014,REMAINING,Others,Amongst Those Who Didn’t Travel Alone | Relatives,%,5.769578074162729
2014,REMAINING,Others,Amongst Those Who Didn’t Travel Alone | Children Aged Above 19 Years,%,18.01963501652864
2014,REMAINING,Others,Average Family Size4 (Persons),%,2.406828554341325
2014,REMAINING,Others,Average Party Size (Persons),%,2.491096255769709
2013,SOUTHEAST ASIA,Indonesia,Alone,%,33.54782411949026
2013,SOUTHEAST ASIA,Indonesia,Amongst Those Who Didn’t Travel Alone | Spouse,%,47.49682032403621
2013,SOUTHEAST ASIA,Indonesia,Amongst Those Who Didn’t Travel Alone | Friends,%,14.32477705394188
2013,SOUTHEAST ASIA,Indonesia,Amongst Those Who Didn’t Travel Alone | Children Aged 19 Years And Below,%,12.95361388225749
2013,SOUTHEAST ASIA,Indonesia,Amongst Those Who Didn’t Travel Alone | Parents/  Parents-in-Law,%,18.76815636183593
2013,SOUTHEAST ASIA,Indonesia,Amongst Those Who Didn’t Travel Alone | Siblings,%,12.6812008040808
2013,SOUTHEAST ASIA,Indonesia,Amongst Those Who Didn’t Travel Alone | Partner/ Boyfriend/ Girlfriend,%,1.713848877675769
2013,SOUTHEAST ASIA,Indonesia,Amongst Those Who Didn’t Travel Alone | Business Associates/ Colleagues,%,6.447720441770549
2013,SOUTHEAST ASIA,Indonesia,Amongst Those Who Didn’t Travel Alone | Relatives,%,7.721485773868612
2013,SOUTHEAST ASIA,Indonesia,Amongst Those Who Didn’t Travel Alone | Children Aged Above 19 Years,%,22.31207675778123
2013,SOUTHEAST ASIA,Indonesia,Average Family Size4 (Persons),%,2.579663819010648
2013,SOUTHEAST ASIA,Indonesia,Average Party Size (Persons),%,3.025867361798511
2013,SOUTHEAST ASIA,Malaysia,Alone,%,56.74740549506304
2013,SOUTHEAST ASIA,Malaysia,Amongst Those Who Didn’t Travel Alone | Spouse,%,43.57677299369545
2013,SOUTHEAST ASIA,Malaysia,Amongst Those Who Didn’t Travel Alone | Friends,%,12.70383733720743
2013,SOUTHEAST ASIA,Malaysia,Amongst Those Who Didn’t Travel Alone | Children Aged 19 Years And Below,%,10.34093092624489
2013,SOUTHEAST ASIA,Malaysia,Amongst Those Who Didn’t Travel Alone | Parents/  Parents-in-Law,%,11.46037004096565
2013,SOUTHEAST ASIA,Malaysia,Amongst Those Who Didn’t Travel Alone | Siblings,%,10.13503868625149
2013,SOUTHEAST ASIA,Malaysia,Amongst Those Who Didn’t Travel Alone | Partner/ Boyfriend/ Girlfriend,%,3.463717223417023
2013,SOUTHEAST ASIA,Malaysia,Amongst Those Who Didn’t Travel Alone | Business Associates/ Colleagues,%,15.16892653211847
2013,SOUTHEAST ASIA,Malaysia,Amongst Those Who Didn’t Travel Alone | Relatives,%,7.143723149818866
2013,SOUTHEAST ASIA,Malaysia,Amongst Those Who Didn’t Travel Alone | Children Aged Above 19 Years,%,18.78891896290604
2013,SOUTHEAST ASIA,Malaysia,Average Family Size4 (Persons),%,2.397147220755989
2013,SOUTHEAST ASIA,Malaysia,Average Party Size (Persons),%,1.963841499685583
2013,SOUTHEAST ASIA,Philippines,Alone,%,40.4596964286785
2013,SOUTHEAST ASIA,Philippines,Amongst Those Who Didn’t Travel Alone | Spouse,%,29.87091809862489
2013,SOUTHEAST ASIA,Philippines,Amongst Those Who Didn’t Travel Alone | Friends,%,15.48765032953122
2013,SOUTHEAST ASIA,Philippines,Amongst Those Who Didn’t Travel Alone | Children Aged 19 Years And Below,%,13.41187463013103
2013,SOUTHEAST ASIA,Philippines,Amongst Those Who Didn’t Travel Alone | Parents/  Parents-in-Law,%,15.72070664747288
2013,SOUTHEAST ASIA,Philippines,Amongst Those Who Didn’t Travel Alone | Siblings,%,13.42847681414991
2013,SOUTHEAST ASIA,Philippines,Amongst Those Who Didn’t Travel Alone | Partner/ Boyfriend/ Girlfriend,%,4.159054131003844
2013,SOUTHEAST ASIA,Philippines,Amongst Those Who Didn’t Travel Alone | Business Associates/ Colleagues,%,17.87062076521032
2013,SOUTHEAST ASIA,Philippines,Amongst Those Who Didn’t Travel Alone | Relatives,%,15.00762748724195
2013,SOUTHEAST ASIA,Philippines,Amongst Those Who Didn’t Travel Alone | Children Aged Above 19 Years,%,20.71623564386458
2013,SOUTHEAST ASIA,Philippines,Average Family Size4 (Persons),%,2.890543695180989
2013,SOUTHEAST ASIA,Philippines,Average Party Size (Persons),%,2.874335484072943
2013,SOUTHEAST ASIA,Thailand,Alone,%,54.75767839477648
2013,SOUTHEAST ASIA,Thailand,Amongst Those Who Didn’t Travel Alone | Spouse,%,26.42625454482126
2013,SOUTHEAST ASIA,Thailand,Amongst Those Who Didn’t Travel Alone | Friends,%,15.97471936350495
2013,SOUTHEAST ASIA,Thailand,Amongst Those Who Didn’t Travel Alone | Children Aged 19 Years And Below,%,6.784409063611453
2013,SOUTHEAST ASIA,Thailand,Amongst Those Who Didn’t Travel Alone | Parents/  Parents-in-Law,%,11.3092523641737
2013,SOUTHEAST ASIA,Thailand,Amongst Those Who Didn’t Travel Alone | Siblings,%,9.177213883770236
2013,SOUTHEAST ASIA,Thailand,Amongst Those Who Didn’t Travel Alone | Partner/ Boyfriend/ Girlfriend,%,9.797840602466442
2013,SOUTHEAST ASIA,Thailand,Amongst Those Who Didn’t Travel Alone | Business Associates/ Colleagues,%,30.93803144752988
2013,SOUTHEAST ASIA,Thailand,Amongst Those Who Didn’t Travel Alone | Relatives,%,2.239386907507751
2013,SOUTHEAST ASIA,Thailand,Amongst Those Who Didn’t Travel Alone | Children Aged Above 19 Years,%,12.85983697655166
2013,SOUTHEAST ASIA,Thailand,Average Family Size4 (Persons),%,2.478901505904228
2013,SOUTHEAST ASIA,Thailand,Average Party Size (Persons),%,2.44403939810597
2013,SOUTHEAST ASIA,Vietnam,Alone,%,40.29228826358385
2013,SOUTHEAST ASIA,Vietnam,Amongst Those Who Didn’t Travel Alone | Spouse,%,24.95037993123775
2013,SOUTHEAST ASIA,Vietnam,Amongst Those Who Didn’t Travel Alone | Friends,%,16.14521431743597
2013,SOUTHEAST ASIA,Vietnam,Amongst Those Who Didn’t Travel Alone | Children Aged 19 Years And Below,%,5.596337763248535
2013,SOUTHEAST ASIA,Vietnam,Amongst Those Who Didn’t Travel Alone | Parents/  Parents-in-Law,%,10.10168277899446
2013,SOUTHEAST ASIA,Vietnam,Amongst Those Who Didn’t Travel Alone | Siblings,%,7.942945241958792
2013,SOUTHEAST ASIA,Vietnam,Amongst Those Who Didn’t Travel Alone | Partner/ Boyfriend/ Girlfriend,%,2.459476518100805
2013,SOUTHEAST ASIA,Vietnam,Amongst Those Who Didn’t Travel Alone | Business Associates/ Colleagues,%,18.61074442999358
2013,SOUTHEAST ASIA,Vietnam,Amongst Those Who Didn’t Travel Alone | Relatives,%,4.169524838675661
2013,SOUTHEAST ASIA,Vietnam,Amongst Those Who Didn’t Travel Alone | Children Aged Above 19 Years,%,8.465065906100396
2013,SOUTHEAST ASIA,Vietnam,Average Family Size4 (Persons),%,2.433149465842558
2013,SOUTHEAST ASIA,Vietnam,Average Party Size (Persons),%,6.303852262149982
2013,GREATER CHINA,China,Alone,%,30.20075440221447
2013,GREATER CHINA,China,Amongst Those Who Didn’t Travel Alone | Spouse,%,33.54120910394265
2013,GREATER CHINA,China,Amongst Those Who Didn’t Travel Alone | Friends,%,9.87141936025214
2013,GREATER CHINA,China,Amongst Those Who Didn’t Travel Alone | Children Aged 19 Years And Below,%,7.714871932969996
2013,GREATER CHINA,China,Amongst Those Who Didn’t Travel Alone | Parents/  Parents-in-Law,%,6.950215539404953
2013,GREATER CHINA,China,Amongst Those Who Didn’t Travel Alone | Siblings,%,1.466699741835119
2013,GREATER CHINA,China,Amongst Those Who Didn’t Travel Alone | Partner/ Boyfriend/ Girlfriend,%,0.8415654890174744
2013,GREATER CHINA,China,Amongst Those Who Didn’t Travel Alone | Business Associates/ Colleagues,%,14.16343793310994
2013,GREATER CHINA,China,Amongst Those Who Didn’t Travel Alone | Relatives,%,3.665215820809339
2013,GREATER CHINA,China,Amongst Those Who Didn’t Travel Alone | Children Aged Above 19 Years,%,13.35330212024148
2013,GREATER CHINA,China,Average Family Size4 (Persons),%,2.288977114707474
2013,GREATER CHINA,China,Average Party Size (Persons),%,8.946206452052177
2013,GREATER CHINA,Hong Kong SAR,Alone,%,45.02531310407323
2013,GREATER CHINA,Hong Kong SAR,Amongst Those Who Didn’t Travel Alone | Spouse,%,49.80493302988221
2013,GREATER CHINA,Hong Kong SAR,Amongst Those Who Didn’t Travel Alone | Friends,%,13.40253067534933
2013,GREATER CHINA,Hong Kong SAR,Amongst Those Who Didn’t Travel Alone | Children Aged 19 Years And Below,%,15.56980701725657
2013,GREATER CHINA,Hong Kong SAR,Amongst Those Who Didn’t Travel Alone | Parents/  Parents-in-Law,%,11.55931186004859
2013,GREATER CHINA,Hong Kong SAR,Amongst Those Who Didn’t Travel Alone | Siblings,%,6.745876226166296
2013,GREATER CHINA,Hong Kong SAR,Amongst Those Who Didn’t Travel Alone | Partner/ Boyfriend/ Girlfriend,%,4.003420044083721
2013,GREATER CHINA,Hong Kong SAR,Amongst Those Who Didn’t Travel Alone | Business Associates/ Colleagues,%,14.58203892190451
2013,GREATER CHINA,Hong Kong SAR,Amongst Those Who Didn’t Travel Alone | Relatives,%,5.472533912766535
2013,GREATER CHINA,Hong Kong SAR,Amongst Those Who Didn’t Travel Alone | Children Aged Above 19 Years,%,19.79275618107795
2013,GREATER CHINA,Hong Kong SAR,Average Family Size4 (Persons),%,2.455328269223465
2013,GREATER CHINA,Hong Kong SAR,Average Party Size (Persons),%,2.994067046575284
2013,GREATER CHINA,Taiwan,Alone,%,35.8665726096427
2013,GREATER CHINA,Taiwan,Amongst Those Who Didn’t Travel Alone | Spouse,%,32.17760629202608
2013,GREATER CHINA,Taiwan,Amongst Those Who Didn’t Travel Alone | Friends,%,15.70491544580048
2013,GREATER CHINA,Taiwan,Amongst Those Who Didn’t Travel Alone | Children Aged 19 Years And Below,%,7.119088545791248
2013,GREATER CHINA,Taiwan,Amongst Those Who Didn’t Travel Alone | Parents/  Parents-in-Law,%,6.466809099920604
2013,GREATER CHINA,Taiwan,Amongst Those Who Didn’t Travel Alone | Siblings,%,4.1385125942424414
2013,GREATER CHINA,Taiwan,Amongst Those Who Didn’t Travel Alone | Partner/ Boyfriend/ Girlfriend,%,2.298227246701216
2013,GREATER CHINA,Taiwan,Amongst Those Who Didn’t Travel Alone | Business Associates/ Colleagues,%,16.814483483588
2013,GREATER CHINA,Taiwan,Amongst Those Who Didn’t Travel Alone | Relatives,%,5.577910689882165
2013,GREATER CHINA,Taiwan,Amongst Those Who Didn’t Travel Alone | Children Aged Above 19 Years,%,13.75189164430703
2013,GREATER CHINA,Taiwan,Average Family Size4 (Persons),%,2.495839686898707
2013,GREATER CHINA,Taiwan,Average Party Size (Persons),%,6.748032062361216
2013,NORTH ASIA,Japan,Alone,%,41.37786094457143
2013,NORTH ASIA,Japan,Amongst Those Who Didn’t Travel Alone | Spouse,%,40.6941082600479
2013,NORTH ASIA,Japan,Amongst Those Who Didn’t Travel Alone | Friends,%,23.44142464612293
2013,NORTH ASIA,Japan,Amongst Those Who Didn’t Travel Alone | Children Aged 19 Years And Below,%,8.571504156036108
2013,NORTH ASIA,Japan,Amongst Those Who Didn’t Travel Alone | Parents/  Parents-in-Law,%,6.782101242838163
2013,NORTH ASIA,Japan,Amongst Those Who Didn’t Travel Alone | Siblings,%,3.97863435514544
2013,NORTH ASIA,Japan,Amongst Those Who Didn’t Travel Alone | Partner/ Boyfriend/ Girlfriend,%,2.115577857848812
2013,NORTH ASIA,Japan,Amongst Those Who Didn’t Travel Alone | Business Associates/ Colleagues,%,18.55772539762718
2013,NORTH ASIA,Japan,Amongst Those Who Didn’t Travel Alone | Relatives,%,1.029290823069374
2013,NORTH ASIA,Japan,Amongst Those Who Didn’t Travel Alone | Children Aged Above 19 Years,%,14.69155632863719
2013,NORTH ASIA,Japan,Average Family Size4 (Persons),%,2.206808133397365
2013,NORTH ASIA,Japan,Average Party Size (Persons),%,3.045237479464251
2013,NORTH ASIA,South Korea,Alone,%,38.36602675669759
2013,NORTH ASIA,South Korea,Amongst Those Who Didn’t Travel Alone | Spouse,%,56.70959166035697
2013,NORTH ASIA,South Korea,Amongst Those Who Didn’t Travel Alone | Friends,%,15.068040892856
2013,NORTH ASIA,South Korea,Amongst Those Who Didn’t Travel Alone | Children Aged 19 Years And Below,%,5.157951652907398
2013,NORTH ASIA,South Korea,Amongst Those Who Didn’t Travel Alone | Parents/  Parents-in-Law,%,6.803082025809651
2013,NORTH ASIA,South Korea,Amongst Those Who Didn’t Travel Alone | Siblings,%,4.28594249102979
2013,NORTH ASIA,South Korea,Amongst Those Who Didn’t Travel Alone | Partner/ Boyfriend/ Girlfriend,%,2.038102402568426
2013,NORTH ASIA,South Korea,Amongst Those Who Didn’t Travel Alone | Business Associates/ Colleagues,%,15.99328287875005
2013,NORTH ASIA,South Korea,Amongst Those Who Didn’t Travel Alone | Relatives,%,0.530634995621159
2013,NORTH ASIA,South Korea,Amongst Those Who Didn’t Travel Alone | Children Aged Above 19 Years,%,6.051272259208363
2013,NORTH ASIA,South Korea,Average Family Size4 (Persons),%,2.110781310029961
2013,NORTH ASIA,South Korea,Average Party Size (Persons),%,2.255980283564853
2013,SOUTH ASIA,India,Alone,%,36.99201509351929
2013,SOUTH ASIA,India,Amongst Those Who Didn’t Travel Alone | Spouse,%,61.7549464687836
2013,SOUTH ASIA,India,Amongst Those Who Didn’t Travel Alone | Friends,%,10.86864498846444
2013,SOUTH ASIA,India,Amongst Those Who Didn’t Travel Alone | Children Aged 19 Years And Below,%,17.15313228680328
2013,SOUTH ASIA,India,Amongst Those Who Didn’t Travel Alone | Parents/  Parents-in-Law,%,13.57319288590123
2013,SOUTH ASIA,India,Amongst Those Who Didn’t Travel Alone | Siblings,%,9.448940798256384
2013,SOUTH ASIA,India,Amongst Those Who Didn’t Travel Alone | Business Associates/ Colleagues,%,12.61354865995003
2013,SOUTH ASIA,India,Amongst Those Who Didn’t Travel Alone | Relatives,%,5.063403745566688
2013,SOUTH ASIA,India,Amongst Those Who Didn’t Travel Alone | Children Aged Above 19 Years,%,24.80249102885308
2013,SOUTH ASIA,India,Average Family Size4 (Persons),%,2.472586536587786
2013,SOUTH ASIA,India,Average Party Size (Persons),%,3.621063877354072
2013,EUROPE,France,Alone,%,27.26948228222406
2013,EUROPE,France,Amongst Those Who Didn’t Travel Alone | Spouse,%,66.24395418971983
2013,EUROPE,France,Amongst Those Who Didn’t Travel Alone | Friends,%,14.34310563654971
2013,EUROPE,France,Amongst Those Who Didn’t Travel Alone | Children Aged 19 Years And Below,%,6.032212275795291
2013,EUROPE,France,Amongst Those Who Didn’t Travel Alone | Parents/  Parents-in-Law,%,6.155831531891207
2013,EUROPE,France,Amongst Those Who Didn’t Travel Alone | Siblings,%,5.003105674651024
2013,EUROPE,France,Amongst Those Who Didn’t Travel Alone | Partner/ Boyfriend/ Girlfriend,%,10.10237298354177
2013,EUROPE,France,Amongst Those Who Didn’t Travel Alone | Business Associates/ Colleagues,%,2.154210510262457
2013,EUROPE,France,Amongst Those Who Didn’t Travel Alone | Children Aged Above 19 Years,%,8.08274616389721
2013,EUROPE,France,Average Family Size4 (Persons),%,2.174756678622228
2013,EUROPE,France,Average Party Size (Persons),%,2.340817635169244
2013,EUROPE,Germany,Alone,%,28.67940425586066
2013,EUROPE,Germany,Amongst Those Who Didn’t Travel Alone | Spouse,%,67.24212806062707
2013,EUROPE,Germany,Amongst Those Who Didn’t Travel Alone | Friends,%,12.74568025848027
2013,EUROPE,Germany,Amongst Those Who Didn’t Travel Alone | Children Aged 19 Years And Below,%,7.982015454344479
2013,EUROPE,Germany,Amongst Those Who Didn’t Travel Alone | Parents/  Parents-in-Law,%,3.136626230484438
2013,EUROPE,Germany,Amongst Those Who Didn’t Travel Alone | Siblings,%,3.571443651315983
2013,EUROPE,Germany,Amongst Those Who Didn’t Travel Alone | Partner/ Boyfriend/ Girlfriend,%,13.50404395074107
2013,EUROPE,Germany,Amongst Those Who Didn’t Travel Alone | Business Associates/ Colleagues,%,1.3638720093795
2013,EUROPE,Germany,Amongst Those Who Didn’t Travel Alone | Relatives,%,1.154215801449545
2013,EUROPE,Germany,Amongst Those Who Didn’t Travel Alone | Children Aged Above 19 Years,%,7.982015454344479
2013,EUROPE,Germany,Average Family Size4 (Persons),%,2.114071636748222
2013,EUROPE,Germany,Average Party Size (Persons),%,2.023752516046966
2013,EUROPE,Italy,Alone,%,36.98366483744401
2013,EUROPE,Italy,Amongst Those Who Didn’t Travel Alone | Spouse,%,71.22899418866055
2013,EUROPE,Italy,Amongst Those Who Didn’t Travel Alone | Friends,%,6.246714096429659
2013,EUROPE,Italy,Amongst Those Who Didn’t Travel Alone | Children Aged 19 Years And Below,%,1.112950915531958
2013,EUROPE,Italy,Amongst Those Who Didn’t Travel Alone | Parents/  Parents-in-Law,%,0.7543651879152304
2013,EUROPE,Italy,Amongst Those Who Didn’t Travel Alone | Siblings,%,1.867316103447188
2013,EUROPE,Italy,Amongst Those Who Didn’t Travel Alone | Partner/ Boyfriend/ Girlfriend,%,11.96556329876073
2013,EUROPE,Italy,Amongst Those Who Didn’t Travel Alone | Business Associates/ Colleagues,%,5.793162242177779
2013,EUROPE,Italy,Amongst Those Who Didn’t Travel Alone | Children Aged Above 19 Years,%,2.387047567704774
2013,EUROPE,Italy,Average Family Size4 (Persons),%,2.020640308242664
2013,EUROPE,Italy,Average Party Size (Persons),%,1.684685808488707
2013,EUROPE,Netherlands,Alone,%,31.63096270297438
2013,EUROPE,Netherlands,Amongst Those Who Didn’t Travel Alone | Spouse,%,69.09099152728648
2013,EUROPE,Netherlands,Amongst Those Who Didn’t Travel Alone | Friends,%,3.174607196524441
2013,EUROPE,Netherlands,Amongst Those Who Didn’t Travel Alone | Children Aged 19 Years And Below,%,1.773348064736931
2013,EUROPE,Netherlands,Amongst Those Who Didn’t Travel Alone | Parents/  Parents-in-Law,%,0.8204496468213166
2013,EUROPE,Netherlands,Amongst Those Who Didn’t Travel Alone | Siblings,%,0.8204496468213166
2013,EUROPE,Netherlands,Amongst Those Who Didn’t Travel Alone | Partner/ Boyfriend/ Girlfriend,%,18.16852924961313
2013,EUROPE,Netherlands,Amongst Those Who Didn’t Travel Alone | Business Associates/ Colleagues,%,9.565872026575954
2013,EUROPE,Netherlands,Amongst Those Who Didn’t Travel Alone | Children Aged Above 19 Years,%,2.627352260705055
2013,EUROPE,Netherlands,Average Family Size4 (Persons),%,2.011735556198563
2013,EUROPE,Netherlands,Average Party Size (Persons),%,1.718388077411417
2013,EUROPE,Switzerland,Alone,%,27.30846145062276
2013,EUROPE,Switzerland,Amongst Those Who Didn’t Travel Alone | Spouse,%,70.72928849545143
2013,EUROPE,Switzerland,Amongst Those Who Didn’t Travel Alone | Friends,%,9.476545369192996
2013,EUROPE,Switzerland,Amongst Those Who Didn’t Travel Alone | Children Aged 19 Years And Below,%,3.844413272655357
2013,EUROPE,Switzerland,Amongst Those Who Didn’t Travel Alone | Parents/  Parents-in-Law,%,0.7008923153098043
2013,EUROPE,Switzerland,Amongst Those Who Didn’t Travel Alone | Siblings,%,2.302645442651091
2013,EUROPE,Switzerland,Amongst Those Who Didn’t Travel Alone | Partner/ Boyfriend/ Girlfriend,%,12.67824069640919
2013,EUROPE,Switzerland,Amongst Those Who Didn’t Travel Alone | Business Associates/ Colleagues,%,4.651695867950697
2013,EUROPE,Switzerland,Amongst Those Who Didn’t Travel Alone | Relatives,%,0.5393081869652135
2013,EUROPE,Switzerland,Amongst Those Who Didn’t Travel Alone | Children Aged Above 19 Years,%,4.923029646585783
2013,EUROPE,Switzerland,Average Family Size4 (Persons),%,2.00731435663556
2013,EUROPE,Switzerland,Average Party Size (Persons),%,1.80702598858164
2013,EUROPE,UK,Alone,%,29.19026631750442
2013,EUROPE,UK,Amongst Those Who Didn’t Travel Alone | Spouse,%,72.19589199568365
2013,EUROPE,UK,Amongst Those Who Didn’t Travel Alone | Friends,%,11.1688926300434
2013,EUROPE,UK,Amongst Those Who Didn’t Travel Alone | Children Aged 19 Years And Below,%,3.765538001792136
2013,EUROPE,UK,Amongst Those Who Didn’t Travel Alone | Parents/  Parents-in-Law,%,3.679441770508468
2013,EUROPE,UK,Amongst Those Who Didn’t Travel Alone | Siblings,%,2.594259279182883
2013,EUROPE,UK,Amongst Those Who Didn’t Travel Alone | Partner/ Boyfriend/ Girlfriend,%,10.55393820017735
2013,EUROPE,UK,Amongst Those Who Didn’t Travel Alone | Business Associates/ Colleagues,%,1.031029657289331
2013,EUROPE,UK,Amongst Those Who Didn’t Travel Alone | Children Aged Above 19 Years,%,6.686484873078003
2013,EUROPE,UK,Average Family Size4 (Persons),%,2.048124798028079
2013,EUROPE,UK,Average Party Size (Persons),%,1.82528110417531
2013,AMERICAS,Canada,Alone,%,30.83606966227791
2013,AMERICAS,Canada,Amongst Those Who Didn’t Travel Alone | Spouse,%,63.24378234474246
2013,AMERICAS,Canada,Amongst Those Who Didn’t Travel Alone | Friends,%,14.3093176293075
2013,AMERICAS,Canada,Amongst Those Who Didn’t Travel Alone | Children Aged 19 Years And Below,%,2.338665383071592
2013,AMERICAS,Canada,Amongst Those Who Didn’t Travel Alone | Parents/  Parents-in-Law,%,1.956549415827323
2013,AMERICAS,Canada,Amongst Those Who Didn’t Travel Alone | Siblings,%,5.855136384850524
2013,AMERICAS,Canada,Amongst Those Who Didn’t Travel Alone | Partner/ Boyfriend/ Girlfriend,%,7.637617491223053
2013,AMERICAS,Canada,Amongst Those Who Didn’t Travel Alone | Business Associates/ Colleagues,%,2.982106933314326
2013,AMERICAS,Canada,Amongst Those Who Didn’t Travel Alone | Relatives,%,8.048433000626703
2013,AMERICAS,Canada,Amongst Those Who Didn’t Travel Alone | Children Aged Above 19 Years,%,6.786269596532336
2013,AMERICAS,Canada,Average Family Size4 (Persons),%,2.372594088537355
2013,AMERICAS,Canada,Average Party Size (Persons),%,2.045222445895945
2013,AMERICAS,USA,Alone,%,42.32817220618536
2013,AMERICAS,USA,Amongst Those Who Didn’t Travel Alone | Spouse,%,59.75630660515127
2013,AMERICAS,USA,Amongst Those Who Didn’t Travel Alone | Friends,%,14.37107762449644
2013,AMERICAS,USA,Amongst Those Who Didn’t Travel Alone | Children Aged 19 Years And Below,%,7.377190825741523
2013,AMERICAS,USA,Amongst Those Who Didn’t Travel Alone | Parents/  Parents-in-Law,%,6.09114820795515
2013,AMERICAS,USA,Amongst Those Who Didn’t Travel Alone | Siblings,%,5.870416267306608
2013,AMERICAS,USA,Amongst Those Who Didn’t Travel Alone | Partner/ Boyfriend/ Girlfriend,%,5.946420075959013
2013,AMERICAS,USA,Amongst Those Who Didn’t Travel Alone | Business Associates/ Colleagues,%,7.93968116713885
2013,AMERICAS,USA,Amongst Those Who Didn’t Travel Alone | Relatives,%,3.831534924882756
2013,AMERICAS,USA,Amongst Those Who Didn’t Travel Alone | Children Aged Above 19 Years,%,12.53900479995598
2013,AMERICAS,USA,Average Family Size4 (Persons),%,2.151294297430625
2013,AMERICAS,USA,Average Party Size (Persons),%,2.089197349448777
2013,OCEANIA,Australia,Alone,%,23.61564848009749
2013,OCEANIA,Australia,Amongst Those Who Didn’t Travel Alone | Spouse,%,68.296092099518
2013,OCEANIA,Australia,Amongst Those Who Didn’t Travel Alone | Friends,%,10.448693652515
2013,OCEANIA,Australia,Amongst Those Who Didn’t Travel Alone | Children Aged 19 Years And Below,%,9.630251429840724
2013,OCEANIA,Australia,Amongst Those Who Didn’t Travel Alone | Parents/  Parents-in-Law,%,7.219745347559223
2013,OCEANIA,Australia,Amongst Those Who Didn’t Travel Alone | Siblings,%,5.472553910311813
2013,OCEANIA,Australia,Amongst Those Who Didn’t Travel Alone | Partner/ Boyfriend/ Girlfriend,%,10.35088808327538
2013,OCEANIA,Australia,Amongst Those Who Didn’t Travel Alone | Business Associates/ Colleagues,%,1.521623770696747
2013,OCEANIA,Australia,Amongst Those Who Didn’t Travel Alone | Relatives,%,3.194342434131716
2013,OCEANIA,Australia,Amongst Those Who Didn’t Travel Alone | Children Aged Above 19 Years,%,14.51690237076282
2013,OCEANIA,Australia,Average Family Size4 (Persons),%,2.243266162644418
2013,OCEANIA,Australia,Average Party Size (Persons),%,2.163014337134674
2013,OCEANIA,New Zealand,Alone,%,24.33055242413712
2013,OCEANIA,New Zealand,Amongst Those Who Didn’t Travel Alone | Spouse,%,71.18127988228719
2013,OCEANIA,New Zealand,Amongst Those Who Didn’t Travel Alone | Friends,%,12.47664696591013
2013,OCEANIA,New Zealand,Amongst Those Who Didn’t Travel Alone | Children Aged 19 Years And Below,%,7.64553630560082
2013,OCEANIA,New Zealand,Amongst Those Who Didn’t Travel Alone | Parents/  Parents-in-Law,%,3.12440377773114
2013,OCEANIA,New Zealand,Amongst Those Who Didn’t Travel Alone | Siblings,%,2.901783574457875
2013,OCEANIA,New Zealand,Amongst Those Who Didn’t Travel Alone | Partner/ Boyfriend/ Girlfriend,%,13.86901576834122
2013,OCEANIA,New Zealand,Amongst Those Who Didn’t Travel Alone | Business Associates/ Colleagues,%,0.8926255164430177
2013,OCEANIA,New Zealand,Amongst Those Who Didn’t Travel Alone | Relatives,%,1.701553928249289
2013,OCEANIA,New Zealand,Amongst Those Who Didn’t Travel Alone | Children Aged Above 19 Years,%,12.24501334235527
2013,OCEANIA,New Zealand,Average Family Size4 (Persons),%,2.174776990309158
2013,OCEANIA,New Zealand,Average Party Size (Persons),%,2.379725999531046
2013,AFRICA,South Africa (Rep of),Alone,%,25.88854734381765
2013,AFRICA,South Africa (Rep of),Amongst Those Who Didn’t Travel Alone | Spouse,%,82.63886786118742
2013,AFRICA,South Africa (Rep of),Amongst Those Who Didn’t Travel Alone | Friends,%,1.717391825094777
2013,AFRICA,South Africa (Rep of),Amongst Those Who Didn’t Travel Alone | Children Aged 19 Years And Below,%,3.205665361409994
2013,AFRICA,South Africa (Rep of),Amongst Those Who Didn’t Travel Alone | Parents/  Parents-in-Law,%,5.90948867783896
2013,AFRICA,South Africa (Rep of),Amongst Those Who Didn’t Travel Alone | Siblings,%,5.407393847796723
2013,AFRICA,South Africa (Rep of),Amongst Those Who Didn’t Travel Alone | Partner/ Boyfriend/ Girlfriend,%,1.734739217267452
2013,AFRICA,South Africa (Rep of),Amongst Those Who Didn’t Travel Alone | Business Associates/ Colleagues,%,5.600648220469704
2013,AFRICA,South Africa (Rep of),Amongst Those Who Didn’t Travel Alone | Relatives,%,4.601572228062495
2013,AFRICA,South Africa (Rep of),Amongst Those Who Didn’t Travel Alone | Children Aged Above 19 Years,%,12.64833437290974
2013,AFRICA,South Africa (Rep of),Average Family Size4 (Persons),%,2.193813845974262
2013,AFRICA,South Africa (Rep of),Average Party Size (Persons),%,1.986427953100393
2013,REMAINING,Others,Alone,%,33.5318428450279
2013,REMAINING,Others,Amongst Those Who Didn’t Travel Alone | Spouse,%,58.13777923616508
2013,REMAINING,Others,Amongst Those Who Didn’t Travel Alone | Friends,%,12.1569704023132
2013,REMAINING,Others,Amongst Those Who Didn’t Travel Alone | Children Aged 19 Years And Below,%,10.28810578018987
2013,REMAINING,Others,Amongst Those Who Didn’t Travel Alone | Parents/  Parents-in-Law,%,7.978341442620705
2013,REMAINING,Others,Amongst Those Who Didn’t Travel Alone | Siblings,%,5.453701715612088
2013,REMAINING,Others,Amongst Those Who Didn’t Travel Alone | Partner/ Boyfriend/ Girlfriend,%,7.293054277412208
2013,REMAINING,Others,Amongst Those Who Didn’t Travel Alone | Business Associates/ Colleagues,%,10.04068194688555
2013,REMAINING,Others,Amongst Those Who Didn’t Travel Alone | Relatives,%,3.235487884668502
2013,REMAINING,Others,Amongst Those Who Didn’t Travel Alone | Children Aged Above 19 Years,%,13.07517891583893
2013,REMAINING,Others,Average Family Size4 (Persons),%,2.218283661123134
2013,REMAINING,Others,Average Party Size (Persons),%,2.272985527769426
2012,SOUTHEAST ASIA,Indonesia,Alone,%,34.11874085786619
2012,SOUTHEAST ASIA,Indonesia,Amongst Those Who Didn’t Travel Alone | Spouse,%,42.12079941323727
2012,SOUTHEAST ASIA,Indonesia,Amongst Those Who Didn’t Travel Alone | Friends,%,15.79734486805992
2012,SOUTHEAST ASIA,Indonesia,Amongst Those Who Didn’t Travel Alone | Children Aged 19 Years And Below,%,13.74315712170969
2012,SOUTHEAST ASIA,Indonesia,Amongst Those Who Didn’t Travel Alone | Parents/  Parents-in-Law,%,19.96282865960544
2012,SOUTHEAST ASIA,Indonesia,Amongst Those Who Didn’t Travel Alone | Siblings,%,13.14999211045538
2012,SOUTHEAST ASIA,Indonesia,Amongst Those Who Didn’t Travel Alone | Partner/ Boyfriend/ Girlfriend,%,1.904683175826338
2012,SOUTHEAST ASIA,Indonesia,Amongst Those Who Didn’t Travel Alone | Business Associates/ Colleagues,%,5.354767924642529
2012,SOUTHEAST ASIA,Indonesia,Amongst Those Who Didn’t Travel Alone | Relatives,%,8.21669401070715
2012,SOUTHEAST ASIA,Indonesia,Amongst Those Who Didn’t Travel Alone | Children Aged Above 19 Years,%,23.62125814788704
2012,SOUTHEAST ASIA,Indonesia,Average Family Size4 (Persons),%,2.56198341640849
2012,SOUTHEAST ASIA,Indonesia,Average Party Size (Persons),%,3.402110509327234
2012,SOUTHEAST ASIA,Malaysia,Alone,%,56.76520730585155
2012,SOUTHEAST ASIA,Malaysia,Amongst Those Who Didn’t Travel Alone | Spouse,%,42.92904252976752
2012,SOUTHEAST ASIA,Malaysia,Amongst Those Who Didn’t Travel Alone | Friends,%,13.08455639657952
2012,SOUTHEAST ASIA,Malaysia,Amongst Those Who Didn’t Travel Alone | Children Aged 19 Years And Below,%,12.22500694198351
2012,SOUTHEAST ASIA,Malaysia,Amongst Those Who Didn’t Travel Alone | Parents/  Parents-in-Law,%,13.78655880512543
2012,SOUTHEAST ASIA,Malaysia,Amongst Those Who Didn’t Travel Alone | Siblings,%,10.59777770329747
2012,SOUTHEAST ASIA,Malaysia,Amongst Those Who Didn’t Travel Alone | Partner/ Boyfriend/ Girlfriend,%,2.350088508111644
2012,SOUTHEAST ASIA,Malaysia,Amongst Those Who Didn’t Travel Alone | Business Associates/ Colleagues,%,15.70160769637355
2012,SOUTHEAST ASIA,Malaysia,Amongst Those Who Didn’t Travel Alone | Relatives,%,5.718658985894347
2012,SOUTHEAST ASIA,Malaysia,Amongst Those Who Didn’t Travel Alone | Children Aged Above 19 Years,%,19.83687542133423
2012,SOUTHEAST ASIA,Malaysia,Average Family Size4 (Persons),%,2.444433344797264
2012,SOUTHEAST ASIA,Malaysia,Average Party Size (Persons),%,2.059936770788724
2012,SOUTHEAST ASIA,Philippines,Alone,%,41.38198201500337
2012,SOUTHEAST ASIA,Philippines,Amongst Those Who Didn’t Travel Alone | Spouse,%,33.08686496282319
2012,SOUTHEAST ASIA,Philippines,Amongst Those Who Didn’t Travel Alone | Friends,%,18.65591449976332
2012,SOUTHEAST ASIA,Philippines,Amongst Those Who Didn’t Travel Alone | Children Aged 19 Years And Below,%,14.59290055565761
2012,SOUTHEAST ASIA,Philippines,Amongst Those Who Didn’t Travel Alone | Parents/  Parents-in-Law,%,11.9260631479606
2012,SOUTHEAST ASIA,Philippines,Amongst Those Who Didn’t Travel Alone | Siblings,%,11.55418242261917
2012,SOUTHEAST ASIA,Philippines,Amongst Those Who Didn’t Travel Alone | Partner/ Boyfriend/ Girlfriend,%,3.984359640010376
2012,SOUTHEAST ASIA,Philippines,Amongst Those Who Didn’t Travel Alone | Business Associates/ Colleagues,%,14.59178045061537
2012,SOUTHEAST ASIA,Philippines,Amongst Those Who Didn’t Travel Alone | Relatives,%,13.14284828121493
2012,SOUTHEAST ASIA,Philippines,Amongst Those Who Didn’t Travel Alone | Children Aged Above 19 Years,%,23.91933409884038
2012,SOUTHEAST ASIA,Philippines,Average Family Size4 (Persons),%,2.685341747105832
2012,SOUTHEAST ASIA,Philippines,Average Party Size (Persons),%,3.157762632914317
2012,SOUTHEAST ASIA,Thailand,Alone,%,53.02287825685119
2012,SOUTHEAST ASIA,Thailand,Amongst Those Who Didn’t Travel Alone | Spouse,%,19.46565933757618
2012,SOUTHEAST ASIA,Thailand,Amongst Those Who Didn’t Travel Alone | Friends,%,23.36529366246214
2012,SOUTHEAST ASIA,Thailand,Amongst Those Who Didn’t Travel Alone | Children Aged 19 Years And Below,%,6.489728160974629
2012,SOUTHEAST ASIA,Thailand,Amongst Those Who Didn’t Travel Alone | Parents/  Parents-in-Law,%,10.3312076851629
2012,SOUTHEAST ASIA,Thailand,Amongst Those Who Didn’t Travel Alone | Siblings,%,6.969481260918097
2012,SOUTHEAST ASIA,Thailand,Amongst Those Who Didn’t Travel Alone | Partner/ Boyfriend/ Girlfriend,%,3.844743525689833
2012,SOUTHEAST ASIA,Thailand,Amongst Those Who Didn’t Travel Alone | Business Associates/ Colleagues,%,31.26227682754682
2012,SOUTHEAST ASIA,Thailand,Amongst Those Who Didn’t Travel Alone | Relatives,%,4.250137048814151
2012,SOUTHEAST ASIA,Thailand,Amongst Those Who Didn’t Travel Alone | Children Aged Above 19 Years,%,11.04901427361125
2012,SOUTHEAST ASIA,Thailand,Average Family Size4 (Persons),%,2.583637247332736
2012,SOUTHEAST ASIA,Thailand,Average Party Size (Persons),%,3.298935613179879
2012,SOUTHEAST ASIA,Vietnam,Alone,%,41.94116279354571
2012,SOUTHEAST ASIA,Vietnam,Amongst Those Who Didn’t Travel Alone | Spouse,%,25.31665212240346
2012,SOUTHEAST ASIA,Vietnam,Amongst Those Who Didn’t Travel Alone | Friends,%,10.27234524409774
2012,SOUTHEAST ASIA,Vietnam,Amongst Those Who Didn’t Travel Alone | Children Aged 19 Years And Below,%,8.201575458074318
2012,SOUTHEAST ASIA,Vietnam,Amongst Those Who Didn’t Travel Alone | Parents/  Parents-in-Law,%,11.87965269289226
2012,SOUTHEAST ASIA,Vietnam,Amongst Those Who Didn’t Travel Alone | Siblings,%,9.730440091928935
2012,SOUTHEAST ASIA,Vietnam,Amongst Those Who Didn’t Travel Alone | Partner/ Boyfriend/ Girlfriend,%,3.126994940362022
2012,SOUTHEAST ASIA,Vietnam,Amongst Those Who Didn’t Travel Alone | Business Associates/ Colleagues,%,20.93890819737952
2012,SOUTHEAST ASIA,Vietnam,Amongst Those Who Didn’t Travel Alone | Relatives,%,3.589118395501741
2012,SOUTHEAST ASIA,Vietnam,Amongst Those Who Didn’t Travel Alone | Children Aged Above 19 Years,%,10.84281110425203
2012,SOUTHEAST ASIA,Vietnam,Average Family Size4 (Persons),%,2.326514800731544
2012,SOUTHEAST ASIA,Vietnam,Average Party Size (Persons),%,5.245753966951444
2012,GREATER CHINA,China,Alone,%,26.0499101174793
2012,GREATER CHINA,China,Amongst Those Who Didn’t Travel Alone | Spouse,%,29.26153472118512
2012,GREATER CHINA,China,Amongst Those Who Didn’t Travel Alone | Friends,%,13.09220997684223
2012,GREATER CHINA,China,Amongst Those Who Didn’t Travel Alone | Children Aged 19 Years And Below,%,7.541635606892887
2012,GREATER CHINA,China,Amongst Those Who Didn’t Travel Alone | Parents/  Parents-in-Law,%,6.99335834273915
2012,GREATER CHINA,China,Amongst Those Who Didn’t Travel Alone | Siblings,%,3.578131671308284
2012,GREATER CHINA,China,Amongst Those Who Didn’t Travel Alone | Partner/ Boyfriend/ Girlfriend,%,1.187498730064222
2012,GREATER CHINA,China,Amongst Those Who Didn’t Travel Alone | Business Associates/ Colleagues,%,11.7473466231429
2012,GREATER CHINA,China,Amongst Those Who Didn’t Travel Alone | Relatives,%,3.405294393652268
2012,GREATER CHINA,China,Amongst Those Who Didn’t Travel Alone | Children Aged Above 19 Years,%,12.87364272207028
2012,GREATER CHINA,China,Average Family Size4 (Persons),%,2.400280712553221
2012,GREATER CHINA,China,Average Party Size (Persons),%,9.643631347738523
2012,GREATER CHINA,Hong Kong SAR,Alone,%,47.76898414001426
2012,GREATER CHINA,Hong Kong SAR,Amongst Those Who Didn’t Travel Alone | Spouse,%,45.17176806747702
2012,GREATER CHINA,Hong Kong SAR,Amongst Those Who Didn’t Travel Alone | Friends,%,17.5119019645994
2012,GREATER CHINA,Hong Kong SAR,Amongst Those Who Didn’t Travel Alone | Children Aged 19 Years And Below,%,13.90424760802025
2012,GREATER CHINA,Hong Kong SAR,Amongst Those Who Didn’t Travel Alone | Parents/  Parents-in-Law,%,10.83291942493973
2012,GREATER CHINA,Hong Kong SAR,Amongst Those Who Didn’t Travel Alone | Siblings,%,6.049776140793454
2012,GREATER CHINA,Hong Kong SAR,Amongst Those Who Didn’t Travel Alone | Partner/ Boyfriend/ Girlfriend,%,6.757524568565991
2012,GREATER CHINA,Hong Kong SAR,Amongst Those Who Didn’t Travel Alone | Business Associates/ Colleagues,%,15.08142143550359
2012,GREATER CHINA,Hong Kong SAR,Amongst Those Who Didn’t Travel Alone | Relatives,%,3.690022386134353
2012,GREATER CHINA,Hong Kong SAR,Amongst Those Who Didn’t Travel Alone | Children Aged Above 19 Years,%,17.10587694210806
2012,GREATER CHINA,Hong Kong SAR,Average Family Size4 (Persons),%,2.39753034751329
2012,GREATER CHINA,Hong Kong SAR,Average Party Size (Persons),%,2.422518835078464
2012,GREATER CHINA,Taiwan,Alone,%,38.39102213509585
2012,GREATER CHINA,Taiwan,Amongst Those Who Didn’t Travel Alone | Spouse,%,26.90136769486636
2012,GREATER CHINA,Taiwan,Amongst Those Who Didn’t Travel Alone | Friends,%,24.07993376818591
2012,GREATER CHINA,Taiwan,Amongst Those Who Didn’t Travel Alone | Children Aged 19 Years And Below,%,6.081404218950888
2012,GREATER CHINA,Taiwan,Amongst Those Who Didn’t Travel Alone | Parents/  Parents-in-Law,%,10.9317044063945
2012,GREATER CHINA,Taiwan,Amongst Those Who Didn’t Travel Alone | Siblings,%,6.090561679526074
2012,GREATER CHINA,Taiwan,Amongst Those Who Didn’t Travel Alone | Partner/ Boyfriend/ Girlfriend,%,3.057641207181765
2012,GREATER CHINA,Taiwan,Amongst Those Who Didn’t Travel Alone | Business Associates/ Colleagues,%,23.18534865355473
2012,GREATER CHINA,Taiwan,Amongst Those Who Didn’t Travel Alone | Relatives,%,3.001394116154052
2012,GREATER CHINA,Taiwan,Amongst Those Who Didn’t Travel Alone | Children Aged Above 19 Years,%,8.866378477838762
2012,GREATER CHINA,Taiwan,Average Family Size4 (Persons),%,2.303046065953886
2012,GREATER CHINA,Taiwan,Average Party Size (Persons),%,4.445289208584334
2012,NORTH ASIA,Japan,Alone,%,47.69236026137309
2012,NORTH ASIA,Japan,Amongst Those Who Didn’t Travel Alone | Spouse,%,29.99492848706059
2012,NORTH ASIA,Japan,Amongst Those Who Didn’t Travel Alone | Friends,%,26.64886141536505
2012,NORTH ASIA,Japan,Amongst Those Who Didn’t Travel Alone | Children Aged 19 Years And Below,%,5.294110900083111
2012,NORTH ASIA,Japan,Amongst Those Who Didn’t Travel Alone | Parents/  Parents-in-Law,%,8.792070136174267
2012,NORTH ASIA,Japan,Amongst Those Who Didn’t Travel Alone | Siblings,%,3.61699602299851
2012,NORTH ASIA,Japan,Amongst Those Who Didn’t Travel Alone | Partner/ Boyfriend/ Girlfriend,%,1.736699571132541
2012,NORTH ASIA,Japan,Amongst Those Who Didn’t Travel Alone | Business Associates/ Colleagues,%,19.73498896802496
2012,NORTH ASIA,Japan,Amongst Those Who Didn’t Travel Alone | Relatives,%,0.7147583050174446
2012,NORTH ASIA,Japan,Amongst Those Who Didn’t Travel Alone | Children Aged Above 19 Years,%,9.115119004935702
2012,NORTH ASIA,Japan,Average Family Size4 (Persons),%,2.293247245244131
2012,NORTH ASIA,Japan,Average Party Size (Persons),%,9.505758705168866
2012,NORTH ASIA,South Korea,Alone,%,33.82358114578924
2012,NORTH ASIA,South Korea,Amongst Those Who Didn’t Travel Alone | Spouse,%,47.09737548400371
2012,NORTH ASIA,South Korea,Amongst Those Who Didn’t Travel Alone | Friends,%,13.7623295806747
2012,NORTH ASIA,South Korea,Amongst Those Who Didn’t Travel Alone | Children Aged 19 Years And Below,%,6.552169224022745
2012,NORTH ASIA,South Korea,Amongst Those Who Didn’t Travel Alone | Parents/  Parents-in-Law,%,7.720191971947597
2012,NORTH ASIA,South Korea,Amongst Those Who Didn’t Travel Alone | Siblings,%,4.569126692727507
2012,NORTH ASIA,South Korea,Amongst Those Who Didn’t Travel Alone | Partner/ Boyfriend/ Girlfriend,%,3.787439601741152
2012,NORTH ASIA,South Korea,Amongst Those Who Didn’t Travel Alone | Business Associates/ Colleagues,%,14.22567217570264
2012,NORTH ASIA,South Korea,Amongst Those Who Didn’t Travel Alone | Relatives,%,1.994836454434772
2012,NORTH ASIA,South Korea,Amongst Those Who Didn’t Travel Alone | Children Aged Above 19 Years,%,9.436440278697027
2012,NORTH ASIA,South Korea,Average Family Size4 (Persons),%,2.131850809276961
2012,NORTH ASIA,South Korea,Average Party Size (Persons),%,9.773619214208429
2012,SOUTH ASIA,India,Alone,%,33.55667635147243
2012,SOUTH ASIA,India,Amongst Those Who Didn’t Travel Alone | Spouse,%,61.84603038717897
2012,SOUTH ASIA,India,Amongst Those Who Didn’t Travel Alone | Friends,%,8.73683975276671
2012,SOUTH ASIA,India,Amongst Those Who Didn’t Travel Alone | Children Aged 19 Years And Below,%,19.17282038314711
2012,SOUTH ASIA,India,Amongst Those Who Didn’t Travel Alone | Parents/  Parents-in-Law,%,13.34145041996819
2012,SOUTH ASIA,India,Amongst Those Who Didn’t Travel Alone | Siblings,%,10.43186435483219
2012,SOUTH ASIA,India,Amongst Those Who Didn’t Travel Alone | Partner/ Boyfriend/ Girlfriend,%,0.672158035795667
2012,SOUTH ASIA,India,Amongst Those Who Didn’t Travel Alone | Business Associates/ Colleagues,%,8.983914868442465
2012,SOUTH ASIA,India,Amongst Those Who Didn’t Travel Alone | Relatives,%,6.464470240874537
2012,SOUTH ASIA,India,Amongst Those Who Didn’t Travel Alone | Children Aged Above 19 Years,%,27.06965418913918
2012,SOUTH ASIA,India,Average Family Size4 (Persons),%,2.554365577138284
2012,SOUTH ASIA,India,Average Party Size (Persons),%,7.420946002366255
2012,EUROPE,France,Alone,%,28.91533109016735
2012,EUROPE,France,Amongst Those Who Didn’t Travel Alone | Spouse,%,60.88695954395806
2012,EUROPE,France,Amongst Those Who Didn’t Travel Alone | Friends,%,9.966688683817855
2012,EUROPE,France,Amongst Those Who Didn’t Travel Alone | Children Aged 19 Years And Below,%,7.442764022374196
2012,EUROPE,France,Amongst Those Who Didn’t Travel Alone | Parents/  Parents-in-Law,%,2.7389224703632
2012,EUROPE,France,Amongst Those Who Didn’t Travel Alone | Partner/ Boyfriend/ Girlfriend,%,20.39694834333585
2012,EUROPE,France,Amongst Those Who Didn’t Travel Alone | Business Associates/ Colleagues,%,2.935114026539001
2012,EUROPE,France,Amongst Those Who Didn’t Travel Alone | Children Aged Above 19 Years,%,10.61927261803627
2012,EUROPE,France,Average Family Size4 (Persons),%,2.022133514058619
2012,EUROPE,France,Average Party Size (Persons),%,1.956692775340839
2012,EUROPE,Germany,Alone,%,28.97594599485883
2012,EUROPE,Germany,Amongst Those Who Didn’t Travel Alone | Spouse,%,57.47997084869654
2012,EUROPE,Germany,Amongst Those Who Didn’t Travel Alone | Friends,%,19.19218987843815
2012,EUROPE,Germany,Amongst Those Who Didn’t Travel Alone | Children Aged 19 Years And Below,%,7.264025848799561
2012,EUROPE,Germany,Amongst Those Who Didn’t Travel Alone | Parents/  Parents-in-Law,%,1.520617554002787
2012,EUROPE,Germany,Amongst Those Who Didn’t Travel Alone | Partner/ Boyfriend/ Girlfriend,%,16.3760075910668
2012,EUROPE,Germany,Amongst Those Who Didn’t Travel Alone | Business Associates/ Colleagues,%,4.450631997956695
2012,EUROPE,Germany,Amongst Those Who Didn’t Travel Alone | Relatives,%,0.6847422268789928
2012,EUROPE,Germany,Amongst Those Who Didn’t Travel Alone | Children Aged Above 19 Years,%,10.43982916882219
2012,EUROPE,Germany,Average Family Size4 (Persons),%,2.015431100833165
2012,EUROPE,Germany,Average Party Size (Persons),%,1.907997501832379
2012,EUROPE,Italy,Alone,%,35.8261942198958
2012,EUROPE,Italy,Amongst Those Who Didn’t Travel Alone | Spouse,%,51.13294758706931
2012,EUROPE,Italy,Amongst Those Who Didn’t Travel Alone | Friends,%,10.81122514941293
2012,EUROPE,Italy,Amongst Those Who Didn’t Travel Alone | Children Aged 19 Years And Below,%,4.892391906895754
2012,EUROPE,Italy,Amongst Those Who Didn’t Travel Alone | Parents/  Parents-in-Law,%,4.390426637962809
2012,EUROPE,Italy,Amongst Those Who Didn’t Travel Alone | Siblings,%,4.369038719088779
2012,EUROPE,Italy,Amongst Those Who Didn’t Travel Alone | Partner/ Boyfriend/ Girlfriend,%,17.91999205022599
2012,EUROPE,Italy,Amongst Those Who Didn’t Travel Alone | Business Associates/ Colleagues,%,11.26357673082322
2012,EUROPE,Italy,Amongst Those Who Didn’t Travel Alone | Relatives,%,1.821955777669599
2012,EUROPE,Italy,Amongst Those Who Didn’t Travel Alone | Children Aged Above 19 Years,%,4.892391906895754
2012,EUROPE,Italy,Average Family Size4 (Persons),%,2.153886565519471
2012,EUROPE,Italy,Average Party Size (Persons),%,2.0655405199149
2012,EUROPE,Netherlands,Alone,%,38.02681969351154
2012,EUROPE,Netherlands,Amongst Those Who Didn’t Travel Alone | Spouse,%,53.85290458094816
2012,EUROPE,Netherlands,Amongst Those Who Didn’t Travel Alone | Friends,%,20.24560433962485
2012,EUROPE,Netherlands,Amongst Those Who Didn’t Travel Alone | Children Aged 19 Years And Below,%,3.776066540092927
2012,EUROPE,Netherlands,Amongst Those Who Didn’t Travel Alone | Parents/  Parents-in-Law,%,0.9750484301465504
2012,EUROPE,Netherlands,Amongst Those Who Didn’t Travel Alone | Siblings,%,1.327014735433223
2012,EUROPE,Netherlands,Amongst Those Who Didn’t Travel Alone | Partner/ Boyfriend/ Girlfriend,%,21.91962554439913
2012,EUROPE,Netherlands,Amongst Those Who Didn’t Travel Alone | Business Associates/ Colleagues,%,3.215827972805939
2012,EUROPE,Netherlands,Amongst Those Who Didn’t Travel Alone | Children Aged Above 19 Years,%,3.776066540092927
2012,EUROPE,Netherlands,Average Family Size4 (Persons),%,2.041381703249938
2012,EUROPE,Netherlands,Average Party Size (Persons),%,1.80969709527925
2012,EUROPE,Switzerland,Alone,%,32.63450325787854
2012,EUROPE,Switzerland,Amongst Those Who Didn’t Travel Alone | Spouse,%,61.68087317786681
2012,EUROPE,Switzerland,Amongst Those Who Didn’t Travel Alone | Friends,%,13.34315625380161
2012,EUROPE,Switzerland,Amongst Those Who Didn’t Travel Alone | Children Aged 19 Years And Below,%,4.502058837485248
2012,EUROPE,Switzerland,Amongst Those Who Didn’t Travel Alone | Parents/  Parents-in-Law,%,2.256112451231944
2012,EUROPE,Switzerland,Amongst Those Who Didn’t Travel Alone | Siblings,%,1.897432434914134
2012,EUROPE,Switzerland,Amongst Those Who Didn’t Travel Alone | Partner/ Boyfriend/ Girlfriend,%,7.8145097877816
2012,EUROPE,Switzerland,Amongst Those Who Didn’t Travel Alone | Business Associates/ Colleagues,%,6.364944737808732
2012,EUROPE,Switzerland,Amongst Those Who Didn’t Travel Alone | Relatives,%,3.327405144202821
2012,EUROPE,Switzerland,Amongst Those Who Didn’t Travel Alone | Children Aged Above 19 Years,%,4.502058837485248
2012,EUROPE,Switzerland,Average Family Size4 (Persons),%,2.041843208955039
2012,EUROPE,Switzerland,Average Party Size (Persons),%,1.779579756099204
2012,EUROPE,UK,Alone,%,30.26045467021654
2012,EUROPE,UK,Amongst Those Who Didn’t Travel Alone | Spouse,%,65.0509195107382
2012,EUROPE,UK,Amongst Those Who Didn’t Travel Alone | Friends,%,12.73013112294134
2012,EUROPE,UK,Amongst Those Who Didn’t Travel Alone | Children Aged 19 Years And Below,%,5.400562486966107
2012,EUROPE,UK,Amongst Those Who Didn’t Travel Alone | Parents/  Parents-in-Law,%,2.993184173723722
2012,EUROPE,UK,Amongst Those Who Didn’t Travel Alone | Siblings,%,3.088393929318893
2012,EUROPE,UK,Amongst Those Who Didn’t Travel Alone | Partner/ Boyfriend/ Girlfriend,%,12.50674123245917
2012,EUROPE,UK,Amongst Those Who Didn’t Travel Alone | Business Associates/ Colleagues,%,2.826553885407413
2012,EUROPE,UK,Amongst Those Who Didn’t Travel Alone | Relatives,%,1.538125835016075
2012,EUROPE,UK,Amongst Those Who Didn’t Travel Alone | Children Aged Above 19 Years,%,7.595501020393615
2012,EUROPE,UK,Average Family Size4 (Persons),%,2.112635236672305
2012,EUROPE,UK,Average Party Size (Persons),%,2.102276572824378
2012,AMERICAS,Canada,Alone,%,35.48188242094439
2012,AMERICAS,Canada,Amongst Those Who Didn’t Travel Alone | Spouse,%,53.79036114885606
2012,AMERICAS,Canada,Amongst Those Who Didn’t Travel Alone | Friends,%,17.21662528296123
2012,AMERICAS,Canada,Amongst Those Who Didn’t Travel Alone | Children Aged 19 Years And Below,%,8.79805523537137
2012,AMERICAS,Canada,Amongst Those Who Didn’t Travel Alone | Parents/  Parents-in-Law,%,6.041971554862258
2012,AMERICAS,Canada,Amongst Those Who Didn’t Travel Alone | Siblings,%,8.050063987117845
2012,AMERICAS,Canada,Amongst Those Who Didn’t Travel Alone | Partner/ Boyfriend/ Girlfriend,%,12.17049419240428
2012,AMERICAS,Canada,Amongst Those Who Didn’t Travel Alone | Business Associates/ Colleagues,%,2.015659860577653
2012,AMERICAS,Canada,Amongst Those Who Didn’t Travel Alone | Relatives,%,3.009948740239742
2012,AMERICAS,Canada,Amongst Those Who Didn’t Travel Alone | Children Aged Above 19 Years,%,20.85639408132152
2012,AMERICAS,Canada,Average Family Size4 (Persons),%,2.311949231199682
2012,AMERICAS,Canada,Average Party Size (Persons),%,1.997058309007222
2012,AMERICAS,USA,Alone,%,47.74919369401112
2012,AMERICAS,USA,Amongst Those Who Didn’t Travel Alone | Spouse,%,51.99358620223793
2012,AMERICAS,USA,Amongst Those Who Didn’t Travel Alone | Friends,%,17.08990265365158
2012,AMERICAS,USA,Amongst Those Who Didn’t Travel Alone | Children Aged 19 Years And Below,%,5.953971298492072
2012,AMERICAS,USA,Amongst Those Who Didn’t Travel Alone | Parents/  Parents-in-Law,%,10.35576424364594
2012,AMERICAS,USA,Amongst Those Who Didn’t Travel Alone | Siblings,%,5.019117436036502
2012,AMERICAS,USA,Amongst Those Who Didn’t Travel Alone | Partner/ Boyfriend/ Girlfriend,%,4.585037571209794
2012,AMERICAS,USA,Amongst Those Who Didn’t Travel Alone | Business Associates/ Colleagues,%,12.42679540973998
2012,AMERICAS,USA,Amongst Those Who Didn’t Travel Alone | Relatives,%,4.252996680947772
2012,AMERICAS,USA,Amongst Those Who Didn’t Travel Alone | Children Aged Above 19 Years,%,10.91617924640365
2012,AMERICAS,USA,Average Family Size4 (Persons),%,2.403753465933105
2012,AMERICAS,USA,Average Party Size (Persons),%,2.030531946194829
2012,OCEANIA,Australia,Alone,%,29.80568762386734
2012,OCEANIA,Australia,Amongst Those Who Didn’t Travel Alone | Spouse,%,69.22477720864006
2012,OCEANIA,Australia,Amongst Those Who Didn’t Travel Alone | Friends,%,12.14030390302685
2012,OCEANIA,Australia,Amongst Those Who Didn’t Travel Alone | Children Aged 19 Years And Below,%,8.74338156569402
2012,OCEANIA,Australia,Amongst Those Who Didn’t Travel Alone | Parents/  Parents-in-Law,%,8.212651129728034
2012,OCEANIA,Australia,Amongst Those Who Didn’t Travel Alone | Siblings,%,4.537771669414213
2012,OCEANIA,Australia,Amongst Those Who Didn’t Travel Alone | Partner/ Boyfriend/ Girlfriend,%,8.14201837686625
2012,OCEANIA,Australia,Amongst Those Who Didn’t Travel Alone | Business Associates/ Colleagues,%,1.554798318012215
2012,OCEANIA,Australia,Amongst Those Who Didn’t Travel Alone | Relatives,%,2.706506712288614
2012,OCEANIA,Australia,Amongst Those Who Didn’t Travel Alone | Children Aged Above 19 Years,%,14.00099447282643
2012,OCEANIA,Australia,Average Family Size4 (Persons),%,2.211325768119908
2012,OCEANIA,Australia,Average Party Size (Persons),%,2.110944343916692
2012,OCEANIA,New Zealand,Alone,%,30.98819025688097
2012,OCEANIA,New Zealand,Amongst Those Who Didn’t Travel Alone | Spouse,%,76.20574761848535
2012,OCEANIA,New Zealand,Amongst Those Who Didn’t Travel Alone | Friends,%,4.381879126935768
2012,OCEANIA,New Zealand,Amongst Those Who Didn’t Travel Alone | Children Aged 19 Years And Below,%,8.94662019911717
2012,OCEANIA,New Zealand,Amongst Those Who Didn’t Travel Alone | Parents/  Parents-in-Law,%,6.374968559119831
2012,OCEANIA,New Zealand,Amongst Those Who Didn’t Travel Alone | Siblings,%,2.268319873338348
2012,OCEANIA,New Zealand,Amongst Those Who Didn’t Travel Alone | Partner/ Boyfriend/ Girlfriend,%,8.660850281174328
2012,OCEANIA,New Zealand,Amongst Those Who Didn’t Travel Alone | Business Associates/ Colleagues,%,1.096934168352169
2012,OCEANIA,New Zealand,Amongst Those Who Didn’t Travel Alone | Relatives,%,0.5338665582841005
2012,OCEANIA,New Zealand,Amongst Those Who Didn’t Travel Alone | Children Aged Above 19 Years,%,11.9710466967233
2012,OCEANIA,New Zealand,Average Family Size4 (Persons),%,2.080750423271333
2012,OCEANIA,New Zealand,Average Party Size (Persons),%,1.865826987238288
2012,AFRICA,South Africa (Rep of),Alone,%,44.41720835118975
2012,AFRICA,South Africa (Rep of),Amongst Those Who Didn’t Travel Alone | Spouse,%,63.80663231011451
2012,AFRICA,South Africa (Rep of),Amongst Those Who Didn’t Travel Alone | Friends,%,4.293710278284977
2012,AFRICA,South Africa (Rep of),Amongst Those Who Didn’t Travel Alone | Children Aged 19 Years And Below,%,4.523564521125661
2012,AFRICA,South Africa (Rep of),Amongst Those Who Didn’t Travel Alone | Parents/  Parents-in-Law,%,11.24668528303769
2012,AFRICA,South Africa (Rep of),Amongst Those Who Didn’t Travel Alone | Partner/ Boyfriend/ Girlfriend,%,10.10389163807832
2012,AFRICA,South Africa (Rep of),Amongst Those Who Didn’t Travel Alone | Business Associates/ Colleagues,%,13.14875095460703
2012,AFRICA,South Africa (Rep of),Amongst Those Who Didn’t Travel Alone | Children Aged Above 19 Years,%,8.705075297752726
2012,AFRICA,South Africa (Rep of),Average Family Size4 (Persons),%,2.191106401069112
2012,AFRICA,South Africa (Rep of),Average Party Size (Persons),%,1.925391010899625
2012,REMAINING,Others,Alone,%,36.3946738556654
2012,REMAINING,Others,Amongst Those Who Didn’t Travel Alone | Spouse,%,51.65295920904251
2012,REMAINING,Others,Amongst Those Who Didn’t Travel Alone | Friends,%,14.84254471215928
2012,REMAINING,Others,Amongst Those Who Didn’t Travel Alone | Children Aged 19 Years And Below,%,9.557282975485794
2012,REMAINING,Others,Amongst Those Who Didn’t Travel Alone | Parents/  Parents-in-Law,%,9.680922461884874
2012,REMAINING,Others,Amongst Those Who Didn’t Travel Alone | Siblings,%,6.07652823997211
2012,REMAINING,Others,Amongst Those Who Didn’t Travel Alone | Partner/ Boyfriend/ Girlfriend,%,8.524145768275357
2012,REMAINING,Others,Amongst Those Who Didn’t Travel Alone | Business Associates/ Colleagues,%,8.698226916055027
2012,REMAINING,Others,Amongst Those Who Didn’t Travel Alone | Relatives,%,3.559928277858794
2012,REMAINING,Others,Amongst Those Who Didn’t Travel Alone | Children Aged Above 19 Years,%,11.98157083272065
2012,REMAINING,Others,Average Family Size4 (Persons),%,2.337258568849372
2012,REMAINING,Others,Average Party Size (Persons),%,2.594132829678325
2011,SOUTHEAST ASIA,Indonesia,Alone,%,38.91751585728481
2011,SOUTHEAST ASIA,Indonesia,Amongst Those Who Didn’t Travel Alone | Spouse,%,43.01340600430854
2011,SOUTHEAST ASIA,Indonesia,Amongst Those Who Didn’t Travel Alone | Friends,%,15.51823318272207
2011,SOUTHEAST ASIA,Indonesia,Amongst Those Who Didn’t Travel Alone | Children Aged 19 Years And Below,%,16.4849456557691
2011,SOUTHEAST ASIA,Indonesia,Amongst Those Who Didn’t Travel Alone | Parents/  Parents-in-Law,%,20.0769882095245
2011,SOUTHEAST ASIA,Indonesia,Amongst Those Who Didn’t Travel Alone | Siblings,%,10.81936066065417
2011,SOUTHEAST ASIA,Indonesia,Amongst Those Who Didn’t Travel Alone | Partner/ Boyfriend/ Girlfriend,%,1.520951401676915
2011,SOUTHEAST ASIA,Indonesia,Amongst Those Who Didn’t Travel Alone | Business Associates/ Colleagues,%,5.748522813006624
2011,SOUTHEAST ASIA,Indonesia,Amongst Those Who Didn’t Travel Alone | Relatives,%,10.0135241365404
2011,SOUTHEAST ASIA,Indonesia,Amongst Those Who Didn’t Travel Alone | Children Aged Above 19 Years,%,24.51383385330273
2011,SOUTHEAST ASIA,Indonesia,Average Family Size4 (Persons),%,2.631397602363177
2011,SOUTHEAST ASIA,Indonesia,Average Party Size (Persons),%,3.257642198050425
2011,SOUTHEAST ASIA,Malaysia,Alone,%,58.86069090935327
2011,SOUTHEAST ASIA,Malaysia,Amongst Those Who Didn’t Travel Alone | Spouse,%,40.38131192348489
2011,SOUTHEAST ASIA,Malaysia,Amongst Those Who Didn’t Travel Alone | Friends,%,11.56499484560849
2011,SOUTHEAST ASIA,Malaysia,Amongst Those Who Didn’t Travel Alone | Children Aged 19 Years And Below,%,12.93261985651841
2011,SOUTHEAST ASIA,Malaysia,Amongst Those Who Didn’t Travel Alone | Parents/  Parents-in-Law,%,16.19889756284018
2011,SOUTHEAST ASIA,Malaysia,Amongst Those Who Didn’t Travel Alone | Siblings,%,12.12518721370642
2011,SOUTHEAST ASIA,Malaysia,Amongst Those Who Didn’t Travel Alone | Partner/ Boyfriend/ Girlfriend,%,3.911104559664365
2011,SOUTHEAST ASIA,Malaysia,Amongst Those Who Didn’t Travel Alone | Business Associates/ Colleagues,%,15.01911592718695
2011,SOUTHEAST ASIA,Malaysia,Amongst Those Who Didn’t Travel Alone | Relatives,%,7.342139486891565
2011,SOUTHEAST ASIA,Malaysia,Amongst Those Who Didn’t Travel Alone | Children Aged Above 19 Years,%,21.265063031589
2011,SOUTHEAST ASIA,Malaysia,Average Family Size4 (Persons),%,2.553247812840947
2011,SOUTHEAST ASIA,Malaysia,Average Party Size (Persons),%,1.911688308045009
2011,SOUTHEAST ASIA,Philippines,Alone,%,41.01584066169492
2011,SOUTHEAST ASIA,Philippines,Amongst Those Who Didn’t Travel Alone | Spouse,%,31.76581028241197
2011,SOUTHEAST ASIA,Philippines,Amongst Those Who Didn’t Travel Alone | Friends,%,17.33251377126953
2011,SOUTHEAST ASIA,Philippines,Amongst Those Who Didn’t Travel Alone | Children Aged 19 Years And Below,%,13.7158383811573
2011,SOUTHEAST ASIA,Philippines,Amongst Those Who Didn’t Travel Alone | Parents/  Parents-in-Law,%,16.4729511908799
2011,SOUTHEAST ASIA,Philippines,Amongst Those Who Didn’t Travel Alone | Siblings,%,14.39088404545078
2011,SOUTHEAST ASIA,Philippines,Amongst Those Who Didn’t Travel Alone | Partner/ Boyfriend/ Girlfriend,%,5.09086531950998
2011,SOUTHEAST ASIA,Philippines,Amongst Those Who Didn’t Travel Alone | Business Associates/ Colleagues,%,12.78293772953518
2011,SOUTHEAST ASIA,Philippines,Amongst Those Who Didn’t Travel Alone | Relatives,%,11.73821367084043
2011,SOUTHEAST ASIA,Philippines,Amongst Those Who Didn’t Travel Alone | Children Aged Above 19 Years,%,23.70285829428602
2011,SOUTHEAST ASIA,Philippines,Average Family Size4 (Persons),%,2.777909179725516
2011,SOUTHEAST ASIA,Philippines,Average Party Size (Persons),%,2.776604708446319
2011,SOUTHEAST ASIA,Thailand,Alone,%,61.78478372706724
2011,SOUTHEAST ASIA,Thailand,Amongst Those Who Didn’t Travel Alone | Spouse,%,26.40008687169571
2011,SOUTHEAST ASIA,Thailand,Amongst Those Who Didn’t Travel Alone | Friends,%,21.22914499447596
2011,SOUTHEAST ASIA,Thailand,Amongst Those Who Didn’t Travel Alone | Children Aged 19 Years And Below,%,11.76324169449817
2011,SOUTHEAST ASIA,Thailand,Amongst Those Who Didn’t Travel Alone | Parents/  Parents-in-Law,%,12.6521088992276
2011,SOUTHEAST ASIA,Thailand,Amongst Those Who Didn’t Travel Alone | Siblings,%,10.44680115899641
2011,SOUTHEAST ASIA,Thailand,Amongst Those Who Didn’t Travel Alone | Partner/ Boyfriend/ Girlfriend,%,5.616286612990932
2011,SOUTHEAST ASIA,Thailand,Amongst Those Who Didn’t Travel Alone | Business Associates/ Colleagues,%,20.74457167580161
2011,SOUTHEAST ASIA,Thailand,Amongst Those Who Didn’t Travel Alone | Relatives,%,4.449384247221229
2011,SOUTHEAST ASIA,Thailand,Amongst Those Who Didn’t Travel Alone | Children Aged Above 19 Years,%,12.92837062053689
2011,SOUTHEAST ASIA,Thailand,Average Family Size4 (Persons),%,2.519034522756152
2011,SOUTHEAST ASIA,Thailand,Average Party Size (Persons),%,3.219028074034506
2011,SOUTHEAST ASIA,Vietnam,Alone,%,39.94647807277477
2011,SOUTHEAST ASIA,Vietnam,Amongst Those Who Didn’t Travel Alone | Spouse,%,24.48931616123178
2011,SOUTHEAST ASIA,Vietnam,Amongst Those Who Didn’t Travel Alone | Friends,%,11.22192986076206
2011,SOUTHEAST ASIA,Vietnam,Amongst Those Who Didn’t Travel Alone | Children Aged 19 Years And Below,%,6.877483293004138
2011,SOUTHEAST ASIA,Vietnam,Amongst Those Who Didn’t Travel Alone | Parents/  Parents-in-Law,%,14.51930711120319
2011,SOUTHEAST ASIA,Vietnam,Amongst Those Who Didn’t Travel Alone | Siblings,%,9.315784761370532
2011,SOUTHEAST ASIA,Vietnam,Amongst Those Who Didn’t Travel Alone | Partner/ Boyfriend/ Girlfriend,%,1.746340203700445
2011,SOUTHEAST ASIA,Vietnam,Amongst Those Who Didn’t Travel Alone | Business Associates/ Colleagues,%,15.09541123728263
2011,SOUTHEAST ASIA,Vietnam,Amongst Those Who Didn’t Travel Alone | Relatives,%,9.938414525174576
2011,SOUTHEAST ASIA,Vietnam,Amongst Those Who Didn’t Travel Alone | Children Aged Above 19 Years,%,8.717943559261657
2011,SOUTHEAST ASIA,Vietnam,Average Family Size4 (Persons),%,3.178057340856027
2011,SOUTHEAST ASIA,Vietnam,Average Party Size (Persons),%,6.378877882820472
2011,GREATER CHINA,China,Alone,%,26.13857478707751
2011,GREATER CHINA,China,Amongst Those Who Didn’t Travel Alone | Spouse,%,36.73862710189804
2011,GREATER CHINA,China,Amongst Those Who Didn’t Travel Alone | Friends,%,13.88868469680958
2011,GREATER CHINA,China,Amongst Those Who Didn’t Travel Alone | Children Aged 19 Years And Below,%,9.463482985579684
2011,GREATER CHINA,China,Amongst Those Who Didn’t Travel Alone | Parents/  Parents-in-Law,%,8.866966557250857
2011,GREATER CHINA,China,Amongst Those Who Didn’t Travel Alone | Siblings,%,3.709297599997348
2011,GREATER CHINA,China,Amongst Those Who Didn’t Travel Alone | Partner/ Boyfriend/ Girlfriend,%,1.55019170114668
2011,GREATER CHINA,China,Amongst Those Who Didn’t Travel Alone | Business Associates/ Colleagues,%,16.957007876501
2011,GREATER CHINA,China,Amongst Those Who Didn’t Travel Alone | Relatives,%,9.881258075379328
2011,GREATER CHINA,China,Amongst Those Who Didn’t Travel Alone | Children Aged Above 19 Years,%,16.10618155287306
2011,GREATER CHINA,China,Average Family Size4 (Persons),%,3.289892146439036
2011,GREATER CHINA,China,Average Party Size (Persons),%,7.375337027770606
2011,GREATER CHINA,Hong Kong SAR,Alone,%,47.10608099757356
2011,GREATER CHINA,Hong Kong SAR,Amongst Those Who Didn’t Travel Alone | Spouse,%,49.24653148514068
2011,GREATER CHINA,Hong Kong SAR,Amongst Those Who Didn’t Travel Alone | Friends,%,13.27016454181134
2011,GREATER CHINA,Hong Kong SAR,Amongst Those Who Didn’t Travel Alone | Children Aged 19 Years And Below,%,16.6031079792142
2011,GREATER CHINA,Hong Kong SAR,Amongst Those Who Didn’t Travel Alone | Parents/  Parents-in-Law,%,14.00778494325505
2011,GREATER CHINA,Hong Kong SAR,Amongst Those Who Didn’t Travel Alone | Siblings,%,4.977280194152122
2011,GREATER CHINA,Hong Kong SAR,Amongst Those Who Didn’t Travel Alone | Partner/ Boyfriend/ Girlfriend,%,6.600738340115281
2011,GREATER CHINA,Hong Kong SAR,Amongst Those Who Didn’t Travel Alone | Business Associates/ Colleagues,%,12.19434698068074
2011,GREATER CHINA,Hong Kong SAR,Amongst Those Who Didn’t Travel Alone | Relatives,%,7.753103716949984
2011,GREATER CHINA,Hong Kong SAR,Amongst Those Who Didn’t Travel Alone | Children Aged Above 19 Years,%,28.07134636409821
2011,GREATER CHINA,Hong Kong SAR,Average Family Size4 (Persons),%,2.562045607264146
2011,GREATER CHINA,Hong Kong SAR,Average Party Size (Persons),%,2.289466252370676
2011,GREATER CHINA,Taiwan,Alone,%,50.8608344073124
2011,GREATER CHINA,Taiwan,Amongst Those Who Didn’t Travel Alone | Spouse,%,35.53024150125628
2011,GREATER CHINA,Taiwan,Amongst Those Who Didn’t Travel Alone | Friends,%,11.76969519333873
2011,GREATER CHINA,Taiwan,Amongst Those Who Didn’t Travel Alone | Children Aged 19 Years And Below,%,9.171959950443693
2011,GREATER CHINA,Taiwan,Amongst Those Who Didn’t Travel Alone | Parents/  Parents-in-Law,%,4.70560669039865
2011,GREATER CHINA,Taiwan,Amongst Those Who Didn’t Travel Alone | Siblings,%,3.491376897382941
2011,GREATER CHINA,Taiwan,Amongst Those Who Didn’t Travel Alone | Partner/ Boyfriend/ Girlfriend,%,5.204606512578366
2011,GREATER CHINA,Taiwan,Amongst Those Who Didn’t Travel Alone | Business Associates/ Colleagues,%,30.18374765845891
2011,GREATER CHINA,Taiwan,Amongst Those Who Didn’t Travel Alone | Relatives,%,3.321417847229793
2011,GREATER CHINA,Taiwan,Amongst Those Who Didn’t Travel Alone | Children Aged Above 19 Years,%,11.16171248221812
2011,GREATER CHINA,Taiwan,Average Family Size4 (Persons),%,2.251425799510311
2011,GREATER CHINA,Taiwan,Average Party Size (Persons),%,3.305424133026511
2011,NORTH ASIA,Japan,Alone,%,52.78137482039398
2011,NORTH ASIA,Japan,Amongst Those Who Didn’t Travel Alone | Spouse,%,37.51558524554302
2011,NORTH ASIA,Japan,Amongst Those Who Didn’t Travel Alone | Friends,%,22.42945710593164
2011,NORTH ASIA,Japan,Amongst Those Who Didn’t Travel Alone | Children Aged 19 Years And Below,%,7.22353257595199
2011,NORTH ASIA,Japan,Amongst Those Who Didn’t Travel Alone | Parents/  Parents-in-Law,%,8.852864360524851
2011,NORTH ASIA,Japan,Amongst Those Who Didn’t Travel Alone | Siblings,%,3.93601999875724
2011,NORTH ASIA,Japan,Amongst Those Who Didn’t Travel Alone | Partner/ Boyfriend/ Girlfriend,%,2.522625400990756
2011,NORTH ASIA,Japan,Amongst Those Who Didn’t Travel Alone | Business Associates/ Colleagues,%,20.45030161820796
2011,NORTH ASIA,Japan,Amongst Those Who Didn’t Travel Alone | Relatives,%,1.246264918823172
2011,NORTH ASIA,Japan,Amongst Those Who Didn’t Travel Alone | Children Aged Above 19 Years,%,10.59369142881706
2011,NORTH ASIA,Japan,Average Family Size4 (Persons),%,2.16339400150628
2011,NORTH ASIA,Japan,Average Party Size (Persons),%,2.60947268520581
2011,NORTH ASIA,South Korea,Alone,%,41.59223381953371
2011,NORTH ASIA,South Korea,Amongst Those Who Didn’t Travel Alone | Spouse,%,37.84723679508272
2011,NORTH ASIA,South Korea,Amongst Those Who Didn’t Travel Alone | Friends,%,15.7479757349691
2011,NORTH ASIA,South Korea,Amongst Those Who Didn’t Travel Alone | Children Aged 19 Years And Below,%,9.0192074055044
2011,NORTH ASIA,South Korea,Amongst Those Who Didn’t Travel Alone | Parents/  Parents-in-Law,%,8.960262012043353
2011,NORTH ASIA,South Korea,Amongst Those Who Didn’t Travel Alone | Siblings,%,6.325706469078514
2011,NORTH ASIA,South Korea,Amongst Those Who Didn’t Travel Alone | Partner/ Boyfriend/ Girlfriend,%,4.291969785858674
2011,NORTH ASIA,South Korea,Amongst Those Who Didn’t Travel Alone | Business Associates/ Colleagues,%,23.97646367498744
2011,NORTH ASIA,South Korea,Amongst Those Who Didn’t Travel Alone | Relatives,%,2.377936832029197
2011,NORTH ASIA,South Korea,Amongst Those Who Didn’t Travel Alone | Children Aged Above 19 Years,%,9.71387100698405
2011,NORTH ASIA,South Korea,Average Family Size4 (Persons),%,2.298450456005602
2011,NORTH ASIA,South Korea,Average Party Size (Persons),%,4.065100575042162
2011,SOUTH ASIA,India,Alone,%,31.98017772205548
2011,SOUTH ASIA,India,Amongst Those Who Didn’t Travel Alone | Spouse,%,64.2001194833355
2011,SOUTH ASIA,India,Amongst Those Who Didn’t Travel Alone | Friends,%,8.789242999387982
2011,SOUTH ASIA,India,Amongst Those Who Didn’t Travel Alone | Children Aged 19 Years And Below,%,23.11291771163327
2011,SOUTH ASIA,India,Amongst Those Who Didn’t Travel Alone | Parents/  Parents-in-Law,%,15.3629066553124
2011,SOUTH ASIA,India,Amongst Those Who Didn’t Travel Alone | Siblings,%,7.369346925061487
2011,SOUTH ASIA,India,Amongst Those Who Didn’t Travel Alone | Business Associates/ Colleagues,%,9.813241578353828
2011,SOUTH ASIA,India,Amongst Those Who Didn’t Travel Alone | Relatives,%,5.81253504569298
2011,SOUTH ASIA,India,Amongst Those Who Didn’t Travel Alone | Children Aged Above 19 Years,%,33.117962691146
2011,SOUTH ASIA,India,Average Family Size4 (Persons),%,2.54896733487349
2011,SOUTH ASIA,India,Average Party Size (Persons),%,4.23841275021909
2011,EUROPE,France,Alone,%,38.88529292086555
2011,EUROPE,France,Amongst Those Who Didn’t Travel Alone | Spouse,%,53.71658997875456
2011,EUROPE,France,Amongst Those Who Didn’t Travel Alone | Friends,%,18.46685941556555
2011,EUROPE,France,Amongst Those Who Didn’t Travel Alone | Children Aged 19 Years And Below,%,12.29032903552307
2011,EUROPE,France,Amongst Those Who Didn’t Travel Alone | Parents/  Parents-in-Law,%,4.286279913276777
2011,EUROPE,France,Amongst Those Who Didn’t Travel Alone | Siblings,%,1.908661455702166
2011,EUROPE,France,Amongst Those Who Didn’t Travel Alone | Partner/ Boyfriend/ Girlfriend,%,14.20738116986569
2011,EUROPE,France,Amongst Those Who Didn’t Travel Alone | Business Associates/ Colleagues,%,7.235492750440005
2011,EUROPE,France,Amongst Those Who Didn’t Travel Alone | Relatives,%,1.068512447648723
2011,EUROPE,France,Amongst Those Who Didn’t Travel Alone | Children Aged Above 19 Years,%,13.01336271010831
2011,EUROPE,France,Average Family Size4 (Persons),%,2.051389314461211
2011,EUROPE,France,Average Party Size (Persons),%,1.906272672289838
2011,EUROPE,Germany,Alone,%,35.22811160446754
2011,EUROPE,Germany,Amongst Those Who Didn’t Travel Alone | Spouse,%,63.02653203041674
2011,EUROPE,Germany,Amongst Those Who Didn’t Travel Alone | Friends,%,13.30008174257007
2011,EUROPE,Germany,Amongst Those Who Didn’t Travel Alone | Children Aged 19 Years And Below,%,5.704381484938613
2011,EUROPE,Germany,Amongst Those Who Didn’t Travel Alone | Parents/  Parents-in-Law,%,1.289231166936846
2011,EUROPE,Germany,Amongst Those Who Didn’t Travel Alone | Siblings,%,0.5301602325072322
2011,EUROPE,Germany,Amongst Those Who Didn’t Travel Alone | Partner/ Boyfriend/ Girlfriend,%,13.78696959427006
2011,EUROPE,Germany,Amongst Those Who Didn’t Travel Alone | Business Associates/ Colleagues,%,7.908423445591202
2011,EUROPE,Germany,Amongst Those Who Didn’t Travel Alone | Relatives,%,1.057386481745694
2011,EUROPE,Germany,Amongst Those Who Didn’t Travel Alone | Children Aged Above 19 Years,%,8.793335146498437
2011,EUROPE,Germany,Average Family Size4 (Persons),%,2.026051203917677
2011,EUROPE,Germany,Average Party Size (Persons),%,1.858309200741906
2011,EUROPE,Italy,Alone,%,43.65868991030106
2011,EUROPE,Italy,Amongst Those Who Didn’t Travel Alone | Spouse,%,58.10191090616647
2011,EUROPE,Italy,Amongst Those Who Didn’t Travel Alone | Friends,%,15.96497760225459
2011,EUROPE,Italy,Amongst Those Who Didn’t Travel Alone | Children Aged 19 Years And Below,%,1.781820256883321
2011,EUROPE,Italy,Amongst Those Who Didn’t Travel Alone | Parents/  Parents-in-Law,%,0.5510046575930051
2011,EUROPE,Italy,Amongst Those Who Didn’t Travel Alone | Siblings,%,1.286803992937505
2011,EUROPE,Italy,Amongst Those Who Didn’t Travel Alone | Partner/ Boyfriend/ Girlfriend,%,14.89236452461425
2011,EUROPE,Italy,Amongst Those Who Didn’t Travel Alone | Business Associates/ Colleagues,%,9.8958022237439
2011,EUROPE,Italy,Amongst Those Who Didn’t Travel Alone | Relatives,%,1.329739420972273
2011,EUROPE,Italy,Amongst Those Who Didn’t Travel Alone | Children Aged Above 19 Years,%,1.781820256883321
2011,EUROPE,Italy,Average Family Size4 (Persons),%,2.040946310090892
2011,EUROPE,Italy,Average Party Size (Persons),%,1.654368462683713
2011,EUROPE,Netherlands,Alone,%,38.68356805186525
2011,EUROPE,Netherlands,Amongst Those Who Didn’t Travel Alone | Spouse,%,52.31814612619
2011,EUROPE,Netherlands,Amongst Those Who Didn’t Travel Alone | Friends,%,8.92752317205102
2011,EUROPE,Netherlands,Amongst Those Who Didn’t Travel Alone | Children Aged 19 Years And Below,%,5.706705685120774
2011,EUROPE,Netherlands,Amongst Those Who Didn’t Travel Alone | Parents/  Parents-in-Law,%,7.884122152880681
2011,EUROPE,Netherlands,Amongst Those Who Didn’t Travel Alone | Siblings,%,5.521863765422267
2011,EUROPE,Netherlands,Amongst Those Who Didn’t Travel Alone | Partner/ Boyfriend/ Girlfriend,%,22.19319403000297
2011,EUROPE,Netherlands,Amongst Those Who Didn’t Travel Alone | Business Associates/ Colleagues,%,5.317138769742884
2011,EUROPE,Netherlands,Amongst Those Who Didn’t Travel Alone | Relatives,%,0.9244790855798868
2011,EUROPE,Netherlands,Amongst Those Who Didn’t Travel Alone | Children Aged Above 19 Years,%,9.693223347329006
2011,EUROPE,Netherlands,Average Family Size4 (Persons),%,2.104756179090765
2011,EUROPE,Netherlands,Average Party Size (Persons),%,1.742479139804662
2011,EUROPE,Switzerland,Alone,%,37.68296839780875
2011,EUROPE,Switzerland,Amongst Those Who Didn’t Travel Alone | Spouse,%,51.29632228835946
2011,EUROPE,Switzerland,Amongst Those Who Didn’t Travel Alone | Friends,%,18.05613343488583
2011,EUROPE,Switzerland,Amongst Those Who Didn’t Travel Alone | Children Aged 19 Years And Below,%,9.376712909477613
2011,EUROPE,Switzerland,Amongst Those Who Didn’t Travel Alone | Parents/  Parents-in-Law,%,1.06382759124514
2011,EUROPE,Switzerland,Amongst Those Who Didn’t Travel Alone | Siblings,%,0.5374630758635918
2011,EUROPE,Switzerland,Amongst Those Who Didn’t Travel Alone | Partner/ Boyfriend/ Girlfriend,%,18.19244429803497
2011,EUROPE,Switzerland,Amongst Those Who Didn’t Travel Alone | Business Associates/ Colleagues,%,5.238737195074603
2011,EUROPE,Switzerland,Amongst Those Who Didn’t Travel Alone | Relatives,%,1.15526602719275
2011,EUROPE,Switzerland,Amongst Those Who Didn’t Travel Alone | Children Aged Above 19 Years,%,20.42398027065512
2011,EUROPE,Switzerland,Average Family Size4 (Persons),%,2.107284270065969
2011,EUROPE,Switzerland,Average Party Size (Persons),%,1.998002163510473
2011,EUROPE,UK,Alone,%,36.58264767847935
2011,EUROPE,UK,Amongst Those Who Didn’t Travel Alone | Spouse,%,64.66372735496215
2011,EUROPE,UK,Amongst Those Who Didn’t Travel Alone | Friends,%,10.69172460067945
2011,EUROPE,UK,Amongst Those Who Didn’t Travel Alone | Children Aged 19 Years And Below,%,6.702448153834837
2011,EUROPE,UK,Amongst Those Who Didn’t Travel Alone | Parents/  Parents-in-Law,%,4.827316633221569
2011,EUROPE,UK,Amongst Those Who Didn’t Travel Alone | Siblings,%,3.208451242406703
2011,EUROPE,UK,Amongst Those Who Didn’t Travel Alone | Partner/ Boyfriend/ Girlfriend,%,11.79745176872079
2011,EUROPE,UK,Amongst Those Who Didn’t Travel Alone | Business Associates/ Colleagues,%,4.012170265309322
2011,EUROPE,UK,Amongst Those Who Didn’t Travel Alone | Relatives,%,3.322738447193069
2011,EUROPE,UK,Amongst Those Who Didn’t Travel Alone | Children Aged Above 19 Years,%,10.92225130384168
2011,EUROPE,UK,Average Family Size4 (Persons),%,2.133555140610888
2011,EUROPE,UK,Average Party Size (Persons),%,2.319788911874169
2011,AMERICAS,Canada,Alone,%,45.40834623204785
2011,AMERICAS,Canada,Amongst Those Who Didn’t Travel Alone | Spouse,%,69.54012975949047
2011,AMERICAS,Canada,Amongst Those Who Didn’t Travel Alone | Friends,%,9.207778022211196
2011,AMERICAS,Canada,Amongst Those Who Didn’t Travel Alone | Children Aged 19 Years And Below,%,7.240347030985088
2011,AMERICAS,Canada,Amongst Those Who Didn’t Travel Alone | Parents/  Parents-in-Law,%,5.577895571268795
2011,AMERICAS,Canada,Amongst Those Who Didn’t Travel Alone | Siblings,%,2.378375225544977
2011,AMERICAS,Canada,Amongst Those Who Didn’t Travel Alone | Partner/ Boyfriend/ Girlfriend,%,11.87523049998964
2011,AMERICAS,Canada,Amongst Those Who Didn’t Travel Alone | Business Associates/ Colleagues,%,3.84592278898536
2011,AMERICAS,Canada,Amongst Those Who Didn’t Travel Alone | Relatives,%,0.5571450823672333
2011,AMERICAS,Canada,Amongst Those Who Didn’t Travel Alone | Children Aged Above 19 Years,%,7.240347030985088
2011,AMERICAS,Canada,Average Family Size4 (Persons),%,2.109750416786333
2011,AMERICAS,Canada,Average Party Size (Persons),%,1.687838644297674
2011,AMERICAS,USA,Alone,%,54.1794149113025
2011,AMERICAS,USA,Amongst Those Who Didn’t Travel Alone | Spouse,%,53.14780207742598
2011,AMERICAS,USA,Amongst Those Who Didn’t Travel Alone | Friends,%,13.32818276347863
2011,AMERICAS,USA,Amongst Those Who Didn’t Travel Alone | Children Aged 19 Years And Below,%,10.12843165064953
2011,AMERICAS,USA,Amongst Those Who Didn’t Travel Alone | Parents/  Parents-in-Law,%,5.275957475893859
2011,AMERICAS,USA,Amongst Those Who Didn’t Travel Alone | Siblings,%,4.114139549862491
2011,AMERICAS,USA,Amongst Those Who Didn’t Travel Alone | Partner/ Boyfriend/ Girlfriend,%,5.256178179126422
2011,AMERICAS,USA,Amongst Those Who Didn’t Travel Alone | Business Associates/ Colleagues,%,14.95078008233529
2011,AMERICAS,USA,Amongst Those Who Didn’t Travel Alone | Relatives,%,2.370630675329656
2011,AMERICAS,USA,Amongst Those Who Didn’t Travel Alone | Children Aged Above 19 Years,%,18.41790787389215
2011,AMERICAS,USA,Average Family Size4 (Persons),%,2.15447909569243
2011,AMERICAS,USA,Average Party Size (Persons),%,2.033351020019755
2011,OCEANIA,Australia,Alone,%,32.4249721009565
2011,OCEANIA,Australia,Amongst Those Who Didn’t Travel Alone | Spouse,%,66.7021182874226
2011,OCEANIA,Australia,Amongst Those Who Didn’t Travel Alone | Friends,%,9.429723683464912
2011,OCEANIA,Australia,Amongst Those Who Didn’t Travel Alone | Children Aged 19 Years And Below,%,12.50575766071008
2011,OCEANIA,Australia,Amongst Those Who Didn’t Travel Alone | Parents/  Parents-in-Law,%,9.229324648267472
2011,OCEANIA,Australia,Amongst Those Who Didn’t Travel Alone | Siblings,%,5.242578960422584
2011,OCEANIA,Australia,Amongst Those Who Didn’t Travel Alone | Partner/ Boyfriend/ Girlfriend,%,9.25687567950344
2011,OCEANIA,Australia,Amongst Those Who Didn’t Travel Alone | Business Associates/ Colleagues,%,2.455924043776105
2011,OCEANIA,Australia,Amongst Those Who Didn’t Travel Alone | Relatives,%,2.364861691509311
2011,OCEANIA,Australia,Amongst Those Who Didn’t Travel Alone | Children Aged Above 19 Years,%,17.86422569694252
2011,OCEANIA,Australia,Average Family Size4 (Persons),%,2.177114898691735
2011,OCEANIA,Australia,Average Party Size (Persons),%,2.125491799969114
2011,OCEANIA,New Zealand,Alone,%,23.71235913762518
2011,OCEANIA,New Zealand,Amongst Those Who Didn’t Travel Alone | Spouse,%,72.41223612876125
2011,OCEANIA,New Zealand,Amongst Those Who Didn’t Travel Alone | Friends,%,8.511059196571994
2011,OCEANIA,New Zealand,Amongst Those Who Didn’t Travel Alone | Children Aged 19 Years And Below,%,9.457515694092
2011,OCEANIA,New Zealand,Amongst Those Who Didn’t Travel Alone | Parents/  Parents-in-Law,%,5.18097127769763
2011,OCEANIA,New Zealand,Amongst Those Who Didn’t Travel Alone | Siblings,%,1.765154206800702
2011,OCEANIA,New Zealand,Amongst Those Who Didn’t Travel Alone | Partner/ Boyfriend/ Girlfriend,%,7.901910043820226
2011,OCEANIA,New Zealand,Amongst Those Who Didn’t Travel Alone | Business Associates/ Colleagues,%,1.1959901574388
2011,OCEANIA,New Zealand,Amongst Those Who Didn’t Travel Alone | Relatives,%,4.659077850789493
2011,OCEANIA,New Zealand,Amongst Those Who Didn’t Travel Alone | Children Aged Above 19 Years,%,11.10588926319144
2011,OCEANIA,New Zealand,Average Family Size4 (Persons),%,2.176860373397743
2011,OCEANIA,New Zealand,Average Party Size (Persons),%,2.166687925653968
2011,AFRICA,South Africa (Rep of),Alone,%,31.58344954662932
2011,AFRICA,South Africa (Rep of),Amongst Those Who Didn’t Travel Alone | Spouse,%,61.09050712402448
2011,AFRICA,South Africa (Rep of),Amongst Those Who Didn’t Travel Alone | Friends,%,2.869723794419557
2011,AFRICA,South Africa (Rep of),Amongst Those Who Didn’t Travel Alone | Children Aged 19 Years And Below,%,4.692457842013309
2011,AFRICA,South Africa (Rep of),Amongst Those Who Didn’t Travel Alone | Parents/  Parents-in-Law,%,8.796757087132702
2011,AFRICA,South Africa (Rep of),Amongst Those Who Didn’t Travel Alone | Siblings,%,8.631701541295929
2011,AFRICA,South Africa (Rep of),Amongst Those Who Didn’t Travel Alone | Partner/ Boyfriend/ Girlfriend,%,5.632981542554365
2011,AFRICA,South Africa (Rep of),Amongst Those Who Didn’t Travel Alone | Business Associates/ Colleagues,%,15.50435733644585
2011,AFRICA,South Africa (Rep of),Amongst Those Who Didn’t Travel Alone | Relatives,%,3.531630070050684
2011,AFRICA,South Africa (Rep of),Amongst Those Who Didn’t Travel Alone | Children Aged Above 19 Years,%,7.593988919864632
2011,AFRICA,South Africa (Rep of),Average Family Size4 (Persons),%,2.23136467643237
2011,AFRICA,South Africa (Rep of),Average Party Size (Persons),%,2.666472107109658
2011,REMAINING,Others,Alone,%,41.02425749439101
2011,REMAINING,Others,Amongst Those Who Didn’t Travel Alone | Spouse,%,47.57283710344289
2011,REMAINING,Others,Amongst Those Who Didn’t Travel Alone | Friends,%,13.56549613796513
2011,REMAINING,Others,Amongst Those Who Didn’t Travel Alone | Children Aged 19 Years And Below,%,11.06477489964703
2011,REMAINING,Others,Amongst Those Who Didn’t Travel Alone | Parents/  Parents-in-Law,%,13.01564570069889
2011,REMAINING,Others,Amongst Those Who Didn’t Travel Alone | Siblings,%,7.34498486346225
2011,REMAINING,Others,Amongst Those Who Didn’t Travel Alone | Partner/ Boyfriend/ Girlfriend,%,6.816862885617459
2011,REMAINING,Others,Amongst Those Who Didn’t Travel Alone | Business Associates/ Colleagues,%,11.00818531056615
2011,REMAINING,Others,Amongst Those Who Didn’t Travel Alone | Relatives,%,5.24857587898783
2011,REMAINING,Others,Amongst Those Who Didn’t Travel Alone | Children Aged Above 19 Years,%,18.61551672108859
2011,REMAINING,Others,Average Family Size4 (Persons),%,2.34368532531844
2011,REMAINING,Others,Average Party Size (Persons),%,2.824565342081917
2010,SOUTHEAST ASIA,Indonesia,Alone,%,38.88845018903918
2010,SOUTHEAST ASIA,Indonesia,Amongst Those Who Didn’t Travel Alone | Spouse,%,41.57279085584312
2010,SOUTHEAST ASIA,Indonesia,Amongst Those Who Didn’t Travel Alone | Friends,%,16.53770466429692
2010,SOUTHEAST ASIA,Indonesia,Amongst Those Who Didn’t Travel Alone | Children Aged 19 Years And Below,%,15.44831696148676
2010,SOUTHEAST ASIA,Indonesia,Amongst Those Who Didn’t Travel Alone | Parents/  Parents-in-Law,%,19.78024283610922
2010,SOUTHEAST ASIA,Indonesia,Amongst Those Who Didn’t Travel Alone | Siblings,%,11.42135142400817
2010,SOUTHEAST ASIA,Indonesia,Amongst Those Who Didn’t Travel Alone | Partner/ Boyfriend/ Girlfriend,%,1.552145567806793
2010,SOUTHEAST ASIA,Indonesia,Amongst Those Who Didn’t Travel Alone | Business Associates/ Colleagues,%,7.320850110114112
2010,SOUTHEAST ASIA,Indonesia,Amongst Those Who Didn’t Travel Alone | Relatives,%,11.03072677199593
2010,SOUTHEAST ASIA,Indonesia,Amongst Those Who Didn’t Travel Alone | Children Aged Above 19 Years,%,23.89598606024164
2010,SOUTHEAST ASIA,Indonesia,Average Family Size4 (Persons),%,2.635790679750283
2010,SOUTHEAST ASIA,Indonesia,Average Party Size (Persons),%,3.010792962856108
2010,SOUTHEAST ASIA,Malaysia,Alone,%,62.61655867473895
2010,SOUTHEAST ASIA,Malaysia,Amongst Those Who Didn’t Travel Alone | Spouse,%,37.03815650640493
2010,SOUTHEAST ASIA,Malaysia,Amongst Those Who Didn’t Travel Alone | Friends,%,10.60559801681782
2010,SOUTHEAST ASIA,Malaysia,Amongst Those Who Didn’t Travel Alone | Children Aged 19 Years And Below,%,11.25985122991801
2010,SOUTHEAST ASIA,Malaysia,Amongst Those Who Didn’t Travel Alone | Parents/  Parents-in-Law,%,15.95187160383466
2010,SOUTHEAST ASIA,Malaysia,Amongst Those Who Didn’t Travel Alone | Siblings,%,8.635577992792722
2010,SOUTHEAST ASIA,Malaysia,Amongst Those Who Didn’t Travel Alone | Partner/ Boyfriend/ Girlfriend,%,1.41028284660055
2010,SOUTHEAST ASIA,Malaysia,Amongst Those Who Didn’t Travel Alone | Business Associates/ Colleagues,%,25.87907184549455
2010,SOUTHEAST ASIA,Malaysia,Amongst Those Who Didn’t Travel Alone | Relatives,%,4.950172696678601
2010,SOUTHEAST ASIA,Malaysia,Amongst Those Who Didn’t Travel Alone | Children Aged Above 19 Years,%,21.37728194449179
2010,SOUTHEAST ASIA,Malaysia,Average Family Size4 (Persons),%,2.433626184827532
2010,SOUTHEAST ASIA,Malaysia,Average Party Size (Persons),%,2.090345701395848
2010,SOUTHEAST ASIA,Philippines,Alone,%,37.94028118493843
2010,SOUTHEAST ASIA,Philippines,Amongst Those Who Didn’t Travel Alone | Spouse,%,30.37159795889412
2010,SOUTHEAST ASIA,Philippines,Amongst Those Who Didn’t Travel Alone | Friends,%,21.98546317532043
2010,SOUTHEAST ASIA,Philippines,Amongst Those Who Didn’t Travel Alone | Children Aged 19 Years And Below,%,11.43639945817314
2010,SOUTHEAST ASIA,Philippines,Amongst Those Who Didn’t Travel Alone | Parents/  Parents-in-Law,%,8.77483004961759
2010,SOUTHEAST ASIA,Philippines,Amongst Those Who Didn’t Travel Alone | Siblings,%,12.3972998296607
2010,SOUTHEAST ASIA,Philippines,Amongst Those Who Didn’t Travel Alone | Partner/ Boyfriend/ Girlfriend,%,6.621100871532075
2010,SOUTHEAST ASIA,Philippines,Amongst Those Who Didn’t Travel Alone | Business Associates/ Colleagues,%,9.521206731547784
2010,SOUTHEAST ASIA,Philippines,Amongst Those Who Didn’t Travel Alone | Relatives,%,20.04678778357501
2010,SOUTHEAST ASIA,Philippines,Amongst Those Who Didn’t Travel Alone | Children Aged Above 19 Years,%,23.29127594317287
2010,SOUTHEAST ASIA,Philippines,Average Family Size4 (Persons),%,2.964925979254478
2010,SOUTHEAST ASIA,Philippines,Average Party Size (Persons),%,2.631515066807229
2010,SOUTHEAST ASIA,Thailand,Alone,%,55.3546680096509
2010,SOUTHEAST ASIA,Thailand,Amongst Those Who Didn’t Travel Alone | Spouse,%,27.73303617912724
2010,SOUTHEAST ASIA,Thailand,Amongst Those Who Didn’t Travel Alone | Friends,%,16.35903169280649
2010,SOUTHEAST ASIA,Thailand,Amongst Those Who Didn’t Travel Alone | Children Aged 19 Years And Below,%,8.655443747923682
2010,SOUTHEAST ASIA,Thailand,Amongst Those Who Didn’t Travel Alone | Parents/  Parents-in-Law,%,12.55363806149953
2010,SOUTHEAST ASIA,Thailand,Amongst Those Who Didn’t Travel Alone | Siblings,%,8.609679716653892
2010,SOUTHEAST ASIA,Thailand,Amongst Those Who Didn’t Travel Alone | Partner/ Boyfriend/ Girlfriend,%,6.399908189812762
2010,SOUTHEAST ASIA,Thailand,Amongst Those Who Didn’t Travel Alone | Business Associates/ Colleagues,%,26.62631191101707
2010,SOUTHEAST ASIA,Thailand,Amongst Those Who Didn’t Travel Alone | Relatives,%,4.721219958580543
2010,SOUTHEAST ASIA,Thailand,Amongst Those Who Didn’t Travel Alone | Children Aged Above 19 Years,%,12.76754317539197
2010,SOUTHEAST ASIA,Thailand,Average Family Size4 (Persons),%,2.533953002330058
2010,SOUTHEAST ASIA,Thailand,Average Party Size (Persons),%,3.859951443631468
2010,SOUTHEAST ASIA,Vietnam,Alone,%,48.50928514137495
2010,SOUTHEAST ASIA,Vietnam,Amongst Those Who Didn’t Travel Alone | Spouse,%,26.63370540983167
2010,SOUTHEAST ASIA,Vietnam,Amongst Those Who Didn’t Travel Alone | Friends,%,16.03038917671006
2010,SOUTHEAST ASIA,Vietnam,Amongst Those Who Didn’t Travel Alone | Children Aged 19 Years And Below,%,9.042587117424029
2010,SOUTHEAST ASIA,Vietnam,Amongst Those Who Didn’t Travel Alone | Parents/  Parents-in-Law,%,10.05652898870611
2010,SOUTHEAST ASIA,Vietnam,Amongst Those Who Didn’t Travel Alone | Siblings,%,7.124373366255055
2010,SOUTHEAST ASIA,Vietnam,Amongst Those Who Didn’t Travel Alone | Partner/ Boyfriend/ Girlfriend,%,1.875020666966198
2010,SOUTHEAST ASIA,Vietnam,Amongst Those Who Didn’t Travel Alone | Business Associates/ Colleagues,%,14.31619102767086
2010,SOUTHEAST ASIA,Vietnam,Amongst Those Who Didn’t Travel Alone | Relatives,%,7.501995863709501
2010,SOUTHEAST ASIA,Vietnam,Amongst Those Who Didn’t Travel Alone | Children Aged Above 19 Years,%,13.84473941543327
2010,SOUTHEAST ASIA,Vietnam,Average Family Size4 (Persons),%,2.486766566096013
2010,SOUTHEAST ASIA,Vietnam,Average Party Size (Persons),%,4.418184639647245
2010,GREATER CHINA,China,Alone,%,37.1735851369461
2010,GREATER CHINA,China,Amongst Those Who Didn’t Travel Alone | Spouse,%,29.35659508805789
2010,GREATER CHINA,China,Amongst Those Who Didn’t Travel Alone | Friends,%,10.83680066573619
2010,GREATER CHINA,China,Amongst Those Who Didn’t Travel Alone | Children Aged 19 Years And Below,%,8.856995576608009
2010,GREATER CHINA,China,Amongst Those Who Didn’t Travel Alone | Parents/  Parents-in-Law,%,7.94070346219478
2010,GREATER CHINA,China,Amongst Those Who Didn’t Travel Alone | Siblings,%,3.811290557924985
2010,GREATER CHINA,China,Amongst Those Who Didn’t Travel Alone | Partner/ Boyfriend/ Girlfriend,%,1.145968490044348
2010,GREATER CHINA,China,Amongst Those Who Didn’t Travel Alone | Business Associates/ Colleagues,%,19.2584128082083
2010,GREATER CHINA,China,Amongst Those Who Didn’t Travel Alone | Relatives,%,3.796498219206369
2010,GREATER CHINA,China,Amongst Those Who Didn’t Travel Alone | Children Aged Above 19 Years,%,13.97222960495742
2010,GREATER CHINA,China,Average Family Size4 (Persons),%,2.28862105846202
2010,GREATER CHINA,China,Average Party Size (Persons),%,6.236615160952419
2010,GREATER CHINA,Hong Kong SAR,Alone,%,49.19603611162881
2010,GREATER CHINA,Hong Kong SAR,Amongst Those Who Didn’t Travel Alone | Spouse,%,48.319866739827
2010,GREATER CHINA,Hong Kong SAR,Amongst Those Who Didn’t Travel Alone | Friends,%,9.023830292621025
2010,GREATER CHINA,Hong Kong SAR,Amongst Those Who Didn’t Travel Alone | Children Aged 19 Years And Below,%,16.53142841687446
2010,GREATER CHINA,Hong Kong SAR,Amongst Those Who Didn’t Travel Alone | Parents/  Parents-in-Law,%,18.03044374155885
2010,GREATER CHINA,Hong Kong SAR,Amongst Those Who Didn’t Travel Alone | Siblings,%,7.930024547713889
2010,GREATER CHINA,Hong Kong SAR,Amongst Those Who Didn’t Travel Alone | Partner/ Boyfriend/ Girlfriend,%,4.059793070779567
2010,GREATER CHINA,Hong Kong SAR,Amongst Those Who Didn’t Travel Alone | Business Associates/ Colleagues,%,15.82495876338135
2010,GREATER CHINA,Hong Kong SAR,Amongst Those Who Didn’t Travel Alone | Relatives,%,7.671621006909418
2010,GREATER CHINA,Hong Kong SAR,Amongst Those Who Didn’t Travel Alone | Children Aged Above 19 Years,%,25.42319250847635
2010,GREATER CHINA,Hong Kong SAR,Average Family Size4 (Persons),%,2.601858187611001
2010,GREATER CHINA,Hong Kong SAR,Average Party Size (Persons),%,3.164734214878444
2010,GREATER CHINA,Taiwan,Alone,%,46.66117262383399
2010,GREATER CHINA,Taiwan,Amongst Those Who Didn’t Travel Alone | Spouse,%,23.44686045412266
2010,GREATER CHINA,Taiwan,Amongst Those Who Didn’t Travel Alone | Friends,%,10.60880172312705
2010,GREATER CHINA,Taiwan,Amongst Those Who Didn’t Travel Alone | Children Aged 19 Years And Below,%,11.96495566005476
2010,GREATER CHINA,Taiwan,Amongst Those Who Didn’t Travel Alone | Parents/  Parents-in-Law,%,5.195056544113018
2010,GREATER CHINA,Taiwan,Amongst Those Who Didn’t Travel Alone | Siblings,%,6.718330839952697
2010,GREATER CHINA,Taiwan,Amongst Those Who Didn’t Travel Alone | Partner/ Boyfriend/ Girlfriend,%,3.226251286446486
2010,GREATER CHINA,Taiwan,Amongst Those Who Didn’t Travel Alone | Business Associates/ Colleagues,%,38.13854026464368
2010,GREATER CHINA,Taiwan,Amongst Those Who Didn’t Travel Alone | Relatives,%,1.922494704243777
2010,GREATER CHINA,Taiwan,Amongst Those Who Didn’t Travel Alone | Children Aged Above 19 Years,%,16.33083450800459
2010,GREATER CHINA,Taiwan,Average Family Size4 (Persons),%,2.202232190618445
2010,GREATER CHINA,Taiwan,Average Party Size (Persons),%,4.192110349132329
2010,NORTH ASIA,Japan,Alone,%,60.82392075744261
2010,NORTH ASIA,Japan,Amongst Those Who Didn’t Travel Alone | Spouse,%,31.59987747290261
2010,NORTH ASIA,Japan,Amongst Those Who Didn’t Travel Alone | Friends,%,23.24697132339571
2010,NORTH ASIA,Japan,Amongst Those Who Didn’t Travel Alone | Children Aged 19 Years And Below,%,9.109901247619566
2010,NORTH ASIA,Japan,Amongst Those Who Didn’t Travel Alone | Parents/  Parents-in-Law,%,3.808912259518765
2010,NORTH ASIA,Japan,Amongst Those Who Didn’t Travel Alone | Siblings,%,2.57710503482294
2010,NORTH ASIA,Japan,Amongst Those Who Didn’t Travel Alone | Partner/ Boyfriend/ Girlfriend,%,1.768151717608817
2010,NORTH ASIA,Japan,Amongst Those Who Didn’t Travel Alone | Business Associates/ Colleagues,%,28.69381764739591
2010,NORTH ASIA,Japan,Amongst Those Who Didn’t Travel Alone | Relatives,%,3.835366857819141
2010,NORTH ASIA,Japan,Amongst Those Who Didn’t Travel Alone | Children Aged Above 19 Years,%,15.29068502650256
2010,NORTH ASIA,Japan,Average Family Size4 (Persons),%,2.196952377128924
2010,NORTH ASIA,Japan,Average Party Size (Persons),%,12.17444357376258
2010,NORTH ASIA,South Korea,Alone,%,48.63926574026519
2010,NORTH ASIA,South Korea,Amongst Those Who Didn’t Travel Alone | Spouse,%,27.5010655196598
2010,NORTH ASIA,South Korea,Amongst Those Who Didn’t Travel Alone | Friends,%,14.95638687471193
2010,NORTH ASIA,South Korea,Amongst Those Who Didn’t Travel Alone | Children Aged 19 Years And Below,%,9.366175106195431
2010,NORTH ASIA,South Korea,Amongst Those Who Didn’t Travel Alone | Parents/  Parents-in-Law,%,8.703072158883456
2010,NORTH ASIA,South Korea,Amongst Those Who Didn’t Travel Alone | Siblings,%,7.287973159723318
2010,NORTH ASIA,South Korea,Amongst Those Who Didn’t Travel Alone | Partner/ Boyfriend/ Girlfriend,%,1.421529570591859
2010,NORTH ASIA,South Korea,Amongst Those Who Didn’t Travel Alone | Business Associates/ Colleagues,%,35.50172415807165
2010,NORTH ASIA,South Korea,Amongst Those Who Didn’t Travel Alone | Relatives,%,1.970759988581707
2010,NORTH ASIA,South Korea,Amongst Those Who Didn’t Travel Alone | Children Aged Above 19 Years,%,10.3185236326711
2010,NORTH ASIA,South Korea,Average Family Size4 (Persons),%,2.398441122135227
2010,NORTH ASIA,South Korea,Average Party Size (Persons),%,3.737683333348744
2010,SOUTH ASIA,India,Alone,%,30.48192802350114
2010,SOUTH ASIA,India,Amongst Those Who Didn’t Travel Alone | Spouse,%,66.929317087828
2010,SOUTH ASIA,India,Amongst Those Who Didn’t Travel Alone | Friends,%,9.073249544174422
2010,SOUTH ASIA,India,Amongst Those Who Didn’t Travel Alone | Children Aged 19 Years And Below,%,23.89558988098608
2010,SOUTH ASIA,India,Amongst Those Who Didn’t Travel Alone | Parents/  Parents-in-Law,%,13.85945919785939
2010,SOUTH ASIA,India,Amongst Those Who Didn’t Travel Alone | Siblings,%,9.96322278752214
2010,SOUTH ASIA,India,Amongst Those Who Didn’t Travel Alone | Business Associates/ Colleagues,%,6.627424988235507
2010,SOUTH ASIA,India,Amongst Those Who Didn’t Travel Alone | Relatives,%,9.202000246508357
2010,SOUTH ASIA,India,Amongst Those Who Didn’t Travel Alone | Children Aged Above 19 Years,%,31.95475754448803
2010,SOUTH ASIA,India,Average Family Size4 (Persons),%,2.719071846346579
2010,SOUTH ASIA,India,Average Party Size (Persons),%,3.867456198922711
2010,EUROPE,France,Alone,%,41.74245615035135
2010,EUROPE,France,Amongst Those Who Didn’t Travel Alone | Spouse,%,59.27466302174856
2010,EUROPE,France,Amongst Those Who Didn’t Travel Alone | Friends,%,16.16100844791344
2010,EUROPE,France,Amongst Those Who Didn’t Travel Alone | Children Aged 19 Years And Below,%,8.542305588917172
2010,EUROPE,France,Amongst Those Who Didn’t Travel Alone | Parents/  Parents-in-Law,%,6.695828844109838
2010,EUROPE,France,Amongst Those Who Didn’t Travel Alone | Siblings,%,4.879416976733196
2010,EUROPE,France,Amongst Those Who Didn’t Travel Alone | Partner/ Boyfriend/ Girlfriend,%,7.979939705282409
2010,EUROPE,France,Amongst Those Who Didn’t Travel Alone | Business Associates/ Colleagues,%,7.289215188525372
2010,EUROPE,France,Amongst Those Who Didn’t Travel Alone | Relatives,%,2.425120225215195
2010,EUROPE,France,Amongst Those Who Didn’t Travel Alone | Children Aged Above 19 Years,%,8.542305588917172
2010,EUROPE,France,Average Family Size4 (Persons),%,2.280629401457195
2010,EUROPE,France,Average Party Size (Persons),%,2.362898201320022
2010,EUROPE,Germany,Alone,%,39.06108021337893
2010,EUROPE,Germany,Amongst Those Who Didn’t Travel Alone | Spouse,%,66.79159621389003
2010,EUROPE,Germany,Amongst Those Who Didn’t Travel Alone | Friends,%,13.48306805210663
2010,EUROPE,Germany,Amongst Those Who Didn’t Travel Alone | Children Aged 19 Years And Below,%,7.156781833640202
2010,EUROPE,Germany,Amongst Those Who Didn’t Travel Alone | Parents/  Parents-in-Law,%,1.16052981220022
2010,EUROPE,Germany,Amongst Those Who Didn’t Travel Alone | Siblings,%,2.041875837778366
2010,EUROPE,Germany,Amongst Those Who Didn’t Travel Alone | Partner/ Boyfriend/ Girlfriend,%,15.32098776515155
2010,EUROPE,Germany,Amongst Those Who Didn’t Travel Alone | Business Associates/ Colleagues,%,2.314292141909336
2010,EUROPE,Germany,Amongst Those Who Didn’t Travel Alone | Relatives,%,3.483928504630322
2010,EUROPE,Germany,Amongst Those Who Didn’t Travel Alone | Children Aged Above 19 Years,%,10.83839244172376
2010,EUROPE,Germany,Average Family Size4 (Persons),%,2.063876403278419
2010,EUROPE,Germany,Average Party Size (Persons),%,1.923296825725989
2010,EUROPE,Italy,Alone,%,45.38697708106728
2010,EUROPE,Italy,Amongst Those Who Didn’t Travel Alone | Spouse,%,64.9361197231153
2010,EUROPE,Italy,Amongst Those Who Didn’t Travel Alone | Friends,%,11.08748313835368
2010,EUROPE,Italy,Amongst Those Who Didn’t Travel Alone | Children Aged 19 Years And Below,%,7.326633378716981
2010,EUROPE,Italy,Amongst Those Who Didn’t Travel Alone | Parents/  Parents-in-Law,%,0.983099446999618
2010,EUROPE,Italy,Amongst Those Who Didn’t Travel Alone | Partner/ Boyfriend/ Girlfriend,%,18.92339310588148
2010,EUROPE,Italy,Amongst Those Who Didn’t Travel Alone | Business Associates/ Colleagues,%,4.020325863538308
2010,EUROPE,Italy,Amongst Those Who Didn’t Travel Alone | Relatives,%,4.953634713545489
2010,EUROPE,Italy,Amongst Those Who Didn’t Travel Alone | Children Aged Above 19 Years,%,21.71293778631915
2010,EUROPE,Italy,Average Family Size4 (Persons),%,2.165207795407684
2010,EUROPE,Italy,Average Party Size (Persons),%,1.833346447281942
2010,EUROPE,Netherlands,Alone,%,47.65474078331316
2010,EUROPE,Netherlands,Amongst Those Who Didn’t Travel Alone | Spouse,%,56.6086232988805
2010,EUROPE,Netherlands,Amongst Those Who Didn’t Travel Alone | Friends,%,24.38474503970569
2010,EUROPE,Netherlands,Amongst Those Who Didn’t Travel Alone | Children Aged 19 Years And Below,%,1.690582706504897
2010,EUROPE,Netherlands,Amongst Those Who Didn’t Travel Alone | Siblings,%,5.424409710615311
2010,EUROPE,Netherlands,Amongst Those Who Didn’t Travel Alone | Partner/ Boyfriend/ Girlfriend,%,9.881162547166564
2010,EUROPE,Netherlands,Amongst Those Who Didn’t Travel Alone | Business Associates/ Colleagues,%,7.420489681974567
2010,EUROPE,Netherlands,Amongst Those Who Didn’t Travel Alone | Relatives,%,1.718029271699115
2010,EUROPE,Netherlands,Amongst Those Who Didn’t Travel Alone | Children Aged Above 19 Years,%,1.690582706504897
2010,EUROPE,Netherlands,Average Family Size4 (Persons),%,2.006219456286949
2010,EUROPE,Netherlands,Average Party Size (Persons),%,1.980585265501426
2010,EUROPE,Switzerland,Alone,%,42.96765935853333
2010,EUROPE,Switzerland,Amongst Those Who Didn’t Travel Alone | Spouse,%,61.29572375039022
2010,EUROPE,Switzerland,Amongst Those Who Didn’t Travel Alone | Friends,%,16.87601571340809
2010,EUROPE,Switzerland,Amongst Those Who Didn’t Travel Alone | Children Aged 19 Years And Below,%,10.256303079851
2010,EUROPE,Switzerland,Amongst Those Who Didn’t Travel Alone | Parents/  Parents-in-Law,%,0.9999168581528938
2010,EUROPE,Switzerland,Amongst Those Who Didn’t Travel Alone | Siblings,%,2.219505514567309
2010,EUROPE,Switzerland,Amongst Those Who Didn’t Travel Alone | Partner/ Boyfriend/ Girlfriend,%,26.74754156726226
2010,EUROPE,Switzerland,Amongst Those Who Didn’t Travel Alone | Children Aged Above 19 Years,%,10.256303079851
2010,EUROPE,Switzerland,Average Family Size4 (Persons),%,2.0
2010,EUROPE,Switzerland,Average Party Size (Persons),%,1.842433056248012
2010,EUROPE,UK,Alone,%,36.42720067895043
2010,EUROPE,UK,Amongst Those Who Didn’t Travel Alone | Spouse,%,68.2441227286197
2010,EUROPE,UK,Amongst Those Who Didn’t Travel Alone | Friends,%,11.0692657914107
2010,EUROPE,UK,Amongst Those Who Didn’t Travel Alone | Children Aged 19 Years And Below,%,5.259887808083523
2010,EUROPE,UK,Amongst Those Who Didn’t Travel Alone | Parents/  Parents-in-Law,%,2.972655749715615
2010,EUROPE,UK,Amongst Those Who Didn’t Travel Alone | Siblings,%,2.783483694531952
2010,EUROPE,UK,Amongst Those Who Didn’t Travel Alone | Partner/ Boyfriend/ Girlfriend,%,11.32881409996195
2010,EUROPE,UK,Amongst Those Who Didn’t Travel Alone | Business Associates/ Colleagues,%,2.002853790414787
2010,EUROPE,UK,Amongst Those Who Didn’t Travel Alone | Relatives,%,2.337034062025878
2010,EUROPE,UK,Amongst Those Who Didn’t Travel Alone | Children Aged Above 19 Years,%,12.51830474653291
2010,EUROPE,UK,Average Family Size4 (Persons),%,2.088484547603212
2010,EUROPE,UK,Average Party Size (Persons),%,1.839855833894676
2010,AMERICAS,Canada,Alone,%,35.47959725181095
2010,AMERICAS,Canada,Amongst Those Who Didn’t Travel Alone | Spouse,%,58.0467383593488
2010,AMERICAS,Canada,Amongst Those Who Didn’t Travel Alone | Friends,%,15.09766173029551
2010,AMERICAS,Canada,Amongst Those Who Didn’t Travel Alone | Children Aged 19 Years And Below,%,11.06114897329429
2010,AMERICAS,Canada,Amongst Those Who Didn’t Travel Alone | Parents/  Parents-in-Law,%,9.567213475123104
2010,AMERICAS,Canada,Amongst Those Who Didn’t Travel Alone | Siblings,%,7.054294274077983
2010,AMERICAS,Canada,Amongst Those Who Didn’t Travel Alone | Partner/ Boyfriend/ Girlfriend,%,6.928990716509106
2010,AMERICAS,Canada,Amongst Those Who Didn’t Travel Alone | Business Associates/ Colleagues,%,2.977341197798861
2010,AMERICAS,Canada,Amongst Those Who Didn’t Travel Alone | Relatives,%,2.223407581406914
2010,AMERICAS,Canada,Amongst Those Who Didn’t Travel Alone | Children Aged Above 19 Years,%,18.98852559029813
2010,AMERICAS,Canada,Average Family Size4 (Persons),%,2.187541016374987
2010,AMERICAS,Canada,Average Party Size (Persons),%,2.433057672614698
2010,AMERICAS,USA,Alone,%,58.36242295127904
2010,AMERICAS,USA,Amongst Those Who Didn’t Travel Alone | Spouse,%,47.0943936505866
2010,AMERICAS,USA,Amongst Those Who Didn’t Travel Alone | Friends,%,16.3872971421823
2010,AMERICAS,USA,Amongst Those Who Didn’t Travel Alone | Children Aged 19 Years And Below,%,7.799209180195523
2010,AMERICAS,USA,Amongst Those Who Didn’t Travel Alone | Parents/  Parents-in-Law,%,6.853413035298598
2010,AMERICAS,USA,Amongst Those Who Didn’t Travel Alone | Siblings,%,5.271271133637399
2010,AMERICAS,USA,Amongst Those Who Didn’t Travel Alone | Partner/ Boyfriend/ Girlfriend,%,4.116199726700073
2010,AMERICAS,USA,Amongst Those Who Didn’t Travel Alone | Business Associates/ Colleagues,%,18.16773182903475
2010,AMERICAS,USA,Amongst Those Who Didn’t Travel Alone | Relatives,%,5.380953651903915
2010,AMERICAS,USA,Amongst Those Who Didn’t Travel Alone | Children Aged Above 19 Years,%,12.97608384844531
2010,AMERICAS,USA,Average Family Size4 (Persons),%,2.343276948491253
2010,AMERICAS,USA,Average Party Size (Persons),%,2.057408751990121
2010,OCEANIA,Australia,Alone,%,37.53848843625663
2010,OCEANIA,Australia,Amongst Those Who Didn’t Travel Alone | Spouse,%,62.5662184807306
2010,OCEANIA,Australia,Amongst Those Who Didn’t Travel Alone | Friends,%,11.44980917980662
2010,OCEANIA,Australia,Amongst Those Who Didn’t Travel Alone | Children Aged 19 Years And Below,%,10.62403280161264
2010,OCEANIA,Australia,Amongst Those Who Didn’t Travel Alone | Parents/  Parents-in-Law,%,9.696136409811077
2010,OCEANIA,Australia,Amongst Those Who Didn’t Travel Alone | Siblings,%,6.983484599221246
2010,OCEANIA,Australia,Amongst Those Who Didn’t Travel Alone | Partner/ Boyfriend/ Girlfriend,%,8.054701463092888
2010,OCEANIA,Australia,Amongst Those Who Didn’t Travel Alone | Business Associates/ Colleagues,%,2.301214601318792
2010,OCEANIA,Australia,Amongst Those Who Didn’t Travel Alone | Relatives,%,3.181196021241492
2010,OCEANIA,Australia,Amongst Those Who Didn’t Travel Alone | Children Aged Above 19 Years,%,15.57822440817794
2010,OCEANIA,Australia,Average Family Size4 (Persons),%,2.235010139885935
2010,OCEANIA,Australia,Average Party Size (Persons),%,2.234640291718616
2010,OCEANIA,New Zealand,Alone,%,44.27990963983485
2010,OCEANIA,New Zealand,Amongst Those Who Didn’t Travel Alone | Spouse,%,68.36584048968956
2010,OCEANIA,New Zealand,Amongst Those Who Didn’t Travel Alone | Friends,%,10.87767107741085
2010,OCEANIA,New Zealand,Amongst Those Who Didn’t Travel Alone | Children Aged 19 Years And Below,%,7.616558895556715
2010,OCEANIA,New Zealand,Amongst Those Who Didn’t Travel Alone | Parents/  Parents-in-Law,%,7.961211496698427
2010,OCEANIA,New Zealand,Amongst Those Who Didn’t Travel Alone | Siblings,%,3.182175304197288
2010,OCEANIA,New Zealand,Amongst Those Who Didn’t Travel Alone | Partner/ Boyfriend/ Girlfriend,%,6.463278286759943
2010,OCEANIA,New Zealand,Amongst Those Who Didn’t Travel Alone | Business Associates/ Colleagues,%,3.814891088642521
2010,OCEANIA,New Zealand,Amongst Those Who Didn’t Travel Alone | Relatives,%,1.431599646068539
2010,OCEANIA,New Zealand,Amongst Those Who Didn’t Travel Alone | Children Aged Above 19 Years,%,12.13595459431706
2010,OCEANIA,New Zealand,Average Family Size4 (Persons),%,2.113378776821208
2010,OCEANIA,New Zealand,Average Party Size (Persons),%,2.3934500199563
2010,AFRICA,South Africa (Rep of),Alone,%,37.40862960759075
2010,AFRICA,South Africa (Rep of),Amongst Those Who Didn’t Travel Alone | Spouse,%,73.091600258782
2010,AFRICA,South Africa (Rep of),Amongst Those Who Didn’t Travel Alone | Friends,%,2.157521564772992
2010,AFRICA,South Africa (Rep of),Amongst Those Who Didn’t Travel Alone | Children Aged 19 Years And Below,%,16.14192255300875
2010,AFRICA,South Africa (Rep of),Amongst Those Who Didn’t Travel Alone | Parents/  Parents-in-Law,%,7.624288933259614
2010,AFRICA,South Africa (Rep of),Amongst Those Who Didn’t Travel Alone | Siblings,%,3.710623270091035
2010,AFRICA,South Africa (Rep of),Amongst Those Who Didn’t Travel Alone | Partner/ Boyfriend/ Girlfriend,%,8.460204318461356
2010,AFRICA,South Africa (Rep of),Amongst Those Who Didn’t Travel Alone | Business Associates/ Colleagues,%,1.318049537752228
2010,AFRICA,South Africa (Rep of),Amongst Those Who Didn’t Travel Alone | Relatives,%,0.9916753664992952
2010,AFRICA,South Africa (Rep of),Amongst Those Who Didn’t Travel Alone | Children Aged Above 19 Years,%,25.94570054333722
2010,AFRICA,South Africa (Rep of),Average Family Size4 (Persons),%,2.097421468135731
2010,AFRICA,South Africa (Rep of),Average Party Size (Persons),%,1.947926406080706
2010,REMAINING,Others,Alone,%,42.41812555919807
2010,REMAINING,Others,Amongst Those Who Didn’t Travel Alone | Spouse,%,47.71611423491719
2010,REMAINING,Others,Amongst Those Who Didn’t Travel Alone | Friends,%,15.62324732992515
2010,REMAINING,Others,Amongst Those Who Didn’t Travel Alone | Children Aged 19 Years And Below,%,16.30148300066537
2010,REMAINING,Others,Amongst Those Who Didn’t Travel Alone | Parents/  Parents-in-Law,%,9.69223557606508
2010,REMAINING,Others,Amongst Those Who Didn’t Travel Alone | Siblings,%,6.106716065992833
2010,REMAINING,Others,Amongst Those Who Didn’t Travel Alone | Partner/ Boyfriend/ Girlfriend,%,7.092830138014584
2010,REMAINING,Others,Amongst Those Who Didn’t Travel Alone | Business Associates/ Colleagues,%,11.79352136471343
2010,REMAINING,Others,Amongst Those Who Didn’t Travel Alone | Relatives,%,5.266680751443615
2010,REMAINING,Others,Amongst Those Who Didn’t Travel Alone | Children Aged Above 19 Years,%,21.46524272146611
2010,REMAINING,Others,Average Family Size4 (Persons),%,2.339099808533765
2010,REMAINING,Others,Average Party Size (Persons),%,2.720012061389776
2009,SOUTHEAST ASIA,Indonesia,Alone,%,47.59128894249358
2009,SOUTHEAST ASIA,Indonesia,Amongst Those Who Didn’t Travel Alone | Spouse,%,39.46002987816372
2009,SOUTHEAST ASIA,Indonesia,Amongst Those Who Didn’t Travel Alone | Friends,%,14.64635961916394
2009,SOUTHEAST ASIA,Indonesia,Amongst Those Who Didn’t Travel Alone | Children Aged 19 Years And Below,%,13.93803903593824
2009,SOUTHEAST ASIA,Indonesia,Amongst Those Who Didn’t Travel Alone | Parents/  Parents-in-Law,%,17.9466562840327
2009,SOUTHEAST ASIA,Indonesia,Amongst Those Who Didn’t Travel Alone | Siblings,%,12.16225511477489
2009,SOUTHEAST ASIA,Indonesia,Amongst Those Who Didn’t Travel Alone | Partner/ Boyfriend/ Girlfriend,%,1.610061289965728
2009,SOUTHEAST ASIA,Indonesia,Amongst Those Who Didn’t Travel Alone | Business Associates/ Colleagues,%,6.746571271517008
2009,SOUTHEAST ASIA,Indonesia,Amongst Those Who Didn’t Travel Alone | Relatives,%,12.27464996691269
2009,SOUTHEAST ASIA,Indonesia,Amongst Those Who Didn’t Travel Alone | Children Aged Above 19 Years,%,26.71516607744453
2009,SOUTHEAST ASIA,Indonesia,Average Family Size4 (Persons),%,2.633741308200843
2009,SOUTHEAST ASIA,Indonesia,Average Party Size (Persons),%,2.669278700223435
2009,SOUTHEAST ASIA,Malaysia,Alone,%,59.92043095100689
2009,SOUTHEAST ASIA,Malaysia,Amongst Those Who Didn’t Travel Alone | Spouse,%,34.46598924655849
2009,SOUTHEAST ASIA,Malaysia,Amongst Those Who Didn’t Travel Alone | Friends,%,9.466906123706652
2009,SOUTHEAST ASIA,Malaysia,Amongst Those Who Didn’t Travel Alone | Children Aged 19 Years And Below,%,11.17248763461942
2009,SOUTHEAST ASIA,Malaysia,Amongst Those Who Didn’t Travel Alone | Parents/  Parents-in-Law,%,18.81341034267431
2009,SOUTHEAST ASIA,Malaysia,Amongst Those Who Didn’t Travel Alone | Siblings,%,9.087425908553536
2009,SOUTHEAST ASIA,Malaysia,Amongst Those Who Didn’t Travel Alone | Partner/ Boyfriend/ Girlfriend,%,3.790565943506895
2009,SOUTHEAST ASIA,Malaysia,Amongst Those Who Didn’t Travel Alone | Business Associates/ Colleagues,%,22.87818889636112
2009,SOUTHEAST ASIA,Malaysia,Amongst Those Who Didn’t Travel Alone | Relatives,%,6.053889576633865
2009,SOUTHEAST ASIA,Malaysia,Amongst Those Who Didn’t Travel Alone | Children Aged Above 19 Years,%,16.72092216574116
2009,SOUTHEAST ASIA,Malaysia,Average Family Size4 (Persons),%,2.52863569847143
2009,SOUTHEAST ASIA,Malaysia,Average Party Size (Persons),%,1.673092591569699
2009,SOUTHEAST ASIA,Philippines,Alone,%,43.97421634128698
2009,SOUTHEAST ASIA,Philippines,Amongst Those Who Didn’t Travel Alone | Spouse,%,27.00254172570621
2009,SOUTHEAST ASIA,Philippines,Amongst Those Who Didn’t Travel Alone | Friends,%,25.87886664620094
2009,SOUTHEAST ASIA,Philippines,Amongst Those Who Didn’t Travel Alone | Children Aged 19 Years And Below,%,9.524352929025373
2009,SOUTHEAST ASIA,Philippines,Amongst Those Who Didn’t Travel Alone | Parents/  Parents-in-Law,%,9.337640853979233
2009,SOUTHEAST ASIA,Philippines,Amongst Those Who Didn’t Travel Alone | Siblings,%,12.42086033963933
2009,SOUTHEAST ASIA,Philippines,Amongst Those Who Didn’t Travel Alone | Partner/ Boyfriend/ Girlfriend,%,8.11717604011023
2009,SOUTHEAST ASIA,Philippines,Amongst Those Who Didn’t Travel Alone | Business Associates/ Colleagues,%,10.97426828562091
2009,SOUTHEAST ASIA,Philippines,Amongst Those Who Didn’t Travel Alone | Relatives,%,18.63306223786528
2009,SOUTHEAST ASIA,Philippines,Amongst Those Who Didn’t Travel Alone | Children Aged Above 19 Years,%,20.17640876945546
2009,SOUTHEAST ASIA,Philippines,Average Family Size4 (Persons),%,3.124333552978863
2009,SOUTHEAST ASIA,Philippines,Average Party Size (Persons),%,2.516359873868759
2009,SOUTHEAST ASIA,Thailand,Alone,%,60.07699454225468
2009,SOUTHEAST ASIA,Thailand,Amongst Those Who Didn’t Travel Alone | Spouse,%,15.86755940597558
2009,SOUTHEAST ASIA,Thailand,Amongst Those Who Didn’t Travel Alone | Friends,%,19.48402757250397
2009,SOUTHEAST ASIA,Thailand,Amongst Those Who Didn’t Travel Alone | Children Aged 19 Years And Below,%,7.763423161034201
2009,SOUTHEAST ASIA,Thailand,Amongst Those Who Didn’t Travel Alone | Parents/  Parents-in-Law,%,9.472915367735208
2009,SOUTHEAST ASIA,Thailand,Amongst Those Who Didn’t Travel Alone | Siblings,%,6.963841015518142
2009,SOUTHEAST ASIA,Thailand,Amongst Those Who Didn’t Travel Alone | Partner/ Boyfriend/ Girlfriend,%,7.077000599085455
2009,SOUTHEAST ASIA,Thailand,Amongst Those Who Didn’t Travel Alone | Business Associates/ Colleagues,%,31.69658163054175
2009,SOUTHEAST ASIA,Thailand,Amongst Those Who Didn’t Travel Alone | Relatives,%,4.369952019534714
2009,SOUTHEAST ASIA,Thailand,Amongst Those Who Didn’t Travel Alone | Children Aged Above 19 Years,%,9.414875679842757
2009,SOUTHEAST ASIA,Thailand,Average Family Size4 (Persons),%,2.480709734394999
2009,SOUTHEAST ASIA,Thailand,Average Party Size (Persons),%,3.23346512743947
2009,SOUTHEAST ASIA,Vietnam,Alone,%,39.1724477702113
2009,SOUTHEAST ASIA,Vietnam,Amongst Those Who Didn’t Travel Alone | Spouse,%,22.83385325990002
2009,SOUTHEAST ASIA,Vietnam,Amongst Those Who Didn’t Travel Alone | Friends,%,14.58353369749709
2009,SOUTHEAST ASIA,Vietnam,Amongst Those Who Didn’t Travel Alone | Children Aged 19 Years And Below,%,4.933746274615959
2009,SOUTHEAST ASIA,Vietnam,Amongst Those Who Didn’t Travel Alone | Parents/  Parents-in-Law,%,10.41871915301013
2009,SOUTHEAST ASIA,Vietnam,Amongst Those Who Didn’t Travel Alone | Siblings,%,8.336033601443631
2009,SOUTHEAST ASIA,Vietnam,Amongst Those Who Didn’t Travel Alone | Partner/ Boyfriend/ Girlfriend,%,2.423083607846418
2009,SOUTHEAST ASIA,Vietnam,Amongst Those Who Didn’t Travel Alone | Business Associates/ Colleagues,%,12.97103542367499
2009,SOUTHEAST ASIA,Vietnam,Amongst Those Who Didn’t Travel Alone | Relatives,%,8.049906532197754
2009,SOUTHEAST ASIA,Vietnam,Amongst Those Who Didn’t Travel Alone | Children Aged Above 19 Years,%,12.59414222382772
2009,SOUTHEAST ASIA,Vietnam,Average Family Size4 (Persons),%,2.562388318481949
2009,SOUTHEAST ASIA,Vietnam,Average Party Size (Persons),%,6.362322227931394
2009,GREATER CHINA,China,Alone,%,37.75561039995954
2009,GREATER CHINA,China,Amongst Those Who Didn’t Travel Alone | Spouse,%,31.05827405013668
2009,GREATER CHINA,China,Amongst Those Who Didn’t Travel Alone | Friends,%,9.456979926818772
2009,GREATER CHINA,China,Amongst Those Who Didn’t Travel Alone | Children Aged 19 Years And Below,%,6.78401699439953
2009,GREATER CHINA,China,Amongst Those Who Didn’t Travel Alone | Parents/  Parents-in-Law,%,7.965108647802412
2009,GREATER CHINA,China,Amongst Those Who Didn’t Travel Alone | Siblings,%,3.000697142884377
2009,GREATER CHINA,China,Amongst Those Who Didn’t Travel Alone | Partner/ Boyfriend/ Girlfriend,%,0.8297324221569616
2009,GREATER CHINA,China,Amongst Those Who Didn’t Travel Alone | Business Associates/ Colleagues,%,20.99603336574551
2009,GREATER CHINA,China,Amongst Those Who Didn’t Travel Alone | Relatives,%,3.40271623002714
2009,GREATER CHINA,China,Amongst Those Who Didn’t Travel Alone | Children Aged Above 19 Years,%,11.97552881480314
2009,GREATER CHINA,China,Average Family Size4 (Persons),%,2.291323998971315
2009,GREATER CHINA,China,Average Party Size (Persons),%,5.78709890556082
2009,GREATER CHINA,Hong Kong SAR,Alone,%,50.01793474521627
2009,GREATER CHINA,Hong Kong SAR,Amongst Those Who Didn’t Travel Alone | Spouse,%,38.2636465777568
2009,GREATER CHINA,Hong Kong SAR,Amongst Those Who Didn’t Travel Alone | Friends,%,11.17436008340624
2009,GREATER CHINA,Hong Kong SAR,Amongst Those Who Didn’t Travel Alone | Children Aged 19 Years And Below,%,12.79031653542824
2009,GREATER CHINA,Hong Kong SAR,Amongst Those Who Didn’t Travel Alone | Parents/  Parents-in-Law,%,12.85104343126903
2009,GREATER CHINA,Hong Kong SAR,Amongst Those Who Didn’t Travel Alone | Siblings,%,4.929873980765065
2009,GREATER CHINA,Hong Kong SAR,Amongst Those Who Didn’t Travel Alone | Partner/ Boyfriend/ Girlfriend,%,3.465335490366825
2009,GREATER CHINA,Hong Kong SAR,Amongst Those Who Didn’t Travel Alone | Business Associates/ Colleagues,%,26.16402199825555
2009,GREATER CHINA,Hong Kong SAR,Amongst Those Who Didn’t Travel Alone | Relatives,%,4.455759152078719
2009,GREATER CHINA,Hong Kong SAR,Amongst Those Who Didn’t Travel Alone | Children Aged Above 19 Years,%,20.65558343268657
2009,GREATER CHINA,Hong Kong SAR,Average Family Size4 (Persons),%,2.461880144781419
2009,GREATER CHINA,Hong Kong SAR,Average Party Size (Persons),%,2.11705791277621
2009,GREATER CHINA,Taiwan,Alone,%,52.40022139309531
2009,GREATER CHINA,Taiwan,Amongst Those Who Didn’t Travel Alone | Spouse,%,23.78370941554756
2009,GREATER CHINA,Taiwan,Amongst Those Who Didn’t Travel Alone | Friends,%,10.53333588891728
2009,GREATER CHINA,Taiwan,Amongst Those Who Didn’t Travel Alone | Children Aged 19 Years And Below,%,8.729459692855338
2009,GREATER CHINA,Taiwan,Amongst Those Who Didn’t Travel Alone | Parents/  Parents-in-Law,%,6.544008286715695
2009,GREATER CHINA,Taiwan,Amongst Those Who Didn’t Travel Alone | Siblings,%,5.488848932909973
2009,GREATER CHINA,Taiwan,Amongst Those Who Didn’t Travel Alone | Partner/ Boyfriend/ Girlfriend,%,4.341694325658238
2009,GREATER CHINA,Taiwan,Amongst Those Who Didn’t Travel Alone | Business Associates/ Colleagues,%,32.07799485865153
2009,GREATER CHINA,Taiwan,Amongst Those Who Didn’t Travel Alone | Relatives,%,5.046032097973328
2009,GREATER CHINA,Taiwan,Amongst Those Who Didn’t Travel Alone | Children Aged Above 19 Years,%,19.03218409596332
2009,GREATER CHINA,Taiwan,Average Family Size4 (Persons),%,2.261027184106485
2009,GREATER CHINA,Taiwan,Average Party Size (Persons),%,4.231299549814207
2009,NORTH ASIA,Japan,Alone,%,59.4356921627687
2009,NORTH ASIA,Japan,Amongst Those Who Didn’t Travel Alone | Spouse,%,29.62212079131521
2009,NORTH ASIA,Japan,Amongst Those Who Didn’t Travel Alone | Friends,%,23.37414986097579
2009,NORTH ASIA,Japan,Amongst Those Who Didn’t Travel Alone | Children Aged 19 Years And Below,%,10.12908377041896
2009,NORTH ASIA,Japan,Amongst Those Who Didn’t Travel Alone | Parents/  Parents-in-Law,%,11.70002865416006
2009,NORTH ASIA,Japan,Amongst Those Who Didn’t Travel Alone | Siblings,%,4.43758625408806
2009,NORTH ASIA,Japan,Amongst Those Who Didn’t Travel Alone | Partner/ Boyfriend/ Girlfriend,%,6.083625426509416
2009,NORTH ASIA,Japan,Amongst Those Who Didn’t Travel Alone | Business Associates/ Colleagues,%,17.15294923143182
2009,NORTH ASIA,Japan,Amongst Those Who Didn’t Travel Alone | Relatives,%,1.153735782389081
2009,NORTH ASIA,Japan,Amongst Those Who Didn’t Travel Alone | Children Aged Above 19 Years,%,13.81362811480954
2009,NORTH ASIA,Japan,Average Family Size4 (Persons),%,2.237336127536492
2009,NORTH ASIA,Japan,Average Party Size (Persons),%,2.725039706690806
2009,NORTH ASIA,South Korea,Alone,%,53.20400667600219
2009,NORTH ASIA,South Korea,Amongst Those Who Didn’t Travel Alone | Spouse,%,30.99675677503281
2009,NORTH ASIA,South Korea,Amongst Those Who Didn’t Travel Alone | Friends,%,14.36849135763543
2009,NORTH ASIA,South Korea,Amongst Those Who Didn’t Travel Alone | Children Aged 19 Years And Below,%,12.00676061804071
2009,NORTH ASIA,South Korea,Amongst Those Who Didn’t Travel Alone | Parents/  Parents-in-Law,%,11.71520262066368
2009,NORTH ASIA,South Korea,Amongst Those Who Didn’t Travel Alone | Siblings,%,12.15140461581787
2009,NORTH ASIA,South Korea,Amongst Those Who Didn’t Travel Alone | Partner/ Boyfriend/ Girlfriend,%,1.489397746288275
2009,NORTH ASIA,South Korea,Amongst Those Who Didn’t Travel Alone | Business Associates/ Colleagues,%,27.94465086761939
2009,NORTH ASIA,South Korea,Amongst Those Who Didn’t Travel Alone | Relatives,%,2.073036738546989
2009,NORTH ASIA,South Korea,Amongst Those Who Didn’t Travel Alone | Children Aged Above 19 Years,%,16.44476614487436
2009,NORTH ASIA,South Korea,Average Family Size4 (Persons),%,2.374895208930169
2009,NORTH ASIA,South Korea,Average Party Size (Persons),%,2.557328677309842
2009,SOUTH ASIA,India,Alone,%,28.63206196433489
2009,SOUTH ASIA,India,Amongst Those Who Didn’t Travel Alone | Spouse,%,63.50685359032996
2009,SOUTH ASIA,India,Amongst Those Who Didn’t Travel Alone | Friends,%,12.11680349468177
2009,SOUTH ASIA,India,Amongst Those Who Didn’t Travel Alone | Children Aged 19 Years And Below,%,19.97627457588502
2009,SOUTH ASIA,India,Amongst Those Who Didn’t Travel Alone | Parents/  Parents-in-Law,%,12.07823855265737
2009,SOUTH ASIA,India,Amongst Those Who Didn’t Travel Alone | Siblings,%,7.345466393166216
2009,SOUTH ASIA,India,Amongst Those Who Didn’t Travel Alone | Business Associates/ Colleagues,%,5.15926026499403
2009,SOUTH ASIA,India,Amongst Those Who Didn’t Travel Alone | Relatives,%,5.79684271867669
2009,SOUTH ASIA,India,Amongst Those Who Didn’t Travel Alone | Children Aged Above 19 Years,%,32.12061140354873
2009,SOUTH ASIA,India,Average Family Size4 (Persons),%,2.502538940846625
2009,SOUTH ASIA,India,Average Party Size (Persons),%,4.045554506676542
2009,EUROPE,France,Alone,%,39.97424604529533
2009,EUROPE,France,Amongst Those Who Didn’t Travel Alone | Spouse,%,55.20715838961699
2009,EUROPE,France,Amongst Those Who Didn’t Travel Alone | Friends,%,9.734666062009303
2009,EUROPE,France,Amongst Those Who Didn’t Travel Alone | Children Aged 19 Years And Below,%,8.356797739310124
2009,EUROPE,France,Amongst Those Who Didn’t Travel Alone | Parents/  Parents-in-Law,%,2.047880175281237
2009,EUROPE,France,Amongst Those Who Didn’t Travel Alone | Siblings,%,2.178975803565337
2009,EUROPE,France,Amongst Those Who Didn’t Travel Alone | Partner/ Boyfriend/ Girlfriend,%,18.28928517813674
2009,EUROPE,France,Amongst Those Who Didn’t Travel Alone | Business Associates/ Colleagues,%,9.860783529181342
2009,EUROPE,France,Amongst Those Who Didn’t Travel Alone | Relatives,%,2.230726150700218
2009,EUROPE,France,Amongst Those Who Didn’t Travel Alone | Children Aged Above 19 Years,%,9.79856083513488
2009,EUROPE,France,Average Family Size4 (Persons),%,2.097557095970363
2009,EUROPE,France,Average Party Size (Persons),%,2.597818594056248
2009,EUROPE,Germany,Alone,%,35.4633235071305
2009,EUROPE,Germany,Amongst Those Who Didn’t Travel Alone | Spouse,%,58.92327716137373
2009,EUROPE,Germany,Amongst Those Who Didn’t Travel Alone | Friends,%,10.16970749845348
2009,EUROPE,Germany,Amongst Those Who Didn’t Travel Alone | Children Aged 19 Years And Below,%,7.253964869068783
2009,EUROPE,Germany,Amongst Those Who Didn’t Travel Alone | Parents/  Parents-in-Law,%,3.113497033736219
2009,EUROPE,Germany,Amongst Those Who Didn’t Travel Alone | Siblings,%,2.006539308934473
2009,EUROPE,Germany,Amongst Those Who Didn’t Travel Alone | Partner/ Boyfriend/ Girlfriend,%,15.35979681814954
2009,EUROPE,Germany,Amongst Those Who Didn’t Travel Alone | Business Associates/ Colleagues,%,7.620584806855993
2009,EUROPE,Germany,Amongst Those Who Didn’t Travel Alone | Relatives,%,1.321915453637756
2009,EUROPE,Germany,Amongst Those Who Didn’t Travel Alone | Children Aged Above 19 Years,%,9.03888240677805
2009,EUROPE,Germany,Average Family Size4 (Persons),%,2.060218232101959
2009,EUROPE,Germany,Average Party Size (Persons),%,2.022090904390855
2009,EUROPE,Italy,Alone,%,40.4448708206219
2009,EUROPE,Italy,Amongst Those Who Didn’t Travel Alone | Spouse,%,55.20267092436647
2009,EUROPE,Italy,Amongst Those Who Didn’t Travel Alone | Friends,%,15.49363087608867
2009,EUROPE,Italy,Amongst Those Who Didn’t Travel Alone | Children Aged 19 Years And Below,%,7.606817716381088
2009,EUROPE,Italy,Amongst Those Who Didn’t Travel Alone | Parents/  Parents-in-Law,%,1.629935732384092
2009,EUROPE,Italy,Amongst Those Who Didn’t Travel Alone | Siblings,%,3.449815247451768
2009,EUROPE,Italy,Amongst Those Who Didn’t Travel Alone | Partner/ Boyfriend/ Girlfriend,%,16.27044844623417
2009,EUROPE,Italy,Amongst Those Who Didn’t Travel Alone | Business Associates/ Colleagues,%,5.255364843455971
2009,EUROPE,Italy,Amongst Those Who Didn’t Travel Alone | Children Aged Above 19 Years,%,7.606817716381088
2009,EUROPE,Italy,Average Family Size4 (Persons),%,2.012982112778752
2009,EUROPE,Italy,Average Party Size (Persons),%,1.881542233280478
2009,EUROPE,Netherlands,Alone,%,35.13263824950972
2009,EUROPE,Netherlands,Amongst Those Who Didn’t Travel Alone | Spouse,%,53.5144627366006
2009,EUROPE,Netherlands,Amongst Those Who Didn’t Travel Alone | Friends,%,19.15312259973455
2009,EUROPE,Netherlands,Amongst Those Who Didn’t Travel Alone | Children Aged 19 Years And Below,%,11.94072427213191
2009,EUROPE,Netherlands,Amongst Those Who Didn’t Travel Alone | Parents/  Parents-in-Law,%,5.086736701629013
2009,EUROPE,Netherlands,Amongst Those Who Didn’t Travel Alone | Siblings,%,7.988678107580395
2009,EUROPE,Netherlands,Amongst Those Who Didn’t Travel Alone | Partner/ Boyfriend/ Girlfriend,%,14.2073940186854
2009,EUROPE,Netherlands,Amongst Those Who Didn’t Travel Alone | Business Associates/ Colleagues,%,5.931315201841798
2009,EUROPE,Netherlands,Amongst Those Who Didn’t Travel Alone | Relatives,%,4.47136084003655
2009,EUROPE,Netherlands,Amongst Those Who Didn’t Travel Alone | Children Aged Above 19 Years,%,13.24216144753736
2009,EUROPE,Netherlands,Average Family Size4 (Persons),%,2.474530150816648
2009,EUROPE,Netherlands,Average Party Size (Persons),%,2.114115216542483
2009,EUROPE,Switzerland,Alone,%,34.76656828934613
2009,EUROPE,Switzerland,Amongst Those Who Didn’t Travel Alone | Spouse,%,41.54932006685529
2009,EUROPE,Switzerland,Amongst Those Who Didn’t Travel Alone | Friends,%,19.27318869599212
2009,EUROPE,Switzerland,Amongst Those Who Didn’t Travel Alone | Children Aged 19 Years And Below,%,8.436516692659742
2009,EUROPE,Switzerland,Amongst Those Who Didn’t Travel Alone | Parents/  Parents-in-Law,%,7.562350758251374
2009,EUROPE,Switzerland,Amongst Those Who Didn’t Travel Alone | Siblings,%,1.436226545587016
2009,EUROPE,Switzerland,Amongst Those Who Didn’t Travel Alone | Partner/ Boyfriend/ Girlfriend,%,16.71497348516701
2009,EUROPE,Switzerland,Amongst Those Who Didn’t Travel Alone | Business Associates/ Colleagues,%,10.91027497675501
2009,EUROPE,Switzerland,Amongst Those Who Didn’t Travel Alone | Relatives,%,2.32810290312968
2009,EUROPE,Switzerland,Amongst Those Who Didn’t Travel Alone | Children Aged Above 19 Years,%,17.71556354989787
2009,EUROPE,Switzerland,Average Family Size4 (Persons),%,2.120313784495817
2009,EUROPE,Switzerland,Average Party Size (Persons),%,1.944148951795153
2009,EUROPE,UK,Alone,%,34.10336584595547
2009,EUROPE,UK,Amongst Those Who Didn’t Travel Alone | Spouse,%,59.76892495220448
2009,EUROPE,UK,Amongst Those Who Didn’t Travel Alone | Friends,%,16.43895151010759
2009,EUROPE,UK,Amongst Those Who Didn’t Travel Alone | Children Aged 19 Years And Below,%,5.596083030010417
2009,EUROPE,UK,Amongst Those Who Didn’t Travel Alone | Parents/  Parents-in-Law,%,3.60541276397835
2009,EUROPE,UK,Amongst Those Who Didn’t Travel Alone | Siblings,%,2.391786525449671
2009,EUROPE,UK,Amongst Those Who Didn’t Travel Alone | Partner/ Boyfriend/ Girlfriend,%,12.6794441569516
2009,EUROPE,UK,Amongst Those Who Didn’t Travel Alone | Business Associates/ Colleagues,%,3.173355360153111
2009,EUROPE,UK,Amongst Those Who Didn’t Travel Alone | Relatives,%,2.118737062511531
2009,EUROPE,UK,Amongst Those Who Didn’t Travel Alone | Children Aged Above 19 Years,%,10.77861564933177
2009,EUROPE,UK,Average Family Size4 (Persons),%,2.081721190941773
2009,EUROPE,UK,Average Party Size (Persons),%,1.877638325874548
2009,AMERICAS,Canada,Alone,%,45.46548791960564
2009,AMERICAS,Canada,Amongst Those Who Didn’t Travel Alone | Spouse,%,68.79299188995071
2009,AMERICAS,Canada,Amongst Those Who Didn’t Travel Alone | Friends,%,7.820870996953455
2009,AMERICAS,Canada,Amongst Those Who Didn’t Travel Alone | Children Aged 19 Years And Below,%,5.287795567988208
2009,AMERICAS,Canada,Amongst Those Who Didn’t Travel Alone | Parents/  Parents-in-Law,%,4.528370354249782
2009,AMERICAS,Canada,Amongst Those Who Didn’t Travel Alone | Siblings,%,3.730279007624123
2009,AMERICAS,Canada,Amongst Those Who Didn’t Travel Alone | Partner/ Boyfriend/ Girlfriend,%,3.422977764316338
2009,AMERICAS,Canada,Amongst Those Who Didn’t Travel Alone | Business Associates/ Colleagues,%,4.396238141154035
2009,AMERICAS,Canada,Amongst Those Who Didn’t Travel Alone | Relatives,%,8.640287732053146
2009,AMERICAS,Canada,Amongst Those Who Didn’t Travel Alone | Children Aged Above 19 Years,%,15.8143329864913
2009,AMERICAS,Canada,Average Family Size4 (Persons),%,2.244806060069968
2009,AMERICAS,Canada,Average Party Size (Persons),%,2.695153204207974
2009,AMERICAS,USA,Alone,%,62.03468027002864
2009,AMERICAS,USA,Amongst Those Who Didn’t Travel Alone | Spouse,%,48.18398846946284
2009,AMERICAS,USA,Amongst Those Who Didn’t Travel Alone | Friends,%,13.41699153340431
2009,AMERICAS,USA,Amongst Those Who Didn’t Travel Alone | Children Aged 19 Years And Below,%,6.439587378539901
2009,AMERICAS,USA,Amongst Those Who Didn’t Travel Alone | Parents/  Parents-in-Law,%,8.239987579690258
2009,AMERICAS,USA,Amongst Those Who Didn’t Travel Alone | Siblings,%,3.835944186268393
2009,AMERICAS,USA,Amongst Those Who Didn’t Travel Alone | Partner/ Boyfriend/ Girlfriend,%,8.608666435855492
2009,AMERICAS,USA,Amongst Those Who Didn’t Travel Alone | Business Associates/ Colleagues,%,14.50647837991123
2009,AMERICAS,USA,Amongst Those Who Didn’t Travel Alone | Relatives,%,3.226467189718393
2009,AMERICAS,USA,Amongst Those Who Didn’t Travel Alone | Children Aged Above 19 Years,%,8.267829427636084
2009,AMERICAS,USA,Average Family Size4 (Persons),%,2.176271555905497
2009,AMERICAS,USA,Average Party Size (Persons),%,1.82721095662753
2009,OCEANIA,Australia,Alone,%,37.42307865564057
2009,OCEANIA,Australia,Amongst Those Who Didn’t Travel Alone | Spouse,%,63.11586920296546
2009,OCEANIA,Australia,Amongst Those Who Didn’t Travel Alone | Friends,%,11.80780333327058
2009,OCEANIA,Australia,Amongst Those Who Didn’t Travel Alone | Children Aged 19 Years And Below,%,13.37977949457276
2009,OCEANIA,Australia,Amongst Those Who Didn’t Travel Alone | Parents/  Parents-in-Law,%,6.155554004341068
2009,OCEANIA,Australia,Amongst Those Who Didn’t Travel Alone | Siblings,%,3.515883772585535
2009,OCEANIA,Australia,Amongst Those Who Didn’t Travel Alone | Partner/ Boyfriend/ Girlfriend,%,9.268357506808265
2009,OCEANIA,Australia,Amongst Those Who Didn’t Travel Alone | Business Associates/ Colleagues,%,3.791819352135838
2009,OCEANIA,Australia,Amongst Those Who Didn’t Travel Alone | Relatives,%,2.584215808915103
2009,OCEANIA,Australia,Amongst Those Who Didn’t Travel Alone | Children Aged Above 19 Years,%,19.22389799704547
2009,OCEANIA,Australia,Average Family Size4 (Persons),%,2.126247114149569
2009,OCEANIA,Australia,Average Party Size (Persons),%,2.188922804401926
2009,OCEANIA,New Zealand,Alone,%,45.79173544152292
2009,OCEANIA,New Zealand,Amongst Those Who Didn’t Travel Alone | Spouse,%,75.0589945632712
2009,OCEANIA,New Zealand,Amongst Those Who Didn’t Travel Alone | Friends,%,9.268864701488202
2009,OCEANIA,New Zealand,Amongst Those Who Didn’t Travel Alone | Children Aged 19 Years And Below,%,7.974304988740635
2009,OCEANIA,New Zealand,Amongst Those Who Didn’t Travel Alone | Parents/  Parents-in-Law,%,3.765595059839267
2009,OCEANIA,New Zealand,Amongst Those Who Didn’t Travel Alone | Siblings,%,0.5336090851502541
2009,OCEANIA,New Zealand,Amongst Those Who Didn’t Travel Alone | Partner/ Boyfriend/ Girlfriend,%,5.094468913271132
2009,OCEANIA,New Zealand,Amongst Those Who Didn’t Travel Alone | Business Associates/ Colleagues,%,2.523222047803805
2009,OCEANIA,New Zealand,Amongst Those Who Didn’t Travel Alone | Children Aged Above 19 Years,%,11.84167896040014
2009,OCEANIA,New Zealand,Average Family Size4 (Persons),%,2.009668707728459
2009,OCEANIA,New Zealand,Average Party Size (Persons),%,1.86919057207454
2009,AFRICA,South Africa (Rep of),Alone,%,43.90589548488843
2009,AFRICA,South Africa (Rep of),Amongst Those Who Didn’t Travel Alone | Spouse,%,65.54255896525979
2009,AFRICA,South Africa (Rep of),Amongst Those Who Didn’t Travel Alone | Friends,%,13.97267786980368
2009,AFRICA,South Africa (Rep of),Amongst Those Who Didn’t Travel Alone | Children Aged 19 Years And Below,%,10.63334861394281
2009,AFRICA,South Africa (Rep of),Amongst Those Who Didn’t Travel Alone | Parents/  Parents-in-Law,%,5.582670744333395
2009,AFRICA,South Africa (Rep of),Amongst Those Who Didn’t Travel Alone | Siblings,%,2.13621608754835
2009,AFRICA,South Africa (Rep of),Amongst Those Who Didn’t Travel Alone | Partner/ Boyfriend/ Girlfriend,%,2.160949850902048
2009,AFRICA,South Africa (Rep of),Amongst Those Who Didn’t Travel Alone | Business Associates/ Colleagues,%,7.826934324426847
2009,AFRICA,South Africa (Rep of),Amongst Those Who Didn’t Travel Alone | Relatives,%,4.561589395356711
2009,AFRICA,South Africa (Rep of),Amongst Those Who Didn’t Travel Alone | Children Aged Above 19 Years,%,20.99712090339698
2009,AFRICA,South Africa (Rep of),Average Family Size4 (Persons),%,2.172627284294664
2009,AFRICA,South Africa (Rep of),Average Party Size (Persons),%,1.812372885184518
2009,REMAINING,Others,Alone,%,46.2677579406873
2009,REMAINING,Others,Amongst Those Who Didn’t Travel Alone | Spouse,%,46.23355535958099
2009,REMAINING,Others,Amongst Those Who Didn’t Travel Alone | Friends,%,14.90544344810434
2009,REMAINING,Others,Amongst Those Who Didn’t Travel Alone | Children Aged 19 Years And Below,%,13.18698718759138
2009,REMAINING,Others,Amongst Those Who Didn’t Travel Alone | Parents/  Parents-in-Law,%,7.642561124835266
2009,REMAINING,Others,Amongst Those Who Didn’t Travel Alone | Siblings,%,5.472161690267625
2009,REMAINING,Others,Amongst Those Who Didn’t Travel Alone | Partner/ Boyfriend/ Girlfriend,%,7.553786807016891
2009,REMAINING,Others,Amongst Those Who Didn’t Travel Alone | Business Associates/ Colleagues,%,14.17317384436026
2009,REMAINING,Others,Amongst Those Who Didn’t Travel Alone | Relatives,%,3.72240691534233
2009,REMAINING,Others,Amongst Those Who Didn’t Travel Alone | Children Aged Above 19 Years,%,19.35911096949189
2009,REMAINING,Others,Average Family Size4 (Persons),%,2.216827517759371
2009,REMAINING,Others,Average Party Size (Persons),%,2.153976806598815
2008,SOUTHEAST ASIA,Indonesia,Alone,%,48.89130219281172
2008,SOUTHEAST ASIA,Indonesia,Amongst Those Who Didn’t Travel Alone | Spouse,%,40.99202663981913
2008,SOUTHEAST ASIA,Indonesia,Amongst Those Who Didn’t Travel Alone | Friends,%,15.23731428955367
2008,SOUTHEAST ASIA,Indonesia,Amongst Those Who Didn’t Travel Alone | Children Aged 19 Years And Below,%,13.59529663684432
2008,SOUTHEAST ASIA,Indonesia,Amongst Those Who Didn’t Travel Alone | Parents/  Parents-in-Law,%,18.96937084179022
2008,SOUTHEAST ASIA,Indonesia,Amongst Those Who Didn’t Travel Alone | Siblings,%,10.98964193787859
2008,SOUTHEAST ASIA,Indonesia,Amongst Those Who Didn’t Travel Alone | Partner/ Boyfriend/ Girlfriend,%,1.436577889278497
2008,SOUTHEAST ASIA,Indonesia,Amongst Those Who Didn’t Travel Alone | Business Associates/ Colleagues,%,7.049255586240004
2008,SOUTHEAST ASIA,Indonesia,Amongst Those Who Didn’t Travel Alone | Relatives,%,7.31684403654283
2008,SOUTHEAST ASIA,Indonesia,Amongst Those Who Didn’t Travel Alone | Children Aged Above 19 Years,%,27.69664221942544
2008,SOUTHEAST ASIA,Indonesia,Average Family Size4 (Persons),%,2.347664570547548
2008,SOUTHEAST ASIA,Indonesia,Average Party Size (Persons),%,2.000643990293395
2008,SOUTHEAST ASIA,Malaysia,Alone,%,55.76625985805315
2008,SOUTHEAST ASIA,Malaysia,Amongst Those Who Didn’t Travel Alone | Spouse,%,37.81776139778183
2008,SOUTHEAST ASIA,Malaysia,Amongst Those Who Didn’t Travel Alone | Friends,%,13.35556970992123
2008,SOUTHEAST ASIA,Malaysia,Amongst Those Who Didn’t Travel Alone | Children Aged 19 Years And Below,%,9.00361024591501
2008,SOUTHEAST ASIA,Malaysia,Amongst Those Who Didn’t Travel Alone | Parents/  Parents-in-Law,%,8.901988624734065
2008,SOUTHEAST ASIA,Malaysia,Amongst Those Who Didn’t Travel Alone | Siblings,%,4.740243168166984
2008,SOUTHEAST ASIA,Malaysia,Amongst Those Who Didn’t Travel Alone | Partner/ Boyfriend/ Girlfriend,%,2.547740622045593
2008,SOUTHEAST ASIA,Malaysia,Amongst Those Who Didn’t Travel Alone | Business Associates/ Colleagues,%,27.60171739693641
2008,SOUTHEAST ASIA,Malaysia,Amongst Those Who Didn’t Travel Alone | Relatives,%,3.048571207739181
2008,SOUTHEAST ASIA,Malaysia,Amongst Those Who Didn’t Travel Alone | Children Aged Above 19 Years,%,22.89054451579955
2008,SOUTHEAST ASIA,Malaysia,Average Family Size4 (Persons),%,2.168853063283607
2008,SOUTHEAST ASIA,Malaysia,Average Party Size (Persons),%,1.847914300858949
2008,SOUTHEAST ASIA,Philippines,Alone,%,46.2978025879492
2008,SOUTHEAST ASIA,Philippines,Amongst Those Who Didn’t Travel Alone | Spouse,%,27.62387763910323
2008,SOUTHEAST ASIA,Philippines,Amongst Those Who Didn’t Travel Alone | Friends,%,21.10896498941956
2008,SOUTHEAST ASIA,Philippines,Amongst Those Who Didn’t Travel Alone | Children Aged 19 Years And Below,%,9.76119032906388
2008,SOUTHEAST ASIA,Philippines,Amongst Those Who Didn’t Travel Alone | Parents/  Parents-in-Law,%,9.888103449445357
2008,SOUTHEAST ASIA,Philippines,Amongst Those Who Didn’t Travel Alone | Siblings,%,12.81430656738558
2008,SOUTHEAST ASIA,Philippines,Amongst Those Who Didn’t Travel Alone | Partner/ Boyfriend/ Girlfriend,%,3.468223962831364
2008,SOUTHEAST ASIA,Philippines,Amongst Those Who Didn’t Travel Alone | Business Associates/ Colleagues,%,24.91100349680689
2008,SOUTHEAST ASIA,Philippines,Amongst Those Who Didn’t Travel Alone | Relatives,%,8.869111996207286
2008,SOUTHEAST ASIA,Philippines,Amongst Those Who Didn’t Travel Alone | Children Aged Above 19 Years,%,13.61509234035734
2008,SOUTHEAST ASIA,Philippines,Average Family Size4 (Persons),%,2.655182586883457
2008,SOUTHEAST ASIA,Philippines,Average Party Size (Persons),%,2.716244519036102
2008,SOUTHEAST ASIA,Thailand,Alone,%,57.02284827067315
2008,SOUTHEAST ASIA,Thailand,Amongst Those Who Didn’t Travel Alone | Spouse,%,24.52951255664631
2008,SOUTHEAST ASIA,Thailand,Amongst Those Who Didn’t Travel Alone | Friends,%,18.59726979283553
2008,SOUTHEAST ASIA,Thailand,Amongst Those Who Didn’t Travel Alone | Children Aged 19 Years And Below,%,8.892725198490028
2008,SOUTHEAST ASIA,Thailand,Amongst Those Who Didn’t Travel Alone | Parents/  Parents-in-Law,%,9.063394567110889
2008,SOUTHEAST ASIA,Thailand,Amongst Those Who Didn’t Travel Alone | Siblings,%,7.753060693165557
2008,SOUTHEAST ASIA,Thailand,Amongst Those Who Didn’t Travel Alone | Partner/ Boyfriend/ Girlfriend,%,7.011783682828254
2008,SOUTHEAST ASIA,Thailand,Amongst Those Who Didn’t Travel Alone | Business Associates/ Colleagues,%,32.02555590449451
2008,SOUTHEAST ASIA,Thailand,Amongst Those Who Didn’t Travel Alone | Relatives,%,1.916665841004813
2008,SOUTHEAST ASIA,Thailand,Amongst Those Who Didn’t Travel Alone | Children Aged Above 19 Years,%,10.155555600033
2008,SOUTHEAST ASIA,Thailand,Average Family Size4 (Persons),%,2.255972479032133
2008,SOUTHEAST ASIA,Thailand,Average Party Size (Persons),%,2.806012745436514
2008,SOUTHEAST ASIA,Vietnam,Alone,%,39.00460112689974
2008,SOUTHEAST ASIA,Vietnam,Amongst Those Who Didn’t Travel Alone | Spouse,%,24.33854354047102
2008,SOUTHEAST ASIA,Vietnam,Amongst Those Who Didn’t Travel Alone | Friends,%,19.77669050870312
2008,SOUTHEAST ASIA,Vietnam,Amongst Those Who Didn’t Travel Alone | Children Aged 19 Years And Below,%,6.821991361937701
2008,SOUTHEAST ASIA,Vietnam,Amongst Those Who Didn’t Travel Alone | Parents/  Parents-in-Law,%,9.459671617757383
2008,SOUTHEAST ASIA,Vietnam,Amongst Those Who Didn’t Travel Alone | Siblings,%,10.55654309726867
2008,SOUTHEAST ASIA,Vietnam,Amongst Those Who Didn’t Travel Alone | Partner/ Boyfriend/ Girlfriend,%,1.127801210503888
2008,SOUTHEAST ASIA,Vietnam,Amongst Those Who Didn’t Travel Alone | Business Associates/ Colleagues,%,17.68875425580626
2008,SOUTHEAST ASIA,Vietnam,Amongst Those Who Didn’t Travel Alone | Relatives,%,4.896089775177994
2008,SOUTHEAST ASIA,Vietnam,Amongst Those Who Didn’t Travel Alone | Children Aged Above 19 Years,%,15.41963791777049
2008,SOUTHEAST ASIA,Vietnam,Average Family Size4 (Persons),%,2.272228682034752
2008,SOUTHEAST ASIA,Vietnam,Average Party Size (Persons),%,4.017610852028288
2008,GREATER CHINA,China,Alone,%,35.1537228783009
2008,GREATER CHINA,China,Amongst Those Who Didn’t Travel Alone | Spouse,%,29.85196983523755
2008,GREATER CHINA,China,Amongst Those Who Didn’t Travel Alone | Friends,%,13.28626704815455
2008,GREATER CHINA,China,Amongst Those Who Didn’t Travel Alone | Children Aged 19 Years And Below,%,5.75990828571339
2008,GREATER CHINA,China,Amongst Those Who Didn’t Travel Alone | Parents/  Parents-in-Law,%,5.453923534079437
2008,GREATER CHINA,China,Amongst Those Who Didn’t Travel Alone | Siblings,%,1.950943359470257
2008,GREATER CHINA,China,Amongst Those Who Didn’t Travel Alone | Partner/ Boyfriend/ Girlfriend,%,0.8057557362642045
2008,GREATER CHINA,China,Amongst Those Who Didn’t Travel Alone | Business Associates/ Colleagues,%,23.67699635209119
2008,GREATER CHINA,China,Amongst Those Who Didn’t Travel Alone | Relatives,%,3.219885477572938
2008,GREATER CHINA,China,Amongst Those Who Didn’t Travel Alone | Children Aged Above 19 Years,%,11.79773839125185
2008,GREATER CHINA,China,Average Family Size4 (Persons),%,2.221823946348495
2008,GREATER CHINA,China,Average Party Size (Persons),%,5.779401914688056
2008,GREATER CHINA,Hong Kong SAR,Alone,%,54.59683888596602
2008,GREATER CHINA,Hong Kong SAR,Amongst Those Who Didn’t Travel Alone | Spouse,%,41.44316405297137
2008,GREATER CHINA,Hong Kong SAR,Amongst Those Who Didn’t Travel Alone | Friends,%,14.73695636832631
2008,GREATER CHINA,Hong Kong SAR,Amongst Those Who Didn’t Travel Alone | Children Aged 19 Years And Below,%,10.54136401377457
2008,GREATER CHINA,Hong Kong SAR,Amongst Those Who Didn’t Travel Alone | Parents/  Parents-in-Law,%,6.730142464904214
2008,GREATER CHINA,Hong Kong SAR,Amongst Those Who Didn’t Travel Alone | Siblings,%,6.178044683381537
2008,GREATER CHINA,Hong Kong SAR,Amongst Those Who Didn’t Travel Alone | Partner/ Boyfriend/ Girlfriend,%,6.077732761937369
2008,GREATER CHINA,Hong Kong SAR,Amongst Those Who Didn’t Travel Alone | Business Associates/ Colleagues,%,27.6939299585233
2008,GREATER CHINA,Hong Kong SAR,Amongst Those Who Didn’t Travel Alone | Relatives,%,3.241098390793883
2008,GREATER CHINA,Hong Kong SAR,Amongst Those Who Didn’t Travel Alone | Children Aged Above 19 Years,%,16.27296940122952
2008,GREATER CHINA,Hong Kong SAR,Average Family Size4 (Persons),%,2.292861140225024
2008,GREATER CHINA,Hong Kong SAR,Average Party Size (Persons),%,2.025315088362587
2008,GREATER CHINA,Taiwan,Alone,%,44.79987994465579
2008,GREATER CHINA,Taiwan,Amongst Those Who Didn’t Travel Alone | Spouse,%,24.71343157645588
2008,GREATER CHINA,Taiwan,Amongst Those Who Didn’t Travel Alone | Friends,%,18.03817907996719
2008,GREATER CHINA,Taiwan,Amongst Those Who Didn’t Travel Alone | Children Aged 19 Years And Below,%,11.31051984765213
2008,GREATER CHINA,Taiwan,Amongst Those Who Didn’t Travel Alone | Parents/  Parents-in-Law,%,6.167351289978009
2008,GREATER CHINA,Taiwan,Amongst Those Who Didn’t Travel Alone | Siblings,%,9.104849441292526
2008,GREATER CHINA,Taiwan,Amongst Those Who Didn’t Travel Alone | Partner/ Boyfriend/ Girlfriend,%,2.841677650287616
2008,GREATER CHINA,Taiwan,Amongst Those Who Didn’t Travel Alone | Business Associates/ Colleagues,%,26.44627375328906
2008,GREATER CHINA,Taiwan,Amongst Those Who Didn’t Travel Alone | Relatives,%,3.307740233092608
2008,GREATER CHINA,Taiwan,Amongst Those Who Didn’t Travel Alone | Children Aged Above 19 Years,%,21.88537832715968
2008,GREATER CHINA,Taiwan,Average Family Size4 (Persons),%,2.424042064130751
2008,GREATER CHINA,Taiwan,Average Party Size (Persons),%,3.22040188530572
2008,NORTH ASIA,Japan,Alone,%,56.40269704303918
2008,NORTH ASIA,Japan,Amongst Those Who Didn’t Travel Alone | Spouse,%,28.88079960208386
2008,NORTH ASIA,Japan,Amongst Those Who Didn’t Travel Alone | Friends,%,19.96297744005877
2008,NORTH ASIA,Japan,Amongst Those Who Didn’t Travel Alone | Children Aged 19 Years And Below,%,6.054016317272414
2008,NORTH ASIA,Japan,Amongst Those Who Didn’t Travel Alone | Parents/  Parents-in-Law,%,18.93705119627366
2008,NORTH ASIA,Japan,Amongst Those Who Didn’t Travel Alone | Siblings,%,18.70789786889019
2008,NORTH ASIA,Japan,Amongst Those Who Didn’t Travel Alone | Partner/ Boyfriend/ Girlfriend,%,1.360389854222112
2008,NORTH ASIA,Japan,Amongst Those Who Didn’t Travel Alone | Business Associates/ Colleagues,%,16.48792449989935
2008,NORTH ASIA,Japan,Amongst Those Who Didn’t Travel Alone | Relatives,%,1.372909522780078
2008,NORTH ASIA,Japan,Amongst Those Who Didn’t Travel Alone | Children Aged Above 19 Years,%,15.08271858582535
2008,NORTH ASIA,Japan,Average Family Size4 (Persons),%,2.396388593754156
2008,NORTH ASIA,Japan,Average Party Size (Persons),%,1.828216235284163
2008,NORTH ASIA,South Korea,Alone,%,37.11581537207632
2008,NORTH ASIA,South Korea,Amongst Those Who Didn’t Travel Alone | Spouse,%,32.53054248559523
2008,NORTH ASIA,South Korea,Amongst Those Who Didn’t Travel Alone | Friends,%,19.20059321858888
2008,NORTH ASIA,South Korea,Amongst Those Who Didn’t Travel Alone | Children Aged 19 Years And Below,%,8.239501998847045
2008,NORTH ASIA,South Korea,Amongst Those Who Didn’t Travel Alone | Parents/  Parents-in-Law,%,4.763342920672722
2008,NORTH ASIA,South Korea,Amongst Those Who Didn’t Travel Alone | Siblings,%,6.151580544867088
2008,NORTH ASIA,South Korea,Amongst Those Who Didn’t Travel Alone | Partner/ Boyfriend/ Girlfriend,%,1.32338721988508
2008,NORTH ASIA,South Korea,Amongst Those Who Didn’t Travel Alone | Business Associates/ Colleagues,%,28.96513259805643
2008,NORTH ASIA,South Korea,Amongst Those Who Didn’t Travel Alone | Children Aged Above 19 Years,%,10.78509978787028
2008,NORTH ASIA,South Korea,Average Family Size4 (Persons),%,2.14238849435214
2008,NORTH ASIA,South Korea,Average Party Size (Persons),%,4.017991713130725
2008,SOUTH ASIA,India,Alone,%,36.9228650357413
2008,SOUTH ASIA,India,Amongst Those Who Didn’t Travel Alone | Spouse,%,64.68150701223188
2008,SOUTH ASIA,India,Amongst Those Who Didn’t Travel Alone | Friends,%,11.30147508325384
2008,SOUTH ASIA,India,Amongst Those Who Didn’t Travel Alone | Children Aged 19 Years And Below,%,20.4914608122651
2008,SOUTH ASIA,India,Amongst Those Who Didn’t Travel Alone | Parents/  Parents-in-Law,%,11.98680667269672
2008,SOUTH ASIA,India,Amongst Those Who Didn’t Travel Alone | Siblings,%,6.174058888056226
2008,SOUTH ASIA,India,Amongst Those Who Didn’t Travel Alone | Business Associates/ Colleagues,%,7.760316595083466
2008,SOUTH ASIA,India,Amongst Those Who Didn’t Travel Alone | Relatives,%,5.610433613645034
2008,SOUTH ASIA,India,Amongst Those Who Didn’t Travel Alone | Children Aged Above 19 Years,%,32.59701688148438
2008,SOUTH ASIA,India,Average Family Size4 (Persons),%,2.389556223850772
2008,SOUTH ASIA,India,Average Party Size (Persons),%,2.875598080801595
2008,EUROPE,France,Alone,%,47.63121571599601
2008,EUROPE,France,Amongst Those Who Didn’t Travel Alone | Spouse,%,49.59023803889922
2008,EUROPE,France,Amongst Those Who Didn’t Travel Alone | Friends,%,16.86918124616897
2008,EUROPE,France,Amongst Those Who Didn’t Travel Alone | Children Aged 19 Years And Below,%,11.58213903467273
2008,EUROPE,France,Amongst Those Who Didn’t Travel Alone | Parents/  Parents-in-Law,%,2.566537474452495
2008,EUROPE,France,Amongst Those Who Didn’t Travel Alone | Siblings,%,1.924122454891911
2008,EUROPE,France,Amongst Those Who Didn’t Travel Alone | Partner/ Boyfriend/ Girlfriend,%,11.82355692740789
2008,EUROPE,France,Amongst Those Who Didn’t Travel Alone | Business Associates/ Colleagues,%,16.10794670405131
2008,EUROPE,France,Amongst Those Who Didn’t Travel Alone | Relatives,%,2.311852331757749
2008,EUROPE,France,Amongst Those Who Didn’t Travel Alone | Children Aged Above 19 Years,%,15.6378383847479
2008,EUROPE,France,Average Family Size4 (Persons),%,2.089845199086954
2008,EUROPE,France,Average Party Size (Persons),%,1.721099655157399
2008,EUROPE,Germany,Alone,%,39.23729456809499
2008,EUROPE,Germany,Amongst Those Who Didn’t Travel Alone | Spouse,%,46.75050447504947
2008,EUROPE,Germany,Amongst Those Who Didn’t Travel Alone | Friends,%,16.81982637252713
2008,EUROPE,Germany,Amongst Those Who Didn’t Travel Alone | Children Aged 19 Years And Below,%,6.123820174468195
2008,EUROPE,Germany,Amongst Those Who Didn’t Travel Alone | Parents/  Parents-in-Law,%,2.346062447404075
2008,EUROPE,Germany,Amongst Those Who Didn’t Travel Alone | Siblings,%,5.550064323231652
2008,EUROPE,Germany,Amongst Those Who Didn’t Travel Alone | Partner/ Boyfriend/ Girlfriend,%,14.99652758961108
2008,EUROPE,Germany,Amongst Those Who Didn’t Travel Alone | Business Associates/ Colleagues,%,10.62593516610254
2008,EUROPE,Germany,Amongst Those Who Didn’t Travel Alone | Relatives,%,1.629006914803645
2008,EUROPE,Germany,Amongst Those Who Didn’t Travel Alone | Children Aged Above 19 Years,%,10.2458736132289
2008,EUROPE,Germany,Average Family Size4 (Persons),%,2.062938720610084
2008,EUROPE,Germany,Average Party Size (Persons),%,1.779822818165947
2008,EUROPE,Italy,Alone,%,43.36322409853379
2008,EUROPE,Italy,Amongst Those Who Didn’t Travel Alone | Spouse,%,53.54164454432249
2008,EUROPE,Italy,Amongst Those Who Didn’t Travel Alone | Friends,%,10.0983581660179
2008,EUROPE,Italy,Amongst Those Who Didn’t Travel Alone | Children Aged 19 Years And Below,%,6.715092302663103
2008,EUROPE,Italy,Amongst Those Who Didn’t Travel Alone | Parents/  Parents-in-Law,%,5.032213800933381
2008,EUROPE,Italy,Amongst Those Who Didn’t Travel Alone | Siblings,%,10.06088738845678
2008,EUROPE,Italy,Amongst Those Who Didn’t Travel Alone | Partner/ Boyfriend/ Girlfriend,%,8.235449823324366
2008,EUROPE,Italy,Amongst Those Who Didn’t Travel Alone | Business Associates/ Colleagues,%,15.17720607760543
2008,EUROPE,Italy,Amongst Those Who Didn’t Travel Alone | Relatives,%,0.9015743484090823
2008,EUROPE,Italy,Amongst Those Who Didn’t Travel Alone | Children Aged Above 19 Years,%,6.715092302663103
2008,EUROPE,Italy,Average Family Size4 (Persons),%,2.054093563951012
2008,EUROPE,Italy,Average Party Size (Persons),%,1.681967677855251
2008,EUROPE,Netherlands,Alone,%,48.33577383091121
2008,EUROPE,Netherlands,Amongst Those Who Didn’t Travel Alone | Spouse,%,51.14422721029357
2008,EUROPE,Netherlands,Amongst Those Who Didn’t Travel Alone | Friends,%,8.591347067109115
2008,EUROPE,Netherlands,Amongst Those Who Didn’t Travel Alone | Children Aged 19 Years And Below,%,7.596303978307408
2008,EUROPE,Netherlands,Amongst Those Who Didn’t Travel Alone | Parents/  Parents-in-Law,%,2.045543947052723
2008,EUROPE,Netherlands,Amongst Those Who Didn’t Travel Alone | Siblings,%,2.084274982720054
2008,EUROPE,Netherlands,Amongst Those Who Didn’t Travel Alone | Partner/ Boyfriend/ Girlfriend,%,8.015805872235997
2008,EUROPE,Netherlands,Amongst Those Who Didn’t Travel Alone | Business Associates/ Colleagues,%,24.13538117960977
2008,EUROPE,Netherlands,Amongst Those Who Didn’t Travel Alone | Relatives,%,4.364003393289718
2008,EUROPE,Netherlands,Amongst Those Who Didn’t Travel Alone | Children Aged Above 19 Years,%,22.05749107069375
2008,EUROPE,Netherlands,Average Family Size4 (Persons),%,2.056463861632998
2008,EUROPE,Netherlands,Average Party Size (Persons),%,1.796162335745846
2008,EUROPE,Switzerland,Alone,%,42.34517996058732
2008,EUROPE,Switzerland,Amongst Those Who Didn’t Travel Alone | Spouse,%,47.00907797800622
2008,EUROPE,Switzerland,Amongst Those Who Didn’t Travel Alone | Friends,%,13.94168774228714
2008,EUROPE,Switzerland,Amongst Those Who Didn’t Travel Alone | Children Aged 19 Years And Below,%,5.334261335212745
2008,EUROPE,Switzerland,Amongst Those Who Didn’t Travel Alone | Parents/  Parents-in-Law,%,1.423139672963572
2008,EUROPE,Switzerland,Amongst Those Who Didn’t Travel Alone | Siblings,%,0.5765871948083676
2008,EUROPE,Switzerland,Amongst Those Who Didn’t Travel Alone | Partner/ Boyfriend/ Girlfriend,%,22.08791716485639
2008,EUROPE,Switzerland,Amongst Those Who Didn’t Travel Alone | Business Associates/ Colleagues,%,10.35216713091322
2008,EUROPE,Switzerland,Amongst Those Who Didn’t Travel Alone | Relatives,%,1.146275687146912
2008,EUROPE,Switzerland,Amongst Those Who Didn’t Travel Alone | Children Aged Above 19 Years,%,8.431530769104814
2008,EUROPE,Switzerland,Average Family Size4 (Persons),%,2.12358267881744
2008,EUROPE,Switzerland,Average Party Size (Persons),%,1.905679488818757
2008,EUROPE,UK,Alone,%,35.78844082112887
2008,EUROPE,UK,Amongst Those Who Didn’t Travel Alone | Spouse,%,65.00638808144421
2008,EUROPE,UK,Amongst Those Who Didn’t Travel Alone | Friends,%,11.06746675391638
2008,EUROPE,UK,Amongst Those Who Didn’t Travel Alone | Children Aged 19 Years And Below,%,6.76370030410842
2008,EUROPE,UK,Amongst Those Who Didn’t Travel Alone | Parents/  Parents-in-Law,%,3.203457418618012
2008,EUROPE,UK,Amongst Those Who Didn’t Travel Alone | Siblings,%,3.508474775715258
2008,EUROPE,UK,Amongst Those Who Didn’t Travel Alone | Partner/ Boyfriend/ Girlfriend,%,11.07846898310093
2008,EUROPE,UK,Amongst Those Who Didn’t Travel Alone | Business Associates/ Colleagues,%,4.569950584161168
2008,EUROPE,UK,Amongst Those Who Didn’t Travel Alone | Relatives,%,1.72936499888626
2008,EUROPE,UK,Amongst Those Who Didn’t Travel Alone | Children Aged Above 19 Years,%,10.87649242848705
2008,EUROPE,UK,Average Family Size4 (Persons),%,2.072607841952705
2008,EUROPE,UK,Average Party Size (Persons),%,1.828024096332451
2008,AMERICAS,Canada,Alone,%,50.89388246753016
2008,AMERICAS,Canada,Amongst Those Who Didn’t Travel Alone | Spouse,%,68.26187561561864
2008,AMERICAS,Canada,Amongst Those Who Didn’t Travel Alone | Friends,%,8.97102621748182
2008,AMERICAS,Canada,Amongst Those Who Didn’t Travel Alone | Children Aged 19 Years And Below,%,4.748316467525301
2008,AMERICAS,Canada,Amongst Those Who Didn’t Travel Alone | Parents/  Parents-in-Law,%,2.019201777692564
2008,AMERICAS,Canada,Amongst Those Who Didn’t Travel Alone | Siblings,%,5.389892777899195
2008,AMERICAS,Canada,Amongst Those Who Didn’t Travel Alone | Partner/ Boyfriend/ Girlfriend,%,7.039784524902322
2008,AMERICAS,Canada,Amongst Those Who Didn’t Travel Alone | Business Associates/ Colleagues,%,7.853213207562766
2008,AMERICAS,Canada,Amongst Those Who Didn’t Travel Alone | Relatives,%,4.042170286903807
2008,AMERICAS,Canada,Amongst Those Who Didn’t Travel Alone | Children Aged Above 19 Years,%,15.98092973278543
2008,AMERICAS,Canada,Average Family Size4 (Persons),%,2.151056034294721
2008,AMERICAS,Canada,Average Party Size (Persons),%,1.847242887288285
2008,AMERICAS,USA,Alone,%,61.11278807184759
2008,AMERICAS,USA,Amongst Those Who Didn’t Travel Alone | Spouse,%,53.5113220200866
2008,AMERICAS,USA,Amongst Those Who Didn’t Travel Alone | Friends,%,16.20860000168099
2008,AMERICAS,USA,Amongst Those Who Didn’t Travel Alone | Children Aged 19 Years And Below,%,6.850519792465391
2008,AMERICAS,USA,Amongst Those Who Didn’t Travel Alone | Parents/  Parents-in-Law,%,9.157838737729415
2008,AMERICAS,USA,Amongst Those Who Didn’t Travel Alone | Siblings,%,4.585134787188512
2008,AMERICAS,USA,Amongst Those Who Didn’t Travel Alone | Partner/ Boyfriend/ Girlfriend,%,4.055650840146498
2008,AMERICAS,USA,Amongst Those Who Didn’t Travel Alone | Business Associates/ Colleagues,%,12.39034426528403
2008,AMERICAS,USA,Amongst Those Who Didn’t Travel Alone | Relatives,%,0.7485351615010701
2008,AMERICAS,USA,Amongst Those Who Didn’t Travel Alone | Children Aged Above 19 Years,%,12.85678448898143
2008,AMERICAS,USA,Average Family Size4 (Persons),%,2.167149738792589
2008,AMERICAS,USA,Average Party Size (Persons),%,1.805790526887793
2008,OCEANIA,Australia,Alone,%,34.2441700611367
2008,OCEANIA,Australia,Amongst Those Who Didn’t Travel Alone | Spouse,%,62.91976045066121
2008,OCEANIA,Australia,Amongst Those Who Didn’t Travel Alone | Friends,%,13.91618082620134
2008,OCEANIA,Australia,Amongst Those Who Didn’t Travel Alone | Children Aged 19 Years And Below,%,11.46432823755746
2008,OCEANIA,Australia,Amongst Those Who Didn’t Travel Alone | Parents/  Parents-in-Law,%,5.73815357969211
2008,OCEANIA,Australia,Amongst Those Who Didn’t Travel Alone | Siblings,%,5.426568093960216
2008,OCEANIA,Australia,Amongst Those Who Didn’t Travel Alone | Partner/ Boyfriend/ Girlfriend,%,8.24076603649216
2008,OCEANIA,Australia,Amongst Those Who Didn’t Travel Alone | Business Associates/ Colleagues,%,3.354570243495307
2008,OCEANIA,Australia,Amongst Those Who Didn’t Travel Alone | Relatives,%,2.341177392454188
2008,OCEANIA,Australia,Amongst Those Who Didn’t Travel Alone | Children Aged Above 19 Years,%,17.2373971775429
2008,OCEANIA,Australia,Average Family Size4 (Persons),%,2.145406804725773
2008,OCEANIA,Australia,Average Party Size (Persons),%,2.015735076703162
2008,OCEANIA,New Zealand,Alone,%,31.05754601689613
2008,OCEANIA,New Zealand,Amongst Those Who Didn’t Travel Alone | Spouse,%,69.41663407361357
2008,OCEANIA,New Zealand,Amongst Those Who Didn’t Travel Alone | Friends,%,11.39055090197292
2008,OCEANIA,New Zealand,Amongst Those Who Didn’t Travel Alone | Children Aged 19 Years And Below,%,11.98674077771642
2008,OCEANIA,New Zealand,Amongst Those Who Didn’t Travel Alone | Parents/  Parents-in-Law,%,4.313031811071947
2008,OCEANIA,New Zealand,Amongst Those Who Didn’t Travel Alone | Siblings,%,2.105869529601575
2008,OCEANIA,New Zealand,Amongst Those Who Didn’t Travel Alone | Partner/ Boyfriend/ Girlfriend,%,6.170408135023202
2008,OCEANIA,New Zealand,Amongst Those Who Didn’t Travel Alone | Business Associates/ Colleagues,%,5.314534281007564
2008,OCEANIA,New Zealand,Amongst Those Who Didn’t Travel Alone | Relatives,%,1.393263626019307
2008,OCEANIA,New Zealand,Amongst Those Who Didn’t Travel Alone | Children Aged Above 19 Years,%,18.81641077760633
2008,OCEANIA,New Zealand,Average Family Size4 (Persons),%,2.04698246042001
2008,OCEANIA,New Zealand,Average Party Size (Persons),%,1.931472525349048
2008,AFRICA,South Africa (Rep of),Alone,%,42.17843281785272
2008,AFRICA,South Africa (Rep of),Amongst Those Who Didn’t Travel Alone | Spouse,%,63.72121650048386
2008,AFRICA,South Africa (Rep of),Amongst Those Who Didn’t Travel Alone | Friends,%,13.10992746665816
2008,AFRICA,South Africa (Rep of),Amongst Those Who Didn’t Travel Alone | Children Aged 19 Years And Below,%,13.0317678581066
2008,AFRICA,South Africa (Rep of),Amongst Those Who Didn’t Travel Alone | Parents/  Parents-in-Law,%,10.13108529169689
2008,AFRICA,South Africa (Rep of),Amongst Those Who Didn’t Travel Alone | Siblings,%,3.832863415077967
2008,AFRICA,South Africa (Rep of),Amongst Those Who Didn’t Travel Alone | Partner/ Boyfriend/ Girlfriend,%,8.934318843636813
2008,AFRICA,South Africa (Rep of),Amongst Those Who Didn’t Travel Alone | Business Associates/ Colleagues,%,8.514383930520326
2008,AFRICA,South Africa (Rep of),Amongst Those Who Didn’t Travel Alone | Relatives,%,1.571067689572594
2008,AFRICA,South Africa (Rep of),Amongst Those Who Didn’t Travel Alone | Children Aged Above 19 Years,%,16.80634754535238
2008,AFRICA,South Africa (Rep of),Average Family Size4 (Persons),%,2.304478329298845
2008,AFRICA,South Africa (Rep of),Average Party Size (Persons),%,1.876803371288055
2008,REMAINING,Others,Alone,%,45.54726403933547
2008,REMAINING,Others,Amongst Those Who Didn’t Travel Alone | Spouse,%,41.42877624086956
2008,REMAINING,Others,Amongst Those Who Didn’t Travel Alone | Friends,%,17.41376245685851
2008,REMAINING,Others,Amongst Those Who Didn’t Travel Alone | Children Aged 19 Years And Below,%,14.04442115701943
2008,REMAINING,Others,Amongst Those Who Didn’t Travel Alone | Parents/  Parents-in-Law,%,6.654769969165745
2008,REMAINING,Others,Amongst Those Who Didn’t Travel Alone | Siblings,%,6.100418554578257
2008,REMAINING,Others,Amongst Those Who Didn’t Travel Alone | Partner/ Boyfriend/ Girlfriend,%,8.552700811907474
2008,REMAINING,Others,Amongst Those Who Didn’t Travel Alone | Business Associates/ Colleagues,%,16.17634563112005
2008,REMAINING,Others,Amongst Those Who Didn’t Travel Alone | Relatives,%,4.259382403274016
2008,REMAINING,Others,Amongst Those Who Didn’t Travel Alone | Children Aged Above 19 Years,%,18.60935660312052
2008,REMAINING,Others,Average Family Size4 (Persons),%,2.275835771396539
2008,REMAINING,Others,Average Party Size (Persons),%,2.139087581379894
