year,region,residence,metric,unit,value
2025,TOTAL,TOTAL,Shopping Items Purchased in terms of Popularity | Fashion and Accessories,%,36.0
2025,TOTAL,TOTAL,"Shopping Items Purchased in terms of Popularity | Cosmetics, Perfumes & Toiletries and Healthcare & Wellness Products",%,18.0
2025,TOTAL,TOTAL,Shopping Items Purchased in terms of Popularity | Confectionery and Food Items,%,43.0
2025,TOTAL,TOTAL,Shopping Items Purchased in terms of Popularity | Souvenirs and Gifts,%,33.0
2025,TOTAL,TOTAL,Shopping Items Purchased in terms of Popularity | Genuine Jewellery,%,2.0
2025,TOTAL,TOTAL,Shopping Items Purchased in terms of Popularity | Consumer Tech,%,4.0
2025,TOTAL,TOTAL,Shopping Items Purchased in terms of Popularity | Watches and Clocks,%,1.0
2025,TOTAL,TOTAL,Shopping Items Purchased in terms of Popularity | Others,%,6.0
2025,TOTAL,TOTAL,Shopping Items Purchased in terms of Amount spent | Fashion and Accessories,%,42.0
2025,TOTAL,TOTAL,"Shopping Items Purchased in terms of Amount spent | Cosmetics, Perfumes & Toiletries and Healthcare & Wellness Products",%,14.0
2025,TOTAL,TOTAL,Shopping Items Purchased in terms of Amount spent | Confectionery and Food Items,%,16.0
2025,TOTAL,TOTAL,Shopping Items Purchased in terms of Amount spent | Souvenirs and Gifts,%,11.0
2025,TOTAL,TOTAL,Shopping Items Purchased in terms of Amount spent | Genuine Jewellery,%,5.0
2025,TOTAL,TOTAL,Shopping Items Purchased in terms of Amount spent | Consumer Tech,%,6.0
2025,TOTAL,TOTAL,Shopping Items Purchased in terms of Amount spent | Watches and Clocks,%,2.0
2025,TOTAL,TOTAL,Shopping Items Purchased in terms of Amount spent | Others,%,4.0
2024,TOTAL,TOTAL,Shopping Items Purchased in terms of Popularity | Fashion and Accessories,%,40.0
2024,TOTAL,TOTAL,"Shopping Items Purchased in terms of Popularity | Cosmetics, Perfumes & Toiletries and Healthcare & Wellness Products",%,20.0
2024,TOTAL,TOTAL,Shopping Items Purchased in terms of Popularity | Confectionery and Food Items,%,44.0
2024,TOTAL,TOTAL,Shopping Items Purchased in terms of Popularity | Souvenirs and Gifts,%,28.0
2024,TOTAL,TOTAL,Shopping Items Purchased in terms of Popularity | Genuine Jewellery,%,2.0
2024,TOTAL,TOTAL,Shopping Items Purchased in terms of Popularity | Consumer Tech,%,3.0
2024,TOTAL,TOTAL,Shopping Items Purchased in terms of Popularity | Watches and Clocks,%,1.0
2024,TOTAL,TOTAL,Shopping Items Purchased in terms of Popularity | Others,%,7.0
2024,TOTAL,TOTAL,Shopping Items Purchased in terms of Amount spent | Fashion and Accessories,%,45.0
2024,TOTAL,TOTAL,"Shopping Items Purchased in terms of Amount spent | Cosmetics, Perfumes & Toiletries and Healthcare & Wellness Products",%,14.0
2024,TOTAL,TOTAL,Shopping Items Purchased in terms of Amount spent | Confectionery and Food Items,%,15.0
2024,TOTAL,TOTAL,Shopping Items Purchased in terms of Amount spent | Souvenirs and Gifts,%,9.0
2024,TOTAL,TOTAL,Shopping Items Purchased in terms of Amount spent | Genuine Jewellery,%,6.0
2024,TOTAL,TOTAL,Shopping Items Purchased in terms of Amount spent | Consumer Tech,%,5.0
2024,TOTAL,TOTAL,Shopping Items Purchased in terms of Amount spent | Watches and Clocks,%,2.0
2024,TOTAL,TOTAL,Shopping Items Purchased in terms of Amount spent | Others,%,5.0
2023,TOTAL,TOTAL,Shopping Items Purchased in terms of Popularity | Fashion and Accessories,%,44.0
2023,TOTAL,TOTAL,"Shopping Items Purchased in terms of Popularity | Cosmetics, Perfumes & Toiletries and Healthcare & Wellness Products",%,19.0
2023,TOTAL,TOTAL,Shopping Items Purchased in terms of Popularity | Confectionery and Food Items,%,42.0
2023,TOTAL,TOTAL,Shopping Items Purchased in terms of Popularity | Souvenirs and Gifts,%,28.0
2023,TOTAL,TOTAL,Shopping Items Purchased in terms of Popularity | Genuine Jewellery,%,3.0
2023,TOTAL,TOTAL,Shopping Items Purchased in terms of Popularity | Consumer Tech,%,4.0
2023,TOTAL,TOTAL,Shopping Items Purchased in terms of Popularity | Watches and Clocks,%,2.0
2023,TOTAL,TOTAL,Shopping Items Purchased in terms of Popularity | Others,%,9.0
2023,TOTAL,TOTAL,Shopping Items Purchased in terms of Amount spent | Fashion and Accessories,%,48.0
2023,TOTAL,TOTAL,"Shopping Items Purchased in terms of Amount spent | Cosmetics, Perfumes & Toiletries and Healthcare & Wellness Products",%,12.0
2023,TOTAL,TOTAL,Shopping Items Purchased in terms of Amount spent | Confectionery and Food Items,%,12.0
2023,TOTAL,TOTAL,Shopping Items Purchased in terms of Amount spent | Souvenirs and Gifts,%,8.0
2023,TOTAL,TOTAL,Shopping Items Purchased in terms of Amount spent | Genuine Jewellery,%,5.0
2023,TOTAL,TOTAL,Shopping Items Purchased in terms of Amount spent | Consumer Tech,%,6.0
2023,TOTAL,TOTAL,Shopping Items Purchased in terms of Amount spent | Watches and Clocks,%,2.0
2023,TOTAL,TOTAL,Shopping Items Purchased in terms of Amount spent | Others,%,6.0
2019,TOTAL,TOTAL,Shopping Items Purchased in terms of Popularity | Fashion and Accessories,%,47.14350586034181
2019,TOTAL,TOTAL,"Shopping Items Purchased in terms of Popularity | Cosmetics, Perfumes & Toiletries and Healthcare & Wellness Products",%,28.7525161181165
2019,TOTAL,TOTAL,Shopping Items Purchased in terms of Popularity | Confectionery and Food Items,%,42.62450764904425
2019,TOTAL,TOTAL,Shopping Items Purchased in terms of Popularity | Souvenirs and Gifts,%,30.535973584770183
2019,TOTAL,TOTAL,Shopping Items Purchased in terms of Popularity | Genuine Jewellery,%,2.705061985451306
2019,TOTAL,TOTAL,Shopping Items Purchased in terms of Popularity | Consumer Tech,%,3.1784553486161866
2019,TOTAL,TOTAL,Shopping Items Purchased in terms of Popularity | Watches and Clocks,%,2.0151170078003275
2019,TOTAL,TOTAL,Shopping Items Purchased in terms of Popularity | Others,%,7.5107726027697534
2019,TOTAL,TOTAL,Shopping Items Purchased in terms of Amount spent | Fashion and Accessories,%,45.2206946023687
2019,TOTAL,TOTAL,"Shopping Items Purchased in terms of Amount spent | Cosmetics, Perfumes & Toiletries and Healthcare & Wellness Products",%,20.841439849088843
2019,TOTAL,TOTAL,Shopping Items Purchased in terms of Amount spent | Confectionery and Food Items,%,9.571489707791502
2019,TOTAL,TOTAL,Shopping Items Purchased in terms of Amount spent | Souvenirs and Gifts,%,6.0185507784841
2019,TOTAL,TOTAL,Shopping Items Purchased in terms of Amount spent | Genuine Jewellery,%,6.286791494729882
2019,TOTAL,TOTAL,Shopping Items Purchased in terms of Amount spent | Consumer Tech,%,4.284095619357258
2019,TOTAL,TOTAL,Shopping Items Purchased in terms of Amount spent | Watches and Clocks,%,4.166742302185171
2019,TOTAL,TOTAL,Shopping Items Purchased in terms of Amount spent | Others,%,3.610195645994557
2018,TOTAL,TOTAL,Shopping Items Purchased in terms of Popularity | Fashion and Accessories,%,46.0
2018,TOTAL,TOTAL,"Shopping Items Purchased in terms of Popularity | Cosmetics, Perfumes & Toiletries and Healthcare & Wellness Products",%,27.0
2018,TOTAL,TOTAL,Shopping Items Purchased in terms of Popularity | Confectionery and Food Items,%,42.0
2018,TOTAL,TOTAL,Shopping Items Purchased in terms of Popularity | Souvenirs and Gifts,%,31.0
2018,TOTAL,TOTAL,Shopping Items Purchased in terms of Popularity | Genuine Jewellery,%,3.0
2018,TOTAL,TOTAL,Shopping Items Purchased in terms of Popularity | Consumer Tech,%,4.0
2018,TOTAL,TOTAL,Shopping Items Purchased in terms of Popularity | Watches and Clocks,%,3.0
2018,TOTAL,TOTAL,Shopping Items Purchased in terms of Popularity | Others,%,11.0
2018,TOTAL,TOTAL,Shopping Items Purchased in terms of Amount spent | Fashion and Accessories,%,42.0
2018,TOTAL,TOTAL,"Shopping Items Purchased in terms of Amount spent | Cosmetics, Perfumes & Toiletries and Healthcare & Wellness Products",%,20.0
2018,TOTAL,TOTAL,Shopping Items Purchased in terms of Amount spent | Confectionery and Food Items,%,11.0
2018,TOTAL,TOTAL,Shopping Items Purchased in terms of Amount spent | Souvenirs and Gifts,%,7.0
2018,TOTAL,TOTAL,Shopping Items Purchased in terms of Amount spent | Genuine Jewellery,%,6.0
2018,TOTAL,TOTAL,Shopping Items Purchased in terms of Amount spent | Consumer Tech,%,4.0
2018,TOTAL,TOTAL,Shopping Items Purchased in terms of Amount spent | Watches and Clocks,%,5.0
2018,TOTAL,TOTAL,Shopping Items Purchased in terms of Amount spent | Others,%,6.0
2017,TOTAL,TOTAL,Shopping Items Purchased in terms of Popularity | Fashion and Accessories,%,54.0
2017,TOTAL,TOTAL,"Shopping Items Purchased in terms of Popularity | Cosmetics, Perfumes & Toiletries and Healthcare & Wellness Products",%,36.0
2017,TOTAL,TOTAL,Shopping Items Purchased in terms of Popularity | Confectionery and Food Items,%,47.0
2017,TOTAL,TOTAL,Shopping Items Purchased in terms of Popularity | Souvenirs and Gifts,%,41.0
2017,TOTAL,TOTAL,Shopping Items Purchased in terms of Popularity | Genuine Jewellery,%,4.0
2017,TOTAL,TOTAL,Shopping Items Purchased in terms of Popularity | Consumer Tech,%,6.0
2017,TOTAL,TOTAL,Shopping Items Purchased in terms of Popularity | Watches and Clocks,%,5.0
2017,TOTAL,TOTAL,Shopping Items Purchased in terms of Popularity | Others,%,15.0
2017,TOTAL,TOTAL,Shopping Items Purchased in terms of Amount spent | Fashion and Accessories,%,40.0
2017,TOTAL,TOTAL,"Shopping Items Purchased in terms of Amount spent | Cosmetics, Perfumes & Toiletries and Healthcare & Wellness Products",%,18.0
2017,TOTAL,TOTAL,Shopping Items Purchased in terms of Amount spent | Confectionery and Food Items,%,11.0
2017,TOTAL,TOTAL,Shopping Items Purchased in terms of Amount spent | Souvenirs and Gifts,%,10.0
2017,TOTAL,TOTAL,Shopping Items Purchased in terms of Amount spent | Genuine Jewellery,%,6.0
2017,TOTAL,TOTAL,Shopping Items Purchased in terms of Amount spent | Consumer Tech,%,5.0
2017,TOTAL,TOTAL,Shopping Items Purchased in terms of Amount spent | Watches and Clocks,%,4.0
2017,TOTAL,TOTAL,Shopping Items Purchased in terms of Amount spent | Others,%,6.0
2016,TOTAL,TOTAL,Shopping Items Purchased in terms of Popularity | Fashion and Accessories,%,58.0
2016,TOTAL,TOTAL,"Shopping Items Purchased in terms of Popularity | Cosmetics, Perfumes & Toiletries and Healthcare & Wellness Products",%,39.0
2016,TOTAL,TOTAL,Shopping Items Purchased in terms of Popularity | Confectionery and Food Items,%,44.0
2016,TOTAL,TOTAL,Shopping Items Purchased in terms of Popularity | Souvenirs and Gifts,%,47.0
2016,TOTAL,TOTAL,Shopping Items Purchased in terms of Popularity | Genuine Jewellery,%,5.0
2016,TOTAL,TOTAL,Shopping Items Purchased in terms of Popularity | Consumer Tech,%,6.0
2016,TOTAL,TOTAL,Shopping Items Purchased in terms of Popularity | Watches and Clocks,%,7.0
2016,TOTAL,TOTAL,Shopping Items Purchased in terms of Popularity | Others,%,21.0
2016,TOTAL,TOTAL,Shopping Items Purchased in terms of Amount spent | Fashion and Accessories,%,41.0
2016,TOTAL,TOTAL,"Shopping Items Purchased in terms of Amount spent | Cosmetics, Perfumes & Toiletries and Healthcare & Wellness Products",%,17.0
2016,TOTAL,TOTAL,Shopping Items Purchased in terms of Amount spent | Confectionery and Food Items,%,9.0
2016,TOTAL,TOTAL,Shopping Items Purchased in terms of Amount spent | Souvenirs and Gifts,%,11.0
2016,TOTAL,TOTAL,Shopping Items Purchased in terms of Amount spent | Genuine Jewellery,%,6.0
2016,TOTAL,TOTAL,Shopping Items Purchased in terms of Amount spent | Consumer Tech,%,5.0
2016,TOTAL,TOTAL,Shopping Items Purchased in terms of Amount spent | Watches and Clocks,%,4.0
2016,TOTAL,TOTAL,Shopping Items Purchased in terms of Amount spent | Others,%,8.0
2015,TOTAL,TOTAL,Shopping Items Purchased in terms of Popularity | Fashion and Accessories,%,43.0
2015,TOTAL,TOTAL,"Shopping Items Purchased in terms of Popularity | Cosmetics, Perfumes & Toiletries and Healthcare & Wellness Products",%,21.0
2015,TOTAL,TOTAL,Shopping Items Purchased in terms of Popularity | Confectionery and Food Items,%,43.0
2015,TOTAL,TOTAL,Shopping Items Purchased in terms of Popularity | Souvenirs and Gifts,%,28.0
2015,TOTAL,TOTAL,Shopping Items Purchased in terms of Popularity | Genuine Jewellery,%,2.0
2015,TOTAL,TOTAL,Shopping Items Purchased in terms of Popularity | Consumer Tech,%,7.0
2015,TOTAL,TOTAL,Shopping Items Purchased in terms of Popularity | Watches and Clocks,%,2.0
2015,TOTAL,TOTAL,Shopping Items Purchased in terms of Popularity | Others,%,1.0
2015,TOTAL,TOTAL,Shopping Items Purchased in terms of Amount spent | Fashion and Accessories,%,40.0
2015,TOTAL,TOTAL,"Shopping Items Purchased in terms of Amount spent | Cosmetics, Perfumes & Toiletries and Healthcare & Wellness Products",%,13.0
2015,TOTAL,TOTAL,Shopping Items Purchased in terms of Amount spent | Confectionery and Food Items,%,11.0
2015,TOTAL,TOTAL,Shopping Items Purchased in terms of Amount spent | Souvenirs and Gifts,%,8.0
2015,TOTAL,TOTAL,Shopping Items Purchased in terms of Amount spent | Genuine Jewellery,%,7.0
2015,TOTAL,TOTAL,Shopping Items Purchased in terms of Amount spent | Consumer Tech,%,9.0
2015,TOTAL,TOTAL,Shopping Items Purchased in terms of Amount spent | Watches and Clocks,%,6.0
2015,TOTAL,TOTAL,Shopping Items Purchased in terms of Amount spent | Others,%,6.0
2014,TOTAL,TOTAL,Shopping Items Purchased in terms of Popularity | Fashion and Accessories,%,43.0
2014,TOTAL,TOTAL,"Shopping Items Purchased in terms of Popularity | Cosmetics, Perfumes & Toiletries and Healthcare & Wellness Products",%,19.0
2014,TOTAL,TOTAL,Shopping Items Purchased in terms of Popularity | Confectionery and Food Items,%,39.0
2014,TOTAL,TOTAL,Shopping Items Purchased in terms of Popularity | Souvenirs and Gifts,%,27.0
2014,TOTAL,TOTAL,Shopping Items Purchased in terms of Popularity | Genuine Jewellery,%,2.0
2014,TOTAL,TOTAL,Shopping Items Purchased in terms of Popularity | Consumer Tech,%,8.0
2014,TOTAL,TOTAL,Shopping Items Purchased in terms of Popularity | Watches and Clocks,%,3.0
2014,TOTAL,TOTAL,Shopping Items Purchased in terms of Popularity | Others,%,13.0
2014,TOTAL,TOTAL,Shopping Items Purchased in terms of Amount spent | Fashion and Accessories,%,44.0
2014,TOTAL,TOTAL,"Shopping Items Purchased in terms of Amount spent | Cosmetics, Perfumes & Toiletries and Healthcare & Wellness Products",%,11.0
2014,TOTAL,TOTAL,Shopping Items Purchased in terms of Amount spent | Confectionery and Food Items,%,7.0
2014,TOTAL,TOTAL,Shopping Items Purchased in terms of Amount spent | Souvenirs and Gifts,%,9.0
2014,TOTAL,TOTAL,Shopping Items Purchased in terms of Amount spent | Genuine Jewellery,%,8.0
2014,TOTAL,TOTAL,Shopping Items Purchased in terms of Amount spent | Consumer Tech,%,9.0
2014,TOTAL,TOTAL,Shopping Items Purchased in terms of Amount spent | Watches and Clocks,%,7.0
2014,TOTAL,TOTAL,Shopping Items Purchased in terms of Amount spent | Others,%,5.0
2013,TOTAL,TOTAL,Shopping Items Purchased in terms of Popularity | Fashion and Accessories,%,48.0
2013,TOTAL,TOTAL,"Shopping Items Purchased in terms of Popularity | Cosmetics, Perfumes & Toiletries and Healthcare & Wellness Products",%,20.0
2013,TOTAL,TOTAL,Shopping Items Purchased in terms of Popularity | Confectionery and Food Items,%,43.0
2013,TOTAL,TOTAL,Shopping Items Purchased in terms of Popularity | Souvenirs and Gifts,%,25.0
2013,TOTAL,TOTAL,Shopping Items Purchased in terms of Popularity | Genuine Jewellery,%,2.0
2013,TOTAL,TOTAL,Shopping Items Purchased in terms of Popularity | Consumer Tech,%,15.0
2013,TOTAL,TOTAL,Shopping Items Purchased in terms of Popularity | Watches and Clocks,%,2.0
2013,TOTAL,TOTAL,Shopping Items Purchased in terms of Popularity | Others,%,17.0
2013,TOTAL,TOTAL,Shopping Items Purchased in terms of Amount spent | Fashion and Accessories,%,42.0
2013,TOTAL,TOTAL,"Shopping Items Purchased in terms of Amount spent | Cosmetics, Perfumes & Toiletries and Healthcare & Wellness Products",%,9.0
2013,TOTAL,TOTAL,Shopping Items Purchased in terms of Amount spent | Confectionery and Food Items,%,7.0
2013,TOTAL,TOTAL,Shopping Items Purchased in terms of Amount spent | Souvenirs and Gifts,%,6.0
2013,TOTAL,TOTAL,Shopping Items Purchased in terms of Amount spent | Genuine Jewellery,%,7.0
2013,TOTAL,TOTAL,Shopping Items Purchased in terms of Amount spent | Consumer Tech,%,10.0
2013,TOTAL,TOTAL,Shopping Items Purchased in terms of Amount spent | Watches and Clocks,%,15.0
2013,TOTAL,TOTAL,Shopping Items Purchased in terms of Amount spent | Others,%,5.0
2012,TOTAL,TOTAL,Shopping Items Purchased in terms of Popularity | Fashion and Accessories,%,52.0
2012,TOTAL,TOTAL,"Shopping Items Purchased in terms of Popularity | Cosmetics, Perfumes & Toiletries and Healthcare & Wellness Products",%,22.0
2012,TOTAL,TOTAL,Shopping Items Purchased in terms of Popularity | Confectionery and Food Items,%,38.0
2012,TOTAL,TOTAL,Shopping Items Purchased in terms of Popularity | Souvenirs and Gifts,%,24.0
2012,TOTAL,TOTAL,Shopping Items Purchased in terms of Popularity | Genuine Jewellery,%,3.0
2012,TOTAL,TOTAL,Shopping Items Purchased in terms of Popularity | Consumer Tech,%,16.0
2012,TOTAL,TOTAL,Shopping Items Purchased in terms of Popularity | Watches and Clocks,%,3.0
2012,TOTAL,TOTAL,Shopping Items Purchased in terms of Popularity | Others,%,16.0
2012,TOTAL,TOTAL,Shopping Items Purchased in terms of Amount spent | Fashion and Accessories,%,42.0
2012,TOTAL,TOTAL,"Shopping Items Purchased in terms of Amount spent | Cosmetics, Perfumes & Toiletries and Healthcare & Wellness Products",%,10.0
2012,TOTAL,TOTAL,Shopping Items Purchased in terms of Amount spent | Confectionery and Food Items,%,6.0
2012,TOTAL,TOTAL,Shopping Items Purchased in terms of Amount spent | Souvenirs and Gifts,%,5.0
2012,TOTAL,TOTAL,Shopping Items Purchased in terms of Amount spent | Genuine Jewellery,%,10.0
2012,TOTAL,TOTAL,Shopping Items Purchased in terms of Amount spent | Consumer Tech,%,12.0
2012,TOTAL,TOTAL,Shopping Items Purchased in terms of Amount spent | Watches and Clocks,%,11.0
2012,TOTAL,TOTAL,Shopping Items Purchased in terms of Amount spent | Others,%,6.0
2011,TOTAL,TOTAL,Shopping Items Purchased in terms of Popularity | Fashion and Accessories,%,53.0
2011,TOTAL,TOTAL,"Shopping Items Purchased in terms of Popularity | Cosmetics, Perfumes & Toiletries and Healthcare & Wellness Products",%,22.0
2011,TOTAL,TOTAL,Shopping Items Purchased in terms of Popularity | Confectionery and Food Items,%,35.0
2011,TOTAL,TOTAL,Shopping Items Purchased in terms of Popularity | Souvenirs and Gifts,%,25.0
2011,TOTAL,TOTAL,Shopping Items Purchased in terms of Popularity | Genuine Jewellery,%,3.0
2011,TOTAL,TOTAL,Shopping Items Purchased in terms of Popularity | Consumer Tech,%,18.0
2011,TOTAL,TOTAL,Shopping Items Purchased in terms of Popularity | Watches and Clocks,%,3.0
2011,TOTAL,TOTAL,Shopping Items Purchased in terms of Popularity | Others,%,15.0
2011,TOTAL,TOTAL,Shopping Items Purchased in terms of Amount spent | Fashion and Accessories,%,42.0
2011,TOTAL,TOTAL,"Shopping Items Purchased in terms of Amount spent | Cosmetics, Perfumes & Toiletries and Healthcare & Wellness Products",%,10.0
2011,TOTAL,TOTAL,Shopping Items Purchased in terms of Amount spent | Confectionery and Food Items,%,6.0
2011,TOTAL,TOTAL,Shopping Items Purchased in terms of Amount spent | Souvenirs and Gifts,%,6.0
2011,TOTAL,TOTAL,Shopping Items Purchased in terms of Amount spent | Genuine Jewellery,%,8.0
2011,TOTAL,TOTAL,Shopping Items Purchased in terms of Amount spent | Consumer Tech,%,17.0
2011,TOTAL,TOTAL,Shopping Items Purchased in terms of Amount spent | Watches and Clocks,%,6.0
2011,TOTAL,TOTAL,Shopping Items Purchased in terms of Amount spent | Others,%,6.0
2010,TOTAL,TOTAL,Shopping Items Purchased in terms of Popularity | Fashion and Accessories,%,54.0
2010,TOTAL,TOTAL,"Shopping Items Purchased in terms of Popularity | Cosmetics, Perfumes & Toiletries and Healthcare & Wellness Products",%,32.0
2010,TOTAL,TOTAL,Shopping Items Purchased in terms of Popularity | Confectionery and Food Items,%,32.0
2010,TOTAL,TOTAL,Shopping Items Purchased in terms of Popularity | Souvenirs and Gifts,%,23.0
2010,TOTAL,TOTAL,Shopping Items Purchased in terms of Popularity | Genuine Jewellery,%,3.0
2010,TOTAL,TOTAL,Shopping Items Purchased in terms of Popularity | Consumer Tech,%,15.0
2010,TOTAL,TOTAL,Shopping Items Purchased in terms of Popularity | Watches and Clocks,%,4.0
2010,TOTAL,TOTAL,Shopping Items Purchased in terms of Popularity | Others,%,15.0
2010,TOTAL,TOTAL,Shopping Items Purchased in terms of Amount spent | Fashion and Accessories,%,42.0
2010,TOTAL,TOTAL,"Shopping Items Purchased in terms of Amount spent | Cosmetics, Perfumes & Toiletries and Healthcare & Wellness Products",%,8.0
2010,TOTAL,TOTAL,Shopping Items Purchased in terms of Amount spent | Confectionery and Food Items,%,6.0
2010,TOTAL,TOTAL,Shopping Items Purchased in terms of Amount spent | Souvenirs and Gifts,%,6.0
2010,TOTAL,TOTAL,Shopping Items Purchased in terms of Amount spent | Genuine Jewellery,%,6.0
2010,TOTAL,TOTAL,Shopping Items Purchased in terms of Amount spent | Consumer Tech,%,18.0
2010,TOTAL,TOTAL,Shopping Items Purchased in terms of Amount spent | Watches and Clocks,%,7.0
2010,TOTAL,TOTAL,Shopping Items Purchased in terms of Amount spent | Others,%,7.0
2009,TOTAL,TOTAL,Shopping Items Purchased in terms of Popularity | Fashion and Accessories,%,52.0
2009,TOTAL,TOTAL,"Shopping Items Purchased in terms of Popularity | Cosmetics, Perfumes & Toiletries and Healthcare & Wellness Products",%,20.0
2009,TOTAL,TOTAL,Shopping Items Purchased in terms of Popularity | Confectionery and Food Items,%,27.0
2009,TOTAL,TOTAL,Shopping Items Purchased in terms of Popularity | Souvenirs and Gifts,%,24.0
2009,TOTAL,TOTAL,Shopping Items Purchased in terms of Popularity | Genuine Jewellery,%,4.0
2009,TOTAL,TOTAL,Shopping Items Purchased in terms of Popularity | Consumer Tech,%,15.0
2009,TOTAL,TOTAL,Shopping Items Purchased in terms of Popularity | Watches and Clocks,%,4.0
2009,TOTAL,TOTAL,Shopping Items Purchased in terms of Popularity | Others,%,17.0
2009,TOTAL,TOTAL,Shopping Items Purchased in terms of Amount spent | Fashion and Accessories,%,40.0
2009,TOTAL,TOTAL,"Shopping Items Purchased in terms of Amount spent | Cosmetics, Perfumes & Toiletries and Healthcare & Wellness Products",%,10.0
2009,TOTAL,TOTAL,Shopping Items Purchased in terms of Amount spent | Confectionery and Food Items,%,5.0
2009,TOTAL,TOTAL,Shopping Items Purchased in terms of Amount spent | Souvenirs and Gifts,%,5.0
2009,TOTAL,TOTAL,Shopping Items Purchased in terms of Amount spent | Genuine Jewellery,%,9.0
2009,TOTAL,TOTAL,Shopping Items Purchased in terms of Amount spent | Consumer Tech,%,17.0
2009,TOTAL,TOTAL,Shopping Items Purchased in terms of Amount spent | Watches and Clocks,%,9.0
2009,TOTAL,TOTAL,Shopping Items Purchased in terms of Amount spent | Others,%,5.0
2025,SOUTHEAST ASIA,Indonesia,Shopping Items Purchased in terms of Popularity | Fashion and Accessories,%,37.0
2025,SOUTHEAST ASIA,Indonesia,"Shopping Items Purchased in terms of Popularity | Cosmetics, Perfumes & Toiletries and Healthcare & Wellness Products",%,14.0
2025,SOUTHEAST ASIA,Indonesia,Shopping Items Purchased in terms of Popularity | Confectionery and Food Items,%,54.0
2025,SOUTHEAST ASIA,Indonesia,Shopping Items Purchased in terms of Popularity | Souvenirs and Gifts,%,19.0
2025,SOUTHEAST ASIA,Indonesia,Shopping Items Purchased in terms of Popularity | Genuine Jewellery,%,1.0
2025,SOUTHEAST ASIA,Indonesia,Shopping Items Purchased in terms of Popularity | Consumer Tech,%,3.0
2025,SOUTHEAST ASIA,Indonesia,Shopping Items Purchased in terms of Popularity | Watches and Clocks,%,1.0
2025,SOUTHEAST ASIA,Indonesia,Shopping Items Purchased in terms of Popularity | Others,%,7.0
2025,SOUTHEAST ASIA,Indonesia,Shopping Items Purchased in terms of Amount spent | Fashion and Accessories,%,47.0
2025,SOUTHEAST ASIA,Indonesia,"Shopping Items Purchased in terms of Amount spent | Cosmetics, Perfumes & Toiletries and Healthcare & Wellness Products",%,13.0
2025,SOUTHEAST ASIA,Indonesia,Shopping Items Purchased in terms of Amount spent | Confectionery and Food Items,%,19.0
2025,SOUTHEAST ASIA,Indonesia,Shopping Items Purchased in terms of Amount spent | Souvenirs and Gifts,%,7.0
2025,SOUTHEAST ASIA,Indonesia,Shopping Items Purchased in terms of Amount spent | Genuine Jewellery,%,1.0
2025,SOUTHEAST ASIA,Indonesia,Shopping Items Purchased in terms of Amount spent | Consumer Tech,%,7.0
2025,SOUTHEAST ASIA,Indonesia,Shopping Items Purchased in terms of Amount spent | Watches and Clocks,%,1.0
2025,SOUTHEAST ASIA,Indonesia,Shopping Items Purchased in terms of Amount spent | Others,%,6.0
2025,SOUTHEAST ASIA,Malaysia,Shopping Items Purchased in terms of Popularity | Fashion and Accessories,%,30.0
2025,SOUTHEAST ASIA,Malaysia,"Shopping Items Purchased in terms of Popularity | Cosmetics, Perfumes & Toiletries and Healthcare & Wellness Products",%,16.0
2025,SOUTHEAST ASIA,Malaysia,Shopping Items Purchased in terms of Popularity | Confectionery and Food Items,%,44.0
2025,SOUTHEAST ASIA,Malaysia,Shopping Items Purchased in terms of Popularity | Souvenirs and Gifts,%,28.0
2025,SOUTHEAST ASIA,Malaysia,Shopping Items Purchased in terms of Popularity | Genuine Jewellery,%,1.0
2025,SOUTHEAST ASIA,Malaysia,Shopping Items Purchased in terms of Popularity | Consumer Tech,%,4.0
2025,SOUTHEAST ASIA,Malaysia,Shopping Items Purchased in terms of Popularity | Watches and Clocks,%,1.0
2025,SOUTHEAST ASIA,Malaysia,Shopping Items Purchased in terms of Popularity | Others,%,6.0
2025,SOUTHEAST ASIA,Malaysia,Shopping Items Purchased in terms of Amount spent | Fashion and Accessories,%,36.0
2025,SOUTHEAST ASIA,Malaysia,"Shopping Items Purchased in terms of Amount spent | Cosmetics, Perfumes & Toiletries and Healthcare & Wellness Products",%,18.0
2025,SOUTHEAST ASIA,Malaysia,Shopping Items Purchased in terms of Amount spent | Confectionery and Food Items,%,13.0
2025,SOUTHEAST ASIA,Malaysia,Shopping Items Purchased in terms of Amount spent | Souvenirs and Gifts,%,12.0
2025,SOUTHEAST ASIA,Malaysia,Shopping Items Purchased in terms of Amount spent | Genuine Jewellery,%,3.0
2025,SOUTHEAST ASIA,Malaysia,Shopping Items Purchased in terms of Amount spent | Consumer Tech,%,11.0
2025,SOUTHEAST ASIA,Malaysia,Shopping Items Purchased in terms of Amount spent | Watches and Clocks,%,2.0
2025,SOUTHEAST ASIA,Malaysia,Shopping Items Purchased in terms of Amount spent | Others,%,6.0
2025,SOUTHEAST ASIA,Philippines,Shopping Items Purchased in terms of Popularity | Fashion and Accessories,%,42.0
2025,SOUTHEAST ASIA,Philippines,"Shopping Items Purchased in terms of Popularity | Cosmetics, Perfumes & Toiletries and Healthcare & Wellness Products",%,15.0
2025,SOUTHEAST ASIA,Philippines,Shopping Items Purchased in terms of Popularity | Confectionery and Food Items,%,40.0
2025,SOUTHEAST ASIA,Philippines,Shopping Items Purchased in terms of Popularity | Souvenirs and Gifts,%,42.0
2025,SOUTHEAST ASIA,Philippines,Shopping Items Purchased in terms of Popularity | Genuine Jewellery,%,2.0
2025,SOUTHEAST ASIA,Philippines,Shopping Items Purchased in terms of Popularity | Consumer Tech,%,4.0
2025,SOUTHEAST ASIA,Philippines,Shopping Items Purchased in terms of Popularity | Watches and Clocks,%,1.0
2025,SOUTHEAST ASIA,Philippines,Shopping Items Purchased in terms of Popularity | Others,%,3.0
2025,SOUTHEAST ASIA,Philippines,Shopping Items Purchased in terms of Amount spent | Fashion and Accessories,%,48.0
2025,SOUTHEAST ASIA,Philippines,"Shopping Items Purchased in terms of Amount spent | Cosmetics, Perfumes & Toiletries and Healthcare & Wellness Products",%,12.0
2025,SOUTHEAST ASIA,Philippines,Shopping Items Purchased in terms of Amount spent | Confectionery and Food Items,%,14.0
2025,SOUTHEAST ASIA,Philippines,Shopping Items Purchased in terms of Amount spent | Souvenirs and Gifts,%,12.0
2025,SOUTHEAST ASIA,Philippines,Shopping Items Purchased in terms of Amount spent | Genuine Jewellery,%,6.0
2025,SOUTHEAST ASIA,Philippines,Shopping Items Purchased in terms of Amount spent | Consumer Tech,%,5.0
2025,SOUTHEAST ASIA,Philippines,Shopping Items Purchased in terms of Amount spent | Watches and Clocks,%,1.0
2025,SOUTHEAST ASIA,Philippines,Shopping Items Purchased in terms of Amount spent | Others,%,3.0
2025,SOUTHEAST ASIA,Thailand,Shopping Items Purchased in terms of Popularity | Fashion and Accessories,%,43.0
2025,SOUTHEAST ASIA,Thailand,"Shopping Items Purchased in terms of Popularity | Cosmetics, Perfumes & Toiletries and Healthcare & Wellness Products",%,19.0
2025,SOUTHEAST ASIA,Thailand,Shopping Items Purchased in terms of Popularity | Confectionery and Food Items,%,43.0
2025,SOUTHEAST ASIA,Thailand,Shopping Items Purchased in terms of Popularity | Souvenirs and Gifts,%,32.0
2025,SOUTHEAST ASIA,Thailand,Shopping Items Purchased in terms of Popularity | Genuine Jewellery,%,1.0
2025,SOUTHEAST ASIA,Thailand,Shopping Items Purchased in terms of Popularity | Consumer Tech,%,5.0
2025,SOUTHEAST ASIA,Thailand,Shopping Items Purchased in terms of Popularity | Watches and Clocks,%,1.0
2025,SOUTHEAST ASIA,Thailand,Shopping Items Purchased in terms of Popularity | Others,%,3.0
2025,SOUTHEAST ASIA,Thailand,Shopping Items Purchased in terms of Amount spent | Fashion and Accessories,%,51.0
2025,SOUTHEAST ASIA,Thailand,"Shopping Items Purchased in terms of Amount spent | Cosmetics, Perfumes & Toiletries and Healthcare & Wellness Products",%,13.0
2025,SOUTHEAST ASIA,Thailand,Shopping Items Purchased in terms of Amount spent | Confectionery and Food Items,%,17.0
2025,SOUTHEAST ASIA,Thailand,Shopping Items Purchased in terms of Amount spent | Souvenirs and Gifts,%,11.0
2025,SOUTHEAST ASIA,Thailand,Shopping Items Purchased in terms of Amount spent | Genuine Jewellery,%,1.0
2025,SOUTHEAST ASIA,Thailand,Shopping Items Purchased in terms of Amount spent | Consumer Tech,%,5.0
2025,SOUTHEAST ASIA,Thailand,Shopping Items Purchased in terms of Amount spent | Others,%,2.0
2025,SOUTHEAST ASIA,Vietnam,Shopping Items Purchased in terms of Popularity | Fashion and Accessories,%,35.0
2025,SOUTHEAST ASIA,Vietnam,"Shopping Items Purchased in terms of Popularity | Cosmetics, Perfumes & Toiletries and Healthcare & Wellness Products",%,25.0
2025,SOUTHEAST ASIA,Vietnam,Shopping Items Purchased in terms of Popularity | Confectionery and Food Items,%,44.0
2025,SOUTHEAST ASIA,Vietnam,Shopping Items Purchased in terms of Popularity | Souvenirs and Gifts,%,28.0
2025,SOUTHEAST ASIA,Vietnam,Shopping Items Purchased in terms of Popularity | Genuine Jewellery,%,2.0
2025,SOUTHEAST ASIA,Vietnam,Shopping Items Purchased in terms of Popularity | Consumer Tech,%,3.0
2025,SOUTHEAST ASIA,Vietnam,Shopping Items Purchased in terms of Popularity | Others,%,6.0
2025,SOUTHEAST ASIA,Vietnam,Shopping Items Purchased in terms of Amount spent | Fashion and Accessories,%,42.0
2025,SOUTHEAST ASIA,Vietnam,"Shopping Items Purchased in terms of Amount spent | Cosmetics, Perfumes & Toiletries and Healthcare & Wellness Products",%,22.0
2025,SOUTHEAST ASIA,Vietnam,Shopping Items Purchased in terms of Amount spent | Confectionery and Food Items,%,11.0
2025,SOUTHEAST ASIA,Vietnam,Shopping Items Purchased in terms of Amount spent | Souvenirs and Gifts,%,8.0
2025,SOUTHEAST ASIA,Vietnam,Shopping Items Purchased in terms of Amount spent | Genuine Jewellery,%,11.0
2025,SOUTHEAST ASIA,Vietnam,Shopping Items Purchased in terms of Amount spent | Consumer Tech,%,2.0
2025,SOUTHEAST ASIA,Vietnam,Shopping Items Purchased in terms of Amount spent | Others,%,4.0
2025,GREATER CHINA,China,Shopping Items Purchased in terms of Popularity | Fashion and Accessories,%,26.0
2025,GREATER CHINA,China,"Shopping Items Purchased in terms of Popularity | Cosmetics, Perfumes & Toiletries and Healthcare & Wellness Products",%,30.0
2025,GREATER CHINA,China,Shopping Items Purchased in terms of Popularity | Confectionery and Food Items,%,51.0
2025,GREATER CHINA,China,Shopping Items Purchased in terms of Popularity | Souvenirs and Gifts,%,28.0
2025,GREATER CHINA,China,Shopping Items Purchased in terms of Popularity | Genuine Jewellery,%,2.0
2025,GREATER CHINA,China,Shopping Items Purchased in terms of Popularity | Consumer Tech,%,3.0
2025,GREATER CHINA,China,Shopping Items Purchased in terms of Popularity | Others,%,6.0
2025,GREATER CHINA,China,Shopping Items Purchased in terms of Amount spent | Fashion and Accessories,%,39.0
2025,GREATER CHINA,China,"Shopping Items Purchased in terms of Amount spent | Cosmetics, Perfumes & Toiletries and Healthcare & Wellness Products",%,20.0
2025,GREATER CHINA,China,Shopping Items Purchased in terms of Amount spent | Confectionery and Food Items,%,17.0
2025,GREATER CHINA,China,Shopping Items Purchased in terms of Amount spent | Souvenirs and Gifts,%,9.0
2025,GREATER CHINA,China,Shopping Items Purchased in terms of Amount spent | Genuine Jewellery,%,6.0
2025,GREATER CHINA,China,Shopping Items Purchased in terms of Amount spent | Consumer Tech,%,4.0
2025,GREATER CHINA,China,Shopping Items Purchased in terms of Amount spent | Watches and Clocks,%,1.0
2025,GREATER CHINA,China,Shopping Items Purchased in terms of Amount spent | Others,%,4.0
2025,GREATER CHINA,Hong Kong SAR,Shopping Items Purchased in terms of Popularity | Fashion and Accessories,%,26.0
2025,GREATER CHINA,Hong Kong SAR,"Shopping Items Purchased in terms of Popularity | Cosmetics, Perfumes & Toiletries and Healthcare & Wellness Products",%,13.0
2025,GREATER CHINA,Hong Kong SAR,Shopping Items Purchased in terms of Popularity | Confectionery and Food Items,%,67.0
2025,GREATER CHINA,Hong Kong SAR,Shopping Items Purchased in terms of Popularity | Souvenirs and Gifts,%,30.0
2025,GREATER CHINA,Hong Kong SAR,Shopping Items Purchased in terms of Popularity | Genuine Jewellery,%,1.0
2025,GREATER CHINA,Hong Kong SAR,Shopping Items Purchased in terms of Popularity | Consumer Tech,%,3.0
2025,GREATER CHINA,Hong Kong SAR,Shopping Items Purchased in terms of Popularity | Others,%,5.0
2025,GREATER CHINA,Hong Kong SAR,Shopping Items Purchased in terms of Amount spent | Fashion and Accessories,%,30.0
2025,GREATER CHINA,Hong Kong SAR,"Shopping Items Purchased in terms of Amount spent | Cosmetics, Perfumes & Toiletries and Healthcare & Wellness Products",%,11.0
2025,GREATER CHINA,Hong Kong SAR,Shopping Items Purchased in terms of Amount spent | Confectionery and Food Items,%,37.0
2025,GREATER CHINA,Hong Kong SAR,Shopping Items Purchased in terms of Amount spent | Souvenirs and Gifts,%,12.0
2025,GREATER CHINA,Hong Kong SAR,Shopping Items Purchased in terms of Amount spent | Genuine Jewellery,%,1.0
2025,GREATER CHINA,Hong Kong SAR,Shopping Items Purchased in terms of Amount spent | Consumer Tech,%,2.0
2025,GREATER CHINA,Hong Kong SAR,Shopping Items Purchased in terms of Amount spent | Watches and Clocks,%,1.0
2025,GREATER CHINA,Hong Kong SAR,Shopping Items Purchased in terms of Amount spent | Others,%,6.0
2025,GREATER CHINA,Taiwan,Shopping Items Purchased in terms of Popularity | Fashion and Accessories,%,29.0
2025,GREATER CHINA,Taiwan,"Shopping Items Purchased in terms of Popularity | Cosmetics, Perfumes & Toiletries and Healthcare & Wellness Products",%,15.0
2025,GREATER CHINA,Taiwan,Shopping Items Purchased in terms of Popularity | Confectionery and Food Items,%,63.0
2025,GREATER CHINA,Taiwan,Shopping Items Purchased in terms of Popularity | Souvenirs and Gifts,%,28.0
2025,GREATER CHINA,Taiwan,Shopping Items Purchased in terms of Popularity | Consumer Tech,%,3.0
2025,GREATER CHINA,Taiwan,Shopping Items Purchased in terms of Popularity | Others,%,1.0
2025,GREATER CHINA,Taiwan,Shopping Items Purchased in terms of Amount spent | Fashion and Accessories,%,35.0
2025,GREATER CHINA,Taiwan,"Shopping Items Purchased in terms of Amount spent | Cosmetics, Perfumes & Toiletries and Healthcare & Wellness Products",%,13.0
2025,GREATER CHINA,Taiwan,Shopping Items Purchased in terms of Amount spent | Confectionery and Food Items,%,34.0
2025,GREATER CHINA,Taiwan,Shopping Items Purchased in terms of Amount spent | Souvenirs and Gifts,%,14.0
2025,GREATER CHINA,Taiwan,Shopping Items Purchased in terms of Amount spent | Genuine Jewellery,%,1.0
2025,GREATER CHINA,Taiwan,Shopping Items Purchased in terms of Amount spent | Consumer Tech,%,2.0
2025,GREATER CHINA,Taiwan,Shopping Items Purchased in terms of Amount spent | Others,%,1.0
2025,NORTH ASIA,Japan,Shopping Items Purchased in terms of Popularity | Fashion and Accessories,%,24.0
2025,NORTH ASIA,Japan,"Shopping Items Purchased in terms of Popularity | Cosmetics, Perfumes & Toiletries and Healthcare & Wellness Products",%,11.0
2025,NORTH ASIA,Japan,Shopping Items Purchased in terms of Popularity | Confectionery and Food Items,%,53.0
2025,NORTH ASIA,Japan,Shopping Items Purchased in terms of Popularity | Souvenirs and Gifts,%,41.0
2025,NORTH ASIA,Japan,Shopping Items Purchased in terms of Popularity | Genuine Jewellery,%,1.0
2025,NORTH ASIA,Japan,Shopping Items Purchased in terms of Popularity | Consumer Tech,%,1.0
2025,NORTH ASIA,Japan,Shopping Items Purchased in terms of Popularity | Watches and Clocks,%,1.0
2025,NORTH ASIA,Japan,Shopping Items Purchased in terms of Popularity | Others,%,5.0
2025,NORTH ASIA,Japan,Shopping Items Purchased in terms of Amount spent | Fashion and Accessories,%,25.0
2025,NORTH ASIA,Japan,"Shopping Items Purchased in terms of Amount spent | Cosmetics, Perfumes & Toiletries and Healthcare & Wellness Products",%,9.0
2025,NORTH ASIA,Japan,Shopping Items Purchased in terms of Amount spent | Confectionery and Food Items,%,32.0
2025,NORTH ASIA,Japan,Shopping Items Purchased in terms of Amount spent | Souvenirs and Gifts,%,22.0
2025,NORTH ASIA,Japan,Shopping Items Purchased in terms of Amount spent | Genuine Jewellery,%,2.0
2025,NORTH ASIA,Japan,Shopping Items Purchased in terms of Amount spent | Consumer Tech,%,4.0
2025,NORTH ASIA,Japan,Shopping Items Purchased in terms of Amount spent | Watches and Clocks,%,2.0
2025,NORTH ASIA,Japan,Shopping Items Purchased in terms of Amount spent | Others,%,5.0
2025,NORTH ASIA,South Korea,Shopping Items Purchased in terms of Popularity | Fashion and Accessories,%,35.0
2025,NORTH ASIA,South Korea,"Shopping Items Purchased in terms of Popularity | Cosmetics, Perfumes & Toiletries and Healthcare & Wellness Products",%,11.0
2025,NORTH ASIA,South Korea,Shopping Items Purchased in terms of Popularity | Confectionery and Food Items,%,61.0
2025,NORTH ASIA,South Korea,Shopping Items Purchased in terms of Popularity | Souvenirs and Gifts,%,32.0
2025,NORTH ASIA,South Korea,Shopping Items Purchased in terms of Popularity | Consumer Tech,%,2.0
2025,NORTH ASIA,South Korea,Shopping Items Purchased in terms of Popularity | Watches and Clocks,%,1.0
2025,NORTH ASIA,South Korea,Shopping Items Purchased in terms of Popularity | Others,%,8.0
2025,NORTH ASIA,South Korea,Shopping Items Purchased in terms of Amount spent | Fashion and Accessories,%,39.0
2025,NORTH ASIA,South Korea,"Shopping Items Purchased in terms of Amount spent | Cosmetics, Perfumes & Toiletries and Healthcare & Wellness Products",%,7.0
2025,NORTH ASIA,South Korea,Shopping Items Purchased in terms of Amount spent | Confectionery and Food Items,%,30.0
2025,NORTH ASIA,South Korea,Shopping Items Purchased in terms of Amount spent | Souvenirs and Gifts,%,15.0
2025,NORTH ASIA,South Korea,Shopping Items Purchased in terms of Amount spent | Consumer Tech,%,3.0
2025,NORTH ASIA,South Korea,Shopping Items Purchased in terms of Amount spent | Watches and Clocks,%,1.0
2025,NORTH ASIA,South Korea,Shopping Items Purchased in terms of Amount spent | Others,%,6.0
2025,SOUTH ASIA,India,Shopping Items Purchased in terms of Popularity | Fashion and Accessories,%,45.0
2025,SOUTH ASIA,India,"Shopping Items Purchased in terms of Popularity | Cosmetics, Perfumes & Toiletries and Healthcare & Wellness Products",%,17.0
2025,SOUTH ASIA,India,Shopping Items Purchased in terms of Popularity | Confectionery and Food Items,%,43.0
2025,SOUTH ASIA,India,Shopping Items Purchased in terms of Popularity | Souvenirs and Gifts,%,41.0
2025,SOUTH ASIA,India,Shopping Items Purchased in terms of Popularity | Genuine Jewellery,%,3.0
2025,SOUTH ASIA,India,Shopping Items Purchased in terms of Popularity | Consumer Tech,%,5.0
2025,SOUTH ASIA,India,Shopping Items Purchased in terms of Popularity | Watches and Clocks,%,3.0
2025,SOUTH ASIA,India,Shopping Items Purchased in terms of Popularity | Others,%,10.0
2025,SOUTH ASIA,India,Shopping Items Purchased in terms of Amount spent | Fashion and Accessories,%,36.0
2025,SOUTH ASIA,India,"Shopping Items Purchased in terms of Amount spent | Cosmetics, Perfumes & Toiletries and Healthcare & Wellness Products",%,8.0
2025,SOUTH ASIA,India,Shopping Items Purchased in terms of Amount spent | Confectionery and Food Items,%,14.0
2025,SOUTH ASIA,India,Shopping Items Purchased in terms of Amount spent | Souvenirs and Gifts,%,11.0
2025,SOUTH ASIA,India,Shopping Items Purchased in terms of Amount spent | Genuine Jewellery,%,11.0
2025,SOUTH ASIA,India,Shopping Items Purchased in terms of Amount spent | Consumer Tech,%,12.0
2025,SOUTH ASIA,India,Shopping Items Purchased in terms of Amount spent | Watches and Clocks,%,2.0
2025,SOUTH ASIA,India,Shopping Items Purchased in terms of Amount spent | Others,%,5.0
2025,EUROPE,France,Shopping Items Purchased in terms of Popularity | Fashion and Accessories,%,42.0
2025,EUROPE,France,"Shopping Items Purchased in terms of Popularity | Cosmetics, Perfumes & Toiletries and Healthcare & Wellness Products",%,13.0
2025,EUROPE,France,Shopping Items Purchased in terms of Popularity | Confectionery and Food Items,%,16.0
2025,EUROPE,France,Shopping Items Purchased in terms of Popularity | Souvenirs and Gifts,%,50.0
2025,EUROPE,France,Shopping Items Purchased in terms of Popularity | Genuine Jewellery,%,2.0
2025,EUROPE,France,Shopping Items Purchased in terms of Popularity | Consumer Tech,%,5.0
2025,EUROPE,France,Shopping Items Purchased in terms of Popularity | Others,%,6.0
2025,EUROPE,France,Shopping Items Purchased in terms of Amount spent | Fashion and Accessories,%,40.0
2025,EUROPE,France,"Shopping Items Purchased in terms of Amount spent | Cosmetics, Perfumes & Toiletries and Healthcare & Wellness Products",%,11.0
2025,EUROPE,France,Shopping Items Purchased in terms of Amount spent | Confectionery and Food Items,%,8.0
2025,EUROPE,France,Shopping Items Purchased in terms of Amount spent | Souvenirs and Gifts,%,20.0
2025,EUROPE,France,Shopping Items Purchased in terms of Amount spent | Genuine Jewellery,%,1.0
2025,EUROPE,France,Shopping Items Purchased in terms of Amount spent | Consumer Tech,%,16.0
2025,EUROPE,France,Shopping Items Purchased in terms of Amount spent | Others,%,4.0
2025,EUROPE,Germany,Shopping Items Purchased in terms of Popularity | Fashion and Accessories,%,42.0
2025,EUROPE,Germany,"Shopping Items Purchased in terms of Popularity | Cosmetics, Perfumes & Toiletries and Healthcare & Wellness Products",%,7.0
2025,EUROPE,Germany,Shopping Items Purchased in terms of Popularity | Confectionery and Food Items,%,22.0
2025,EUROPE,Germany,Shopping Items Purchased in terms of Popularity | Souvenirs and Gifts,%,48.0
2025,EUROPE,Germany,Shopping Items Purchased in terms of Popularity | Consumer Tech,%,4.0
2025,EUROPE,Germany,Shopping Items Purchased in terms of Popularity | Others,%,3.0
2025,EUROPE,Germany,Shopping Items Purchased in terms of Amount spent | Fashion and Accessories,%,51.0
2025,EUROPE,Germany,"Shopping Items Purchased in terms of Amount spent | Cosmetics, Perfumes & Toiletries and Healthcare & Wellness Products",%,7.0
2025,EUROPE,Germany,Shopping Items Purchased in terms of Amount spent | Confectionery and Food Items,%,10.0
2025,EUROPE,Germany,Shopping Items Purchased in terms of Amount spent | Souvenirs and Gifts,%,27.0
2025,EUROPE,Germany,Shopping Items Purchased in terms of Amount spent | Consumer Tech,%,4.0
2025,EUROPE,Germany,Shopping Items Purchased in terms of Amount spent | Others,%,1.0
2025,EUROPE,Italy,Shopping Items Purchased in terms of Popularity | Fashion and Accessories,%,30.0
2025,EUROPE,Italy,"Shopping Items Purchased in terms of Popularity | Cosmetics, Perfumes & Toiletries and Healthcare & Wellness Products",%,9.0
2025,EUROPE,Italy,Shopping Items Purchased in terms of Popularity | Confectionery and Food Items,%,9.0
2025,EUROPE,Italy,Shopping Items Purchased in terms of Popularity | Souvenirs and Gifts,%,70.0
2025,EUROPE,Italy,Shopping Items Purchased in terms of Popularity | Genuine Jewellery,%,1.0
2025,EUROPE,Italy,Shopping Items Purchased in terms of Popularity | Consumer Tech,%,2.0
2025,EUROPE,Italy,Shopping Items Purchased in terms of Popularity | Others,%,5.0
2025,EUROPE,Italy,Shopping Items Purchased in terms of Amount spent | Fashion and Accessories,%,60.0
2025,EUROPE,Italy,"Shopping Items Purchased in terms of Amount spent | Cosmetics, Perfumes & Toiletries and Healthcare & Wellness Products",%,6.0
2025,EUROPE,Italy,Shopping Items Purchased in terms of Amount spent | Confectionery and Food Items,%,4.0
2025,EUROPE,Italy,Shopping Items Purchased in terms of Amount spent | Souvenirs and Gifts,%,24.0
2025,EUROPE,Italy,Shopping Items Purchased in terms of Amount spent | Consumer Tech,%,2.0
2025,EUROPE,Italy,Shopping Items Purchased in terms of Amount spent | Others,%,3.0
2025,EUROPE,Netherlands,Shopping Items Purchased in terms of Popularity | Fashion and Accessories,%,55.0
2025,EUROPE,Netherlands,"Shopping Items Purchased in terms of Popularity | Cosmetics, Perfumes & Toiletries and Healthcare & Wellness Products",%,2.0
2025,EUROPE,Netherlands,Shopping Items Purchased in terms of Popularity | Confectionery and Food Items,%,11.0
2025,EUROPE,Netherlands,Shopping Items Purchased in terms of Popularity | Souvenirs and Gifts,%,44.0
2025,EUROPE,Netherlands,Shopping Items Purchased in terms of Popularity | Genuine Jewellery,%,1.0
2025,EUROPE,Netherlands,Shopping Items Purchased in terms of Popularity | Consumer Tech,%,3.0
2025,EUROPE,Netherlands,Shopping Items Purchased in terms of Popularity | Watches and Clocks,%,2.0
2025,EUROPE,Netherlands,Shopping Items Purchased in terms of Popularity | Others,%,5.0
2025,EUROPE,Netherlands,Shopping Items Purchased in terms of Amount spent | Fashion and Accessories,%,68.0
2025,EUROPE,Netherlands,"Shopping Items Purchased in terms of Amount spent | Cosmetics, Perfumes & Toiletries and Healthcare & Wellness Products",%,1.0
2025,EUROPE,Netherlands,Shopping Items Purchased in terms of Amount spent | Confectionery and Food Items,%,3.0
2025,EUROPE,Netherlands,Shopping Items Purchased in terms of Amount spent | Souvenirs and Gifts,%,12.0
2025,EUROPE,Netherlands,Shopping Items Purchased in terms of Amount spent | Genuine Jewellery,%,5.0
2025,EUROPE,Netherlands,Shopping Items Purchased in terms of Amount spent | Consumer Tech,%,6.0
2025,EUROPE,Netherlands,Shopping Items Purchased in terms of Amount spent | Watches and Clocks,%,4.0
2025,EUROPE,Netherlands,Shopping Items Purchased in terms of Amount spent | Others,%,1.0
2025,EUROPE,Switzerland,Shopping Items Purchased in terms of Popularity | Fashion and Accessories,%,58.0
2025,EUROPE,Switzerland,"Shopping Items Purchased in terms of Popularity | Cosmetics, Perfumes & Toiletries and Healthcare & Wellness Products",%,14.0
2025,EUROPE,Switzerland,Shopping Items Purchased in terms of Popularity | Confectionery and Food Items,%,21.0
2025,EUROPE,Switzerland,Shopping Items Purchased in terms of Popularity | Souvenirs and Gifts,%,30.0
2025,EUROPE,Switzerland,Shopping Items Purchased in terms of Popularity | Genuine Jewellery,%,5.0
2025,EUROPE,Switzerland,Shopping Items Purchased in terms of Popularity | Consumer Tech,%,7.0
2025,EUROPE,Switzerland,Shopping Items Purchased in terms of Popularity | Watches and Clocks,%,3.0
2025,EUROPE,Switzerland,Shopping Items Purchased in terms of Popularity | Others,%,2.0
2025,EUROPE,Switzerland,Shopping Items Purchased in terms of Amount spent | Fashion and Accessories,%,53.0
2025,EUROPE,Switzerland,"Shopping Items Purchased in terms of Amount spent | Cosmetics, Perfumes & Toiletries and Healthcare & Wellness Products",%,7.0
2025,EUROPE,Switzerland,Shopping Items Purchased in terms of Amount spent | Confectionery and Food Items,%,6.0
2025,EUROPE,Switzerland,Shopping Items Purchased in terms of Amount spent | Souvenirs and Gifts,%,6.0
2025,EUROPE,Switzerland,Shopping Items Purchased in terms of Amount spent | Genuine Jewellery,%,5.0
2025,EUROPE,Switzerland,Shopping Items Purchased in terms of Amount spent | Consumer Tech,%,19.0
2025,EUROPE,Switzerland,Shopping Items Purchased in terms of Amount spent | Watches and Clocks,%,1.0
2025,EUROPE,Switzerland,Shopping Items Purchased in terms of Amount spent | Others,%,1.0
2025,EUROPE,UK,Shopping Items Purchased in terms of Popularity | Fashion and Accessories,%,39.0
2025,EUROPE,UK,"Shopping Items Purchased in terms of Popularity | Cosmetics, Perfumes & Toiletries and Healthcare & Wellness Products",%,11.0
2025,EUROPE,UK,Shopping Items Purchased in terms of Popularity | Confectionery and Food Items,%,18.0
2025,EUROPE,UK,Shopping Items Purchased in terms of Popularity | Souvenirs and Gifts,%,50.0
2025,EUROPE,UK,Shopping Items Purchased in terms of Popularity | Genuine Jewellery,%,2.0
2025,EUROPE,UK,Shopping Items Purchased in terms of Popularity | Consumer Tech,%,7.0
2025,EUROPE,UK,Shopping Items Purchased in terms of Popularity | Others,%,4.0
2025,EUROPE,UK,Shopping Items Purchased in terms of Amount spent | Fashion and Accessories,%,43.0
2025,EUROPE,UK,"Shopping Items Purchased in terms of Amount spent | Cosmetics, Perfumes & Toiletries and Healthcare & Wellness Products",%,9.0
2025,EUROPE,UK,Shopping Items Purchased in terms of Amount spent | Confectionery and Food Items,%,7.0
2025,EUROPE,UK,Shopping Items Purchased in terms of Amount spent | Souvenirs and Gifts,%,22.0
2025,EUROPE,UK,Shopping Items Purchased in terms of Amount spent | Genuine Jewellery,%,4.0
2025,EUROPE,UK,Shopping Items Purchased in terms of Amount spent | Consumer Tech,%,10.0
2025,EUROPE,UK,Shopping Items Purchased in terms of Amount spent | Others,%,4.0
2025,AMERICAS,Canada,Shopping Items Purchased in terms of Popularity | Fashion and Accessories,%,40.0
2025,AMERICAS,Canada,"Shopping Items Purchased in terms of Popularity | Cosmetics, Perfumes & Toiletries and Healthcare & Wellness Products",%,12.0
2025,AMERICAS,Canada,Shopping Items Purchased in terms of Popularity | Confectionery and Food Items,%,14.0
2025,AMERICAS,Canada,Shopping Items Purchased in terms of Popularity | Souvenirs and Gifts,%,43.0
2025,AMERICAS,Canada,Shopping Items Purchased in terms of Popularity | Genuine Jewellery,%,2.0
2025,AMERICAS,Canada,Shopping Items Purchased in terms of Popularity | Consumer Tech,%,9.0
2025,AMERICAS,Canada,Shopping Items Purchased in terms of Popularity | Watches and Clocks,%,1.0
2025,AMERICAS,Canada,Shopping Items Purchased in terms of Popularity | Others,%,10.0
2025,AMERICAS,Canada,Shopping Items Purchased in terms of Amount spent | Fashion and Accessories,%,48.0
2025,AMERICAS,Canada,"Shopping Items Purchased in terms of Amount spent | Cosmetics, Perfumes & Toiletries and Healthcare & Wellness Products",%,12.0
2025,AMERICAS,Canada,Shopping Items Purchased in terms of Amount spent | Confectionery and Food Items,%,7.0
2025,AMERICAS,Canada,Shopping Items Purchased in terms of Amount spent | Souvenirs and Gifts,%,16.0
2025,AMERICAS,Canada,Shopping Items Purchased in terms of Amount spent | Genuine Jewellery,%,3.0
2025,AMERICAS,Canada,Shopping Items Purchased in terms of Amount spent | Consumer Tech,%,11.0
2025,AMERICAS,Canada,Shopping Items Purchased in terms of Amount spent | Watches and Clocks,%,1.0
2025,AMERICAS,Canada,Shopping Items Purchased in terms of Amount spent | Others,%,3.0
2025,AMERICAS,USA,Shopping Items Purchased in terms of Popularity | Fashion and Accessories,%,34.0
2025,AMERICAS,USA,"Shopping Items Purchased in terms of Popularity | Cosmetics, Perfumes & Toiletries and Healthcare & Wellness Products",%,13.0
2025,AMERICAS,USA,Shopping Items Purchased in terms of Popularity | Confectionery and Food Items,%,25.0
2025,AMERICAS,USA,Shopping Items Purchased in terms of Popularity | Souvenirs and Gifts,%,49.0
2025,AMERICAS,USA,Shopping Items Purchased in terms of Popularity | Genuine Jewellery,%,4.0
2025,AMERICAS,USA,Shopping Items Purchased in terms of Popularity | Consumer Tech,%,3.0
2025,AMERICAS,USA,Shopping Items Purchased in terms of Popularity | Watches and Clocks,%,1.0
2025,AMERICAS,USA,Shopping Items Purchased in terms of Popularity | Others,%,4.0
2025,AMERICAS,USA,Shopping Items Purchased in terms of Amount spent | Fashion and Accessories,%,37.0
2025,AMERICAS,USA,"Shopping Items Purchased in terms of Amount spent | Cosmetics, Perfumes & Toiletries and Healthcare & Wellness Products",%,10.0
2025,AMERICAS,USA,Shopping Items Purchased in terms of Amount spent | Confectionery and Food Items,%,8.0
2025,AMERICAS,USA,Shopping Items Purchased in terms of Amount spent | Souvenirs and Gifts,%,19.0
2025,AMERICAS,USA,Shopping Items Purchased in terms of Amount spent | Genuine Jewellery,%,15.0
2025,AMERICAS,USA,Shopping Items Purchased in terms of Amount spent | Consumer Tech,%,5.0
2025,AMERICAS,USA,Shopping Items Purchased in terms of Amount spent | Watches and Clocks,%,4.0
2025,AMERICAS,USA,Shopping Items Purchased in terms of Amount spent | Others,%,2.0
2025,OCEANIA,Australia,Shopping Items Purchased in terms of Popularity | Fashion and Accessories,%,51.0
2025,OCEANIA,Australia,"Shopping Items Purchased in terms of Popularity | Cosmetics, Perfumes & Toiletries and Healthcare & Wellness Products",%,14.0
2025,OCEANIA,Australia,Shopping Items Purchased in terms of Popularity | Confectionery and Food Items,%,20.0
2025,OCEANIA,Australia,Shopping Items Purchased in terms of Popularity | Souvenirs and Gifts,%,39.0
2025,OCEANIA,Australia,Shopping Items Purchased in terms of Popularity | Genuine Jewellery,%,4.0
2025,OCEANIA,Australia,Shopping Items Purchased in terms of Popularity | Consumer Tech,%,6.0
2025,OCEANIA,Australia,Shopping Items Purchased in terms of Popularity | Watches and Clocks,%,1.0
2025,OCEANIA,Australia,Shopping Items Purchased in terms of Popularity | Others,%,7.0
2025,OCEANIA,Australia,Shopping Items Purchased in terms of Amount spent | Fashion and Accessories,%,51.0
2025,OCEANIA,Australia,"Shopping Items Purchased in terms of Amount spent | Cosmetics, Perfumes & Toiletries and Healthcare & Wellness Products",%,8.0
2025,OCEANIA,Australia,Shopping Items Purchased in terms of Amount spent | Confectionery and Food Items,%,6.0
2025,OCEANIA,Australia,Shopping Items Purchased in terms of Amount spent | Souvenirs and Gifts,%,15.0
2025,OCEANIA,Australia,Shopping Items Purchased in terms of Amount spent | Genuine Jewellery,%,9.0
2025,OCEANIA,Australia,Shopping Items Purchased in terms of Amount spent | Consumer Tech,%,4.0
2025,OCEANIA,Australia,Shopping Items Purchased in terms of Amount spent | Watches and Clocks,%,4.0
2025,OCEANIA,Australia,Shopping Items Purchased in terms of Amount spent | Others,%,3.0
2025,OCEANIA,New Zealand,Shopping Items Purchased in terms of Popularity | Fashion and Accessories,%,53.0
2025,OCEANIA,New Zealand,"Shopping Items Purchased in terms of Popularity | Cosmetics, Perfumes & Toiletries and Healthcare & Wellness Products",%,13.0
2025,OCEANIA,New Zealand,Shopping Items Purchased in terms of Popularity | Confectionery and Food Items,%,19.0
2025,OCEANIA,New Zealand,Shopping Items Purchased in terms of Popularity | Souvenirs and Gifts,%,34.0
2025,OCEANIA,New Zealand,Shopping Items Purchased in terms of Popularity | Genuine Jewellery,%,2.0
2025,OCEANIA,New Zealand,Shopping Items Purchased in terms of Popularity | Consumer Tech,%,3.0
2025,OCEANIA,New Zealand,Shopping Items Purchased in terms of Popularity | Watches and Clocks,%,1.0
2025,OCEANIA,New Zealand,Shopping Items Purchased in terms of Popularity | Others,%,7.0
2025,OCEANIA,New Zealand,Shopping Items Purchased in terms of Amount spent | Fashion and Accessories,%,55.0
2025,OCEANIA,New Zealand,"Shopping Items Purchased in terms of Amount spent | Cosmetics, Perfumes & Toiletries and Healthcare & Wellness Products",%,16.0
2025,OCEANIA,New Zealand,Shopping Items Purchased in terms of Amount spent | Confectionery and Food Items,%,4.0
2025,OCEANIA,New Zealand,Shopping Items Purchased in terms of Amount spent | Souvenirs and Gifts,%,10.0
2025,OCEANIA,New Zealand,Shopping Items Purchased in terms of Amount spent | Genuine Jewellery,%,4.0
2025,OCEANIA,New Zealand,Shopping Items Purchased in terms of Amount spent | Consumer Tech,%,5.0
2025,OCEANIA,New Zealand,Shopping Items Purchased in terms of Amount spent | Watches and Clocks,%,2.0
2025,OCEANIA,New Zealand,Shopping Items Purchased in terms of Amount spent | Others,%,4.0
2025,AFRICA,South Africa (Rep of),Shopping Items Purchased in terms of Popularity | Fashion and Accessories,%,39.0
2025,AFRICA,South Africa (Rep of),"Shopping Items Purchased in terms of Popularity | Cosmetics, Perfumes & Toiletries and Healthcare & Wellness Products",%,7.0
2025,AFRICA,South Africa (Rep of),Shopping Items Purchased in terms of Popularity | Confectionery and Food Items,%,18.0
2025,AFRICA,South Africa (Rep of),Shopping Items Purchased in terms of Popularity | Souvenirs and Gifts,%,28.0
2025,AFRICA,South Africa (Rep of),Shopping Items Purchased in terms of Popularity | Consumer Tech,%,4.0
2025,AFRICA,South Africa (Rep of),Shopping Items Purchased in terms of Popularity | Others,%,28.0
2025,AFRICA,South Africa (Rep of),Shopping Items Purchased in terms of Amount spent | Fashion and Accessories,%,51.0
2025,AFRICA,South Africa (Rep of),"Shopping Items Purchased in terms of Amount spent | Cosmetics, Perfumes & Toiletries and Healthcare & Wellness Products",%,5.0
2025,AFRICA,South Africa (Rep of),Shopping Items Purchased in terms of Amount spent | Confectionery and Food Items,%,5.0
2025,AFRICA,South Africa (Rep of),Shopping Items Purchased in terms of Amount spent | Souvenirs and Gifts,%,31.0
2025,AFRICA,South Africa (Rep of),Shopping Items Purchased in terms of Amount spent | Consumer Tech,%,3.0
2025,AFRICA,South Africa (Rep of),Shopping Items Purchased in terms of Amount spent | Others,%,5.0
2025,REMAINING,Others,Shopping Items Purchased in terms of Popularity | Fashion and Accessories,%,46.0
2025,REMAINING,Others,"Shopping Items Purchased in terms of Popularity | Cosmetics, Perfumes & Toiletries and Healthcare & Wellness Products",%,18.0
2025,REMAINING,Others,Shopping Items Purchased in terms of Popularity | Confectionery and Food Items,%,27.0
2025,REMAINING,Others,Shopping Items Purchased in terms of Popularity | Souvenirs and Gifts,%,41.0
2025,REMAINING,Others,Shopping Items Purchased in terms of Popularity | Genuine Jewellery,%,3.0
2025,REMAINING,Others,Shopping Items Purchased in terms of Popularity | Consumer Tech,%,7.0
2025,REMAINING,Others,Shopping Items Purchased in terms of Popularity | Watches and Clocks,%,1.0
2025,REMAINING,Others,Shopping Items Purchased in terms of Popularity | Others,%,6.0
2025,REMAINING,Others,Shopping Items Purchased in terms of Amount spent | Fashion and Accessories,%,47.0
2025,REMAINING,Others,"Shopping Items Purchased in terms of Amount spent | Cosmetics, Perfumes & Toiletries and Healthcare & Wellness Products",%,12.0
2025,REMAINING,Others,Shopping Items Purchased in terms of Amount spent | Confectionery and Food Items,%,8.0
2025,REMAINING,Others,Shopping Items Purchased in terms of Amount spent | Souvenirs and Gifts,%,12.0
2025,REMAINING,Others,Shopping Items Purchased in terms of Amount spent | Genuine Jewellery,%,7.0
2025,REMAINING,Others,Shopping Items Purchased in terms of Amount spent | Consumer Tech,%,9.0
2025,REMAINING,Others,Shopping Items Purchased in terms of Amount spent | Watches and Clocks,%,2.0
2025,REMAINING,Others,Shopping Items Purchased in terms of Amount spent | Others,%,3.0
2024,SOUTHEAST ASIA,Indonesia,Shopping Items Purchased in terms of Popularity | Fashion and Accessories,%,44.0
2024,SOUTHEAST ASIA,Indonesia,"Shopping Items Purchased in terms of Popularity | Cosmetics, Perfumes & Toiletries and Healthcare & Wellness Products",%,16.0
2024,SOUTHEAST ASIA,Indonesia,Shopping Items Purchased in terms of Popularity | Confectionery and Food Items,%,51.0
2024,SOUTHEAST ASIA,Indonesia,Shopping Items Purchased in terms of Popularity | Souvenirs and Gifts,%,13.0
2024,SOUTHEAST ASIA,Indonesia,Shopping Items Purchased in terms of Popularity | Genuine Jewellery,%,1.0
2024,SOUTHEAST ASIA,Indonesia,Shopping Items Purchased in terms of Popularity | Consumer Tech,%,3.0
2024,SOUTHEAST ASIA,Indonesia,Shopping Items Purchased in terms of Popularity | Watches and Clocks,%,1.0
2024,SOUTHEAST ASIA,Indonesia,Shopping Items Purchased in terms of Popularity | Others,%,8.0
2024,SOUTHEAST ASIA,Indonesia,Shopping Items Purchased in terms of Amount spent | Fashion and Accessories,%,51.0
2024,SOUTHEAST ASIA,Indonesia,"Shopping Items Purchased in terms of Amount spent | Cosmetics, Perfumes & Toiletries and Healthcare & Wellness Products",%,11.0
2024,SOUTHEAST ASIA,Indonesia,Shopping Items Purchased in terms of Amount spent | Confectionery and Food Items,%,15.0
2024,SOUTHEAST ASIA,Indonesia,Shopping Items Purchased in terms of Amount spent | Souvenirs and Gifts,%,4.0
2024,SOUTHEAST ASIA,Indonesia,Shopping Items Purchased in terms of Amount spent | Genuine Jewellery,%,2.0
2024,SOUTHEAST ASIA,Indonesia,Shopping Items Purchased in terms of Amount spent | Consumer Tech,%,6.0
2024,SOUTHEAST ASIA,Indonesia,Shopping Items Purchased in terms of Amount spent | Watches and Clocks,%,1.0
2024,SOUTHEAST ASIA,Indonesia,Shopping Items Purchased in terms of Amount spent | Others,%,9.0
2024,SOUTHEAST ASIA,Malaysia,Shopping Items Purchased in terms of Popularity | Fashion and Accessories,%,35.0
2024,SOUTHEAST ASIA,Malaysia,"Shopping Items Purchased in terms of Popularity | Cosmetics, Perfumes & Toiletries and Healthcare & Wellness Products",%,13.0
2024,SOUTHEAST ASIA,Malaysia,Shopping Items Purchased in terms of Popularity | Confectionery and Food Items,%,44.0
2024,SOUTHEAST ASIA,Malaysia,Shopping Items Purchased in terms of Popularity | Souvenirs and Gifts,%,20.0
2024,SOUTHEAST ASIA,Malaysia,Shopping Items Purchased in terms of Popularity | Genuine Jewellery,%,1.0
2024,SOUTHEAST ASIA,Malaysia,Shopping Items Purchased in terms of Popularity | Consumer Tech,%,6.0
2024,SOUTHEAST ASIA,Malaysia,Shopping Items Purchased in terms of Popularity | Watches and Clocks,%,1.0
2024,SOUTHEAST ASIA,Malaysia,Shopping Items Purchased in terms of Popularity | Others,%,9.0
2024,SOUTHEAST ASIA,Malaysia,Shopping Items Purchased in terms of Amount spent | Fashion and Accessories,%,43.0
2024,SOUTHEAST ASIA,Malaysia,"Shopping Items Purchased in terms of Amount spent | Cosmetics, Perfumes & Toiletries and Healthcare & Wellness Products",%,8.0
2024,SOUTHEAST ASIA,Malaysia,Shopping Items Purchased in terms of Amount spent | Confectionery and Food Items,%,12.0
2024,SOUTHEAST ASIA,Malaysia,Shopping Items Purchased in terms of Amount spent | Souvenirs and Gifts,%,8.0
2024,SOUTHEAST ASIA,Malaysia,Shopping Items Purchased in terms of Amount spent | Genuine Jewellery,%,6.0
2024,SOUTHEAST ASIA,Malaysia,Shopping Items Purchased in terms of Amount spent | Consumer Tech,%,13.0
2024,SOUTHEAST ASIA,Malaysia,Shopping Items Purchased in terms of Amount spent | Watches and Clocks,%,1.0
2024,SOUTHEAST ASIA,Malaysia,Shopping Items Purchased in terms of Amount spent | Others,%,8.0
2024,SOUTHEAST ASIA,Philippines,Shopping Items Purchased in terms of Popularity | Fashion and Accessories,%,49.0
2024,SOUTHEAST ASIA,Philippines,"Shopping Items Purchased in terms of Popularity | Cosmetics, Perfumes & Toiletries and Healthcare & Wellness Products",%,17.0
2024,SOUTHEAST ASIA,Philippines,Shopping Items Purchased in terms of Popularity | Confectionery and Food Items,%,45.0
2024,SOUTHEAST ASIA,Philippines,Shopping Items Purchased in terms of Popularity | Souvenirs and Gifts,%,39.0
2024,SOUTHEAST ASIA,Philippines,Shopping Items Purchased in terms of Popularity | Genuine Jewellery,%,2.0
2024,SOUTHEAST ASIA,Philippines,Shopping Items Purchased in terms of Popularity | Consumer Tech,%,3.0
2024,SOUTHEAST ASIA,Philippines,Shopping Items Purchased in terms of Popularity | Watches and Clocks,%,1.0
2024,SOUTHEAST ASIA,Philippines,Shopping Items Purchased in terms of Popularity | Others,%,2.0
2024,SOUTHEAST ASIA,Philippines,Shopping Items Purchased in terms of Amount spent | Fashion and Accessories,%,48.0
2024,SOUTHEAST ASIA,Philippines,"Shopping Items Purchased in terms of Amount spent | Cosmetics, Perfumes & Toiletries and Healthcare & Wellness Products",%,9.0
2024,SOUTHEAST ASIA,Philippines,Shopping Items Purchased in terms of Amount spent | Confectionery and Food Items,%,16.0
2024,SOUTHEAST ASIA,Philippines,Shopping Items Purchased in terms of Amount spent | Souvenirs and Gifts,%,12.0
2024,SOUTHEAST ASIA,Philippines,Shopping Items Purchased in terms of Amount spent | Genuine Jewellery,%,5.0
2024,SOUTHEAST ASIA,Philippines,Shopping Items Purchased in terms of Amount spent | Consumer Tech,%,8.0
2024,SOUTHEAST ASIA,Philippines,Shopping Items Purchased in terms of Amount spent | Watches and Clocks,%,2.0
2024,SOUTHEAST ASIA,Philippines,Shopping Items Purchased in terms of Amount spent | Others,%,1.0
2024,SOUTHEAST ASIA,Thailand,Shopping Items Purchased in terms of Popularity | Fashion and Accessories,%,46.0
2024,SOUTHEAST ASIA,Thailand,"Shopping Items Purchased in terms of Popularity | Cosmetics, Perfumes & Toiletries and Healthcare & Wellness Products",%,17.0
2024,SOUTHEAST ASIA,Thailand,Shopping Items Purchased in terms of Popularity | Confectionery and Food Items,%,42.0
2024,SOUTHEAST ASIA,Thailand,Shopping Items Purchased in terms of Popularity | Souvenirs and Gifts,%,21.0
2024,SOUTHEAST ASIA,Thailand,Shopping Items Purchased in terms of Popularity | Consumer Tech,%,4.0
2024,SOUTHEAST ASIA,Thailand,Shopping Items Purchased in terms of Popularity | Watches and Clocks,%,1.0
2024,SOUTHEAST ASIA,Thailand,Shopping Items Purchased in terms of Popularity | Others,%,6.0
2024,SOUTHEAST ASIA,Thailand,Shopping Items Purchased in terms of Amount spent | Fashion and Accessories,%,53.0
2024,SOUTHEAST ASIA,Thailand,"Shopping Items Purchased in terms of Amount spent | Cosmetics, Perfumes & Toiletries and Healthcare & Wellness Products",%,11.0
2024,SOUTHEAST ASIA,Thailand,Shopping Items Purchased in terms of Amount spent | Confectionery and Food Items,%,14.0
2024,SOUTHEAST ASIA,Thailand,Shopping Items Purchased in terms of Amount spent | Souvenirs and Gifts,%,8.0
2024,SOUTHEAST ASIA,Thailand,Shopping Items Purchased in terms of Amount spent | Consumer Tech,%,9.0
2024,SOUTHEAST ASIA,Thailand,Shopping Items Purchased in terms of Amount spent | Watches and Clocks,%,1.0
2024,SOUTHEAST ASIA,Thailand,Shopping Items Purchased in terms of Amount spent | Others,%,3.0
2024,SOUTHEAST ASIA,Vietnam,Shopping Items Purchased in terms of Popularity | Fashion and Accessories,%,43.0
2024,SOUTHEAST ASIA,Vietnam,"Shopping Items Purchased in terms of Popularity | Cosmetics, Perfumes & Toiletries and Healthcare & Wellness Products",%,36.0
2024,SOUTHEAST ASIA,Vietnam,Shopping Items Purchased in terms of Popularity | Confectionery and Food Items,%,35.0
2024,SOUTHEAST ASIA,Vietnam,Shopping Items Purchased in terms of Popularity | Souvenirs and Gifts,%,29.0
2024,SOUTHEAST ASIA,Vietnam,Shopping Items Purchased in terms of Popularity | Genuine Jewellery,%,1.0
2024,SOUTHEAST ASIA,Vietnam,Shopping Items Purchased in terms of Popularity | Consumer Tech,%,1.0
2024,SOUTHEAST ASIA,Vietnam,Shopping Items Purchased in terms of Popularity | Others,%,6.0
2024,SOUTHEAST ASIA,Vietnam,Shopping Items Purchased in terms of Amount spent | Fashion and Accessories,%,49.0
2024,SOUTHEAST ASIA,Vietnam,"Shopping Items Purchased in terms of Amount spent | Cosmetics, Perfumes & Toiletries and Healthcare & Wellness Products",%,23.0
2024,SOUTHEAST ASIA,Vietnam,Shopping Items Purchased in terms of Amount spent | Confectionery and Food Items,%,8.0
2024,SOUTHEAST ASIA,Vietnam,Shopping Items Purchased in terms of Amount spent | Souvenirs and Gifts,%,11.0
2024,SOUTHEAST ASIA,Vietnam,Shopping Items Purchased in terms of Amount spent | Genuine Jewellery,%,1.0
2024,SOUTHEAST ASIA,Vietnam,Shopping Items Purchased in terms of Amount spent | Consumer Tech,%,4.0
2024,SOUTHEAST ASIA,Vietnam,Shopping Items Purchased in terms of Amount spent | Others,%,3.0
2024,GREATER CHINA,China,Shopping Items Purchased in terms of Popularity | Fashion and Accessories,%,32.0
2024,GREATER CHINA,China,"Shopping Items Purchased in terms of Popularity | Cosmetics, Perfumes & Toiletries and Healthcare & Wellness Products",%,35.0
2024,GREATER CHINA,China,Shopping Items Purchased in terms of Popularity | Confectionery and Food Items,%,51.0
2024,GREATER CHINA,China,Shopping Items Purchased in terms of Popularity | Souvenirs and Gifts,%,25.0
2024,GREATER CHINA,China,Shopping Items Purchased in terms of Popularity | Genuine Jewellery,%,2.0
2024,GREATER CHINA,China,Shopping Items Purchased in terms of Popularity | Consumer Tech,%,2.0
2024,GREATER CHINA,China,Shopping Items Purchased in terms of Popularity | Watches and Clocks,%,1.0
2024,GREATER CHINA,China,Shopping Items Purchased in terms of Popularity | Others,%,6.0
2024,GREATER CHINA,China,Shopping Items Purchased in terms of Amount spent | Fashion and Accessories,%,43.0
2024,GREATER CHINA,China,"Shopping Items Purchased in terms of Amount spent | Cosmetics, Perfumes & Toiletries and Healthcare & Wellness Products",%,21.0
2024,GREATER CHINA,China,Shopping Items Purchased in terms of Amount spent | Confectionery and Food Items,%,14.0
2024,GREATER CHINA,China,Shopping Items Purchased in terms of Amount spent | Souvenirs and Gifts,%,6.0
2024,GREATER CHINA,China,Shopping Items Purchased in terms of Amount spent | Genuine Jewellery,%,6.0
2024,GREATER CHINA,China,Shopping Items Purchased in terms of Amount spent | Consumer Tech,%,2.0
2024,GREATER CHINA,China,Shopping Items Purchased in terms of Amount spent | Watches and Clocks,%,3.0
2024,GREATER CHINA,China,Shopping Items Purchased in terms of Amount spent | Others,%,4.0
2024,GREATER CHINA,Hong Kong SAR,Shopping Items Purchased in terms of Popularity | Fashion and Accessories,%,26.0
2024,GREATER CHINA,Hong Kong SAR,"Shopping Items Purchased in terms of Popularity | Cosmetics, Perfumes & Toiletries and Healthcare & Wellness Products",%,14.0
2024,GREATER CHINA,Hong Kong SAR,Shopping Items Purchased in terms of Popularity | Confectionery and Food Items,%,65.0
2024,GREATER CHINA,Hong Kong SAR,Shopping Items Purchased in terms of Popularity | Souvenirs and Gifts,%,22.0
2024,GREATER CHINA,Hong Kong SAR,Shopping Items Purchased in terms of Popularity | Genuine Jewellery,%,1.0
2024,GREATER CHINA,Hong Kong SAR,Shopping Items Purchased in terms of Popularity | Consumer Tech,%,2.0
2024,GREATER CHINA,Hong Kong SAR,Shopping Items Purchased in terms of Popularity | Others,%,4.0
2024,GREATER CHINA,Hong Kong SAR,Shopping Items Purchased in terms of Amount spent | Fashion and Accessories,%,36.0
2024,GREATER CHINA,Hong Kong SAR,"Shopping Items Purchased in terms of Amount spent | Cosmetics, Perfumes & Toiletries and Healthcare & Wellness Products",%,8.0
2024,GREATER CHINA,Hong Kong SAR,Shopping Items Purchased in terms of Amount spent | Confectionery and Food Items,%,33.0
2024,GREATER CHINA,Hong Kong SAR,Shopping Items Purchased in terms of Amount spent | Souvenirs and Gifts,%,10.0
2024,GREATER CHINA,Hong Kong SAR,Shopping Items Purchased in terms of Amount spent | Genuine Jewellery,%,4.0
2024,GREATER CHINA,Hong Kong SAR,Shopping Items Purchased in terms of Amount spent | Others,%,7.0
2024,GREATER CHINA,Taiwan,Shopping Items Purchased in terms of Popularity | Fashion and Accessories,%,36.0
2024,GREATER CHINA,Taiwan,"Shopping Items Purchased in terms of Popularity | Cosmetics, Perfumes & Toiletries and Healthcare & Wellness Products",%,12.0
2024,GREATER CHINA,Taiwan,Shopping Items Purchased in terms of Popularity | Confectionery and Food Items,%,64.0
2024,GREATER CHINA,Taiwan,Shopping Items Purchased in terms of Popularity | Souvenirs and Gifts,%,27.0
2024,GREATER CHINA,Taiwan,Shopping Items Purchased in terms of Popularity | Genuine Jewellery,%,1.0
2024,GREATER CHINA,Taiwan,Shopping Items Purchased in terms of Popularity | Consumer Tech,%,1.0
2024,GREATER CHINA,Taiwan,Shopping Items Purchased in terms of Popularity | Others,%,3.0
2024,GREATER CHINA,Taiwan,Shopping Items Purchased in terms of Amount spent | Fashion and Accessories,%,42.0
2024,GREATER CHINA,Taiwan,"Shopping Items Purchased in terms of Amount spent | Cosmetics, Perfumes & Toiletries and Healthcare & Wellness Products",%,11.0
2024,GREATER CHINA,Taiwan,Shopping Items Purchased in terms of Amount spent | Confectionery and Food Items,%,30.0
2024,GREATER CHINA,Taiwan,Shopping Items Purchased in terms of Amount spent | Souvenirs and Gifts,%,11.0
2024,GREATER CHINA,Taiwan,Shopping Items Purchased in terms of Amount spent | Genuine Jewellery,%,2.0
2024,GREATER CHINA,Taiwan,Shopping Items Purchased in terms of Amount spent | Others,%,3.0
2024,NORTH ASIA,Japan,Shopping Items Purchased in terms of Popularity | Fashion and Accessories,%,22.0
2024,NORTH ASIA,Japan,"Shopping Items Purchased in terms of Popularity | Cosmetics, Perfumes & Toiletries and Healthcare & Wellness Products",%,15.0
2024,NORTH ASIA,Japan,Shopping Items Purchased in terms of Popularity | Confectionery and Food Items,%,53.0
2024,NORTH ASIA,Japan,Shopping Items Purchased in terms of Popularity | Souvenirs and Gifts,%,40.0
2024,NORTH ASIA,Japan,Shopping Items Purchased in terms of Popularity | Genuine Jewellery,%,1.0
2024,NORTH ASIA,Japan,Shopping Items Purchased in terms of Popularity | Consumer Tech,%,1.0
2024,NORTH ASIA,Japan,Shopping Items Purchased in terms of Popularity | Others,%,7.0
2024,NORTH ASIA,Japan,Shopping Items Purchased in terms of Amount spent | Fashion and Accessories,%,32.0
2024,NORTH ASIA,Japan,"Shopping Items Purchased in terms of Amount spent | Cosmetics, Perfumes & Toiletries and Healthcare & Wellness Products",%,10.0
2024,NORTH ASIA,Japan,Shopping Items Purchased in terms of Amount spent | Confectionery and Food Items,%,24.0
2024,NORTH ASIA,Japan,Shopping Items Purchased in terms of Amount spent | Souvenirs and Gifts,%,20.0
2024,NORTH ASIA,Japan,Shopping Items Purchased in terms of Amount spent | Genuine Jewellery,%,6.0
2024,NORTH ASIA,Japan,Shopping Items Purchased in terms of Amount spent | Consumer Tech,%,1.0
2024,NORTH ASIA,Japan,Shopping Items Purchased in terms of Amount spent | Others,%,7.0
2024,NORTH ASIA,South Korea,Shopping Items Purchased in terms of Popularity | Fashion and Accessories,%,35.0
2024,NORTH ASIA,South Korea,"Shopping Items Purchased in terms of Popularity | Cosmetics, Perfumes & Toiletries and Healthcare & Wellness Products",%,14.0
2024,NORTH ASIA,South Korea,Shopping Items Purchased in terms of Popularity | Confectionery and Food Items,%,62.0
2024,NORTH ASIA,South Korea,Shopping Items Purchased in terms of Popularity | Souvenirs and Gifts,%,29.0
2024,NORTH ASIA,South Korea,Shopping Items Purchased in terms of Popularity | Consumer Tech,%,1.0
2024,NORTH ASIA,South Korea,Shopping Items Purchased in terms of Popularity | Others,%,10.0
2024,NORTH ASIA,South Korea,Shopping Items Purchased in terms of Amount spent | Fashion and Accessories,%,35.0
2024,NORTH ASIA,South Korea,"Shopping Items Purchased in terms of Amount spent | Cosmetics, Perfumes & Toiletries and Healthcare & Wellness Products",%,9.0
2024,NORTH ASIA,South Korea,Shopping Items Purchased in terms of Amount spent | Confectionery and Food Items,%,32.0
2024,NORTH ASIA,South Korea,Shopping Items Purchased in terms of Amount spent | Souvenirs and Gifts,%,13.0
2024,NORTH ASIA,South Korea,Shopping Items Purchased in terms of Amount spent | Genuine Jewellery,%,1.0
2024,NORTH ASIA,South Korea,Shopping Items Purchased in terms of Amount spent | Consumer Tech,%,1.0
2024,NORTH ASIA,South Korea,Shopping Items Purchased in terms of Amount spent | Others,%,9.0
2024,SOUTH ASIA,India,Shopping Items Purchased in terms of Popularity | Fashion and Accessories,%,42.0
2024,SOUTH ASIA,India,"Shopping Items Purchased in terms of Popularity | Cosmetics, Perfumes & Toiletries and Healthcare & Wellness Products",%,18.0
2024,SOUTH ASIA,India,Shopping Items Purchased in terms of Popularity | Confectionery and Food Items,%,51.0
2024,SOUTH ASIA,India,Shopping Items Purchased in terms of Popularity | Souvenirs and Gifts,%,29.0
2024,SOUTH ASIA,India,Shopping Items Purchased in terms of Popularity | Genuine Jewellery,%,5.0
2024,SOUTH ASIA,India,Shopping Items Purchased in terms of Popularity | Consumer Tech,%,4.0
2024,SOUTH ASIA,India,Shopping Items Purchased in terms of Popularity | Watches and Clocks,%,3.0
2024,SOUTH ASIA,India,Shopping Items Purchased in terms of Popularity | Others,%,9.0
2024,SOUTH ASIA,India,Shopping Items Purchased in terms of Amount spent | Fashion and Accessories,%,32.0
2024,SOUTH ASIA,India,"Shopping Items Purchased in terms of Amount spent | Cosmetics, Perfumes & Toiletries and Healthcare & Wellness Products",%,11.0
2024,SOUTH ASIA,India,Shopping Items Purchased in terms of Amount spent | Confectionery and Food Items,%,17.0
2024,SOUTH ASIA,India,Shopping Items Purchased in terms of Amount spent | Souvenirs and Gifts,%,9.0
2024,SOUTH ASIA,India,Shopping Items Purchased in terms of Amount spent | Genuine Jewellery,%,17.0
2024,SOUTH ASIA,India,Shopping Items Purchased in terms of Amount spent | Consumer Tech,%,8.0
2024,SOUTH ASIA,India,Shopping Items Purchased in terms of Amount spent | Watches and Clocks,%,2.0
2024,SOUTH ASIA,India,Shopping Items Purchased in terms of Amount spent | Others,%,5.0
2024,EUROPE,France,Shopping Items Purchased in terms of Popularity | Fashion and Accessories,%,32.0
2024,EUROPE,France,"Shopping Items Purchased in terms of Popularity | Cosmetics, Perfumes & Toiletries and Healthcare & Wellness Products",%,11.0
2024,EUROPE,France,Shopping Items Purchased in terms of Popularity | Confectionery and Food Items,%,23.0
2024,EUROPE,France,Shopping Items Purchased in terms of Popularity | Souvenirs and Gifts,%,40.0
2024,EUROPE,France,Shopping Items Purchased in terms of Popularity | Genuine Jewellery,%,2.0
2024,EUROPE,France,Shopping Items Purchased in terms of Popularity | Consumer Tech,%,5.0
2024,EUROPE,France,Shopping Items Purchased in terms of Popularity | Others,%,4.0
2024,EUROPE,France,Shopping Items Purchased in terms of Amount spent | Fashion and Accessories,%,39.0
2024,EUROPE,France,"Shopping Items Purchased in terms of Amount spent | Cosmetics, Perfumes & Toiletries and Healthcare & Wellness Products",%,7.0
2024,EUROPE,France,Shopping Items Purchased in terms of Amount spent | Confectionery and Food Items,%,10.0
2024,EUROPE,France,Shopping Items Purchased in terms of Amount spent | Souvenirs and Gifts,%,17.0
2024,EUROPE,France,Shopping Items Purchased in terms of Amount spent | Genuine Jewellery,%,2.0
2024,EUROPE,France,Shopping Items Purchased in terms of Amount spent | Consumer Tech,%,23.0
2024,EUROPE,France,Shopping Items Purchased in terms of Amount spent | Others,%,2.0
2024,EUROPE,Germany,Shopping Items Purchased in terms of Popularity | Fashion and Accessories,%,49.0
2024,EUROPE,Germany,"Shopping Items Purchased in terms of Popularity | Cosmetics, Perfumes & Toiletries and Healthcare & Wellness Products",%,7.0
2024,EUROPE,Germany,Shopping Items Purchased in terms of Popularity | Confectionery and Food Items,%,25.0
2024,EUROPE,Germany,Shopping Items Purchased in terms of Popularity | Souvenirs and Gifts,%,41.0
2024,EUROPE,Germany,Shopping Items Purchased in terms of Popularity | Genuine Jewellery,%,3.0
2024,EUROPE,Germany,Shopping Items Purchased in terms of Popularity | Consumer Tech,%,2.0
2024,EUROPE,Germany,Shopping Items Purchased in terms of Popularity | Others,%,2.0
2024,EUROPE,Germany,Shopping Items Purchased in terms of Amount spent | Fashion and Accessories,%,58.0
2024,EUROPE,Germany,"Shopping Items Purchased in terms of Amount spent | Cosmetics, Perfumes & Toiletries and Healthcare & Wellness Products",%,7.0
2024,EUROPE,Germany,Shopping Items Purchased in terms of Amount spent | Confectionery and Food Items,%,5.0
2024,EUROPE,Germany,Shopping Items Purchased in terms of Amount spent | Souvenirs and Gifts,%,16.0
2024,EUROPE,Germany,Shopping Items Purchased in terms of Amount spent | Genuine Jewellery,%,3.0
2024,EUROPE,Germany,Shopping Items Purchased in terms of Amount spent | Consumer Tech,%,7.0
2024,EUROPE,Germany,Shopping Items Purchased in terms of Amount spent | Others,%,3.0
2024,EUROPE,Italy,Shopping Items Purchased in terms of Popularity | Fashion and Accessories,%,25.0
2024,EUROPE,Italy,"Shopping Items Purchased in terms of Popularity | Cosmetics, Perfumes & Toiletries and Healthcare & Wellness Products",%,12.0
2024,EUROPE,Italy,Shopping Items Purchased in terms of Popularity | Confectionery and Food Items,%,21.0
2024,EUROPE,Italy,Shopping Items Purchased in terms of Popularity | Souvenirs and Gifts,%,58.0
2024,EUROPE,Italy,Shopping Items Purchased in terms of Popularity | Consumer Tech,%,4.0
2024,EUROPE,Italy,Shopping Items Purchased in terms of Popularity | Others,%,2.0
2024,EUROPE,Italy,Shopping Items Purchased in terms of Amount spent | Fashion and Accessories,%,29.0
2024,EUROPE,Italy,"Shopping Items Purchased in terms of Amount spent | Cosmetics, Perfumes & Toiletries and Healthcare & Wellness Products",%,18.0
2024,EUROPE,Italy,Shopping Items Purchased in terms of Amount spent | Confectionery and Food Items,%,9.0
2024,EUROPE,Italy,Shopping Items Purchased in terms of Amount spent | Souvenirs and Gifts,%,35.0
2024,EUROPE,Italy,Shopping Items Purchased in terms of Amount spent | Consumer Tech,%,3.0
2024,EUROPE,Italy,Shopping Items Purchased in terms of Amount spent | Others,%,5.0
2024,EUROPE,Netherlands,Shopping Items Purchased in terms of Popularity | Fashion and Accessories,%,42.0
2024,EUROPE,Netherlands,"Shopping Items Purchased in terms of Popularity | Cosmetics, Perfumes & Toiletries and Healthcare & Wellness Products",%,13.0
2024,EUROPE,Netherlands,Shopping Items Purchased in terms of Popularity | Confectionery and Food Items,%,26.0
2024,EUROPE,Netherlands,Shopping Items Purchased in terms of Popularity | Souvenirs and Gifts,%,33.0
2024,EUROPE,Netherlands,Shopping Items Purchased in terms of Popularity | Genuine Jewellery,%,4.0
2024,EUROPE,Netherlands,Shopping Items Purchased in terms of Popularity | Consumer Tech,%,14.0
2024,EUROPE,Netherlands,Shopping Items Purchased in terms of Popularity | Watches and Clocks,%,2.0
2024,EUROPE,Netherlands,Shopping Items Purchased in terms of Popularity | Others,%,3.0
2024,EUROPE,Netherlands,Shopping Items Purchased in terms of Amount spent | Fashion and Accessories,%,34.0
2024,EUROPE,Netherlands,"Shopping Items Purchased in terms of Amount spent | Cosmetics, Perfumes & Toiletries and Healthcare & Wellness Products",%,8.0
2024,EUROPE,Netherlands,Shopping Items Purchased in terms of Amount spent | Confectionery and Food Items,%,5.0
2024,EUROPE,Netherlands,Shopping Items Purchased in terms of Amount spent | Souvenirs and Gifts,%,10.0
2024,EUROPE,Netherlands,Shopping Items Purchased in terms of Amount spent | Genuine Jewellery,%,18.0
2024,EUROPE,Netherlands,Shopping Items Purchased in terms of Amount spent | Consumer Tech,%,14.0
2024,EUROPE,Netherlands,Shopping Items Purchased in terms of Amount spent | Watches and Clocks,%,2.0
2024,EUROPE,Netherlands,Shopping Items Purchased in terms of Amount spent | Others,%,9.0
2024,EUROPE,Switzerland,Shopping Items Purchased in terms of Popularity | Fashion and Accessories,%,58.0
2024,EUROPE,Switzerland,"Shopping Items Purchased in terms of Popularity | Cosmetics, Perfumes & Toiletries and Healthcare & Wellness Products",%,7.0
2024,EUROPE,Switzerland,Shopping Items Purchased in terms of Popularity | Confectionery and Food Items,%,25.0
2024,EUROPE,Switzerland,Shopping Items Purchased in terms of Popularity | Souvenirs and Gifts,%,40.0
2024,EUROPE,Switzerland,Shopping Items Purchased in terms of Popularity | Genuine Jewellery,%,2.0
2024,EUROPE,Switzerland,Shopping Items Purchased in terms of Popularity | Consumer Tech,%,2.0
2024,EUROPE,Switzerland,Shopping Items Purchased in terms of Popularity | Others,%,10.0
2024,EUROPE,Switzerland,Shopping Items Purchased in terms of Amount spent | Fashion and Accessories,%,46.0
2024,EUROPE,Switzerland,"Shopping Items Purchased in terms of Amount spent | Cosmetics, Perfumes & Toiletries and Healthcare & Wellness Products",%,4.0
2024,EUROPE,Switzerland,Shopping Items Purchased in terms of Amount spent | Confectionery and Food Items,%,9.0
2024,EUROPE,Switzerland,Shopping Items Purchased in terms of Amount spent | Souvenirs and Gifts,%,9.0
2024,EUROPE,Switzerland,Shopping Items Purchased in terms of Amount spent | Genuine Jewellery,%,1.0
2024,EUROPE,Switzerland,Shopping Items Purchased in terms of Amount spent | Consumer Tech,%,27.0
2024,EUROPE,Switzerland,Shopping Items Purchased in terms of Amount spent | Others,%,4.0
2024,EUROPE,UK,Shopping Items Purchased in terms of Popularity | Fashion and Accessories,%,41.0
2024,EUROPE,UK,"Shopping Items Purchased in terms of Popularity | Cosmetics, Perfumes & Toiletries and Healthcare & Wellness Products",%,12.0
2024,EUROPE,UK,Shopping Items Purchased in terms of Popularity | Confectionery and Food Items,%,27.0
2024,EUROPE,UK,Shopping Items Purchased in terms of Popularity | Souvenirs and Gifts,%,35.0
2024,EUROPE,UK,Shopping Items Purchased in terms of Popularity | Genuine Jewellery,%,3.0
2024,EUROPE,UK,Shopping Items Purchased in terms of Popularity | Consumer Tech,%,3.0
2024,EUROPE,UK,Shopping Items Purchased in terms of Popularity | Others,%,5.0
2024,EUROPE,UK,Shopping Items Purchased in terms of Amount spent | Fashion and Accessories,%,46.0
2024,EUROPE,UK,"Shopping Items Purchased in terms of Amount spent | Cosmetics, Perfumes & Toiletries and Healthcare & Wellness Products",%,12.0
2024,EUROPE,UK,Shopping Items Purchased in terms of Amount spent | Confectionery and Food Items,%,9.0
2024,EUROPE,UK,Shopping Items Purchased in terms of Amount spent | Souvenirs and Gifts,%,16.0
2024,EUROPE,UK,Shopping Items Purchased in terms of Amount spent | Genuine Jewellery,%,6.0
2024,EUROPE,UK,Shopping Items Purchased in terms of Amount spent | Consumer Tech,%,5.0
2024,EUROPE,UK,Shopping Items Purchased in terms of Amount spent | Watches and Clocks,%,1.0
2024,EUROPE,UK,Shopping Items Purchased in terms of Amount spent | Others,%,5.0
2024,AMERICAS,Canada,Shopping Items Purchased in terms of Popularity | Fashion and Accessories,%,38.0
2024,AMERICAS,Canada,"Shopping Items Purchased in terms of Popularity | Cosmetics, Perfumes & Toiletries and Healthcare & Wellness Products",%,10.0
2024,AMERICAS,Canada,Shopping Items Purchased in terms of Popularity | Confectionery and Food Items,%,31.0
2024,AMERICAS,Canada,Shopping Items Purchased in terms of Popularity | Souvenirs and Gifts,%,47.0
2024,AMERICAS,Canada,Shopping Items Purchased in terms of Popularity | Genuine Jewellery,%,2.0
2024,AMERICAS,Canada,Shopping Items Purchased in terms of Popularity | Consumer Tech,%,5.0
2024,AMERICAS,Canada,Shopping Items Purchased in terms of Popularity | Watches and Clocks,%,1.0
2024,AMERICAS,Canada,Shopping Items Purchased in terms of Popularity | Others,%,7.0
2024,AMERICAS,Canada,Shopping Items Purchased in terms of Amount spent | Fashion and Accessories,%,28.0
2024,AMERICAS,Canada,"Shopping Items Purchased in terms of Amount spent | Cosmetics, Perfumes & Toiletries and Healthcare & Wellness Products",%,4.0
2024,AMERICAS,Canada,Shopping Items Purchased in terms of Amount spent | Confectionery and Food Items,%,10.0
2024,AMERICAS,Canada,Shopping Items Purchased in terms of Amount spent | Souvenirs and Gifts,%,21.0
2024,AMERICAS,Canada,Shopping Items Purchased in terms of Amount spent | Genuine Jewellery,%,18.0
2024,AMERICAS,Canada,Shopping Items Purchased in terms of Amount spent | Consumer Tech,%,11.0
2024,AMERICAS,Canada,Shopping Items Purchased in terms of Amount spent | Watches and Clocks,%,6.0
2024,AMERICAS,Canada,Shopping Items Purchased in terms of Amount spent | Others,%,3.0
2024,AMERICAS,USA,Shopping Items Purchased in terms of Popularity | Fashion and Accessories,%,43.0
2024,AMERICAS,USA,"Shopping Items Purchased in terms of Popularity | Cosmetics, Perfumes & Toiletries and Healthcare & Wellness Products",%,14.0
2024,AMERICAS,USA,Shopping Items Purchased in terms of Popularity | Confectionery and Food Items,%,25.0
2024,AMERICAS,USA,Shopping Items Purchased in terms of Popularity | Souvenirs and Gifts,%,42.0
2024,AMERICAS,USA,Shopping Items Purchased in terms of Popularity | Genuine Jewellery,%,2.0
2024,AMERICAS,USA,Shopping Items Purchased in terms of Popularity | Consumer Tech,%,4.0
2024,AMERICAS,USA,Shopping Items Purchased in terms of Popularity | Others,%,5.0
2024,AMERICAS,USA,Shopping Items Purchased in terms of Amount spent | Fashion and Accessories,%,50.0
2024,AMERICAS,USA,"Shopping Items Purchased in terms of Amount spent | Cosmetics, Perfumes & Toiletries and Healthcare & Wellness Products",%,7.0
2024,AMERICAS,USA,Shopping Items Purchased in terms of Amount spent | Confectionery and Food Items,%,9.0
2024,AMERICAS,USA,Shopping Items Purchased in terms of Amount spent | Souvenirs and Gifts,%,14.0
2024,AMERICAS,USA,Shopping Items Purchased in terms of Amount spent | Genuine Jewellery,%,8.0
2024,AMERICAS,USA,Shopping Items Purchased in terms of Amount spent | Consumer Tech,%,3.0
2024,AMERICAS,USA,Shopping Items Purchased in terms of Amount spent | Watches and Clocks,%,2.0
2024,AMERICAS,USA,Shopping Items Purchased in terms of Amount spent | Others,%,7.0
2024,OCEANIA,Australia,Shopping Items Purchased in terms of Popularity | Fashion and Accessories,%,47.0
2024,OCEANIA,Australia,"Shopping Items Purchased in terms of Popularity | Cosmetics, Perfumes & Toiletries and Healthcare & Wellness Products",%,15.0
2024,OCEANIA,Australia,Shopping Items Purchased in terms of Popularity | Confectionery and Food Items,%,23.0
2024,OCEANIA,Australia,Shopping Items Purchased in terms of Popularity | Souvenirs and Gifts,%,36.0
2024,OCEANIA,Australia,Shopping Items Purchased in terms of Popularity | Genuine Jewellery,%,3.0
2024,OCEANIA,Australia,Shopping Items Purchased in terms of Popularity | Consumer Tech,%,4.0
2024,OCEANIA,Australia,Shopping Items Purchased in terms of Popularity | Watches and Clocks,%,1.0
2024,OCEANIA,Australia,Shopping Items Purchased in terms of Popularity | Others,%,10.0
2024,OCEANIA,Australia,Shopping Items Purchased in terms of Amount spent | Fashion and Accessories,%,51.0
2024,OCEANIA,Australia,"Shopping Items Purchased in terms of Amount spent | Cosmetics, Perfumes & Toiletries and Healthcare & Wellness Products",%,10.0
2024,OCEANIA,Australia,Shopping Items Purchased in terms of Amount spent | Confectionery and Food Items,%,7.0
2024,OCEANIA,Australia,Shopping Items Purchased in terms of Amount spent | Souvenirs and Gifts,%,14.0
2024,OCEANIA,Australia,Shopping Items Purchased in terms of Amount spent | Genuine Jewellery,%,8.0
2024,OCEANIA,Australia,Shopping Items Purchased in terms of Amount spent | Consumer Tech,%,3.0
2024,OCEANIA,Australia,Shopping Items Purchased in terms of Amount spent | Watches and Clocks,%,1.0
2024,OCEANIA,Australia,Shopping Items Purchased in terms of Amount spent | Others,%,5.0
2024,OCEANIA,New Zealand,Shopping Items Purchased in terms of Popularity | Fashion and Accessories,%,46.0
2024,OCEANIA,New Zealand,"Shopping Items Purchased in terms of Popularity | Cosmetics, Perfumes & Toiletries and Healthcare & Wellness Products",%,15.0
2024,OCEANIA,New Zealand,Shopping Items Purchased in terms of Popularity | Confectionery and Food Items,%,20.0
2024,OCEANIA,New Zealand,Shopping Items Purchased in terms of Popularity | Souvenirs and Gifts,%,40.0
2024,OCEANIA,New Zealand,Shopping Items Purchased in terms of Popularity | Genuine Jewellery,%,3.0
2024,OCEANIA,New Zealand,Shopping Items Purchased in terms of Popularity | Consumer Tech,%,3.0
2024,OCEANIA,New Zealand,Shopping Items Purchased in terms of Popularity | Others,%,3.0
2024,OCEANIA,New Zealand,Shopping Items Purchased in terms of Amount spent | Fashion and Accessories,%,55.0
2024,OCEANIA,New Zealand,"Shopping Items Purchased in terms of Amount spent | Cosmetics, Perfumes & Toiletries and Healthcare & Wellness Products",%,10.0
2024,OCEANIA,New Zealand,Shopping Items Purchased in terms of Amount spent | Confectionery and Food Items,%,7.0
2024,OCEANIA,New Zealand,Shopping Items Purchased in terms of Amount spent | Souvenirs and Gifts,%,17.0
2024,OCEANIA,New Zealand,Shopping Items Purchased in terms of Amount spent | Genuine Jewellery,%,7.0
2024,OCEANIA,New Zealand,Shopping Items Purchased in terms of Amount spent | Consumer Tech,%,3.0
2024,OCEANIA,New Zealand,Shopping Items Purchased in terms of Amount spent | Others,%,1.0
2024,AFRICA,South Africa (Rep of),Shopping Items Purchased in terms of Popularity | Fashion and Accessories,%,21.0
2024,AFRICA,South Africa (Rep of),"Shopping Items Purchased in terms of Popularity | Cosmetics, Perfumes & Toiletries and Healthcare & Wellness Products",%,4.0
2024,AFRICA,South Africa (Rep of),Shopping Items Purchased in terms of Popularity | Confectionery and Food Items,%,37.0
2024,AFRICA,South Africa (Rep of),Shopping Items Purchased in terms of Popularity | Souvenirs and Gifts,%,50.0
2024,AFRICA,South Africa (Rep of),Shopping Items Purchased in terms of Popularity | Consumer Tech,%,6.0
2024,AFRICA,South Africa (Rep of),Shopping Items Purchased in terms of Popularity | Others,%,13.0
2024,AFRICA,South Africa (Rep of),Shopping Items Purchased in terms of Amount spent | Fashion and Accessories,%,26.0
2024,AFRICA,South Africa (Rep of),"Shopping Items Purchased in terms of Amount spent | Cosmetics, Perfumes & Toiletries and Healthcare & Wellness Products",%,6.0
2024,AFRICA,South Africa (Rep of),Shopping Items Purchased in terms of Amount spent | Confectionery and Food Items,%,31.0
2024,AFRICA,South Africa (Rep of),Shopping Items Purchased in terms of Amount spent | Souvenirs and Gifts,%,21.0
2024,AFRICA,South Africa (Rep of),Shopping Items Purchased in terms of Amount spent | Consumer Tech,%,14.0
2024,AFRICA,South Africa (Rep of),Shopping Items Purchased in terms of Amount spent | Others,%,2.0
2024,REMAINING,Others,Shopping Items Purchased in terms of Popularity | Fashion and Accessories,%,50.0
2024,REMAINING,Others,"Shopping Items Purchased in terms of Popularity | Cosmetics, Perfumes & Toiletries and Healthcare & Wellness Products",%,19.0
2024,REMAINING,Others,Shopping Items Purchased in terms of Popularity | Confectionery and Food Items,%,27.0
2024,REMAINING,Others,Shopping Items Purchased in terms of Popularity | Souvenirs and Gifts,%,33.0
2024,REMAINING,Others,Shopping Items Purchased in terms of Popularity | Genuine Jewellery,%,3.0
2024,REMAINING,Others,Shopping Items Purchased in terms of Popularity | Consumer Tech,%,5.0
2024,REMAINING,Others,Shopping Items Purchased in terms of Popularity | Watches and Clocks,%,1.0
2024,REMAINING,Others,Shopping Items Purchased in terms of Popularity | Others,%,7.0
2024,REMAINING,Others,Shopping Items Purchased in terms of Amount spent | Fashion and Accessories,%,54.0
2024,REMAINING,Others,"Shopping Items Purchased in terms of Amount spent | Cosmetics, Perfumes & Toiletries and Healthcare & Wellness Products",%,11.0
2024,REMAINING,Others,Shopping Items Purchased in terms of Amount spent | Confectionery and Food Items,%,8.0
2024,REMAINING,Others,Shopping Items Purchased in terms of Amount spent | Souvenirs and Gifts,%,8.0
2024,REMAINING,Others,Shopping Items Purchased in terms of Amount spent | Genuine Jewellery,%,5.0
2024,REMAINING,Others,Shopping Items Purchased in terms of Amount spent | Consumer Tech,%,10.0
2024,REMAINING,Others,Shopping Items Purchased in terms of Amount spent | Watches and Clocks,%,1.0
2024,REMAINING,Others,Shopping Items Purchased in terms of Amount spent | Others,%,4.0
2023,SOUTHEAST ASIA,Indonesia,Shopping Items Purchased in terms of Popularity | Fashion and Accessories,%,47.0
2023,SOUTHEAST ASIA,Indonesia,"Shopping Items Purchased in terms of Popularity | Cosmetics, Perfumes & Toiletries and Healthcare & Wellness Products",%,19.0
2023,SOUTHEAST ASIA,Indonesia,Shopping Items Purchased in terms of Popularity | Confectionery and Food Items,%,52.0
2023,SOUTHEAST ASIA,Indonesia,Shopping Items Purchased in terms of Popularity | Souvenirs and Gifts,%,16.0
2023,SOUTHEAST ASIA,Indonesia,Shopping Items Purchased in terms of Popularity | Genuine Jewellery,%,1.0
2023,SOUTHEAST ASIA,Indonesia,Shopping Items Purchased in terms of Popularity | Consumer Tech,%,3.0
2023,SOUTHEAST ASIA,Indonesia,Shopping Items Purchased in terms of Popularity | Watches and Clocks,%,1.0
2023,SOUTHEAST ASIA,Indonesia,Shopping Items Purchased in terms of Popularity | Others,%,6.0
2023,SOUTHEAST ASIA,Indonesia,Shopping Items Purchased in terms of Amount spent | Fashion and Accessories,%,54.0
2023,SOUTHEAST ASIA,Indonesia,"Shopping Items Purchased in terms of Amount spent | Cosmetics, Perfumes & Toiletries and Healthcare & Wellness Products",%,13.0
2023,SOUTHEAST ASIA,Indonesia,Shopping Items Purchased in terms of Amount spent | Confectionery and Food Items,%,14.0
2023,SOUTHEAST ASIA,Indonesia,Shopping Items Purchased in terms of Amount spent | Souvenirs and Gifts,%,5.0
2023,SOUTHEAST ASIA,Indonesia,Shopping Items Purchased in terms of Amount spent | Genuine Jewellery,%,2.0
2023,SOUTHEAST ASIA,Indonesia,Shopping Items Purchased in terms of Amount spent | Consumer Tech,%,6.0
2023,SOUTHEAST ASIA,Indonesia,Shopping Items Purchased in terms of Amount spent | Watches and Clocks,%,1.0
2023,SOUTHEAST ASIA,Indonesia,Shopping Items Purchased in terms of Amount spent | Others,%,4.0
2023,SOUTHEAST ASIA,Malaysia,Shopping Items Purchased in terms of Popularity | Fashion and Accessories,%,38.0
2023,SOUTHEAST ASIA,Malaysia,"Shopping Items Purchased in terms of Popularity | Cosmetics, Perfumes & Toiletries and Healthcare & Wellness Products",%,16.0
2023,SOUTHEAST ASIA,Malaysia,Shopping Items Purchased in terms of Popularity | Confectionery and Food Items,%,43.0
2023,SOUTHEAST ASIA,Malaysia,Shopping Items Purchased in terms of Popularity | Souvenirs and Gifts,%,21.0
2023,SOUTHEAST ASIA,Malaysia,Shopping Items Purchased in terms of Popularity | Genuine Jewellery,%,1.0
2023,SOUTHEAST ASIA,Malaysia,Shopping Items Purchased in terms of Popularity | Consumer Tech,%,2.0
2023,SOUTHEAST ASIA,Malaysia,Shopping Items Purchased in terms of Popularity | Watches and Clocks,%,1.0
2023,SOUTHEAST ASIA,Malaysia,Shopping Items Purchased in terms of Popularity | Others,%,10.0
2023,SOUTHEAST ASIA,Malaysia,Shopping Items Purchased in terms of Amount spent | Fashion and Accessories,%,47.0
2023,SOUTHEAST ASIA,Malaysia,"Shopping Items Purchased in terms of Amount spent | Cosmetics, Perfumes & Toiletries and Healthcare & Wellness Products",%,15.0
2023,SOUTHEAST ASIA,Malaysia,Shopping Items Purchased in terms of Amount spent | Confectionery and Food Items,%,15.0
2023,SOUTHEAST ASIA,Malaysia,Shopping Items Purchased in terms of Amount spent | Souvenirs and Gifts,%,8.0
2023,SOUTHEAST ASIA,Malaysia,Shopping Items Purchased in terms of Amount spent | Genuine Jewellery,%,4.0
2023,SOUTHEAST ASIA,Malaysia,Shopping Items Purchased in terms of Amount spent | Consumer Tech,%,2.0
2023,SOUTHEAST ASIA,Malaysia,Shopping Items Purchased in terms of Amount spent | Watches and Clocks,%,3.0
2023,SOUTHEAST ASIA,Malaysia,Shopping Items Purchased in terms of Amount spent | Others,%,7.0
2023,SOUTHEAST ASIA,Philippines,Shopping Items Purchased in terms of Popularity | Fashion and Accessories,%,52.0
2023,SOUTHEAST ASIA,Philippines,"Shopping Items Purchased in terms of Popularity | Cosmetics, Perfumes & Toiletries and Healthcare & Wellness Products",%,20.0
2023,SOUTHEAST ASIA,Philippines,Shopping Items Purchased in terms of Popularity | Confectionery and Food Items,%,44.0
2023,SOUTHEAST ASIA,Philippines,Shopping Items Purchased in terms of Popularity | Souvenirs and Gifts,%,35.0
2023,SOUTHEAST ASIA,Philippines,Shopping Items Purchased in terms of Popularity | Genuine Jewellery,%,3.0
2023,SOUTHEAST ASIA,Philippines,Shopping Items Purchased in terms of Popularity | Consumer Tech,%,4.0
2023,SOUTHEAST ASIA,Philippines,Shopping Items Purchased in terms of Popularity | Watches and Clocks,%,2.0
2023,SOUTHEAST ASIA,Philippines,Shopping Items Purchased in terms of Popularity | Others,%,8.0
2023,SOUTHEAST ASIA,Philippines,Shopping Items Purchased in terms of Amount spent | Fashion and Accessories,%,50.0
2023,SOUTHEAST ASIA,Philippines,"Shopping Items Purchased in terms of Amount spent | Cosmetics, Perfumes & Toiletries and Healthcare & Wellness Products",%,10.0
2023,SOUTHEAST ASIA,Philippines,Shopping Items Purchased in terms of Amount spent | Confectionery and Food Items,%,11.0
2023,SOUTHEAST ASIA,Philippines,Shopping Items Purchased in terms of Amount spent | Souvenirs and Gifts,%,11.0
2023,SOUTHEAST ASIA,Philippines,Shopping Items Purchased in terms of Amount spent | Genuine Jewellery,%,7.0
2023,SOUTHEAST ASIA,Philippines,Shopping Items Purchased in terms of Amount spent | Consumer Tech,%,3.0
2023,SOUTHEAST ASIA,Philippines,Shopping Items Purchased in terms of Amount spent | Watches and Clocks,%,2.0
2023,SOUTHEAST ASIA,Philippines,Shopping Items Purchased in terms of Amount spent | Others,%,5.0
2023,SOUTHEAST ASIA,Thailand,Shopping Items Purchased in terms of Popularity | Fashion and Accessories,%,48.0
2023,SOUTHEAST ASIA,Thailand,"Shopping Items Purchased in terms of Popularity | Cosmetics, Perfumes & Toiletries and Healthcare & Wellness Products",%,19.0
2023,SOUTHEAST ASIA,Thailand,Shopping Items Purchased in terms of Popularity | Confectionery and Food Items,%,50.0
2023,SOUTHEAST ASIA,Thailand,Shopping Items Purchased in terms of Popularity | Souvenirs and Gifts,%,23.0
2023,SOUTHEAST ASIA,Thailand,Shopping Items Purchased in terms of Popularity | Genuine Jewellery,%,1.0
2023,SOUTHEAST ASIA,Thailand,Shopping Items Purchased in terms of Popularity | Consumer Tech,%,3.0
2023,SOUTHEAST ASIA,Thailand,Shopping Items Purchased in terms of Popularity | Watches and Clocks,%,2.0
2023,SOUTHEAST ASIA,Thailand,Shopping Items Purchased in terms of Popularity | Others,%,11.0
2023,SOUTHEAST ASIA,Thailand,Shopping Items Purchased in terms of Amount spent | Fashion and Accessories,%,57.0
2023,SOUTHEAST ASIA,Thailand,"Shopping Items Purchased in terms of Amount spent | Cosmetics, Perfumes & Toiletries and Healthcare & Wellness Products",%,10.0
2023,SOUTHEAST ASIA,Thailand,Shopping Items Purchased in terms of Amount spent | Confectionery and Food Items,%,15.0
2023,SOUTHEAST ASIA,Thailand,Shopping Items Purchased in terms of Amount spent | Souvenirs and Gifts,%,8.0
2023,SOUTHEAST ASIA,Thailand,Shopping Items Purchased in terms of Amount spent | Genuine Jewellery,%,1.0
2023,SOUTHEAST ASIA,Thailand,Shopping Items Purchased in terms of Amount spent | Consumer Tech,%,3.0
2023,SOUTHEAST ASIA,Thailand,Shopping Items Purchased in terms of Amount spent | Watches and Clocks,%,1.0
2023,SOUTHEAST ASIA,Thailand,Shopping Items Purchased in terms of Amount spent | Others,%,6.0
2023,SOUTHEAST ASIA,Vietnam,Shopping Items Purchased in terms of Popularity | Fashion and Accessories,%,51.0
2023,SOUTHEAST ASIA,Vietnam,"Shopping Items Purchased in terms of Popularity | Cosmetics, Perfumes & Toiletries and Healthcare & Wellness Products",%,31.0
2023,SOUTHEAST ASIA,Vietnam,Shopping Items Purchased in terms of Popularity | Confectionery and Food Items,%,36.0
2023,SOUTHEAST ASIA,Vietnam,Shopping Items Purchased in terms of Popularity | Souvenirs and Gifts,%,28.0
2023,SOUTHEAST ASIA,Vietnam,Shopping Items Purchased in terms of Popularity | Genuine Jewellery,%,3.0
2023,SOUTHEAST ASIA,Vietnam,Shopping Items Purchased in terms of Popularity | Consumer Tech,%,6.0
2023,SOUTHEAST ASIA,Vietnam,Shopping Items Purchased in terms of Popularity | Watches and Clocks,%,2.0
2023,SOUTHEAST ASIA,Vietnam,Shopping Items Purchased in terms of Popularity | Others,%,11.0
2023,SOUTHEAST ASIA,Vietnam,Shopping Items Purchased in terms of Amount spent | Fashion and Accessories,%,45.0
2023,SOUTHEAST ASIA,Vietnam,"Shopping Items Purchased in terms of Amount spent | Cosmetics, Perfumes & Toiletries and Healthcare & Wellness Products",%,19.0
2023,SOUTHEAST ASIA,Vietnam,Shopping Items Purchased in terms of Amount spent | Confectionery and Food Items,%,8.0
2023,SOUTHEAST ASIA,Vietnam,Shopping Items Purchased in terms of Amount spent | Souvenirs and Gifts,%,7.0
2023,SOUTHEAST ASIA,Vietnam,Shopping Items Purchased in terms of Amount spent | Genuine Jewellery,%,3.0
2023,SOUTHEAST ASIA,Vietnam,Shopping Items Purchased in terms of Amount spent | Consumer Tech,%,9.0
2023,SOUTHEAST ASIA,Vietnam,Shopping Items Purchased in terms of Amount spent | Watches and Clocks,%,2.0
2023,SOUTHEAST ASIA,Vietnam,Shopping Items Purchased in terms of Amount spent | Others,%,7.0
2023,GREATER CHINA,China,Shopping Items Purchased in terms of Popularity | Fashion and Accessories,%,33.0
2023,GREATER CHINA,China,"Shopping Items Purchased in terms of Popularity | Cosmetics, Perfumes & Toiletries and Healthcare & Wellness Products",%,37.0
2023,GREATER CHINA,China,Shopping Items Purchased in terms of Popularity | Confectionery and Food Items,%,44.0
2023,GREATER CHINA,China,Shopping Items Purchased in terms of Popularity | Souvenirs and Gifts,%,24.0
2023,GREATER CHINA,China,Shopping Items Purchased in terms of Popularity | Genuine Jewellery,%,2.0
2023,GREATER CHINA,China,Shopping Items Purchased in terms of Popularity | Consumer Tech,%,3.0
2023,GREATER CHINA,China,Shopping Items Purchased in terms of Popularity | Watches and Clocks,%,3.0
2023,GREATER CHINA,China,Shopping Items Purchased in terms of Popularity | Others,%,16.0
2023,GREATER CHINA,China,Shopping Items Purchased in terms of Amount spent | Fashion and Accessories,%,49.0
2023,GREATER CHINA,China,"Shopping Items Purchased in terms of Amount spent | Cosmetics, Perfumes & Toiletries and Healthcare & Wellness Products",%,19.0
2023,GREATER CHINA,China,Shopping Items Purchased in terms of Amount spent | Confectionery and Food Items,%,9.0
2023,GREATER CHINA,China,Shopping Items Purchased in terms of Amount spent | Souvenirs and Gifts,%,6.0
2023,GREATER CHINA,China,Shopping Items Purchased in terms of Amount spent | Genuine Jewellery,%,4.0
2023,GREATER CHINA,China,Shopping Items Purchased in terms of Amount spent | Consumer Tech,%,3.0
2023,GREATER CHINA,China,Shopping Items Purchased in terms of Amount spent | Watches and Clocks,%,4.0
2023,GREATER CHINA,China,Shopping Items Purchased in terms of Amount spent | Others,%,7.0
2023,GREATER CHINA,Hong Kong SAR,Shopping Items Purchased in terms of Popularity | Fashion and Accessories,%,30.0
2023,GREATER CHINA,Hong Kong SAR,"Shopping Items Purchased in terms of Popularity | Cosmetics, Perfumes & Toiletries and Healthcare & Wellness Products",%,16.0
2023,GREATER CHINA,Hong Kong SAR,Shopping Items Purchased in terms of Popularity | Confectionery and Food Items,%,56.0
2023,GREATER CHINA,Hong Kong SAR,Shopping Items Purchased in terms of Popularity | Souvenirs and Gifts,%,26.0
2023,GREATER CHINA,Hong Kong SAR,Shopping Items Purchased in terms of Popularity | Genuine Jewellery,%,1.0
2023,GREATER CHINA,Hong Kong SAR,Shopping Items Purchased in terms of Popularity | Consumer Tech,%,3.0
2023,GREATER CHINA,Hong Kong SAR,Shopping Items Purchased in terms of Popularity | Watches and Clocks,%,1.0
2023,GREATER CHINA,Hong Kong SAR,Shopping Items Purchased in terms of Popularity | Others,%,13.0
2023,GREATER CHINA,Hong Kong SAR,Shopping Items Purchased in terms of Amount spent | Fashion and Accessories,%,45.0
2023,GREATER CHINA,Hong Kong SAR,"Shopping Items Purchased in terms of Amount spent | Cosmetics, Perfumes & Toiletries and Healthcare & Wellness Products",%,11.0
2023,GREATER CHINA,Hong Kong SAR,Shopping Items Purchased in terms of Amount spent | Confectionery and Food Items,%,19.0
2023,GREATER CHINA,Hong Kong SAR,Shopping Items Purchased in terms of Amount spent | Souvenirs and Gifts,%,9.0
2023,GREATER CHINA,Hong Kong SAR,Shopping Items Purchased in terms of Amount spent | Genuine Jewellery,%,2.0
2023,GREATER CHINA,Hong Kong SAR,Shopping Items Purchased in terms of Amount spent | Consumer Tech,%,3.0
2023,GREATER CHINA,Hong Kong SAR,Shopping Items Purchased in terms of Amount spent | Watches and Clocks,%,3.0
2023,GREATER CHINA,Hong Kong SAR,Shopping Items Purchased in terms of Amount spent | Others,%,9.0
2023,GREATER CHINA,Taiwan,Shopping Items Purchased in terms of Popularity | Fashion and Accessories,%,41.0
2023,GREATER CHINA,Taiwan,"Shopping Items Purchased in terms of Popularity | Cosmetics, Perfumes & Toiletries and Healthcare & Wellness Products",%,20.0
2023,GREATER CHINA,Taiwan,Shopping Items Purchased in terms of Popularity | Confectionery and Food Items,%,58.0
2023,GREATER CHINA,Taiwan,Shopping Items Purchased in terms of Popularity | Souvenirs and Gifts,%,31.0
2023,GREATER CHINA,Taiwan,Shopping Items Purchased in terms of Popularity | Genuine Jewellery,%,2.0
2023,GREATER CHINA,Taiwan,Shopping Items Purchased in terms of Popularity | Consumer Tech,%,2.0
2023,GREATER CHINA,Taiwan,Shopping Items Purchased in terms of Popularity | Watches and Clocks,%,2.0
2023,GREATER CHINA,Taiwan,Shopping Items Purchased in terms of Popularity | Others,%,9.0
2023,GREATER CHINA,Taiwan,Shopping Items Purchased in terms of Amount spent | Fashion and Accessories,%,51.0
2023,GREATER CHINA,Taiwan,"Shopping Items Purchased in terms of Amount spent | Cosmetics, Perfumes & Toiletries and Healthcare & Wellness Products",%,7.0
2023,GREATER CHINA,Taiwan,Shopping Items Purchased in terms of Amount spent | Confectionery and Food Items,%,19.0
2023,GREATER CHINA,Taiwan,Shopping Items Purchased in terms of Amount spent | Souvenirs and Gifts,%,8.0
2023,GREATER CHINA,Taiwan,Shopping Items Purchased in terms of Amount spent | Genuine Jewellery,%,8.0
2023,GREATER CHINA,Taiwan,Shopping Items Purchased in terms of Amount spent | Consumer Tech,%,2.0
2023,GREATER CHINA,Taiwan,Shopping Items Purchased in terms of Amount spent | Watches and Clocks,%,2.0
2023,GREATER CHINA,Taiwan,Shopping Items Purchased in terms of Amount spent | Others,%,4.0
2023,NORTH ASIA,Japan,Shopping Items Purchased in terms of Popularity | Fashion and Accessories,%,29.0
2023,NORTH ASIA,Japan,"Shopping Items Purchased in terms of Popularity | Cosmetics, Perfumes & Toiletries and Healthcare & Wellness Products",%,10.0
2023,NORTH ASIA,Japan,Shopping Items Purchased in terms of Popularity | Confectionery and Food Items,%,48.0
2023,NORTH ASIA,Japan,Shopping Items Purchased in terms of Popularity | Souvenirs and Gifts,%,34.0
2023,NORTH ASIA,Japan,Shopping Items Purchased in terms of Popularity | Genuine Jewellery,%,2.0
2023,NORTH ASIA,Japan,Shopping Items Purchased in terms of Popularity | Consumer Tech,%,3.0
2023,NORTH ASIA,Japan,Shopping Items Purchased in terms of Popularity | Others,%,10.0
2023,NORTH ASIA,Japan,Shopping Items Purchased in terms of Amount spent | Fashion and Accessories,%,33.0
2023,NORTH ASIA,Japan,"Shopping Items Purchased in terms of Amount spent | Cosmetics, Perfumes & Toiletries and Healthcare & Wellness Products",%,8.0
2023,NORTH ASIA,Japan,Shopping Items Purchased in terms of Amount spent | Confectionery and Food Items,%,22.0
2023,NORTH ASIA,Japan,Shopping Items Purchased in terms of Amount spent | Souvenirs and Gifts,%,18.0
2023,NORTH ASIA,Japan,Shopping Items Purchased in terms of Amount spent | Genuine Jewellery,%,4.0
2023,NORTH ASIA,Japan,Shopping Items Purchased in terms of Amount spent | Consumer Tech,%,2.0
2023,NORTH ASIA,Japan,Shopping Items Purchased in terms of Amount spent | Watches and Clocks,%,1.0
2023,NORTH ASIA,Japan,Shopping Items Purchased in terms of Amount spent | Others,%,12.0
2023,NORTH ASIA,South Korea,Shopping Items Purchased in terms of Popularity | Fashion and Accessories,%,37.0
2023,NORTH ASIA,South Korea,"Shopping Items Purchased in terms of Popularity | Cosmetics, Perfumes & Toiletries and Healthcare & Wellness Products",%,19.0
2023,NORTH ASIA,South Korea,Shopping Items Purchased in terms of Popularity | Confectionery and Food Items,%,55.0
2023,NORTH ASIA,South Korea,Shopping Items Purchased in terms of Popularity | Souvenirs and Gifts,%,33.0
2023,NORTH ASIA,South Korea,Shopping Items Purchased in terms of Popularity | Genuine Jewellery,%,1.0
2023,NORTH ASIA,South Korea,Shopping Items Purchased in terms of Popularity | Consumer Tech,%,3.0
2023,NORTH ASIA,South Korea,Shopping Items Purchased in terms of Popularity | Watches and Clocks,%,1.0
2023,NORTH ASIA,South Korea,Shopping Items Purchased in terms of Popularity | Others,%,16.0
2023,NORTH ASIA,South Korea,Shopping Items Purchased in terms of Amount spent | Fashion and Accessories,%,43.0
2023,NORTH ASIA,South Korea,"Shopping Items Purchased in terms of Amount spent | Cosmetics, Perfumes & Toiletries and Healthcare & Wellness Products",%,7.0
2023,NORTH ASIA,South Korea,Shopping Items Purchased in terms of Amount spent | Confectionery and Food Items,%,20.0
2023,NORTH ASIA,South Korea,Shopping Items Purchased in terms of Amount spent | Souvenirs and Gifts,%,12.0
2023,NORTH ASIA,South Korea,Shopping Items Purchased in terms of Amount spent | Genuine Jewellery,%,3.0
2023,NORTH ASIA,South Korea,Shopping Items Purchased in terms of Amount spent | Consumer Tech,%,1.0
2023,NORTH ASIA,South Korea,Shopping Items Purchased in terms of Amount spent | Watches and Clocks,%,1.0
2023,NORTH ASIA,South Korea,Shopping Items Purchased in terms of Amount spent | Others,%,12.0
2023,SOUTH ASIA,India,Shopping Items Purchased in terms of Popularity | Fashion and Accessories,%,42.0
2023,SOUTH ASIA,India,"Shopping Items Purchased in terms of Popularity | Cosmetics, Perfumes & Toiletries and Healthcare & Wellness Products",%,22.0
2023,SOUTH ASIA,India,Shopping Items Purchased in terms of Popularity | Confectionery and Food Items,%,49.0
2023,SOUTH ASIA,India,Shopping Items Purchased in terms of Popularity | Souvenirs and Gifts,%,30.0
2023,SOUTH ASIA,India,Shopping Items Purchased in terms of Popularity | Genuine Jewellery,%,9.0
2023,SOUTH ASIA,India,Shopping Items Purchased in terms of Popularity | Consumer Tech,%,5.0
2023,SOUTH ASIA,India,Shopping Items Purchased in terms of Popularity | Watches and Clocks,%,2.0
2023,SOUTH ASIA,India,Shopping Items Purchased in terms of Popularity | Others,%,12.0
2023,SOUTH ASIA,India,Shopping Items Purchased in terms of Amount spent | Fashion and Accessories,%,26.0
2023,SOUTH ASIA,India,"Shopping Items Purchased in terms of Amount spent | Cosmetics, Perfumes & Toiletries and Healthcare & Wellness Products",%,10.0
2023,SOUTH ASIA,India,Shopping Items Purchased in terms of Amount spent | Confectionery and Food Items,%,14.0
2023,SOUTH ASIA,India,Shopping Items Purchased in terms of Amount spent | Souvenirs and Gifts,%,7.0
2023,SOUTH ASIA,India,Shopping Items Purchased in terms of Amount spent | Genuine Jewellery,%,16.0
2023,SOUTH ASIA,India,Shopping Items Purchased in terms of Amount spent | Consumer Tech,%,20.0
2023,SOUTH ASIA,India,Shopping Items Purchased in terms of Amount spent | Watches and Clocks,%,1.0
2023,SOUTH ASIA,India,Shopping Items Purchased in terms of Amount spent | Others,%,5.0
2023,EUROPE,France,Shopping Items Purchased in terms of Popularity | Fashion and Accessories,%,31.0
2023,EUROPE,France,"Shopping Items Purchased in terms of Popularity | Cosmetics, Perfumes & Toiletries and Healthcare & Wellness Products",%,5.0
2023,EUROPE,France,Shopping Items Purchased in terms of Popularity | Confectionery and Food Items,%,21.0
2023,EUROPE,France,Shopping Items Purchased in terms of Popularity | Souvenirs and Gifts,%,52.0
2023,EUROPE,France,Shopping Items Purchased in terms of Popularity | Genuine Jewellery,%,2.0
2023,EUROPE,France,Shopping Items Purchased in terms of Popularity | Consumer Tech,%,5.0
2023,EUROPE,France,Shopping Items Purchased in terms of Popularity | Watches and Clocks,%,2.0
2023,EUROPE,France,Shopping Items Purchased in terms of Popularity | Others,%,6.0
2023,EUROPE,France,Shopping Items Purchased in terms of Amount spent | Fashion and Accessories,%,35.0
2023,EUROPE,France,"Shopping Items Purchased in terms of Amount spent | Cosmetics, Perfumes & Toiletries and Healthcare & Wellness Products",%,4.0
2023,EUROPE,France,Shopping Items Purchased in terms of Amount spent | Confectionery and Food Items,%,7.0
2023,EUROPE,France,Shopping Items Purchased in terms of Amount spent | Souvenirs and Gifts,%,24.0
2023,EUROPE,France,Shopping Items Purchased in terms of Amount spent | Genuine Jewellery,%,12.0
2023,EUROPE,France,Shopping Items Purchased in terms of Amount spent | Consumer Tech,%,6.0
2023,EUROPE,France,Shopping Items Purchased in terms of Amount spent | Watches and Clocks,%,4.0
2023,EUROPE,France,Shopping Items Purchased in terms of Amount spent | Others,%,8.0
2023,EUROPE,Germany,Shopping Items Purchased in terms of Popularity | Fashion and Accessories,%,40.0
2023,EUROPE,Germany,"Shopping Items Purchased in terms of Popularity | Cosmetics, Perfumes & Toiletries and Healthcare & Wellness Products",%,7.0
2023,EUROPE,Germany,Shopping Items Purchased in terms of Popularity | Confectionery and Food Items,%,27.0
2023,EUROPE,Germany,Shopping Items Purchased in terms of Popularity | Souvenirs and Gifts,%,36.0
2023,EUROPE,Germany,Shopping Items Purchased in terms of Popularity | Genuine Jewellery,%,1.0
2023,EUROPE,Germany,Shopping Items Purchased in terms of Popularity | Consumer Tech,%,4.0
2023,EUROPE,Germany,Shopping Items Purchased in terms of Popularity | Others,%,8.0
2023,EUROPE,Germany,Shopping Items Purchased in terms of Amount spent | Fashion and Accessories,%,56.0
2023,EUROPE,Germany,"Shopping Items Purchased in terms of Amount spent | Cosmetics, Perfumes & Toiletries and Healthcare & Wellness Products",%,6.0
2023,EUROPE,Germany,Shopping Items Purchased in terms of Amount spent | Confectionery and Food Items,%,8.0
2023,EUROPE,Germany,Shopping Items Purchased in terms of Amount spent | Souvenirs and Gifts,%,11.0
2023,EUROPE,Germany,Shopping Items Purchased in terms of Amount spent | Genuine Jewellery,%,1.0
2023,EUROPE,Germany,Shopping Items Purchased in terms of Amount spent | Consumer Tech,%,9.0
2023,EUROPE,Germany,Shopping Items Purchased in terms of Amount spent | Others,%,8.0
2023,EUROPE,Italy,Shopping Items Purchased in terms of Popularity | Fashion and Accessories,%,33.0
2023,EUROPE,Italy,"Shopping Items Purchased in terms of Popularity | Cosmetics, Perfumes & Toiletries and Healthcare & Wellness Products",%,3.0
2023,EUROPE,Italy,Shopping Items Purchased in terms of Popularity | Confectionery and Food Items,%,26.0
2023,EUROPE,Italy,Shopping Items Purchased in terms of Popularity | Souvenirs and Gifts,%,48.0
2023,EUROPE,Italy,Shopping Items Purchased in terms of Popularity | Genuine Jewellery,%,5.0
2023,EUROPE,Italy,Shopping Items Purchased in terms of Popularity | Consumer Tech,%,5.0
2023,EUROPE,Italy,Shopping Items Purchased in terms of Popularity | Others,%,3.0
2023,EUROPE,Italy,Shopping Items Purchased in terms of Amount spent | Fashion and Accessories,%,55.0
2023,EUROPE,Italy,"Shopping Items Purchased in terms of Amount spent | Cosmetics, Perfumes & Toiletries and Healthcare & Wellness Products",%,1.0
2023,EUROPE,Italy,Shopping Items Purchased in terms of Amount spent | Confectionery and Food Items,%,15.0
2023,EUROPE,Italy,Shopping Items Purchased in terms of Amount spent | Souvenirs and Gifts,%,18.0
2023,EUROPE,Italy,Shopping Items Purchased in terms of Amount spent | Genuine Jewellery,%,10.0
2023,EUROPE,Italy,Shopping Items Purchased in terms of Amount spent | Consumer Tech,%,1.0
2023,EUROPE,Italy,Shopping Items Purchased in terms of Amount spent | Others,%,1.0
2023,EUROPE,Netherlands,Shopping Items Purchased in terms of Popularity | Fashion and Accessories,%,45.0
2023,EUROPE,Netherlands,"Shopping Items Purchased in terms of Popularity | Cosmetics, Perfumes & Toiletries and Healthcare & Wellness Products",%,7.0
2023,EUROPE,Netherlands,Shopping Items Purchased in terms of Popularity | Confectionery and Food Items,%,25.0
2023,EUROPE,Netherlands,Shopping Items Purchased in terms of Popularity | Souvenirs and Gifts,%,37.0
2023,EUROPE,Netherlands,Shopping Items Purchased in terms of Popularity | Consumer Tech,%,6.0
2023,EUROPE,Netherlands,Shopping Items Purchased in terms of Popularity | Others,%,3.0
2023,EUROPE,Netherlands,Shopping Items Purchased in terms of Amount spent | Fashion and Accessories,%,50.0
2023,EUROPE,Netherlands,"Shopping Items Purchased in terms of Amount spent | Cosmetics, Perfumes & Toiletries and Healthcare & Wellness Products",%,5.0
2023,EUROPE,Netherlands,Shopping Items Purchased in terms of Amount spent | Confectionery and Food Items,%,11.0
2023,EUROPE,Netherlands,Shopping Items Purchased in terms of Amount spent | Souvenirs and Gifts,%,13.0
2023,EUROPE,Netherlands,Shopping Items Purchased in terms of Amount spent | Consumer Tech,%,22.0
2023,EUROPE,Switzerland,Shopping Items Purchased in terms of Popularity | Fashion and Accessories,%,39.0
2023,EUROPE,Switzerland,"Shopping Items Purchased in terms of Popularity | Cosmetics, Perfumes & Toiletries and Healthcare & Wellness Products",%,9.0
2023,EUROPE,Switzerland,Shopping Items Purchased in terms of Popularity | Confectionery and Food Items,%,32.0
2023,EUROPE,Switzerland,Shopping Items Purchased in terms of Popularity | Souvenirs and Gifts,%,41.0
2023,EUROPE,Switzerland,Shopping Items Purchased in terms of Popularity | Genuine Jewellery,%,3.0
2023,EUROPE,Switzerland,Shopping Items Purchased in terms of Popularity | Consumer Tech,%,5.0
2023,EUROPE,Switzerland,Shopping Items Purchased in terms of Popularity | Others,%,5.0
2023,EUROPE,Switzerland,Shopping Items Purchased in terms of Amount spent | Fashion and Accessories,%,65.0
2023,EUROPE,Switzerland,"Shopping Items Purchased in terms of Amount spent | Cosmetics, Perfumes & Toiletries and Healthcare & Wellness Products",%,5.0
2023,EUROPE,Switzerland,Shopping Items Purchased in terms of Amount spent | Confectionery and Food Items,%,8.0
2023,EUROPE,Switzerland,Shopping Items Purchased in terms of Amount spent | Souvenirs and Gifts,%,11.0
2023,EUROPE,Switzerland,Shopping Items Purchased in terms of Amount spent | Genuine Jewellery,%,5.0
2023,EUROPE,Switzerland,Shopping Items Purchased in terms of Amount spent | Consumer Tech,%,3.0
2023,EUROPE,Switzerland,Shopping Items Purchased in terms of Amount spent | Others,%,2.0
2023,EUROPE,UK,Shopping Items Purchased in terms of Popularity | Fashion and Accessories,%,45.0
2023,EUROPE,UK,"Shopping Items Purchased in terms of Popularity | Cosmetics, Perfumes & Toiletries and Healthcare & Wellness Products",%,11.0
2023,EUROPE,UK,Shopping Items Purchased in terms of Popularity | Confectionery and Food Items,%,27.0
2023,EUROPE,UK,Shopping Items Purchased in terms of Popularity | Souvenirs and Gifts,%,39.0
2023,EUROPE,UK,Shopping Items Purchased in terms of Popularity | Genuine Jewellery,%,2.0
2023,EUROPE,UK,Shopping Items Purchased in terms of Popularity | Consumer Tech,%,3.0
2023,EUROPE,UK,Shopping Items Purchased in terms of Popularity | Watches and Clocks,%,1.0
2023,EUROPE,UK,Shopping Items Purchased in terms of Popularity | Others,%,10.0
2023,EUROPE,UK,Shopping Items Purchased in terms of Amount spent | Fashion and Accessories,%,51.0
2023,EUROPE,UK,"Shopping Items Purchased in terms of Amount spent | Cosmetics, Perfumes & Toiletries and Healthcare & Wellness Products",%,7.0
2023,EUROPE,UK,Shopping Items Purchased in terms of Amount spent | Confectionery and Food Items,%,10.0
2023,EUROPE,UK,Shopping Items Purchased in terms of Amount spent | Souvenirs and Gifts,%,17.0
2023,EUROPE,UK,Shopping Items Purchased in terms of Amount spent | Genuine Jewellery,%,2.0
2023,EUROPE,UK,Shopping Items Purchased in terms of Amount spent | Consumer Tech,%,3.0
2023,EUROPE,UK,Shopping Items Purchased in terms of Amount spent | Watches and Clocks,%,1.0
2023,EUROPE,UK,Shopping Items Purchased in terms of Amount spent | Others,%,8.0
2023,AMERICAS,Canada,Shopping Items Purchased in terms of Popularity | Fashion and Accessories,%,41.0
2023,AMERICAS,Canada,"Shopping Items Purchased in terms of Popularity | Cosmetics, Perfumes & Toiletries and Healthcare & Wellness Products",%,13.0
2023,AMERICAS,Canada,Shopping Items Purchased in terms of Popularity | Confectionery and Food Items,%,35.0
2023,AMERICAS,Canada,Shopping Items Purchased in terms of Popularity | Souvenirs and Gifts,%,22.0
2023,AMERICAS,Canada,Shopping Items Purchased in terms of Popularity | Genuine Jewellery,%,4.0
2023,AMERICAS,Canada,Shopping Items Purchased in terms of Popularity | Consumer Tech,%,16.0
2023,AMERICAS,Canada,Shopping Items Purchased in terms of Popularity | Others,%,5.0
2023,AMERICAS,Canada,Shopping Items Purchased in terms of Amount spent | Fashion and Accessories,%,42.0
2023,AMERICAS,Canada,"Shopping Items Purchased in terms of Amount spent | Cosmetics, Perfumes & Toiletries and Healthcare & Wellness Products",%,6.0
2023,AMERICAS,Canada,Shopping Items Purchased in terms of Amount spent | Confectionery and Food Items,%,13.0
2023,AMERICAS,Canada,Shopping Items Purchased in terms of Amount spent | Souvenirs and Gifts,%,6.0
2023,AMERICAS,Canada,Shopping Items Purchased in terms of Amount spent | Genuine Jewellery,%,14.0
2023,AMERICAS,Canada,Shopping Items Purchased in terms of Amount spent | Consumer Tech,%,17.0
2023,AMERICAS,Canada,Shopping Items Purchased in terms of Amount spent | Others,%,2.0
2023,AMERICAS,USA,Shopping Items Purchased in terms of Popularity | Fashion and Accessories,%,41.0
2023,AMERICAS,USA,"Shopping Items Purchased in terms of Popularity | Cosmetics, Perfumes & Toiletries and Healthcare & Wellness Products",%,10.0
2023,AMERICAS,USA,Shopping Items Purchased in terms of Popularity | Confectionery and Food Items,%,26.0
2023,AMERICAS,USA,Shopping Items Purchased in terms of Popularity | Souvenirs and Gifts,%,40.0
2023,AMERICAS,USA,Shopping Items Purchased in terms of Popularity | Genuine Jewellery,%,2.0
2023,AMERICAS,USA,Shopping Items Purchased in terms of Popularity | Consumer Tech,%,4.0
2023,AMERICAS,USA,Shopping Items Purchased in terms of Popularity | Others,%,8.0
2023,AMERICAS,USA,Shopping Items Purchased in terms of Amount spent | Fashion and Accessories,%,50.0
2023,AMERICAS,USA,"Shopping Items Purchased in terms of Amount spent | Cosmetics, Perfumes & Toiletries and Healthcare & Wellness Products",%,5.0
2023,AMERICAS,USA,Shopping Items Purchased in terms of Amount spent | Confectionery and Food Items,%,10.0
2023,AMERICAS,USA,Shopping Items Purchased in terms of Amount spent | Souvenirs and Gifts,%,16.0
2023,AMERICAS,USA,Shopping Items Purchased in terms of Amount spent | Genuine Jewellery,%,6.0
2023,AMERICAS,USA,Shopping Items Purchased in terms of Amount spent | Consumer Tech,%,3.0
2023,AMERICAS,USA,Shopping Items Purchased in terms of Amount spent | Watches and Clocks,%,2.0
2023,AMERICAS,USA,Shopping Items Purchased in terms of Amount spent | Others,%,8.0
2023,OCEANIA,Australia,Shopping Items Purchased in terms of Popularity | Fashion and Accessories,%,50.0
2023,OCEANIA,Australia,"Shopping Items Purchased in terms of Popularity | Cosmetics, Perfumes & Toiletries and Healthcare & Wellness Products",%,16.0
2023,OCEANIA,Australia,Shopping Items Purchased in terms of Popularity | Confectionery and Food Items,%,27.0
2023,OCEANIA,Australia,Shopping Items Purchased in terms of Popularity | Souvenirs and Gifts,%,35.0
2023,OCEANIA,Australia,Shopping Items Purchased in terms of Popularity | Genuine Jewellery,%,4.0
2023,OCEANIA,Australia,Shopping Items Purchased in terms of Popularity | Consumer Tech,%,3.0
2023,OCEANIA,Australia,Shopping Items Purchased in terms of Popularity | Watches and Clocks,%,1.0
2023,OCEANIA,Australia,Shopping Items Purchased in terms of Popularity | Others,%,10.0
2023,OCEANIA,Australia,Shopping Items Purchased in terms of Amount spent | Fashion and Accessories,%,53.0
2023,OCEANIA,Australia,"Shopping Items Purchased in terms of Amount spent | Cosmetics, Perfumes & Toiletries and Healthcare & Wellness Products",%,9.0
2023,OCEANIA,Australia,Shopping Items Purchased in terms of Amount spent | Confectionery and Food Items,%,7.0
2023,OCEANIA,Australia,Shopping Items Purchased in terms of Amount spent | Souvenirs and Gifts,%,11.0
2023,OCEANIA,Australia,Shopping Items Purchased in terms of Amount spent | Genuine Jewellery,%,8.0
2023,OCEANIA,Australia,Shopping Items Purchased in terms of Amount spent | Consumer Tech,%,2.0
2023,OCEANIA,Australia,Shopping Items Purchased in terms of Amount spent | Watches and Clocks,%,2.0
2023,OCEANIA,Australia,Shopping Items Purchased in terms of Amount spent | Others,%,7.0
2023,OCEANIA,New Zealand,Shopping Items Purchased in terms of Popularity | Fashion and Accessories,%,50.0
2023,OCEANIA,New Zealand,"Shopping Items Purchased in terms of Popularity | Cosmetics, Perfumes & Toiletries and Healthcare & Wellness Products",%,16.0
2023,OCEANIA,New Zealand,Shopping Items Purchased in terms of Popularity | Confectionery and Food Items,%,18.0
2023,OCEANIA,New Zealand,Shopping Items Purchased in terms of Popularity | Souvenirs and Gifts,%,34.0
2023,OCEANIA,New Zealand,Shopping Items Purchased in terms of Popularity | Genuine Jewellery,%,2.0
2023,OCEANIA,New Zealand,Shopping Items Purchased in terms of Popularity | Consumer Tech,%,5.0
2023,OCEANIA,New Zealand,Shopping Items Purchased in terms of Popularity | Watches and Clocks,%,3.0
2023,OCEANIA,New Zealand,Shopping Items Purchased in terms of Popularity | Others,%,8.0
2023,OCEANIA,New Zealand,Shopping Items Purchased in terms of Amount spent | Fashion and Accessories,%,49.0
2023,OCEANIA,New Zealand,"Shopping Items Purchased in terms of Amount spent | Cosmetics, Perfumes & Toiletries and Healthcare & Wellness Products",%,11.0
2023,OCEANIA,New Zealand,Shopping Items Purchased in terms of Amount spent | Confectionery and Food Items,%,5.0
2023,OCEANIA,New Zealand,Shopping Items Purchased in terms of Amount spent | Souvenirs and Gifts,%,13.0
2023,OCEANIA,New Zealand,Shopping Items Purchased in terms of Amount spent | Genuine Jewellery,%,4.0
2023,OCEANIA,New Zealand,Shopping Items Purchased in terms of Amount spent | Consumer Tech,%,9.0
2023,OCEANIA,New Zealand,Shopping Items Purchased in terms of Amount spent | Watches and Clocks,%,4.0
2023,OCEANIA,New Zealand,Shopping Items Purchased in terms of Amount spent | Others,%,3.0
2023,AFRICA,South Africa (Rep of),Shopping Items Purchased in terms of Popularity | Fashion and Accessories,%,31.0
2023,AFRICA,South Africa (Rep of),"Shopping Items Purchased in terms of Popularity | Cosmetics, Perfumes & Toiletries and Healthcare & Wellness Products",%,9.0
2023,AFRICA,South Africa (Rep of),Shopping Items Purchased in terms of Popularity | Confectionery and Food Items,%,40.0
2023,AFRICA,South Africa (Rep of),Shopping Items Purchased in terms of Popularity | Souvenirs and Gifts,%,55.0
2023,AFRICA,South Africa (Rep of),Shopping Items Purchased in terms of Popularity | Genuine Jewellery,%,4.0
2023,AFRICA,South Africa (Rep of),Shopping Items Purchased in terms of Popularity | Consumer Tech,%,8.0
2023,AFRICA,South Africa (Rep of),Shopping Items Purchased in terms of Popularity | Others,%,3.0
2023,AFRICA,South Africa (Rep of),Shopping Items Purchased in terms of Amount spent | Fashion and Accessories,%,28.0
2023,AFRICA,South Africa (Rep of),"Shopping Items Purchased in terms of Amount spent | Cosmetics, Perfumes & Toiletries and Healthcare & Wellness Products",%,9.0
2023,AFRICA,South Africa (Rep of),Shopping Items Purchased in terms of Amount spent | Confectionery and Food Items,%,18.0
2023,AFRICA,South Africa (Rep of),Shopping Items Purchased in terms of Amount spent | Souvenirs and Gifts,%,15.0
2023,AFRICA,South Africa (Rep of),Shopping Items Purchased in terms of Amount spent | Genuine Jewellery,%,7.0
2023,AFRICA,South Africa (Rep of),Shopping Items Purchased in terms of Amount spent | Consumer Tech,%,3.0
2023,AFRICA,South Africa (Rep of),Shopping Items Purchased in terms of Amount spent | Others,%,20.0
2023,REMAINING,Others,Shopping Items Purchased in terms of Popularity | Fashion and Accessories,%,55.0
2023,REMAINING,Others,"Shopping Items Purchased in terms of Popularity | Cosmetics, Perfumes & Toiletries and Healthcare & Wellness Products",%,18.0
2023,REMAINING,Others,Shopping Items Purchased in terms of Popularity | Confectionery and Food Items,%,28.0
2023,REMAINING,Others,Shopping Items Purchased in terms of Popularity | Souvenirs and Gifts,%,33.0
2023,REMAINING,Others,Shopping Items Purchased in terms of Popularity | Genuine Jewellery,%,4.0
2023,REMAINING,Others,Shopping Items Purchased in terms of Popularity | Consumer Tech,%,7.0
2023,REMAINING,Others,Shopping Items Purchased in terms of Popularity | Watches and Clocks,%,2.0
2023,REMAINING,Others,Shopping Items Purchased in terms of Popularity | Others,%,6.0
2023,REMAINING,Others,Shopping Items Purchased in terms of Amount spent | Fashion and Accessories,%,53.0
2023,REMAINING,Others,"Shopping Items Purchased in terms of Amount spent | Cosmetics, Perfumes & Toiletries and Healthcare & Wellness Products",%,9.0
2023,REMAINING,Others,Shopping Items Purchased in terms of Amount spent | Confectionery and Food Items,%,7.0
2023,REMAINING,Others,Shopping Items Purchased in terms of Amount spent | Souvenirs and Gifts,%,7.0
2023,REMAINING,Others,Shopping Items Purchased in terms of Amount spent | Genuine Jewellery,%,9.0
2023,REMAINING,Others,Shopping Items Purchased in terms of Amount spent | Consumer Tech,%,9.0
2023,REMAINING,Others,Shopping Items Purchased in terms of Amount spent | Watches and Clocks,%,3.0
2023,REMAINING,Others,Shopping Items Purchased in terms of Amount spent | Others,%,5.0
2019,SOUTHEAST ASIA,Indonesia,Shopping Items Purchased in terms of Popularity | Fashion and Accessories,%,50.34107322644242
2019,SOUTHEAST ASIA,Indonesia,"Shopping Items Purchased in terms of Popularity | Cosmetics, Perfumes & Toiletries and Healthcare & Wellness Products",%,20.92467558940686
2019,SOUTHEAST ASIA,Indonesia,Shopping Items Purchased in terms of Popularity | Confectionery and Food Items,%,52.40818151550548
2019,SOUTHEAST ASIA,Indonesia,Shopping Items Purchased in terms of Popularity | Souvenirs and Gifts,%,19.05192634008152
2019,SOUTHEAST ASIA,Indonesia,Shopping Items Purchased in terms of Popularity | Genuine Jewellery,%,0.536997272234841
2019,SOUTHEAST ASIA,Indonesia,Shopping Items Purchased in terms of Popularity | Consumer Tech,%,3.795393492930892
2019,SOUTHEAST ASIA,Indonesia,Shopping Items Purchased in terms of Popularity | Watches and Clocks,%,1.740969444509309
2019,SOUTHEAST ASIA,Indonesia,Shopping Items Purchased in terms of Popularity | Others,%,7.715871691464571
2019,SOUTHEAST ASIA,Indonesia,Shopping Items Purchased in terms of Amount spent | Fashion and Accessories,%,54.22648004734337
2019,SOUTHEAST ASIA,Indonesia,"Shopping Items Purchased in terms of Amount spent | Cosmetics, Perfumes & Toiletries and Healthcare & Wellness Products",%,12.1280695902686
2019,SOUTHEAST ASIA,Indonesia,Shopping Items Purchased in terms of Amount spent | Confectionery and Food Items,%,14.04284276974506
2019,SOUTHEAST ASIA,Indonesia,Shopping Items Purchased in terms of Amount spent | Souvenirs and Gifts,%,4.837015767159084
2019,SOUTHEAST ASIA,Indonesia,Shopping Items Purchased in terms of Amount spent | Genuine Jewellery,%,2.190950817630093
2019,SOUTHEAST ASIA,Indonesia,Shopping Items Purchased in terms of Amount spent | Consumer Tech,%,6.240934861929297
2019,SOUTHEAST ASIA,Indonesia,Shopping Items Purchased in terms of Amount spent | Watches and Clocks,%,2.356477531944058
2019,SOUTHEAST ASIA,Indonesia,Shopping Items Purchased in terms of Amount spent | Others,%,3.977228613903769
2019,SOUTHEAST ASIA,Malaysia,Shopping Items Purchased in terms of Popularity | Fashion and Accessories,%,41.19294574370997
2019,SOUTHEAST ASIA,Malaysia,"Shopping Items Purchased in terms of Popularity | Cosmetics, Perfumes & Toiletries and Healthcare & Wellness Products",%,19.24891238012068
2019,SOUTHEAST ASIA,Malaysia,Shopping Items Purchased in terms of Popularity | Confectionery and Food Items,%,45.53382185166573
2019,SOUTHEAST ASIA,Malaysia,Shopping Items Purchased in terms of Popularity | Souvenirs and Gifts,%,20.87611068692548
2019,SOUTHEAST ASIA,Malaysia,Shopping Items Purchased in terms of Popularity | Consumer Tech,%,3.481793783620109
2019,SOUTHEAST ASIA,Malaysia,Shopping Items Purchased in terms of Popularity | Watches and Clocks,%,0.6400617486587579
2019,SOUTHEAST ASIA,Malaysia,Shopping Items Purchased in terms of Popularity | Others,%,9.983973173085072
2019,SOUTHEAST ASIA,Malaysia,Shopping Items Purchased in terms of Amount spent | Fashion and Accessories,%,50.0184869292078
2019,SOUTHEAST ASIA,Malaysia,"Shopping Items Purchased in terms of Amount spent | Cosmetics, Perfumes & Toiletries and Healthcare & Wellness Products",%,13.11905427686417
2019,SOUTHEAST ASIA,Malaysia,Shopping Items Purchased in terms of Amount spent | Confectionery and Food Items,%,15.1075141161774
2019,SOUTHEAST ASIA,Malaysia,Shopping Items Purchased in terms of Amount spent | Souvenirs and Gifts,%,6.317084676590424
2019,SOUTHEAST ASIA,Malaysia,Shopping Items Purchased in terms of Amount spent | Genuine Jewellery,%,0.1181246052669923
2019,SOUTHEAST ASIA,Malaysia,Shopping Items Purchased in terms of Amount spent | Consumer Tech,%,3.939132590422744
2019,SOUTHEAST ASIA,Malaysia,Shopping Items Purchased in terms of Amount spent | Watches and Clocks,%,6.766838130422113
2019,SOUTHEAST ASIA,Malaysia,Shopping Items Purchased in terms of Amount spent | Others,%,4.61376467528012
2019,SOUTHEAST ASIA,Philippines,Shopping Items Purchased in terms of Popularity | Fashion and Accessories,%,54.73914378264412
2019,SOUTHEAST ASIA,Philippines,"Shopping Items Purchased in terms of Popularity | Cosmetics, Perfumes & Toiletries and Healthcare & Wellness Products",%,14.58069395878634
2019,SOUTHEAST ASIA,Philippines,Shopping Items Purchased in terms of Popularity | Confectionery and Food Items,%,43.57096107146148
2019,SOUTHEAST ASIA,Philippines,Shopping Items Purchased in terms of Popularity | Souvenirs and Gifts,%,44.30844468488149
2019,SOUTHEAST ASIA,Philippines,Shopping Items Purchased in terms of Popularity | Genuine Jewellery,%,1.708257057712498
2019,SOUTHEAST ASIA,Philippines,Shopping Items Purchased in terms of Popularity | Consumer Tech,%,3.59160073637584
2019,SOUTHEAST ASIA,Philippines,Shopping Items Purchased in terms of Popularity | Watches and Clocks,%,2.199172149371322
2019,SOUTHEAST ASIA,Philippines,Shopping Items Purchased in terms of Popularity | Others,%,4.053015955263831
2019,SOUTHEAST ASIA,Philippines,Shopping Items Purchased in terms of Amount spent | Fashion and Accessories,%,52.72865130918308
2019,SOUTHEAST ASIA,Philippines,"Shopping Items Purchased in terms of Amount spent | Cosmetics, Perfumes & Toiletries and Healthcare & Wellness Products",%,6.954637026478364
2019,SOUTHEAST ASIA,Philippines,Shopping Items Purchased in terms of Amount spent | Confectionery and Food Items,%,12.7219522035542
2019,SOUTHEAST ASIA,Philippines,Shopping Items Purchased in terms of Amount spent | Souvenirs and Gifts,%,12.75022656546767
2019,SOUTHEAST ASIA,Philippines,Shopping Items Purchased in terms of Amount spent | Genuine Jewellery,%,4.805137922105828
2019,SOUTHEAST ASIA,Philippines,Shopping Items Purchased in terms of Amount spent | Consumer Tech,%,6.66838971464933
2019,SOUTHEAST ASIA,Philippines,Shopping Items Purchased in terms of Amount spent | Watches and Clocks,%,1.536712736788855
2019,SOUTHEAST ASIA,Philippines,Shopping Items Purchased in terms of Amount spent | Others,%,1.834292522006367
2019,SOUTHEAST ASIA,Thailand,Shopping Items Purchased in terms of Popularity | Fashion and Accessories,%,49.6359780408014
2019,SOUTHEAST ASIA,Thailand,"Shopping Items Purchased in terms of Popularity | Cosmetics, Perfumes & Toiletries and Healthcare & Wellness Products",%,27.89784165531341
2019,SOUTHEAST ASIA,Thailand,Shopping Items Purchased in terms of Popularity | Confectionery and Food Items,%,47.93832691885055
2019,SOUTHEAST ASIA,Thailand,Shopping Items Purchased in terms of Popularity | Souvenirs and Gifts,%,24.36548156665029
2019,SOUTHEAST ASIA,Thailand,Shopping Items Purchased in terms of Popularity | Genuine Jewellery,%,1.06808274987319
2019,SOUTHEAST ASIA,Thailand,Shopping Items Purchased in terms of Popularity | Consumer Tech,%,4.471911047181627
2019,SOUTHEAST ASIA,Thailand,Shopping Items Purchased in terms of Popularity | Watches and Clocks,%,1.795853490457815
2019,SOUTHEAST ASIA,Thailand,Shopping Items Purchased in terms of Popularity | Others,%,8.496986756123853
2019,SOUTHEAST ASIA,Thailand,Shopping Items Purchased in terms of Amount spent | Fashion and Accessories,%,53.77097342093246
2019,SOUTHEAST ASIA,Thailand,"Shopping Items Purchased in terms of Amount spent | Cosmetics, Perfumes & Toiletries and Healthcare & Wellness Products",%,14.55642212196643
2019,SOUTHEAST ASIA,Thailand,Shopping Items Purchased in terms of Amount spent | Confectionery and Food Items,%,11.07620393444509
2019,SOUTHEAST ASIA,Thailand,Shopping Items Purchased in terms of Amount spent | Souvenirs and Gifts,%,7.187333988198366
2019,SOUTHEAST ASIA,Thailand,Shopping Items Purchased in terms of Amount spent | Genuine Jewellery,%,2.326918154572109
2019,SOUTHEAST ASIA,Thailand,Shopping Items Purchased in terms of Amount spent | Consumer Tech,%,4.496311112582474
2019,SOUTHEAST ASIA,Thailand,Shopping Items Purchased in terms of Amount spent | Watches and Clocks,%,2.802778460439554
2019,SOUTHEAST ASIA,Thailand,Shopping Items Purchased in terms of Amount spent | Others,%,3.783058806865364
2019,SOUTHEAST ASIA,Vietnam,Shopping Items Purchased in terms of Popularity | Fashion and Accessories,%,54.92579827821124
2019,SOUTHEAST ASIA,Vietnam,"Shopping Items Purchased in terms of Popularity | Cosmetics, Perfumes & Toiletries and Healthcare & Wellness Products",%,35.13584248289342
2019,SOUTHEAST ASIA,Vietnam,Shopping Items Purchased in terms of Popularity | Confectionery and Food Items,%,40.85006372331243
2019,SOUTHEAST ASIA,Vietnam,Shopping Items Purchased in terms of Popularity | Souvenirs and Gifts,%,32.87652972371041
2019,SOUTHEAST ASIA,Vietnam,Shopping Items Purchased in terms of Popularity | Genuine Jewellery,%,2.428008300117852
2019,SOUTHEAST ASIA,Vietnam,Shopping Items Purchased in terms of Popularity | Consumer Tech,%,4.476817535952073
2019,SOUTHEAST ASIA,Vietnam,Shopping Items Purchased in terms of Popularity | Watches and Clocks,%,1.918199414456595
2019,SOUTHEAST ASIA,Vietnam,Shopping Items Purchased in terms of Popularity | Others,%,9.69874011168696
2019,SOUTHEAST ASIA,Vietnam,Shopping Items Purchased in terms of Amount spent | Fashion and Accessories,%,44.81032615452246
2019,SOUTHEAST ASIA,Vietnam,"Shopping Items Purchased in terms of Amount spent | Cosmetics, Perfumes & Toiletries and Healthcare & Wellness Products",%,17.3877360289066
2019,SOUTHEAST ASIA,Vietnam,Shopping Items Purchased in terms of Amount spent | Confectionery and Food Items,%,8.340572976665321
2019,SOUTHEAST ASIA,Vietnam,Shopping Items Purchased in terms of Amount spent | Souvenirs and Gifts,%,7.218266371515985
2019,SOUTHEAST ASIA,Vietnam,Shopping Items Purchased in terms of Amount spent | Genuine Jewellery,%,4.423228198856489
2019,SOUTHEAST ASIA,Vietnam,Shopping Items Purchased in terms of Amount spent | Consumer Tech,%,12.92156771349029
2019,SOUTHEAST ASIA,Vietnam,Shopping Items Purchased in terms of Amount spent | Watches and Clocks,%,0.9193514962526969
2019,SOUTHEAST ASIA,Vietnam,Shopping Items Purchased in terms of Amount spent | Others,%,3.978951059928784
2019,GREATER CHINA,China,Shopping Items Purchased in terms of Popularity | Fashion and Accessories,%,40.35010677162894
2019,GREATER CHINA,China,"Shopping Items Purchased in terms of Popularity | Cosmetics, Perfumes & Toiletries and Healthcare & Wellness Products",%,61.40669138055663
2019,GREATER CHINA,China,Shopping Items Purchased in terms of Popularity | Confectionery and Food Items,%,32.14598577474663
2019,GREATER CHINA,China,Shopping Items Purchased in terms of Popularity | Souvenirs and Gifts,%,15.06555591148122
2019,GREATER CHINA,China,Shopping Items Purchased in terms of Popularity | Genuine Jewellery,%,5.456228909175258
2019,GREATER CHINA,China,Shopping Items Purchased in terms of Popularity | Consumer Tech,%,0.8724244747468101
2019,GREATER CHINA,China,Shopping Items Purchased in terms of Popularity | Watches and Clocks,%,2.205330128885242
2019,GREATER CHINA,China,Shopping Items Purchased in terms of Popularity | Others,%,10.31273325494827
2019,GREATER CHINA,China,Shopping Items Purchased in terms of Amount spent | Fashion and Accessories,%,40.23032771325818
2019,GREATER CHINA,China,"Shopping Items Purchased in terms of Amount spent | Cosmetics, Perfumes & Toiletries and Healthcare & Wellness Products",%,34.67492122752365
2019,GREATER CHINA,China,Shopping Items Purchased in terms of Amount spent | Confectionery and Food Items,%,5.046584008348207
2019,GREATER CHINA,China,Shopping Items Purchased in terms of Amount spent | Souvenirs and Gifts,%,1.994545359371996
2019,GREATER CHINA,China,Shopping Items Purchased in terms of Amount spent | Genuine Jewellery,%,6.994881789993034
2019,GREATER CHINA,China,Shopping Items Purchased in terms of Amount spent | Consumer Tech,%,0.7024188494675141
2019,GREATER CHINA,China,Shopping Items Purchased in terms of Amount spent | Watches and Clocks,%,6.549704268382496
2019,GREATER CHINA,China,Shopping Items Purchased in terms of Amount spent | Others,%,3.806616783530953
2019,GREATER CHINA,Hong Kong SAR,Shopping Items Purchased in terms of Popularity | Fashion and Accessories,%,30.86789114273022
2019,GREATER CHINA,Hong Kong SAR,"Shopping Items Purchased in terms of Popularity | Cosmetics, Perfumes & Toiletries and Healthcare & Wellness Products",%,23.46506953584768
2019,GREATER CHINA,Hong Kong SAR,Shopping Items Purchased in terms of Popularity | Confectionery and Food Items,%,67.62955165808279
2019,GREATER CHINA,Hong Kong SAR,Shopping Items Purchased in terms of Popularity | Souvenirs and Gifts,%,26.45392323981219
2019,GREATER CHINA,Hong Kong SAR,Shopping Items Purchased in terms of Popularity | Genuine Jewellery,%,1.011761716053181
2019,GREATER CHINA,Hong Kong SAR,Shopping Items Purchased in terms of Popularity | Consumer Tech,%,1.134039833419899
2019,GREATER CHINA,Hong Kong SAR,Shopping Items Purchased in terms of Popularity | Watches and Clocks,%,1.247870293867147
2019,GREATER CHINA,Hong Kong SAR,Shopping Items Purchased in terms of Popularity | Others,%,3.373984603837379
2019,GREATER CHINA,Hong Kong SAR,Shopping Items Purchased in terms of Amount spent | Fashion and Accessories,%,41.38363942436676
2019,GREATER CHINA,Hong Kong SAR,"Shopping Items Purchased in terms of Amount spent | Cosmetics, Perfumes & Toiletries and Healthcare & Wellness Products",%,12.58269287593091
2019,GREATER CHINA,Hong Kong SAR,Shopping Items Purchased in terms of Amount spent | Confectionery and Food Items,%,26.16061793133656
2019,GREATER CHINA,Hong Kong SAR,Shopping Items Purchased in terms of Amount spent | Souvenirs and Gifts,%,8.205746859491033
2019,GREATER CHINA,Hong Kong SAR,Shopping Items Purchased in terms of Amount spent | Genuine Jewellery,%,0.9734476327788154
2019,GREATER CHINA,Hong Kong SAR,Shopping Items Purchased in terms of Amount spent | Consumer Tech,%,1.980746884681288
2019,GREATER CHINA,Hong Kong SAR,Shopping Items Purchased in terms of Amount spent | Watches and Clocks,%,4.009862978304131
2019,GREATER CHINA,Hong Kong SAR,Shopping Items Purchased in terms of Amount spent | Others,%,4.703245413504566
2019,GREATER CHINA,Taiwan,Shopping Items Purchased in terms of Popularity | Fashion and Accessories,%,41.21858476665139
2019,GREATER CHINA,Taiwan,"Shopping Items Purchased in terms of Popularity | Cosmetics, Perfumes & Toiletries and Healthcare & Wellness Products",%,22.22714401522472
2019,GREATER CHINA,Taiwan,Shopping Items Purchased in terms of Popularity | Confectionery and Food Items,%,56.85108996668308
2019,GREATER CHINA,Taiwan,Shopping Items Purchased in terms of Popularity | Souvenirs and Gifts,%,34.0825087797248
2019,GREATER CHINA,Taiwan,Shopping Items Purchased in terms of Popularity | Genuine Jewellery,%,1.812012688412224
2019,GREATER CHINA,Taiwan,Shopping Items Purchased in terms of Popularity | Consumer Tech,%,1.971262772493703
2019,GREATER CHINA,Taiwan,Shopping Items Purchased in terms of Popularity | Others,%,3.364680206670346
2019,GREATER CHINA,Taiwan,Shopping Items Purchased in terms of Amount spent | Fashion and Accessories,%,41.69918876682775
2019,GREATER CHINA,Taiwan,"Shopping Items Purchased in terms of Amount spent | Cosmetics, Perfumes & Toiletries and Healthcare & Wellness Products",%,18.23271517265379
2019,GREATER CHINA,Taiwan,Shopping Items Purchased in terms of Amount spent | Confectionery and Food Items,%,21.77600598618603
2019,GREATER CHINA,Taiwan,Shopping Items Purchased in terms of Amount spent | Souvenirs and Gifts,%,8.975128159723765
2019,GREATER CHINA,Taiwan,Shopping Items Purchased in terms of Amount spent | Genuine Jewellery,%,4.311471034018777
2019,GREATER CHINA,Taiwan,Shopping Items Purchased in terms of Amount spent | Consumer Tech,%,1.180949858539996
2019,GREATER CHINA,Taiwan,Shopping Items Purchased in terms of Amount spent | Watches and Clocks,%,2.28498453051175
2019,GREATER CHINA,Taiwan,Shopping Items Purchased in terms of Amount spent | Others,%,1.539556491084623
2019,NORTH ASIA,Japan,Shopping Items Purchased in terms of Popularity | Fashion and Accessories,%,42.96336148248452
2019,NORTH ASIA,Japan,"Shopping Items Purchased in terms of Popularity | Cosmetics, Perfumes & Toiletries and Healthcare & Wellness Products",%,20.50278329734096
2019,NORTH ASIA,Japan,Shopping Items Purchased in terms of Popularity | Confectionery and Food Items,%,52.03653615483962
2019,NORTH ASIA,Japan,Shopping Items Purchased in terms of Popularity | Souvenirs and Gifts,%,47.13851899726063
2019,NORTH ASIA,Japan,Shopping Items Purchased in terms of Popularity | Genuine Jewellery,%,0.5781477254379163
2019,NORTH ASIA,Japan,Shopping Items Purchased in terms of Popularity | Consumer Tech,%,1.760610245319358
2019,NORTH ASIA,Japan,Shopping Items Purchased in terms of Popularity | Watches and Clocks,%,1.123481973898999
2019,NORTH ASIA,Japan,Shopping Items Purchased in terms of Popularity | Others,%,3.717910500121501
2019,NORTH ASIA,Japan,Shopping Items Purchased in terms of Amount spent | Fashion and Accessories,%,47.73030483041735
2019,NORTH ASIA,Japan,"Shopping Items Purchased in terms of Amount spent | Cosmetics, Perfumes & Toiletries and Healthcare & Wellness Products",%,11.1695007172179
2019,NORTH ASIA,Japan,Shopping Items Purchased in terms of Amount spent | Confectionery and Food Items,%,19.89147905128323
2019,NORTH ASIA,Japan,Shopping Items Purchased in terms of Amount spent | Souvenirs and Gifts,%,15.75318159187971
2019,NORTH ASIA,Japan,Shopping Items Purchased in terms of Amount spent | Genuine Jewellery,%,0.617647035368834
2019,NORTH ASIA,Japan,Shopping Items Purchased in terms of Amount spent | Consumer Tech,%,2.718878312384843
2019,NORTH ASIA,Japan,Shopping Items Purchased in terms of Amount spent | Watches and Clocks,%,0.2883614322267062
2019,NORTH ASIA,Japan,Shopping Items Purchased in terms of Amount spent | Others,%,1.830647029205982
2019,NORTH ASIA,South Korea,Shopping Items Purchased in terms of Popularity | Fashion and Accessories,%,50.84984615537264
2019,NORTH ASIA,South Korea,"Shopping Items Purchased in terms of Popularity | Cosmetics, Perfumes & Toiletries and Healthcare & Wellness Products",%,25.18753870365269
2019,NORTH ASIA,South Korea,Shopping Items Purchased in terms of Popularity | Confectionery and Food Items,%,51.9084052671443
2019,NORTH ASIA,South Korea,Shopping Items Purchased in terms of Popularity | Souvenirs and Gifts,%,45.26856115019322
2019,NORTH ASIA,South Korea,Shopping Items Purchased in terms of Popularity | Genuine Jewellery,%,0.8718787852218863
2019,NORTH ASIA,South Korea,Shopping Items Purchased in terms of Popularity | Consumer Tech,%,2.51221274638548
2019,NORTH ASIA,South Korea,Shopping Items Purchased in terms of Popularity | Watches and Clocks,%,2.079876662864162
2019,NORTH ASIA,South Korea,Shopping Items Purchased in terms of Popularity | Others,%,4.887863858768159
2019,NORTH ASIA,South Korea,Shopping Items Purchased in terms of Amount spent | Fashion and Accessories,%,46.10744371626401
2019,NORTH ASIA,South Korea,"Shopping Items Purchased in terms of Amount spent | Cosmetics, Perfumes & Toiletries and Healthcare & Wellness Products",%,12.07395935497479
2019,NORTH ASIA,South Korea,Shopping Items Purchased in terms of Amount spent | Confectionery and Food Items,%,19.48701878239678
2019,NORTH ASIA,South Korea,Shopping Items Purchased in terms of Amount spent | Souvenirs and Gifts,%,14.3445107958778
2019,NORTH ASIA,South Korea,Shopping Items Purchased in terms of Amount spent | Genuine Jewellery,%,1.316190048107218
2019,NORTH ASIA,South Korea,Shopping Items Purchased in terms of Amount spent | Consumer Tech,%,0.7749148217547215
2019,NORTH ASIA,South Korea,Shopping Items Purchased in terms of Amount spent | Watches and Clocks,%,2.356781771492667
2019,NORTH ASIA,South Korea,Shopping Items Purchased in terms of Amount spent | Others,%,3.539180709442997
2019,SOUTH ASIA,India,Shopping Items Purchased in terms of Popularity | Fashion and Accessories,%,46.92506652539156
2019,SOUTH ASIA,India,"Shopping Items Purchased in terms of Popularity | Cosmetics, Perfumes & Toiletries and Healthcare & Wellness Products",%,19.28985311414629
2019,SOUTH ASIA,India,Shopping Items Purchased in terms of Popularity | Confectionery and Food Items,%,48.89723762897152
2019,SOUTH ASIA,India,Shopping Items Purchased in terms of Popularity | Souvenirs and Gifts,%,35.65754334352236
2019,SOUTH ASIA,India,Shopping Items Purchased in terms of Popularity | Genuine Jewellery,%,5.378632013853119
2019,SOUTH ASIA,India,Shopping Items Purchased in terms of Popularity | Consumer Tech,%,4.741038237502632
2019,SOUTH ASIA,India,Shopping Items Purchased in terms of Popularity | Watches and Clocks,%,3.683955090238352
2019,SOUTH ASIA,India,Shopping Items Purchased in terms of Popularity | Others,%,11.59496361295032
2019,SOUTH ASIA,India,Shopping Items Purchased in terms of Amount spent | Fashion and Accessories,%,37.21914758140153
2019,SOUTH ASIA,India,"Shopping Items Purchased in terms of Amount spent | Cosmetics, Perfumes & Toiletries and Healthcare & Wellness Products",%,9.35427885406729
2019,SOUTH ASIA,India,Shopping Items Purchased in terms of Amount spent | Confectionery and Food Items,%,13.63618792729783
2019,SOUTH ASIA,India,Shopping Items Purchased in terms of Amount spent | Souvenirs and Gifts,%,9.72838223132232
2019,SOUTH ASIA,India,Shopping Items Purchased in terms of Amount spent | Genuine Jewellery,%,13.09034426974723
2019,SOUTH ASIA,India,Shopping Items Purchased in terms of Amount spent | Consumer Tech,%,10.05283131325971
2019,SOUTH ASIA,India,Shopping Items Purchased in terms of Amount spent | Watches and Clocks,%,1.704087692366062
2019,SOUTH ASIA,India,Shopping Items Purchased in terms of Amount spent | Others,%,5.214740131379197
2019,EUROPE,France,Shopping Items Purchased in terms of Popularity | Fashion and Accessories,%,50.02778157219963
2019,EUROPE,France,"Shopping Items Purchased in terms of Popularity | Cosmetics, Perfumes & Toiletries and Healthcare & Wellness Products",%,7.806846312896961
2019,EUROPE,France,Shopping Items Purchased in terms of Popularity | Confectionery and Food Items,%,27.36492227479036
2019,EUROPE,France,Shopping Items Purchased in terms of Popularity | Souvenirs and Gifts,%,51.2653861873687
2019,EUROPE,France,Shopping Items Purchased in terms of Popularity | Genuine Jewellery,%,1.229649434818535
2019,EUROPE,France,Shopping Items Purchased in terms of Popularity | Consumer Tech,%,2.503800677529362
2019,EUROPE,France,Shopping Items Purchased in terms of Popularity | Watches and Clocks,%,1.805920042404384
2019,EUROPE,France,Shopping Items Purchased in terms of Popularity | Others,%,3.839476000916405
2019,EUROPE,France,Shopping Items Purchased in terms of Amount spent | Fashion and Accessories,%,52.85114941219765
2019,EUROPE,France,"Shopping Items Purchased in terms of Amount spent | Cosmetics, Perfumes & Toiletries and Healthcare & Wellness Products",%,6.844756190457313
2019,EUROPE,France,Shopping Items Purchased in terms of Amount spent | Confectionery and Food Items,%,6.674715688413897
2019,EUROPE,France,Shopping Items Purchased in terms of Amount spent | Souvenirs and Gifts,%,20.27809492373759
2019,EUROPE,France,Shopping Items Purchased in terms of Amount spent | Genuine Jewellery,%,1.864356718136248
2019,EUROPE,France,Shopping Items Purchased in terms of Amount spent | Consumer Tech,%,7.081095201869948
2019,EUROPE,France,Shopping Items Purchased in terms of Amount spent | Watches and Clocks,%,1.540038144080374
2019,EUROPE,France,Shopping Items Purchased in terms of Amount spent | Others,%,2.865793722126339
2019,EUROPE,Germany,Shopping Items Purchased in terms of Popularity | Fashion and Accessories,%,51.86819286426933
2019,EUROPE,Germany,"Shopping Items Purchased in terms of Popularity | Cosmetics, Perfumes & Toiletries and Healthcare & Wellness Products",%,9.511627929205623
2019,EUROPE,Germany,Shopping Items Purchased in terms of Popularity | Confectionery and Food Items,%,27.20408792997906
2019,EUROPE,Germany,Shopping Items Purchased in terms of Popularity | Souvenirs and Gifts,%,53.06317167417145
2019,EUROPE,Germany,Shopping Items Purchased in terms of Popularity | Genuine Jewellery,%,2.572586100281896
2019,EUROPE,Germany,Shopping Items Purchased in terms of Popularity | Consumer Tech,%,3.238627802742823
2019,EUROPE,Germany,Shopping Items Purchased in terms of Popularity | Watches and Clocks,%,3.51668328192876
2019,EUROPE,Germany,Shopping Items Purchased in terms of Popularity | Others,%,4.219355450939667
2019,EUROPE,Germany,Shopping Items Purchased in terms of Amount spent | Fashion and Accessories,%,43.74893149563547
2019,EUROPE,Germany,"Shopping Items Purchased in terms of Amount spent | Cosmetics, Perfumes & Toiletries and Healthcare & Wellness Products",%,5.619046062033648
2019,EUROPE,Germany,Shopping Items Purchased in terms of Amount spent | Confectionery and Food Items,%,10.3292951531675
2019,EUROPE,Germany,Shopping Items Purchased in terms of Amount spent | Souvenirs and Gifts,%,17.24706449210437
2019,EUROPE,Germany,Shopping Items Purchased in terms of Amount spent | Genuine Jewellery,%,4.064595172310708
2019,EUROPE,Germany,Shopping Items Purchased in terms of Amount spent | Consumer Tech,%,2.360566864928554
2019,EUROPE,Germany,Shopping Items Purchased in terms of Amount spent | Watches and Clocks,%,12.39582177200632
2019,EUROPE,Germany,Shopping Items Purchased in terms of Amount spent | Others,%,4.234678988007619
2019,EUROPE,Italy,Shopping Items Purchased in terms of Popularity | Fashion and Accessories,%,58.05407593978288
2019,EUROPE,Italy,"Shopping Items Purchased in terms of Popularity | Cosmetics, Perfumes & Toiletries and Healthcare & Wellness Products",%,12.79518862029192
2019,EUROPE,Italy,Shopping Items Purchased in terms of Popularity | Confectionery and Food Items,%,25.77221931532593
2019,EUROPE,Italy,Shopping Items Purchased in terms of Popularity | Souvenirs and Gifts,%,65.31976803313863
2019,EUROPE,Italy,Shopping Items Purchased in terms of Popularity | Genuine Jewellery,%,0.7627252923069627
2019,EUROPE,Italy,Shopping Items Purchased in terms of Popularity | Consumer Tech,%,2.219015893217471
2019,EUROPE,Italy,Shopping Items Purchased in terms of Popularity | Watches and Clocks,%,1.094080838576478
2019,EUROPE,Italy,Shopping Items Purchased in terms of Popularity | Others,%,3.499264521450404
2019,EUROPE,Italy,Shopping Items Purchased in terms of Amount spent | Fashion and Accessories,%,51.42483461818551
2019,EUROPE,Italy,"Shopping Items Purchased in terms of Amount spent | Cosmetics, Perfumes & Toiletries and Healthcare & Wellness Products",%,9.309317560907807
2019,EUROPE,Italy,Shopping Items Purchased in terms of Amount spent | Confectionery and Food Items,%,8.727915974656879
2019,EUROPE,Italy,Shopping Items Purchased in terms of Amount spent | Souvenirs and Gifts,%,16.51839880609419
2019,EUROPE,Italy,Shopping Items Purchased in terms of Amount spent | Genuine Jewellery,%,1.245208030639752
2019,EUROPE,Italy,Shopping Items Purchased in terms of Amount spent | Consumer Tech,%,7.666944135901101
2019,EUROPE,Italy,Shopping Items Purchased in terms of Amount spent | Watches and Clocks,%,0.3772030190435303
2019,EUROPE,Italy,Shopping Items Purchased in terms of Amount spent | Others,%,4.730177854571221
2019,EUROPE,Netherlands,Shopping Items Purchased in terms of Popularity | Fashion and Accessories,%,61.36356235063868
2019,EUROPE,Netherlands,"Shopping Items Purchased in terms of Popularity | Cosmetics, Perfumes & Toiletries and Healthcare & Wellness Products",%,9.921919308978516
2019,EUROPE,Netherlands,Shopping Items Purchased in terms of Popularity | Confectionery and Food Items,%,35.94208301246477
2019,EUROPE,Netherlands,Shopping Items Purchased in terms of Popularity | Souvenirs and Gifts,%,58.43371869588863
2019,EUROPE,Netherlands,Shopping Items Purchased in terms of Popularity | Genuine Jewellery,%,1.502520100717603
2019,EUROPE,Netherlands,Shopping Items Purchased in terms of Popularity | Consumer Tech,%,3.555964238364995
2019,EUROPE,Netherlands,Shopping Items Purchased in terms of Popularity | Watches and Clocks,%,2.284258297561889
2019,EUROPE,Netherlands,Shopping Items Purchased in terms of Popularity | Others,%,2.108010968527466
2019,EUROPE,Netherlands,Shopping Items Purchased in terms of Amount spent | Fashion and Accessories,%,44.43682875510939
2019,EUROPE,Netherlands,"Shopping Items Purchased in terms of Amount spent | Cosmetics, Perfumes & Toiletries and Healthcare & Wellness Products",%,3.855429477341671
2019,EUROPE,Netherlands,Shopping Items Purchased in terms of Amount spent | Confectionery and Food Items,%,7.631820515891709
2019,EUROPE,Netherlands,Shopping Items Purchased in terms of Amount spent | Souvenirs and Gifts,%,14.8413731824266
2019,EUROPE,Netherlands,Shopping Items Purchased in terms of Amount spent | Genuine Jewellery,%,11.98886035727098
2019,EUROPE,Netherlands,Shopping Items Purchased in terms of Amount spent | Consumer Tech,%,12.15177126908252
2019,EUROPE,Netherlands,Shopping Items Purchased in terms of Amount spent | Watches and Clocks,%,0.8068969242162105
2019,EUROPE,Netherlands,Shopping Items Purchased in terms of Amount spent | Others,%,4.287019530581267
2019,EUROPE,Switzerland,Shopping Items Purchased in terms of Popularity | Fashion and Accessories,%,53.41486603049039
2019,EUROPE,Switzerland,"Shopping Items Purchased in terms of Popularity | Cosmetics, Perfumes & Toiletries and Healthcare & Wellness Products",%,9.075854836507396
2019,EUROPE,Switzerland,Shopping Items Purchased in terms of Popularity | Confectionery and Food Items,%,30.49641625609546
2019,EUROPE,Switzerland,Shopping Items Purchased in terms of Popularity | Souvenirs and Gifts,%,62.76023380863085
2019,EUROPE,Switzerland,Shopping Items Purchased in terms of Popularity | Genuine Jewellery,%,0.5919109346982433
2019,EUROPE,Switzerland,Shopping Items Purchased in terms of Popularity | Consumer Tech,%,4.211101804243295
2019,EUROPE,Switzerland,Shopping Items Purchased in terms of Popularity | Watches and Clocks,%,4.910422837147814
2019,EUROPE,Switzerland,Shopping Items Purchased in terms of Popularity | Others,%,4.098726718708841
2019,EUROPE,Switzerland,Shopping Items Purchased in terms of Amount spent | Fashion and Accessories,%,47.1646665270901
2019,EUROPE,Switzerland,"Shopping Items Purchased in terms of Amount spent | Cosmetics, Perfumes & Toiletries and Healthcare & Wellness Products",%,7.763064897202413
2019,EUROPE,Switzerland,Shopping Items Purchased in terms of Amount spent | Confectionery and Food Items,%,7.514904251879747
2019,EUROPE,Switzerland,Shopping Items Purchased in terms of Amount spent | Souvenirs and Gifts,%,15.509102751194073
2019,EUROPE,Switzerland,Shopping Items Purchased in terms of Amount spent | Genuine Jewellery,%,2.502897834617154
2019,EUROPE,Switzerland,Shopping Items Purchased in terms of Amount spent | Consumer Tech,%,10.84263439097454
2019,EUROPE,Switzerland,Shopping Items Purchased in terms of Amount spent | Watches and Clocks,%,3.040014181462277
2019,EUROPE,Switzerland,Shopping Items Purchased in terms of Amount spent | Others,%,5.662715165579692
2019,EUROPE,UK,Shopping Items Purchased in terms of Popularity | Fashion and Accessories,%,43.70141288232655
2019,EUROPE,UK,"Shopping Items Purchased in terms of Popularity | Cosmetics, Perfumes & Toiletries and Healthcare & Wellness Products",%,11.70188487590127
2019,EUROPE,UK,Shopping Items Purchased in terms of Popularity | Confectionery and Food Items,%,30.10510161638562
2019,EUROPE,UK,Shopping Items Purchased in terms of Popularity | Souvenirs and Gifts,%,56.9805051463829
2019,EUROPE,UK,Shopping Items Purchased in terms of Popularity | Genuine Jewellery,%,1.694311945579539
2019,EUROPE,UK,Shopping Items Purchased in terms of Popularity | Consumer Tech,%,5.825244164289548
2019,EUROPE,UK,Shopping Items Purchased in terms of Popularity | Watches and Clocks,%,1.180406382070917
2019,EUROPE,UK,Shopping Items Purchased in terms of Popularity | Others,%,4.663919288530542
2019,EUROPE,UK,Shopping Items Purchased in terms of Amount spent | Fashion and Accessories,%,37.82138942437031
2019,EUROPE,UK,"Shopping Items Purchased in terms of Amount spent | Cosmetics, Perfumes & Toiletries and Healthcare & Wellness Products",%,10.05057882740511
2019,EUROPE,UK,Shopping Items Purchased in terms of Amount spent | Confectionery and Food Items,%,8.181804602589223
2019,EUROPE,UK,Shopping Items Purchased in terms of Amount spent | Souvenirs and Gifts,%,18.37657131189167
2019,EUROPE,UK,Shopping Items Purchased in terms of Amount spent | Genuine Jewellery,%,3.515891007021119
2019,EUROPE,UK,Shopping Items Purchased in terms of Amount spent | Consumer Tech,%,18.19819310512778
2019,EUROPE,UK,Shopping Items Purchased in terms of Amount spent | Watches and Clocks,%,0.4189703432758469
2019,EUROPE,UK,Shopping Items Purchased in terms of Amount spent | Others,%,3.436601378097032
2019,AMERICAS,Canada,Shopping Items Purchased in terms of Popularity | Fashion and Accessories,%,48.71407923274689
2019,AMERICAS,Canada,"Shopping Items Purchased in terms of Popularity | Cosmetics, Perfumes & Toiletries and Healthcare & Wellness Products",%,11.60097773030384
2019,AMERICAS,Canada,Shopping Items Purchased in terms of Popularity | Confectionery and Food Items,%,30.85687209466218
2019,AMERICAS,Canada,Shopping Items Purchased in terms of Popularity | Souvenirs and Gifts,%,41.76262424648605
2019,AMERICAS,Canada,Shopping Items Purchased in terms of Popularity | Genuine Jewellery,%,2.644141764903609
2019,AMERICAS,Canada,Shopping Items Purchased in terms of Popularity | Consumer Tech,%,0.8638619162058179
2019,AMERICAS,Canada,Shopping Items Purchased in terms of Popularity | Watches and Clocks,%,0.84487108680374
2019,AMERICAS,Canada,Shopping Items Purchased in terms of Popularity | Others,%,5.18953566879965
2019,AMERICAS,Canada,Shopping Items Purchased in terms of Amount spent | Fashion and Accessories,%,51.85390060134308
2019,AMERICAS,Canada,"Shopping Items Purchased in terms of Amount spent | Cosmetics, Perfumes & Toiletries and Healthcare & Wellness Products",%,7.84032253033253
2019,AMERICAS,Canada,Shopping Items Purchased in terms of Amount spent | Confectionery and Food Items,%,15.79245221529896
2019,AMERICAS,Canada,Shopping Items Purchased in terms of Amount spent | Souvenirs and Gifts,%,14.34125743992882
2019,AMERICAS,Canada,Shopping Items Purchased in terms of Amount spent | Genuine Jewellery,%,6.536990293619095
2019,AMERICAS,Canada,Shopping Items Purchased in terms of Amount spent | Consumer Tech,%,0.4496181380621552
2019,AMERICAS,Canada,Shopping Items Purchased in terms of Amount spent | Watches and Clocks,%,0.2198669473818672
2019,AMERICAS,Canada,Shopping Items Purchased in terms of Amount spent | Others,%,2.965591833656611
2019,AMERICAS,USA,Shopping Items Purchased in terms of Popularity | Fashion and Accessories,%,42.11976350934933
2019,AMERICAS,USA,"Shopping Items Purchased in terms of Popularity | Cosmetics, Perfumes & Toiletries and Healthcare & Wellness Products",%,11.11354956165344
2019,AMERICAS,USA,Shopping Items Purchased in terms of Popularity | Confectionery and Food Items,%,32.98639695605911
2019,AMERICAS,USA,Shopping Items Purchased in terms of Popularity | Souvenirs and Gifts,%,48.44907982693504
2019,AMERICAS,USA,Shopping Items Purchased in terms of Popularity | Genuine Jewellery,%,3.499948070802224
2019,AMERICAS,USA,Shopping Items Purchased in terms of Popularity | Consumer Tech,%,1.670851647075014
2019,AMERICAS,USA,Shopping Items Purchased in terms of Popularity | Watches and Clocks,%,0.7443046348885394
2019,AMERICAS,USA,Shopping Items Purchased in terms of Popularity | Others,%,2.937493567136379
2019,AMERICAS,USA,Shopping Items Purchased in terms of Amount spent | Fashion and Accessories,%,40.60491904972461
2019,AMERICAS,USA,"Shopping Items Purchased in terms of Amount spent | Cosmetics, Perfumes & Toiletries and Healthcare & Wellness Products",%,5.544956445922425
2019,AMERICAS,USA,Shopping Items Purchased in terms of Amount spent | Confectionery and Food Items,%,11.86520550970708
2019,AMERICAS,USA,Shopping Items Purchased in terms of Amount spent | Souvenirs and Gifts,%,20.65731157230675
2019,AMERICAS,USA,Shopping Items Purchased in terms of Amount spent | Genuine Jewellery,%,16.82289457173929
2019,AMERICAS,USA,Shopping Items Purchased in terms of Amount spent | Consumer Tech,%,2.241640774532141
2019,AMERICAS,USA,Shopping Items Purchased in terms of Amount spent | Watches and Clocks,%,1.102076814053458
2019,AMERICAS,USA,Shopping Items Purchased in terms of Amount spent | Others,%,1.160995261296907
2019,OCEANIA,Australia,Shopping Items Purchased in terms of Popularity | Fashion and Accessories,%,51.22632328341693
2019,OCEANIA,Australia,"Shopping Items Purchased in terms of Popularity | Cosmetics, Perfumes & Toiletries and Healthcare & Wellness Products",%,13.75906624349907
2019,OCEANIA,Australia,Shopping Items Purchased in terms of Popularity | Confectionery and Food Items,%,29.31780139909432
2019,OCEANIA,Australia,Shopping Items Purchased in terms of Popularity | Souvenirs and Gifts,%,40.46780153084532
2019,OCEANIA,Australia,Shopping Items Purchased in terms of Popularity | Genuine Jewellery,%,2.796299647650687
2019,OCEANIA,Australia,Shopping Items Purchased in terms of Popularity | Consumer Tech,%,4.908792202203521
2019,OCEANIA,Australia,Shopping Items Purchased in terms of Popularity | Watches and Clocks,%,2.349608209595142
2019,OCEANIA,Australia,Shopping Items Purchased in terms of Popularity | Others,%,6.564849441154571
2019,OCEANIA,Australia,Shopping Items Purchased in terms of Amount spent | Fashion and Accessories,%,50.21335043329759
2019,OCEANIA,Australia,"Shopping Items Purchased in terms of Amount spent | Cosmetics, Perfumes & Toiletries and Healthcare & Wellness Products",%,6.834543898738545
2019,OCEANIA,Australia,Shopping Items Purchased in terms of Amount spent | Confectionery and Food Items,%,7.176768091282631
2019,OCEANIA,Australia,Shopping Items Purchased in terms of Amount spent | Souvenirs and Gifts,%,13.81539563128257
2019,OCEANIA,Australia,Shopping Items Purchased in terms of Amount spent | Genuine Jewellery,%,6.704040761903838
2019,OCEANIA,Australia,Shopping Items Purchased in terms of Amount spent | Consumer Tech,%,9.331619306608276
2019,OCEANIA,Australia,Shopping Items Purchased in terms of Amount spent | Watches and Clocks,%,2.68430370389544
2019,OCEANIA,Australia,Shopping Items Purchased in terms of Amount spent | Others,%,3.239978173189378
2019,OCEANIA,New Zealand,Shopping Items Purchased in terms of Popularity | Fashion and Accessories,%,51.39401871651441
2019,OCEANIA,New Zealand,"Shopping Items Purchased in terms of Popularity | Cosmetics, Perfumes & Toiletries and Healthcare & Wellness Products",%,14.49060760165907
2019,OCEANIA,New Zealand,Shopping Items Purchased in terms of Popularity | Confectionery and Food Items,%,37.45114957940453
2019,OCEANIA,New Zealand,Shopping Items Purchased in terms of Popularity | Souvenirs and Gifts,%,54.60271226209556
2019,OCEANIA,New Zealand,Shopping Items Purchased in terms of Popularity | Genuine Jewellery,%,2.345159290265858
2019,OCEANIA,New Zealand,Shopping Items Purchased in terms of Popularity | Consumer Tech,%,3.757149056049995
2019,OCEANIA,New Zealand,Shopping Items Purchased in terms of Popularity | Watches and Clocks,%,0.6980219989567716
2019,OCEANIA,New Zealand,Shopping Items Purchased in terms of Popularity | Others,%,2.38820326584378
2019,OCEANIA,New Zealand,Shopping Items Purchased in terms of Amount spent | Fashion and Accessories,%,40.80021352749087
2019,OCEANIA,New Zealand,"Shopping Items Purchased in terms of Amount spent | Cosmetics, Perfumes & Toiletries and Healthcare & Wellness Products",%,5.610001439699832
2019,OCEANIA,New Zealand,Shopping Items Purchased in terms of Amount spent | Confectionery and Food Items,%,4.636770808847406
2019,OCEANIA,New Zealand,Shopping Items Purchased in terms of Amount spent | Souvenirs and Gifts,%,12.42432149186967
2019,OCEANIA,New Zealand,Shopping Items Purchased in terms of Amount spent | Genuine Jewellery,%,32.97644715433774
2019,OCEANIA,New Zealand,Shopping Items Purchased in terms of Amount spent | Consumer Tech,%,2.837152088096585
2019,OCEANIA,New Zealand,Shopping Items Purchased in terms of Amount spent | Watches and Clocks,%,0.0386092501648985
2019,OCEANIA,New Zealand,Shopping Items Purchased in terms of Amount spent | Others,%,0.6764842394930033
2019,AFRICA,South Africa (Rep of),Shopping Items Purchased in terms of Popularity | Fashion and Accessories,%,64.2217125522925
2019,AFRICA,South Africa (Rep of),"Shopping Items Purchased in terms of Popularity | Cosmetics, Perfumes & Toiletries and Healthcare & Wellness Products",%,29.61238842236773
2019,AFRICA,South Africa (Rep of),Shopping Items Purchased in terms of Popularity | Confectionery and Food Items,%,36.31449916797607
2019,AFRICA,South Africa (Rep of),Shopping Items Purchased in terms of Popularity | Souvenirs and Gifts,%,29.17875667438362
2019,AFRICA,South Africa (Rep of),Shopping Items Purchased in terms of Popularity | Genuine Jewellery,%,6.147336087503666
2019,AFRICA,South Africa (Rep of),Shopping Items Purchased in terms of Popularity | Consumer Tech,%,4.054464005526333
2019,AFRICA,South Africa (Rep of),Shopping Items Purchased in terms of Popularity | Watches and Clocks,%,15.31411580573105
2019,AFRICA,South Africa (Rep of),Shopping Items Purchased in terms of Popularity | Others,%,2.866283446746829
2019,AFRICA,South Africa (Rep of),Shopping Items Purchased in terms of Amount spent | Fashion and Accessories,%,68.35044819694153
2019,AFRICA,South Africa (Rep of),"Shopping Items Purchased in terms of Amount spent | Cosmetics, Perfumes & Toiletries and Healthcare & Wellness Products",%,7.232216550629574
2019,AFRICA,South Africa (Rep of),Shopping Items Purchased in terms of Amount spent | Confectionery and Food Items,%,3.470256827111564
2019,AFRICA,South Africa (Rep of),Shopping Items Purchased in terms of Amount spent | Souvenirs and Gifts,%,3.366263143829387
2019,AFRICA,South Africa (Rep of),Shopping Items Purchased in terms of Amount spent | Genuine Jewellery,%,1.203482476560469
2019,AFRICA,South Africa (Rep of),Shopping Items Purchased in terms of Amount spent | Consumer Tech,%,6.344708829403123
2019,AFRICA,South Africa (Rep of),Shopping Items Purchased in terms of Amount spent | Watches and Clocks,%,9.270133379359748
2019,AFRICA,South Africa (Rep of),Shopping Items Purchased in terms of Amount spent | Others,%,0.762490596595002
2019,REMAINING,Others,Shopping Items Purchased in terms of Popularity | Fashion and Accessories,%,58.25307122985632
2019,REMAINING,Others,"Shopping Items Purchased in terms of Popularity | Cosmetics, Perfumes & Toiletries and Healthcare & Wellness Products",%,22.36630146211502
2019,REMAINING,Others,Shopping Items Purchased in terms of Popularity | Confectionery and Food Items,%,41.71403225069734
2019,REMAINING,Others,Shopping Items Purchased in terms of Popularity | Souvenirs and Gifts,%,40.07517195197781
2019,REMAINING,Others,Shopping Items Purchased in terms of Popularity | Genuine Jewellery,%,3.880010428652053
2019,REMAINING,Others,Shopping Items Purchased in terms of Popularity | Consumer Tech,%,6.197624587882687
2019,REMAINING,Others,Shopping Items Purchased in terms of Popularity | Watches and Clocks,%,2.738034025773289
2019,REMAINING,Others,Shopping Items Purchased in terms of Popularity | Others,%,6.612385270253343
2019,REMAINING,Others,Shopping Items Purchased in terms of Amount spent | Fashion and Accessories,%,50.7718375114449
2019,REMAINING,Others,"Shopping Items Purchased in terms of Amount spent | Cosmetics, Perfumes & Toiletries and Healthcare & Wellness Products",%,8.219315874006814
2019,REMAINING,Others,Shopping Items Purchased in terms of Amount spent | Confectionery and Food Items,%,7.667106292756571
2019,REMAINING,Others,Shopping Items Purchased in terms of Amount spent | Souvenirs and Gifts,%,6.521561175714718
2019,REMAINING,Others,Shopping Items Purchased in terms of Amount spent | Genuine Jewellery,%,11.91397941813178
2019,REMAINING,Others,Shopping Items Purchased in terms of Amount spent | Consumer Tech,%,8.732152946486542
2019,REMAINING,Others,Shopping Items Purchased in terms of Amount spent | Watches and Clocks,%,3.44908749496581
2019,REMAINING,Others,Shopping Items Purchased in terms of Amount spent | Others,%,2.724959286574041
2018,SOUTHEAST ASIA,Indonesia,Shopping Items Purchased in terms of Popularity | Fashion and Accessories,%,48.90707975843927
2018,SOUTHEAST ASIA,Indonesia,"Shopping Items Purchased in terms of Popularity | Cosmetics, Perfumes & Toiletries and Healthcare & Wellness Products",%,21.63228441445337
2018,SOUTHEAST ASIA,Indonesia,Shopping Items Purchased in terms of Popularity | Confectionery and Food Items,%,50.38201008127444
2018,SOUTHEAST ASIA,Indonesia,Shopping Items Purchased in terms of Popularity | Souvenirs and Gifts,%,22.21441768036558
2018,SOUTHEAST ASIA,Indonesia,Shopping Items Purchased in terms of Popularity | Genuine Jewellery,%,0.7044379375955843
2018,SOUTHEAST ASIA,Indonesia,Shopping Items Purchased in terms of Popularity | Consumer Tech,%,3.84977260998554
2018,SOUTHEAST ASIA,Indonesia,Shopping Items Purchased in terms of Popularity | Watches and Clocks,%,2.21896030968758
2018,SOUTHEAST ASIA,Indonesia,Shopping Items Purchased in terms of Popularity | Others,%,9.717636506082824
2018,SOUTHEAST ASIA,Indonesia,Shopping Items Purchased in terms of Amount spent | Fashion and Accessories,%,46.20111015500476
2018,SOUTHEAST ASIA,Indonesia,"Shopping Items Purchased in terms of Amount spent | Cosmetics, Perfumes & Toiletries and Healthcare & Wellness Products",%,14.13295164997207
2018,SOUTHEAST ASIA,Indonesia,Shopping Items Purchased in terms of Amount spent | Confectionery and Food Items,%,15.50808932942936
2018,SOUTHEAST ASIA,Indonesia,Shopping Items Purchased in terms of Amount spent | Souvenirs and Gifts,%,5.768247493202401
2018,SOUTHEAST ASIA,Indonesia,Shopping Items Purchased in terms of Amount spent | Genuine Jewellery,%,1.920201201664465
2018,SOUTHEAST ASIA,Indonesia,Shopping Items Purchased in terms of Amount spent | Consumer Tech,%,7.358803313218973
2018,SOUTHEAST ASIA,Indonesia,Shopping Items Purchased in terms of Amount spent | Watches and Clocks,%,1.737495292083469
2018,SOUTHEAST ASIA,Indonesia,Shopping Items Purchased in terms of Amount spent | Others,%,7.373101565430325
2018,SOUTHEAST ASIA,Malaysia,Shopping Items Purchased in terms of Popularity | Fashion and Accessories,%,43.7304276864432
2018,SOUTHEAST ASIA,Malaysia,"Shopping Items Purchased in terms of Popularity | Cosmetics, Perfumes & Toiletries and Healthcare & Wellness Products",%,18.9408143874429
2018,SOUTHEAST ASIA,Malaysia,Shopping Items Purchased in terms of Popularity | Confectionery and Food Items,%,40.20732938924215
2018,SOUTHEAST ASIA,Malaysia,Shopping Items Purchased in terms of Popularity | Souvenirs and Gifts,%,17.4151088749446
2018,SOUTHEAST ASIA,Malaysia,Shopping Items Purchased in terms of Popularity | Genuine Jewellery,%,0.9363943866430594
2018,SOUTHEAST ASIA,Malaysia,Shopping Items Purchased in terms of Popularity | Consumer Tech,%,1.69926657545452
2018,SOUTHEAST ASIA,Malaysia,Shopping Items Purchased in terms of Popularity | Watches and Clocks,%,1.243540303618004
2018,SOUTHEAST ASIA,Malaysia,Shopping Items Purchased in terms of Popularity | Others,%,9.69148532556324
2018,SOUTHEAST ASIA,Malaysia,Shopping Items Purchased in terms of Amount spent | Fashion and Accessories,%,52.14902736575591
2018,SOUTHEAST ASIA,Malaysia,"Shopping Items Purchased in terms of Amount spent | Cosmetics, Perfumes & Toiletries and Healthcare & Wellness Products",%,14.01660827092371
2018,SOUTHEAST ASIA,Malaysia,Shopping Items Purchased in terms of Amount spent | Confectionery and Food Items,%,11.90269950805059
2018,SOUTHEAST ASIA,Malaysia,Shopping Items Purchased in terms of Amount spent | Souvenirs and Gifts,%,4.99973222463947
2018,SOUTHEAST ASIA,Malaysia,Shopping Items Purchased in terms of Amount spent | Genuine Jewellery,%,5.000602668326732
2018,SOUTHEAST ASIA,Malaysia,Shopping Items Purchased in terms of Amount spent | Consumer Tech,%,3.328519040645969
2018,SOUTHEAST ASIA,Malaysia,Shopping Items Purchased in terms of Amount spent | Watches and Clocks,%,1.653714512818537
2018,SOUTHEAST ASIA,Malaysia,Shopping Items Purchased in terms of Amount spent | Others,%,6.949096408750431
2018,SOUTHEAST ASIA,Philippines,Shopping Items Purchased in terms of Popularity | Fashion and Accessories,%,52.56425746274009
2018,SOUTHEAST ASIA,Philippines,"Shopping Items Purchased in terms of Popularity | Cosmetics, Perfumes & Toiletries and Healthcare & Wellness Products",%,14.83635517803149
2018,SOUTHEAST ASIA,Philippines,Shopping Items Purchased in terms of Popularity | Confectionery and Food Items,%,44.39751220586835
2018,SOUTHEAST ASIA,Philippines,Shopping Items Purchased in terms of Popularity | Souvenirs and Gifts,%,43.54362055434969
2018,SOUTHEAST ASIA,Philippines,Shopping Items Purchased in terms of Popularity | Genuine Jewellery,%,0.5470073663279805
2018,SOUTHEAST ASIA,Philippines,Shopping Items Purchased in terms of Popularity | Consumer Tech,%,2.725795351190738
2018,SOUTHEAST ASIA,Philippines,Shopping Items Purchased in terms of Popularity | Watches and Clocks,%,2.561796894049615
2018,SOUTHEAST ASIA,Philippines,Shopping Items Purchased in terms of Popularity | Others,%,5.018951026283451
2018,SOUTHEAST ASIA,Philippines,Shopping Items Purchased in terms of Amount spent | Fashion and Accessories,%,45.02004208293997
2018,SOUTHEAST ASIA,Philippines,"Shopping Items Purchased in terms of Amount spent | Cosmetics, Perfumes & Toiletries and Healthcare & Wellness Products",%,9.91860269269281
2018,SOUTHEAST ASIA,Philippines,Shopping Items Purchased in terms of Amount spent | Confectionery and Food Items,%,15.26195650386048
2018,SOUTHEAST ASIA,Philippines,Shopping Items Purchased in terms of Amount spent | Souvenirs and Gifts,%,13.69050120768456
2018,SOUTHEAST ASIA,Philippines,Shopping Items Purchased in terms of Amount spent | Genuine Jewellery,%,0.842429249931863
2018,SOUTHEAST ASIA,Philippines,Shopping Items Purchased in terms of Amount spent | Consumer Tech,%,2.577820539509144
2018,SOUTHEAST ASIA,Philippines,Shopping Items Purchased in terms of Amount spent | Watches and Clocks,%,2.475212067092174
2018,SOUTHEAST ASIA,Philippines,Shopping Items Purchased in terms of Amount spent | Others,%,10.21343565630399
2018,SOUTHEAST ASIA,Thailand,Shopping Items Purchased in terms of Popularity | Fashion and Accessories,%,47.95105497772512
2018,SOUTHEAST ASIA,Thailand,"Shopping Items Purchased in terms of Popularity | Cosmetics, Perfumes & Toiletries and Healthcare & Wellness Products",%,26.01838676617743
2018,SOUTHEAST ASIA,Thailand,Shopping Items Purchased in terms of Popularity | Confectionery and Food Items,%,50.73149853151791
2018,SOUTHEAST ASIA,Thailand,Shopping Items Purchased in terms of Popularity | Souvenirs and Gifts,%,24.28146427307414
2018,SOUTHEAST ASIA,Thailand,Shopping Items Purchased in terms of Popularity | Genuine Jewellery,%,1.478193337375143
2018,SOUTHEAST ASIA,Thailand,Shopping Items Purchased in terms of Popularity | Consumer Tech,%,5.74154011847667
2018,SOUTHEAST ASIA,Thailand,Shopping Items Purchased in terms of Popularity | Watches and Clocks,%,1.207597534475678
2018,SOUTHEAST ASIA,Thailand,Shopping Items Purchased in terms of Popularity | Others,%,12.95016323100644
2018,SOUTHEAST ASIA,Thailand,Shopping Items Purchased in terms of Amount spent | Fashion and Accessories,%,48.36806893874974
2018,SOUTHEAST ASIA,Thailand,"Shopping Items Purchased in terms of Amount spent | Cosmetics, Perfumes & Toiletries and Healthcare & Wellness Products",%,15.58626380498313
2018,SOUTHEAST ASIA,Thailand,Shopping Items Purchased in terms of Amount spent | Confectionery and Food Items,%,15.43713631227603
2018,SOUTHEAST ASIA,Thailand,Shopping Items Purchased in terms of Amount spent | Souvenirs and Gifts,%,7.055229276784452
2018,SOUTHEAST ASIA,Thailand,Shopping Items Purchased in terms of Amount spent | Genuine Jewellery,%,1.713567098284085
2018,SOUTHEAST ASIA,Thailand,Shopping Items Purchased in terms of Amount spent | Consumer Tech,%,5.283055813338612
2018,SOUTHEAST ASIA,Thailand,Shopping Items Purchased in terms of Amount spent | Watches and Clocks,%,1.261360376124224
2018,SOUTHEAST ASIA,Thailand,Shopping Items Purchased in terms of Amount spent | Others,%,5.295318379502941
2018,SOUTHEAST ASIA,Vietnam,Shopping Items Purchased in terms of Popularity | Fashion and Accessories,%,50.03150659157287
2018,SOUTHEAST ASIA,Vietnam,"Shopping Items Purchased in terms of Popularity | Cosmetics, Perfumes & Toiletries and Healthcare & Wellness Products",%,36.35204098123563
2018,SOUTHEAST ASIA,Vietnam,Shopping Items Purchased in terms of Popularity | Confectionery and Food Items,%,39.10073309487111
2018,SOUTHEAST ASIA,Vietnam,Shopping Items Purchased in terms of Popularity | Souvenirs and Gifts,%,31.4803485615712
2018,SOUTHEAST ASIA,Vietnam,Shopping Items Purchased in terms of Popularity | Genuine Jewellery,%,1.590158389381564
2018,SOUTHEAST ASIA,Vietnam,Shopping Items Purchased in terms of Popularity | Consumer Tech,%,2.068822259945367
2018,SOUTHEAST ASIA,Vietnam,Shopping Items Purchased in terms of Popularity | Watches and Clocks,%,1.939631750601429
2018,SOUTHEAST ASIA,Vietnam,Shopping Items Purchased in terms of Popularity | Others,%,10.73284771049172
2018,SOUTHEAST ASIA,Vietnam,Shopping Items Purchased in terms of Amount spent | Fashion and Accessories,%,46.16835660299246
2018,SOUTHEAST ASIA,Vietnam,"Shopping Items Purchased in terms of Amount spent | Cosmetics, Perfumes & Toiletries and Healthcare & Wellness Products",%,22.55540632212927
2018,SOUTHEAST ASIA,Vietnam,Shopping Items Purchased in terms of Amount spent | Confectionery and Food Items,%,9.546313942792093
2018,SOUTHEAST ASIA,Vietnam,Shopping Items Purchased in terms of Amount spent | Souvenirs and Gifts,%,7.429785051309006
2018,SOUTHEAST ASIA,Vietnam,Shopping Items Purchased in terms of Amount spent | Genuine Jewellery,%,1.594772827887017
2018,SOUTHEAST ASIA,Vietnam,Shopping Items Purchased in terms of Amount spent | Consumer Tech,%,4.464052710166297
2018,SOUTHEAST ASIA,Vietnam,Shopping Items Purchased in terms of Amount spent | Watches and Clocks,%,3.533475661897675
2018,SOUTHEAST ASIA,Vietnam,Shopping Items Purchased in terms of Amount spent | Others,%,4.707836881001189
2018,GREATER CHINA,China,Shopping Items Purchased in terms of Popularity | Fashion and Accessories,%,35.13818766031712
2018,GREATER CHINA,China,"Shopping Items Purchased in terms of Popularity | Cosmetics, Perfumes & Toiletries and Healthcare & Wellness Products",%,53.3636106690638
2018,GREATER CHINA,China,Shopping Items Purchased in terms of Popularity | Confectionery and Food Items,%,39.53849552451073
2018,GREATER CHINA,China,Shopping Items Purchased in terms of Popularity | Souvenirs and Gifts,%,18.67159251557418
2018,GREATER CHINA,China,Shopping Items Purchased in terms of Popularity | Genuine Jewellery,%,5.677948576714964
2018,GREATER CHINA,China,Shopping Items Purchased in terms of Popularity | Consumer Tech,%,1.957575173104308
2018,GREATER CHINA,China,Shopping Items Purchased in terms of Popularity | Watches and Clocks,%,3.168243459722132
2018,GREATER CHINA,China,Shopping Items Purchased in terms of Popularity | Others,%,15.48748014219985
2018,GREATER CHINA,China,Shopping Items Purchased in terms of Amount spent | Fashion and Accessories,%,37.18225923326695
2018,GREATER CHINA,China,"Shopping Items Purchased in terms of Amount spent | Cosmetics, Perfumes & Toiletries and Healthcare & Wellness Products",%,30.76390861650565
2018,GREATER CHINA,China,Shopping Items Purchased in terms of Amount spent | Confectionery and Food Items,%,7.083909633322449
2018,GREATER CHINA,China,Shopping Items Purchased in terms of Amount spent | Souvenirs and Gifts,%,2.993700380968835
2018,GREATER CHINA,China,Shopping Items Purchased in terms of Amount spent | Genuine Jewellery,%,6.349223720242458
2018,GREATER CHINA,China,Shopping Items Purchased in terms of Amount spent | Consumer Tech,%,1.289841110700355
2018,GREATER CHINA,China,Shopping Items Purchased in terms of Amount spent | Watches and Clocks,%,8.338046764783847
2018,GREATER CHINA,China,Shopping Items Purchased in terms of Amount spent | Others,%,5.999110540216351
2018,GREATER CHINA,Hong Kong SAR,Shopping Items Purchased in terms of Popularity | Fashion and Accessories,%,30.32411634323756
2018,GREATER CHINA,Hong Kong SAR,"Shopping Items Purchased in terms of Popularity | Cosmetics, Perfumes & Toiletries and Healthcare & Wellness Products",%,18.4619848803218
2018,GREATER CHINA,Hong Kong SAR,Shopping Items Purchased in terms of Popularity | Confectionery and Food Items,%,67.24195932018849
2018,GREATER CHINA,Hong Kong SAR,Shopping Items Purchased in terms of Popularity | Souvenirs and Gifts,%,27.97840127225679
2018,GREATER CHINA,Hong Kong SAR,Shopping Items Purchased in terms of Popularity | Genuine Jewellery,%,0.6089304159617553
2018,GREATER CHINA,Hong Kong SAR,Shopping Items Purchased in terms of Popularity | Consumer Tech,%,1.946197978236729
2018,GREATER CHINA,Hong Kong SAR,Shopping Items Purchased in terms of Popularity | Watches and Clocks,%,0.5870260850995802
2018,GREATER CHINA,Hong Kong SAR,Shopping Items Purchased in terms of Popularity | Others,%,5.987139557510825
2018,GREATER CHINA,Hong Kong SAR,Shopping Items Purchased in terms of Amount spent | Fashion and Accessories,%,30.16926432614784
2018,GREATER CHINA,Hong Kong SAR,"Shopping Items Purchased in terms of Amount spent | Cosmetics, Perfumes & Toiletries and Healthcare & Wellness Products",%,18.70902356583214
2018,GREATER CHINA,Hong Kong SAR,Shopping Items Purchased in terms of Amount spent | Confectionery and Food Items,%,25.94719875200377
2018,GREATER CHINA,Hong Kong SAR,Shopping Items Purchased in terms of Amount spent | Souvenirs and Gifts,%,10.14647551351217
2018,GREATER CHINA,Hong Kong SAR,Shopping Items Purchased in terms of Amount spent | Genuine Jewellery,%,0.5121434404599791
2018,GREATER CHINA,Hong Kong SAR,Shopping Items Purchased in terms of Amount spent | Consumer Tech,%,3.524324585884623
2018,GREATER CHINA,Hong Kong SAR,Shopping Items Purchased in terms of Amount spent | Watches and Clocks,%,7.802363979622985
2018,GREATER CHINA,Hong Kong SAR,Shopping Items Purchased in terms of Amount spent | Others,%,3.189205836632801
2018,GREATER CHINA,Taiwan,Shopping Items Purchased in terms of Popularity | Fashion and Accessories,%,41.64111451461386
2018,GREATER CHINA,Taiwan,"Shopping Items Purchased in terms of Popularity | Cosmetics, Perfumes & Toiletries and Healthcare & Wellness Products",%,22.37813686924011
2018,GREATER CHINA,Taiwan,Shopping Items Purchased in terms of Popularity | Confectionery and Food Items,%,61.08247972906884
2018,GREATER CHINA,Taiwan,Shopping Items Purchased in terms of Popularity | Souvenirs and Gifts,%,30.04967553130339
2018,GREATER CHINA,Taiwan,Shopping Items Purchased in terms of Popularity | Consumer Tech,%,0.7334114190523977
2018,GREATER CHINA,Taiwan,Shopping Items Purchased in terms of Popularity | Watches and Clocks,%,0.5423402827471787
2018,GREATER CHINA,Taiwan,Shopping Items Purchased in terms of Popularity | Others,%,6.769517992637079
2018,GREATER CHINA,Taiwan,Shopping Items Purchased in terms of Amount spent | Fashion and Accessories,%,37.79207890560536
2018,GREATER CHINA,Taiwan,"Shopping Items Purchased in terms of Amount spent | Cosmetics, Perfumes & Toiletries and Healthcare & Wellness Products",%,18.72982929131739
2018,GREATER CHINA,Taiwan,Shopping Items Purchased in terms of Amount spent | Confectionery and Food Items,%,25.27259351519756
2018,GREATER CHINA,Taiwan,Shopping Items Purchased in terms of Amount spent | Souvenirs and Gifts,%,10.08059773293299
2018,GREATER CHINA,Taiwan,Shopping Items Purchased in terms of Amount spent | Genuine Jewellery,%,0.1283634777308416
2018,GREATER CHINA,Taiwan,Shopping Items Purchased in terms of Amount spent | Consumer Tech,%,1.472135875257613
2018,GREATER CHINA,Taiwan,Shopping Items Purchased in terms of Amount spent | Watches and Clocks,%,0.2722312216171264
2018,GREATER CHINA,Taiwan,Shopping Items Purchased in terms of Amount spent | Others,%,6.252169980307881
2018,NORTH ASIA,Japan,Shopping Items Purchased in terms of Popularity | Fashion and Accessories,%,43.22295041173175
2018,NORTH ASIA,Japan,"Shopping Items Purchased in terms of Popularity | Cosmetics, Perfumes & Toiletries and Healthcare & Wellness Products",%,18.47025496766546
2018,NORTH ASIA,Japan,Shopping Items Purchased in terms of Popularity | Confectionery and Food Items,%,45.70103170406497
2018,NORTH ASIA,Japan,Shopping Items Purchased in terms of Popularity | Souvenirs and Gifts,%,44.32992819135534
2018,NORTH ASIA,Japan,Shopping Items Purchased in terms of Popularity | Genuine Jewellery,%,1.51542623257099
2018,NORTH ASIA,Japan,Shopping Items Purchased in terms of Popularity | Consumer Tech,%,1.408514874919842
2018,NORTH ASIA,Japan,Shopping Items Purchased in terms of Popularity | Watches and Clocks,%,1.490567141526091
2018,NORTH ASIA,Japan,Shopping Items Purchased in terms of Popularity | Others,%,6.277168730234191
2018,NORTH ASIA,Japan,Shopping Items Purchased in terms of Amount spent | Fashion and Accessories,%,38.54720568241631
2018,NORTH ASIA,Japan,"Shopping Items Purchased in terms of Amount spent | Cosmetics, Perfumes & Toiletries and Healthcare & Wellness Products",%,11.27945831283433
2018,NORTH ASIA,Japan,Shopping Items Purchased in terms of Amount spent | Confectionery and Food Items,%,16.83852935230756
2018,NORTH ASIA,Japan,Shopping Items Purchased in terms of Amount spent | Souvenirs and Gifts,%,22.3653453777077
2018,NORTH ASIA,Japan,Shopping Items Purchased in terms of Amount spent | Genuine Jewellery,%,4.558535439891738
2018,NORTH ASIA,Japan,Shopping Items Purchased in terms of Amount spent | Consumer Tech,%,1.448119300916024
2018,NORTH ASIA,Japan,Shopping Items Purchased in terms of Amount spent | Watches and Clocks,%,1.465735284079225
2018,NORTH ASIA,Japan,Shopping Items Purchased in terms of Amount spent | Others,%,3.497071249419412
2018,NORTH ASIA,South Korea,Shopping Items Purchased in terms of Popularity | Fashion and Accessories,%,59.52379641846536
2018,NORTH ASIA,South Korea,"Shopping Items Purchased in terms of Popularity | Cosmetics, Perfumes & Toiletries and Healthcare & Wellness Products",%,18.77664564859038
2018,NORTH ASIA,South Korea,Shopping Items Purchased in terms of Popularity | Confectionery and Food Items,%,43.83758392660744
2018,NORTH ASIA,South Korea,Shopping Items Purchased in terms of Popularity | Souvenirs and Gifts,%,39.16120174131628
2018,NORTH ASIA,South Korea,Shopping Items Purchased in terms of Popularity | Consumer Tech,%,3.059293103650452
2018,NORTH ASIA,South Korea,Shopping Items Purchased in terms of Popularity | Watches and Clocks,%,1.70142511681146
2018,NORTH ASIA,South Korea,Shopping Items Purchased in terms of Popularity | Others,%,7.523998326802954
2018,NORTH ASIA,South Korea,Shopping Items Purchased in terms of Amount spent | Fashion and Accessories,%,50.7501423657658
2018,NORTH ASIA,South Korea,"Shopping Items Purchased in terms of Amount spent | Cosmetics, Perfumes & Toiletries and Healthcare & Wellness Products",%,12.50966658404954
2018,NORTH ASIA,South Korea,Shopping Items Purchased in terms of Amount spent | Confectionery and Food Items,%,13.78512710164452
2018,NORTH ASIA,South Korea,Shopping Items Purchased in terms of Amount spent | Souvenirs and Gifts,%,12.43657762336241
2018,NORTH ASIA,South Korea,Shopping Items Purchased in terms of Amount spent | Genuine Jewellery,%,0.3068097954338533
2018,NORTH ASIA,South Korea,Shopping Items Purchased in terms of Amount spent | Consumer Tech,%,4.046448842897519
2018,NORTH ASIA,South Korea,Shopping Items Purchased in terms of Amount spent | Watches and Clocks,%,0.4798402096062953
2018,NORTH ASIA,South Korea,Shopping Items Purchased in terms of Amount spent | Others,%,5.68538747781631
2018,SOUTH ASIA,India,Shopping Items Purchased in terms of Popularity | Fashion and Accessories,%,42.6150997298601
2018,SOUTH ASIA,India,"Shopping Items Purchased in terms of Popularity | Cosmetics, Perfumes & Toiletries and Healthcare & Wellness Products",%,18.65415068158337
2018,SOUTH ASIA,India,Shopping Items Purchased in terms of Popularity | Confectionery and Food Items,%,45.61737368724374
2018,SOUTH ASIA,India,Shopping Items Purchased in terms of Popularity | Souvenirs and Gifts,%,35.29002851169187
2018,SOUTH ASIA,India,Shopping Items Purchased in terms of Popularity | Genuine Jewellery,%,5.248003771547278
2018,SOUTH ASIA,India,Shopping Items Purchased in terms of Popularity | Consumer Tech,%,7.32888162314752
2018,SOUTH ASIA,India,Shopping Items Purchased in terms of Popularity | Watches and Clocks,%,4.673673387605835
2018,SOUTH ASIA,India,Shopping Items Purchased in terms of Popularity | Others,%,16.85842864437258
2018,SOUTH ASIA,India,Shopping Items Purchased in terms of Amount spent | Fashion and Accessories,%,29.86853400347186
2018,SOUTH ASIA,India,"Shopping Items Purchased in terms of Amount spent | Cosmetics, Perfumes & Toiletries and Healthcare & Wellness Products",%,9.396653886362872
2018,SOUTH ASIA,India,Shopping Items Purchased in terms of Amount spent | Confectionery and Food Items,%,12.44603726148562
2018,SOUTH ASIA,India,Shopping Items Purchased in terms of Amount spent | Souvenirs and Gifts,%,9.646857045258155
2018,SOUTH ASIA,India,Shopping Items Purchased in terms of Amount spent | Genuine Jewellery,%,16.02389516220875
2018,SOUTH ASIA,India,Shopping Items Purchased in terms of Amount spent | Consumer Tech,%,11.96251530578348
2018,SOUTH ASIA,India,Shopping Items Purchased in terms of Amount spent | Watches and Clocks,%,2.029328929059082
2018,SOUTH ASIA,India,Shopping Items Purchased in terms of Amount spent | Others,%,8.626178406584756
2018,EUROPE,France,Shopping Items Purchased in terms of Popularity | Fashion and Accessories,%,51.24264672351531
2018,EUROPE,France,"Shopping Items Purchased in terms of Popularity | Cosmetics, Perfumes & Toiletries and Healthcare & Wellness Products",%,15.87760653398077
2018,EUROPE,France,Shopping Items Purchased in terms of Popularity | Confectionery and Food Items,%,22.01183425234649
2018,EUROPE,France,Shopping Items Purchased in terms of Popularity | Souvenirs and Gifts,%,51.71850935695778
2018,EUROPE,France,Shopping Items Purchased in terms of Popularity | Consumer Tech,%,5.922915009081827
2018,EUROPE,France,Shopping Items Purchased in terms of Popularity | Watches and Clocks,%,3.415050196860927
2018,EUROPE,France,Shopping Items Purchased in terms of Popularity | Others,%,13.66083327663293
2018,EUROPE,France,Shopping Items Purchased in terms of Amount spent | Fashion and Accessories,%,62.36241488959871
2018,EUROPE,France,"Shopping Items Purchased in terms of Amount spent | Cosmetics, Perfumes & Toiletries and Healthcare & Wellness Products",%,6.37207949696158
2018,EUROPE,France,Shopping Items Purchased in terms of Amount spent | Confectionery and Food Items,%,3.12185645409857
2018,EUROPE,France,Shopping Items Purchased in terms of Amount spent | Souvenirs and Gifts,%,18.34452349486465
2018,EUROPE,France,Shopping Items Purchased in terms of Amount spent | Consumer Tech,%,3.917066594120511
2018,EUROPE,France,Shopping Items Purchased in terms of Amount spent | Watches and Clocks,%,1.396005015205536
2018,EUROPE,France,Shopping Items Purchased in terms of Amount spent | Others,%,4.486054055323831
2018,EUROPE,Germany,Shopping Items Purchased in terms of Popularity | Fashion and Accessories,%,54.25154665940079
2018,EUROPE,Germany,"Shopping Items Purchased in terms of Popularity | Cosmetics, Perfumes & Toiletries and Healthcare & Wellness Products",%,12.42645828809817
2018,EUROPE,Germany,Shopping Items Purchased in terms of Popularity | Confectionery and Food Items,%,24.09423900597368
2018,EUROPE,Germany,Shopping Items Purchased in terms of Popularity | Souvenirs and Gifts,%,49.24240788988752
2018,EUROPE,Germany,Shopping Items Purchased in terms of Popularity | Genuine Jewellery,%,1.169767430867924
2018,EUROPE,Germany,Shopping Items Purchased in terms of Popularity | Consumer Tech,%,3.99187591542503
2018,EUROPE,Germany,Shopping Items Purchased in terms of Popularity | Watches and Clocks,%,1.185519088541134
2018,EUROPE,Germany,Shopping Items Purchased in terms of Popularity | Others,%,7.587107982957172
2018,EUROPE,Germany,Shopping Items Purchased in terms of Amount spent | Fashion and Accessories,%,50.50164052831083
2018,EUROPE,Germany,"Shopping Items Purchased in terms of Amount spent | Cosmetics, Perfumes & Toiletries and Healthcare & Wellness Products",%,7.13181751382437
2018,EUROPE,Germany,Shopping Items Purchased in terms of Amount spent | Confectionery and Food Items,%,6.453610044154721
2018,EUROPE,Germany,Shopping Items Purchased in terms of Amount spent | Souvenirs and Gifts,%,18.09292764163304
2018,EUROPE,Germany,Shopping Items Purchased in terms of Amount spent | Genuine Jewellery,%,9.312336947523434
2018,EUROPE,Germany,Shopping Items Purchased in terms of Amount spent | Consumer Tech,%,2.552420407486152
2018,EUROPE,Germany,Shopping Items Purchased in terms of Amount spent | Watches and Clocks,%,1.162579710473811
2018,EUROPE,Germany,Shopping Items Purchased in terms of Amount spent | Others,%,4.79266720672138
2018,EUROPE,Italy,Shopping Items Purchased in terms of Popularity | Fashion and Accessories,%,49.98208386797197
2018,EUROPE,Italy,"Shopping Items Purchased in terms of Popularity | Cosmetics, Perfumes & Toiletries and Healthcare & Wellness Products",%,6.646772028334985
2018,EUROPE,Italy,Shopping Items Purchased in terms of Popularity | Confectionery and Food Items,%,24.67806967656802
2018,EUROPE,Italy,Shopping Items Purchased in terms of Popularity | Souvenirs and Gifts,%,53.24054798312854
2018,EUROPE,Italy,Shopping Items Purchased in terms of Popularity | Genuine Jewellery,%,0.7693474857615744
2018,EUROPE,Italy,Shopping Items Purchased in terms of Popularity | Consumer Tech,%,1.5530306389597
2018,EUROPE,Italy,Shopping Items Purchased in terms of Popularity | Watches and Clocks,%,1.337398307934911
2018,EUROPE,Italy,Shopping Items Purchased in terms of Popularity | Others,%,1.904340950043367
2018,EUROPE,Italy,Shopping Items Purchased in terms of Amount spent | Fashion and Accessories,%,61.74036801481108
2018,EUROPE,Italy,"Shopping Items Purchased in terms of Amount spent | Cosmetics, Perfumes & Toiletries and Healthcare & Wellness Products",%,5.18975396538495
2018,EUROPE,Italy,Shopping Items Purchased in terms of Amount spent | Confectionery and Food Items,%,7.527767266539454
2018,EUROPE,Italy,Shopping Items Purchased in terms of Amount spent | Souvenirs and Gifts,%,18.19680127561861
2018,EUROPE,Italy,Shopping Items Purchased in terms of Amount spent | Genuine Jewellery,%,0.952091702107986
2018,EUROPE,Italy,Shopping Items Purchased in terms of Amount spent | Consumer Tech,%,0.6406414144618953
2018,EUROPE,Italy,Shopping Items Purchased in terms of Amount spent | Watches and Clocks,%,5.516908180693013
2018,EUROPE,Italy,Shopping Items Purchased in terms of Amount spent | Others,%,0.2356681798636073
2018,EUROPE,Netherlands,Shopping Items Purchased in terms of Popularity | Fashion and Accessories,%,63.25626133024499
2018,EUROPE,Netherlands,"Shopping Items Purchased in terms of Popularity | Cosmetics, Perfumes & Toiletries and Healthcare & Wellness Products",%,10.93012862117395
2018,EUROPE,Netherlands,Shopping Items Purchased in terms of Popularity | Confectionery and Food Items,%,28.57448797497466
2018,EUROPE,Netherlands,Shopping Items Purchased in terms of Popularity | Souvenirs and Gifts,%,47.82259791406889
2018,EUROPE,Netherlands,Shopping Items Purchased in terms of Popularity | Consumer Tech,%,3.357802568341813
2018,EUROPE,Netherlands,Shopping Items Purchased in terms of Popularity | Watches and Clocks,%,5.13191356747928
2018,EUROPE,Netherlands,Shopping Items Purchased in terms of Popularity | Others,%,7.720118324479345
2018,EUROPE,Netherlands,Shopping Items Purchased in terms of Amount spent | Fashion and Accessories,%,70.51063111217695
2018,EUROPE,Netherlands,"Shopping Items Purchased in terms of Amount spent | Cosmetics, Perfumes & Toiletries and Healthcare & Wellness Products",%,4.34524950300994
2018,EUROPE,Netherlands,Shopping Items Purchased in terms of Amount spent | Confectionery and Food Items,%,6.12533141598147
2018,EUROPE,Netherlands,Shopping Items Purchased in terms of Amount spent | Souvenirs and Gifts,%,10.1816539482779
2018,EUROPE,Netherlands,Shopping Items Purchased in terms of Amount spent | Consumer Tech,%,3.959454156058352
2018,EUROPE,Netherlands,Shopping Items Purchased in terms of Amount spent | Watches and Clocks,%,1.945118852355594
2018,EUROPE,Netherlands,Shopping Items Purchased in terms of Amount spent | Others,%,2.932561012139753
2018,EUROPE,Switzerland,Shopping Items Purchased in terms of Popularity | Fashion and Accessories,%,71.97763472459694
2018,EUROPE,Switzerland,"Shopping Items Purchased in terms of Popularity | Cosmetics, Perfumes & Toiletries and Healthcare & Wellness Products",%,10.43473466937337
2018,EUROPE,Switzerland,Shopping Items Purchased in terms of Popularity | Confectionery and Food Items,%,21.78271011942664
2018,EUROPE,Switzerland,Shopping Items Purchased in terms of Popularity | Souvenirs and Gifts,%,58.31385671520531
2018,EUROPE,Switzerland,Shopping Items Purchased in terms of Popularity | Consumer Tech,%,3.853282816983772
2018,EUROPE,Switzerland,Shopping Items Purchased in terms of Popularity | Watches and Clocks,%,2.688529626412909
2018,EUROPE,Switzerland,Shopping Items Purchased in terms of Popularity | Others,%,9.047099717158114
2018,EUROPE,Switzerland,Shopping Items Purchased in terms of Amount spent | Fashion and Accessories,%,62.81764113819363
2018,EUROPE,Switzerland,"Shopping Items Purchased in terms of Amount spent | Cosmetics, Perfumes & Toiletries and Healthcare & Wellness Products",%,3.51825387511091
2018,EUROPE,Switzerland,Shopping Items Purchased in terms of Amount spent | Confectionery and Food Items,%,4.669645761650925
2018,EUROPE,Switzerland,Shopping Items Purchased in terms of Amount spent | Souvenirs and Gifts,%,16.40786758612247
2018,EUROPE,Switzerland,Shopping Items Purchased in terms of Amount spent | Consumer Tech,%,3.416388272642797
2018,EUROPE,Switzerland,Shopping Items Purchased in terms of Amount spent | Watches and Clocks,%,0.5584628683476724
2018,EUROPE,Switzerland,Shopping Items Purchased in terms of Amount spent | Others,%,8.611740497931569
2018,EUROPE,UK,Shopping Items Purchased in terms of Popularity | Fashion and Accessories,%,51.58194798698306
2018,EUROPE,UK,"Shopping Items Purchased in terms of Popularity | Cosmetics, Perfumes & Toiletries and Healthcare & Wellness Products",%,17.62504884419636
2018,EUROPE,UK,Shopping Items Purchased in terms of Popularity | Confectionery and Food Items,%,25.43881931561319
2018,EUROPE,UK,Shopping Items Purchased in terms of Popularity | Souvenirs and Gifts,%,47.64585618114927
2018,EUROPE,UK,Shopping Items Purchased in terms of Popularity | Genuine Jewellery,%,2.216184400865311
2018,EUROPE,UK,Shopping Items Purchased in terms of Popularity | Consumer Tech,%,3.789228320183594
2018,EUROPE,UK,Shopping Items Purchased in terms of Popularity | Watches and Clocks,%,4.403866071058538
2018,EUROPE,UK,Shopping Items Purchased in terms of Popularity | Others,%,9.92912589847348
2018,EUROPE,UK,Shopping Items Purchased in terms of Amount spent | Fashion and Accessories,%,46.43642555254954
2018,EUROPE,UK,"Shopping Items Purchased in terms of Amount spent | Cosmetics, Perfumes & Toiletries and Healthcare & Wellness Products",%,9.604354746644622
2018,EUROPE,UK,Shopping Items Purchased in terms of Amount spent | Confectionery and Food Items,%,7.086098701651776
2018,EUROPE,UK,Shopping Items Purchased in terms of Amount spent | Souvenirs and Gifts,%,15.38487330530851
2018,EUROPE,UK,Shopping Items Purchased in terms of Amount spent | Genuine Jewellery,%,3.600422712597964
2018,EUROPE,UK,Shopping Items Purchased in terms of Amount spent | Consumer Tech,%,4.537741023371152
2018,EUROPE,UK,Shopping Items Purchased in terms of Amount spent | Watches and Clocks,%,8.353381141031797
2018,EUROPE,UK,Shopping Items Purchased in terms of Amount spent | Others,%,4.996702817081184
2018,AMERICAS,Canada,Shopping Items Purchased in terms of Popularity | Fashion and Accessories,%,48.10654019339437
2018,AMERICAS,Canada,"Shopping Items Purchased in terms of Popularity | Cosmetics, Perfumes & Toiletries and Healthcare & Wellness Products",%,8.267030349854481
2018,AMERICAS,Canada,Shopping Items Purchased in terms of Popularity | Confectionery and Food Items,%,20.53981140337894
2018,AMERICAS,Canada,Shopping Items Purchased in terms of Popularity | Souvenirs and Gifts,%,44.48213694017371
2018,AMERICAS,Canada,Shopping Items Purchased in terms of Popularity | Genuine Jewellery,%,6.401078936717166
2018,AMERICAS,Canada,Shopping Items Purchased in terms of Popularity | Consumer Tech,%,1.076924081798238
2018,AMERICAS,Canada,Shopping Items Purchased in terms of Popularity | Watches and Clocks,%,1.144890818909365
2018,AMERICAS,Canada,Shopping Items Purchased in terms of Popularity | Others,%,8.298920652774916
2018,AMERICAS,Canada,Shopping Items Purchased in terms of Amount spent | Fashion and Accessories,%,60.77401525840851
2018,AMERICAS,Canada,"Shopping Items Purchased in terms of Amount spent | Cosmetics, Perfumes & Toiletries and Healthcare & Wellness Products",%,1.72364705726947
2018,AMERICAS,Canada,Shopping Items Purchased in terms of Amount spent | Confectionery and Food Items,%,4.691747317718826
2018,AMERICAS,Canada,Shopping Items Purchased in terms of Amount spent | Souvenirs and Gifts,%,14.65095681775821
2018,AMERICAS,Canada,Shopping Items Purchased in terms of Amount spent | Genuine Jewellery,%,14.17409507684587
2018,AMERICAS,Canada,Shopping Items Purchased in terms of Amount spent | Consumer Tech,%,1.256202673165667
2018,AMERICAS,Canada,Shopping Items Purchased in terms of Amount spent | Watches and Clocks,%,0.2377038914399649
2018,AMERICAS,Canada,Shopping Items Purchased in terms of Amount spent | Others,%,2.491631907563263
2018,AMERICAS,USA,Shopping Items Purchased in terms of Popularity | Fashion and Accessories,%,43.34513908238904
2018,AMERICAS,USA,"Shopping Items Purchased in terms of Popularity | Cosmetics, Perfumes & Toiletries and Healthcare & Wellness Products",%,10.59050886779518
2018,AMERICAS,USA,Shopping Items Purchased in terms of Popularity | Confectionery and Food Items,%,28.92822741866229
2018,AMERICAS,USA,Shopping Items Purchased in terms of Popularity | Souvenirs and Gifts,%,47.11142289584654
2018,AMERICAS,USA,Shopping Items Purchased in terms of Popularity | Genuine Jewellery,%,2.595551832127974
2018,AMERICAS,USA,Shopping Items Purchased in terms of Popularity | Consumer Tech,%,2.062673143046807
2018,AMERICAS,USA,Shopping Items Purchased in terms of Popularity | Watches and Clocks,%,1.005237641734929
2018,AMERICAS,USA,Shopping Items Purchased in terms of Popularity | Others,%,6.568438627509509
2018,AMERICAS,USA,Shopping Items Purchased in terms of Amount spent | Fashion and Accessories,%,45.79299296205718
2018,AMERICAS,USA,"Shopping Items Purchased in terms of Amount spent | Cosmetics, Perfumes & Toiletries and Healthcare & Wellness Products",%,8.444070408550067
2018,AMERICAS,USA,Shopping Items Purchased in terms of Amount spent | Confectionery and Food Items,%,10.79273381926717
2018,AMERICAS,USA,Shopping Items Purchased in terms of Amount spent | Souvenirs and Gifts,%,21.68991783021338
2018,AMERICAS,USA,Shopping Items Purchased in terms of Amount spent | Genuine Jewellery,%,5.798577223889816
2018,AMERICAS,USA,Shopping Items Purchased in terms of Amount spent | Consumer Tech,%,2.131641308472609
2018,AMERICAS,USA,Shopping Items Purchased in terms of Amount spent | Watches and Clocks,%,1.90734675787968
2018,AMERICAS,USA,Shopping Items Purchased in terms of Amount spent | Others,%,3.442719689779142
2018,OCEANIA,Australia,Shopping Items Purchased in terms of Popularity | Fashion and Accessories,%,57.37806951546277
2018,OCEANIA,Australia,"Shopping Items Purchased in terms of Popularity | Cosmetics, Perfumes & Toiletries and Healthcare & Wellness Products",%,19.5348744995052
2018,OCEANIA,Australia,Shopping Items Purchased in terms of Popularity | Confectionery and Food Items,%,28.30792787431615
2018,OCEANIA,Australia,Shopping Items Purchased in terms of Popularity | Souvenirs and Gifts,%,42.94999197394768
2018,OCEANIA,Australia,Shopping Items Purchased in terms of Popularity | Genuine Jewellery,%,4.142125643565251
2018,OCEANIA,Australia,Shopping Items Purchased in terms of Popularity | Consumer Tech,%,4.781271173366124
2018,OCEANIA,Australia,Shopping Items Purchased in terms of Popularity | Watches and Clocks,%,4.227636639557271
2018,OCEANIA,Australia,Shopping Items Purchased in terms of Popularity | Others,%,9.049499387854668
2018,OCEANIA,Australia,Shopping Items Purchased in terms of Amount spent | Fashion and Accessories,%,51.25214015986696
2018,OCEANIA,Australia,"Shopping Items Purchased in terms of Amount spent | Cosmetics, Perfumes & Toiletries and Healthcare & Wellness Products",%,8.039746623630432
2018,OCEANIA,Australia,Shopping Items Purchased in terms of Amount spent | Confectionery and Food Items,%,5.286750704489352
2018,OCEANIA,Australia,Shopping Items Purchased in terms of Amount spent | Souvenirs and Gifts,%,11.74209585940649
2018,OCEANIA,Australia,Shopping Items Purchased in terms of Amount spent | Genuine Jewellery,%,6.194087108531014
2018,OCEANIA,Australia,Shopping Items Purchased in terms of Amount spent | Consumer Tech,%,4.647196833843299
2018,OCEANIA,Australia,Shopping Items Purchased in terms of Amount spent | Watches and Clocks,%,8.361212215794273
2018,OCEANIA,Australia,Shopping Items Purchased in terms of Amount spent | Others,%,4.476770494550169
2018,OCEANIA,New Zealand,Shopping Items Purchased in terms of Popularity | Fashion and Accessories,%,53.04837377474554
2018,OCEANIA,New Zealand,"Shopping Items Purchased in terms of Popularity | Cosmetics, Perfumes & Toiletries and Healthcare & Wellness Products",%,26.95953692260548
2018,OCEANIA,New Zealand,Shopping Items Purchased in terms of Popularity | Confectionery and Food Items,%,26.60577567156494
2018,OCEANIA,New Zealand,Shopping Items Purchased in terms of Popularity | Souvenirs and Gifts,%,36.79707958208931
2018,OCEANIA,New Zealand,Shopping Items Purchased in terms of Popularity | Genuine Jewellery,%,0.6594701741382315
2018,OCEANIA,New Zealand,Shopping Items Purchased in terms of Popularity | Consumer Tech,%,3.835025919825358
2018,OCEANIA,New Zealand,Shopping Items Purchased in terms of Popularity | Watches and Clocks,%,1.186569084919364
2018,OCEANIA,New Zealand,Shopping Items Purchased in terms of Popularity | Others,%,5.543174230223403
2018,OCEANIA,New Zealand,Shopping Items Purchased in terms of Amount spent | Fashion and Accessories,%,52.44272125593751
2018,OCEANIA,New Zealand,"Shopping Items Purchased in terms of Amount spent | Cosmetics, Perfumes & Toiletries and Healthcare & Wellness Products",%,12.25869650745555
2018,OCEANIA,New Zealand,Shopping Items Purchased in terms of Amount spent | Confectionery and Food Items,%,6.946701383618008
2018,OCEANIA,New Zealand,Shopping Items Purchased in terms of Amount spent | Souvenirs and Gifts,%,10.02564831842715
2018,OCEANIA,New Zealand,Shopping Items Purchased in terms of Amount spent | Genuine Jewellery,%,0.7168254683330811
2018,OCEANIA,New Zealand,Shopping Items Purchased in terms of Amount spent | Consumer Tech,%,6.690314221478139
2018,OCEANIA,New Zealand,Shopping Items Purchased in terms of Amount spent | Watches and Clocks,%,7.124227139866482
2018,OCEANIA,New Zealand,Shopping Items Purchased in terms of Amount spent | Others,%,3.794865704715599
2018,AFRICA,South Africa (Rep of),Shopping Items Purchased in terms of Popularity | Fashion and Accessories,%,45.63583360299086
2018,AFRICA,South Africa (Rep of),"Shopping Items Purchased in terms of Popularity | Cosmetics, Perfumes & Toiletries and Healthcare & Wellness Products",%,20.83863622636701
2018,AFRICA,South Africa (Rep of),Shopping Items Purchased in terms of Popularity | Confectionery and Food Items,%,21.25856103629737
2018,AFRICA,South Africa (Rep of),Shopping Items Purchased in terms of Popularity | Souvenirs and Gifts,%,36.65373987870637
2018,AFRICA,South Africa (Rep of),Shopping Items Purchased in terms of Popularity | Genuine Jewellery,%,6.007108641222551
2018,AFRICA,South Africa (Rep of),Shopping Items Purchased in terms of Popularity | Consumer Tech,%,5.250307552564592
2018,AFRICA,South Africa (Rep of),Shopping Items Purchased in terms of Popularity | Others,%,4.627523323553563
2018,AFRICA,South Africa (Rep of),Shopping Items Purchased in terms of Amount spent | Fashion and Accessories,%,46.34190209307901
2018,AFRICA,South Africa (Rep of),"Shopping Items Purchased in terms of Amount spent | Cosmetics, Perfumes & Toiletries and Healthcare & Wellness Products",%,27.73361401898601
2018,AFRICA,South Africa (Rep of),Shopping Items Purchased in terms of Amount spent | Confectionery and Food Items,%,3.928840342026119
2018,AFRICA,South Africa (Rep of),Shopping Items Purchased in terms of Amount spent | Souvenirs and Gifts,%,10.58391960946606
2018,AFRICA,South Africa (Rep of),Shopping Items Purchased in terms of Amount spent | Genuine Jewellery,%,5.441835887085591
2018,AFRICA,South Africa (Rep of),Shopping Items Purchased in terms of Amount spent | Consumer Tech,%,4.196691408984488
2018,AFRICA,South Africa (Rep of),Shopping Items Purchased in terms of Amount spent | Others,%,1.773196640372725
2018,REMAINING,Others,Shopping Items Purchased in terms of Popularity | Fashion and Accessories,%,53.85869090882941
2018,REMAINING,Others,"Shopping Items Purchased in terms of Popularity | Cosmetics, Perfumes & Toiletries and Healthcare & Wellness Products",%,24.47959543733398
2018,REMAINING,Others,Shopping Items Purchased in terms of Popularity | Confectionery and Food Items,%,37.88068525133868
2018,REMAINING,Others,Shopping Items Purchased in terms of Popularity | Souvenirs and Gifts,%,38.39892819531211
2018,REMAINING,Others,Shopping Items Purchased in terms of Popularity | Genuine Jewellery,%,4.62552045349123
2018,REMAINING,Others,Shopping Items Purchased in terms of Popularity | Consumer Tech,%,7.873618438193562
2018,REMAINING,Others,Shopping Items Purchased in terms of Popularity | Watches and Clocks,%,4.26136884351989
2018,REMAINING,Others,Shopping Items Purchased in terms of Popularity | Others,%,8.888099608533476
2018,REMAINING,Others,Shopping Items Purchased in terms of Amount spent | Fashion and Accessories,%,46.06924497825855
2018,REMAINING,Others,"Shopping Items Purchased in terms of Amount spent | Cosmetics, Perfumes & Toiletries and Healthcare & Wellness Products",%,12.20580138688205
2018,REMAINING,Others,Shopping Items Purchased in terms of Amount spent | Confectionery and Food Items,%,8.019850246092084
2018,REMAINING,Others,Shopping Items Purchased in terms of Amount spent | Souvenirs and Gifts,%,7.637994800257288
2018,REMAINING,Others,Shopping Items Purchased in terms of Amount spent | Genuine Jewellery,%,9.106972525308398
2018,REMAINING,Others,Shopping Items Purchased in terms of Amount spent | Consumer Tech,%,9.25556753664127
2018,REMAINING,Others,Shopping Items Purchased in terms of Amount spent | Watches and Clocks,%,3.979578098827147
2018,REMAINING,Others,Shopping Items Purchased in terms of Amount spent | Others,%,3.724990427794706
2017,SOUTHEAST ASIA,Indonesia,Shopping Items Purchased in terms of Popularity | Fashion and Accessories,%,55.61512041015081
2017,SOUTHEAST ASIA,Indonesia,"Shopping Items Purchased in terms of Popularity | Cosmetics, Perfumes & Toiletries and Healthcare & Wellness Products",%,30.27500198617009
2017,SOUTHEAST ASIA,Indonesia,Shopping Items Purchased in terms of Popularity | Confectionery and Food Items,%,47.12025262313071
2017,SOUTHEAST ASIA,Indonesia,Shopping Items Purchased in terms of Popularity | Souvenirs and Gifts,%,32.41544083416012
2017,SOUTHEAST ASIA,Indonesia,Shopping Items Purchased in terms of Popularity | Genuine Jewellery,%,2.05602145738216
2017,SOUTHEAST ASIA,Indonesia,Shopping Items Purchased in terms of Popularity | Consumer Tech,%,5.65974671243926
2017,SOUTHEAST ASIA,Indonesia,Shopping Items Purchased in terms of Popularity | Watches and Clocks,%,4.473130940495999
2017,SOUTHEAST ASIA,Indonesia,Shopping Items Purchased in terms of Popularity | Others,%,9.718852911307527
2017,SOUTHEAST ASIA,Indonesia,Shopping Items Purchased in terms of Amount spent | Fashion and Accessories,%,45.10633340400185
2017,SOUTHEAST ASIA,Indonesia,"Shopping Items Purchased in terms of Amount spent | Cosmetics, Perfumes & Toiletries and Healthcare & Wellness Products",%,15.72522813940781
2017,SOUTHEAST ASIA,Indonesia,Shopping Items Purchased in terms of Amount spent | Confectionery and Food Items,%,10.39057078236977
2017,SOUTHEAST ASIA,Indonesia,Shopping Items Purchased in terms of Amount spent | Souvenirs and Gifts,%,7.974125938326925
2017,SOUTHEAST ASIA,Indonesia,Shopping Items Purchased in terms of Amount spent | Genuine Jewellery,%,3.811566748184233
2017,SOUTHEAST ASIA,Indonesia,Shopping Items Purchased in terms of Amount spent | Consumer Tech,%,7.935093051174197
2017,SOUTHEAST ASIA,Indonesia,Shopping Items Purchased in terms of Amount spent | Watches and Clocks,%,5.064995669250322
2017,SOUTHEAST ASIA,Indonesia,Shopping Items Purchased in terms of Amount spent | Others,%,3.992086267398195
2017,SOUTHEAST ASIA,Malaysia,Shopping Items Purchased in terms of Popularity | Fashion and Accessories,%,54.39186815081681
2017,SOUTHEAST ASIA,Malaysia,"Shopping Items Purchased in terms of Popularity | Cosmetics, Perfumes & Toiletries and Healthcare & Wellness Products",%,30.08122530457333
2017,SOUTHEAST ASIA,Malaysia,Shopping Items Purchased in terms of Popularity | Confectionery and Food Items,%,46.01417637681335
2017,SOUTHEAST ASIA,Malaysia,Shopping Items Purchased in terms of Popularity | Souvenirs and Gifts,%,23.22489211767115
2017,SOUTHEAST ASIA,Malaysia,Shopping Items Purchased in terms of Popularity | Genuine Jewellery,%,1.751532342446052
2017,SOUTHEAST ASIA,Malaysia,Shopping Items Purchased in terms of Popularity | Consumer Tech,%,4.817840308732236
2017,SOUTHEAST ASIA,Malaysia,Shopping Items Purchased in terms of Popularity | Watches and Clocks,%,5.041802616049078
2017,SOUTHEAST ASIA,Malaysia,Shopping Items Purchased in terms of Popularity | Others,%,12.1236182383661
2017,SOUTHEAST ASIA,Malaysia,Shopping Items Purchased in terms of Amount spent | Fashion and Accessories,%,44.54649710337659
2017,SOUTHEAST ASIA,Malaysia,"Shopping Items Purchased in terms of Amount spent | Cosmetics, Perfumes & Toiletries and Healthcare & Wellness Products",%,17.97046729408185
2017,SOUTHEAST ASIA,Malaysia,Shopping Items Purchased in terms of Amount spent | Confectionery and Food Items,%,14.26112278334898
2017,SOUTHEAST ASIA,Malaysia,Shopping Items Purchased in terms of Amount spent | Souvenirs and Gifts,%,7.751913633959007
2017,SOUTHEAST ASIA,Malaysia,Shopping Items Purchased in terms of Amount spent | Genuine Jewellery,%,2.572056685562255
2017,SOUTHEAST ASIA,Malaysia,Shopping Items Purchased in terms of Amount spent | Consumer Tech,%,3.131105246012177
2017,SOUTHEAST ASIA,Malaysia,Shopping Items Purchased in terms of Amount spent | Watches and Clocks,%,3.423713578594689
2017,SOUTHEAST ASIA,Malaysia,Shopping Items Purchased in terms of Amount spent | Others,%,6.343123675130211
2017,SOUTHEAST ASIA,Philippines,Shopping Items Purchased in terms of Popularity | Fashion and Accessories,%,64.3289827448535
2017,SOUTHEAST ASIA,Philippines,"Shopping Items Purchased in terms of Popularity | Cosmetics, Perfumes & Toiletries and Healthcare & Wellness Products",%,32.48674827968578
2017,SOUTHEAST ASIA,Philippines,Shopping Items Purchased in terms of Popularity | Confectionery and Food Items,%,48.86930100846799
2017,SOUTHEAST ASIA,Philippines,Shopping Items Purchased in terms of Popularity | Souvenirs and Gifts,%,44.80848639059815
2017,SOUTHEAST ASIA,Philippines,Shopping Items Purchased in terms of Popularity | Genuine Jewellery,%,3.42827000888493
2017,SOUTHEAST ASIA,Philippines,Shopping Items Purchased in terms of Popularity | Consumer Tech,%,5.794075757364126
2017,SOUTHEAST ASIA,Philippines,Shopping Items Purchased in terms of Popularity | Watches and Clocks,%,6.903240683883165
2017,SOUTHEAST ASIA,Philippines,Shopping Items Purchased in terms of Popularity | Others,%,12.2727531264297
2017,SOUTHEAST ASIA,Philippines,Shopping Items Purchased in terms of Amount spent | Fashion and Accessories,%,43.5809414223673
2017,SOUTHEAST ASIA,Philippines,"Shopping Items Purchased in terms of Amount spent | Cosmetics, Perfumes & Toiletries and Healthcare & Wellness Products",%,15.07708799117542
2017,SOUTHEAST ASIA,Philippines,Shopping Items Purchased in terms of Amount spent | Confectionery and Food Items,%,13.46383081003943
2017,SOUTHEAST ASIA,Philippines,Shopping Items Purchased in terms of Amount spent | Souvenirs and Gifts,%,12.22097899813116
2017,SOUTHEAST ASIA,Philippines,Shopping Items Purchased in terms of Amount spent | Genuine Jewellery,%,1.967848664705215
2017,SOUTHEAST ASIA,Philippines,Shopping Items Purchased in terms of Amount spent | Consumer Tech,%,6.629610448941024
2017,SOUTHEAST ASIA,Philippines,Shopping Items Purchased in terms of Amount spent | Watches and Clocks,%,2.802076897207794
2017,SOUTHEAST ASIA,Philippines,Shopping Items Purchased in terms of Amount spent | Others,%,4.257624767496745
2017,SOUTHEAST ASIA,Thailand,Shopping Items Purchased in terms of Popularity | Fashion and Accessories,%,53.24819477387597
2017,SOUTHEAST ASIA,Thailand,"Shopping Items Purchased in terms of Popularity | Cosmetics, Perfumes & Toiletries and Healthcare & Wellness Products",%,37.94712035739384
2017,SOUTHEAST ASIA,Thailand,Shopping Items Purchased in terms of Popularity | Confectionery and Food Items,%,46.48563890780865
2017,SOUTHEAST ASIA,Thailand,Shopping Items Purchased in terms of Popularity | Souvenirs and Gifts,%,39.7371690509443
2017,SOUTHEAST ASIA,Thailand,Shopping Items Purchased in terms of Popularity | Genuine Jewellery,%,1.783225787340586
2017,SOUTHEAST ASIA,Thailand,Shopping Items Purchased in terms of Popularity | Consumer Tech,%,6.873180471291692
2017,SOUTHEAST ASIA,Thailand,Shopping Items Purchased in terms of Popularity | Watches and Clocks,%,6.284381247338048
2017,SOUTHEAST ASIA,Thailand,Shopping Items Purchased in terms of Popularity | Others,%,12.56249800781147
2017,SOUTHEAST ASIA,Thailand,Shopping Items Purchased in terms of Amount spent | Fashion and Accessories,%,44.91568511635782
2017,SOUTHEAST ASIA,Thailand,"Shopping Items Purchased in terms of Amount spent | Cosmetics, Perfumes & Toiletries and Healthcare & Wellness Products",%,18.54400501502113
2017,SOUTHEAST ASIA,Thailand,Shopping Items Purchased in terms of Amount spent | Confectionery and Food Items,%,12.28291674595851
2017,SOUTHEAST ASIA,Thailand,Shopping Items Purchased in terms of Amount spent | Souvenirs and Gifts,%,11.7714120512904
2017,SOUTHEAST ASIA,Thailand,Shopping Items Purchased in terms of Amount spent | Genuine Jewellery,%,0.8586480305104931
2017,SOUTHEAST ASIA,Thailand,Shopping Items Purchased in terms of Amount spent | Consumer Tech,%,3.932835681983097
2017,SOUTHEAST ASIA,Thailand,Shopping Items Purchased in terms of Amount spent | Watches and Clocks,%,3.171151199612155
2017,SOUTHEAST ASIA,Thailand,Shopping Items Purchased in terms of Amount spent | Others,%,4.523346159392787
2017,SOUTHEAST ASIA,Vietnam,Shopping Items Purchased in terms of Popularity | Fashion and Accessories,%,62.83918569593933
2017,SOUTHEAST ASIA,Vietnam,"Shopping Items Purchased in terms of Popularity | Cosmetics, Perfumes & Toiletries and Healthcare & Wellness Products",%,37.46369373737467
2017,SOUTHEAST ASIA,Vietnam,Shopping Items Purchased in terms of Popularity | Confectionery and Food Items,%,43.49171672552331
2017,SOUTHEAST ASIA,Vietnam,Shopping Items Purchased in terms of Popularity | Souvenirs and Gifts,%,39.4158480846983
2017,SOUTHEAST ASIA,Vietnam,Shopping Items Purchased in terms of Popularity | Genuine Jewellery,%,2.767880086955396
2017,SOUTHEAST ASIA,Vietnam,Shopping Items Purchased in terms of Popularity | Consumer Tech,%,4.819477791913968
2017,SOUTHEAST ASIA,Vietnam,Shopping Items Purchased in terms of Popularity | Watches and Clocks,%,6.363705986099159
2017,SOUTHEAST ASIA,Vietnam,Shopping Items Purchased in terms of Popularity | Others,%,14.22599332767327
2017,SOUTHEAST ASIA,Vietnam,Shopping Items Purchased in terms of Amount spent | Fashion and Accessories,%,50.26417045512162
2017,SOUTHEAST ASIA,Vietnam,"Shopping Items Purchased in terms of Amount spent | Cosmetics, Perfumes & Toiletries and Healthcare & Wellness Products",%,17.14864945052227
2017,SOUTHEAST ASIA,Vietnam,Shopping Items Purchased in terms of Amount spent | Confectionery and Food Items,%,8.256375950936187
2017,SOUTHEAST ASIA,Vietnam,Shopping Items Purchased in terms of Amount spent | Souvenirs and Gifts,%,7.909247943211685
2017,SOUTHEAST ASIA,Vietnam,Shopping Items Purchased in terms of Amount spent | Genuine Jewellery,%,1.639435872555116
2017,SOUTHEAST ASIA,Vietnam,Shopping Items Purchased in terms of Amount spent | Consumer Tech,%,4.747925591546762
2017,SOUTHEAST ASIA,Vietnam,Shopping Items Purchased in terms of Amount spent | Watches and Clocks,%,3.711607710077911
2017,SOUTHEAST ASIA,Vietnam,Shopping Items Purchased in terms of Amount spent | Others,%,6.322587025900226
2017,GREATER CHINA,China,Shopping Items Purchased in terms of Popularity | Fashion and Accessories,%,48.05813622747281
2017,GREATER CHINA,China,"Shopping Items Purchased in terms of Popularity | Cosmetics, Perfumes & Toiletries and Healthcare & Wellness Products",%,52.02091972107102
2017,GREATER CHINA,China,Shopping Items Purchased in terms of Popularity | Confectionery and Food Items,%,49.83695237724179
2017,GREATER CHINA,China,Shopping Items Purchased in terms of Popularity | Souvenirs and Gifts,%,35.66403474076744
2017,GREATER CHINA,China,Shopping Items Purchased in terms of Popularity | Genuine Jewellery,%,6.900519260268453
2017,GREATER CHINA,China,Shopping Items Purchased in terms of Popularity | Consumer Tech,%,4.041201457981573
2017,GREATER CHINA,China,Shopping Items Purchased in terms of Popularity | Watches and Clocks,%,5.33891624034645
2017,GREATER CHINA,China,Shopping Items Purchased in terms of Popularity | Others,%,20.66858209336131
2017,GREATER CHINA,China,Shopping Items Purchased in terms of Amount spent | Fashion and Accessories,%,37.9913143458984
2017,GREATER CHINA,China,"Shopping Items Purchased in terms of Amount spent | Cosmetics, Perfumes & Toiletries and Healthcare & Wellness Products",%,25.59460840842591
2017,GREATER CHINA,China,Shopping Items Purchased in terms of Amount spent | Confectionery and Food Items,%,9.77112698361635
2017,GREATER CHINA,China,Shopping Items Purchased in terms of Amount spent | Souvenirs and Gifts,%,6.889072036442262
2017,GREATER CHINA,China,Shopping Items Purchased in terms of Amount spent | Genuine Jewellery,%,7.447675612402911
2017,GREATER CHINA,China,Shopping Items Purchased in terms of Amount spent | Consumer Tech,%,2.147245040892803
2017,GREATER CHINA,China,Shopping Items Purchased in terms of Amount spent | Watches and Clocks,%,3.575426577418502
2017,GREATER CHINA,China,Shopping Items Purchased in terms of Amount spent | Others,%,6.583530995051593
2017,GREATER CHINA,Hong Kong SAR,Shopping Items Purchased in terms of Popularity | Fashion and Accessories,%,49.18735921202277
2017,GREATER CHINA,Hong Kong SAR,"Shopping Items Purchased in terms of Popularity | Cosmetics, Perfumes & Toiletries and Healthcare & Wellness Products",%,34.28578917025521
2017,GREATER CHINA,Hong Kong SAR,Shopping Items Purchased in terms of Popularity | Confectionery and Food Items,%,61.36842157085913
2017,GREATER CHINA,Hong Kong SAR,Shopping Items Purchased in terms of Popularity | Souvenirs and Gifts,%,38.99020477105519
2017,GREATER CHINA,Hong Kong SAR,Shopping Items Purchased in terms of Popularity | Genuine Jewellery,%,3.153737607706027
2017,GREATER CHINA,Hong Kong SAR,Shopping Items Purchased in terms of Popularity | Consumer Tech,%,4.478511374603505
2017,GREATER CHINA,Hong Kong SAR,Shopping Items Purchased in terms of Popularity | Watches and Clocks,%,3.983613165488298
2017,GREATER CHINA,Hong Kong SAR,Shopping Items Purchased in terms of Popularity | Others,%,10.63654478625278
2017,GREATER CHINA,Hong Kong SAR,Shopping Items Purchased in terms of Amount spent | Fashion and Accessories,%,33.43934068866776
2017,GREATER CHINA,Hong Kong SAR,"Shopping Items Purchased in terms of Amount spent | Cosmetics, Perfumes & Toiletries and Healthcare & Wellness Products",%,16.92707651604587
2017,GREATER CHINA,Hong Kong SAR,Shopping Items Purchased in terms of Amount spent | Confectionery and Food Items,%,21.46080435141616
2017,GREATER CHINA,Hong Kong SAR,Shopping Items Purchased in terms of Amount spent | Souvenirs and Gifts,%,12.1305961158399
2017,GREATER CHINA,Hong Kong SAR,Shopping Items Purchased in terms of Amount spent | Genuine Jewellery,%,2.313389648733069
2017,GREATER CHINA,Hong Kong SAR,Shopping Items Purchased in terms of Amount spent | Consumer Tech,%,3.448748275174618
2017,GREATER CHINA,Hong Kong SAR,Shopping Items Purchased in terms of Amount spent | Watches and Clocks,%,5.619260296927332
2017,GREATER CHINA,Hong Kong SAR,Shopping Items Purchased in terms of Amount spent | Others,%,4.66078410742502
2017,GREATER CHINA,Taiwan,Shopping Items Purchased in terms of Popularity | Fashion and Accessories,%,54.48298674545651
2017,GREATER CHINA,Taiwan,"Shopping Items Purchased in terms of Popularity | Cosmetics, Perfumes & Toiletries and Healthcare & Wellness Products",%,28.46952691279241
2017,GREATER CHINA,Taiwan,Shopping Items Purchased in terms of Popularity | Confectionery and Food Items,%,63.54462115792772
2017,GREATER CHINA,Taiwan,Shopping Items Purchased in terms of Popularity | Souvenirs and Gifts,%,47.59750269602945
2017,GREATER CHINA,Taiwan,Shopping Items Purchased in terms of Popularity | Genuine Jewellery,%,1.790872217535465
2017,GREATER CHINA,Taiwan,Shopping Items Purchased in terms of Popularity | Consumer Tech,%,4.339590437243181
2017,GREATER CHINA,Taiwan,Shopping Items Purchased in terms of Popularity | Watches and Clocks,%,2.609116785850145
2017,GREATER CHINA,Taiwan,Shopping Items Purchased in terms of Popularity | Others,%,12.15051560763127
2017,GREATER CHINA,Taiwan,Shopping Items Purchased in terms of Amount spent | Fashion and Accessories,%,51.84211704441707
2017,GREATER CHINA,Taiwan,"Shopping Items Purchased in terms of Amount spent | Cosmetics, Perfumes & Toiletries and Healthcare & Wellness Products",%,12.81868428808553
2017,GREATER CHINA,Taiwan,Shopping Items Purchased in terms of Amount spent | Confectionery and Food Items,%,17.30278222222223
2017,GREATER CHINA,Taiwan,Shopping Items Purchased in terms of Amount spent | Souvenirs and Gifts,%,11.18247469335783
2017,GREATER CHINA,Taiwan,Shopping Items Purchased in terms of Amount spent | Genuine Jewellery,%,0.8251423250251091
2017,GREATER CHINA,Taiwan,Shopping Items Purchased in terms of Amount spent | Consumer Tech,%,1.988206502125056
2017,GREATER CHINA,Taiwan,Shopping Items Purchased in terms of Amount spent | Watches and Clocks,%,1.540914737886784
2017,GREATER CHINA,Taiwan,Shopping Items Purchased in terms of Amount spent | Others,%,2.49967818721026
2017,NORTH ASIA,Japan,Shopping Items Purchased in terms of Popularity | Fashion and Accessories,%,49.98735747444078
2017,NORTH ASIA,Japan,"Shopping Items Purchased in terms of Popularity | Cosmetics, Perfumes & Toiletries and Healthcare & Wellness Products",%,32.44229731961098
2017,NORTH ASIA,Japan,Shopping Items Purchased in terms of Popularity | Confectionery and Food Items,%,49.35178787954938
2017,NORTH ASIA,Japan,Shopping Items Purchased in terms of Popularity | Souvenirs and Gifts,%,54.34591867348023
2017,NORTH ASIA,Japan,Shopping Items Purchased in terms of Popularity | Genuine Jewellery,%,2.288954495507747
2017,NORTH ASIA,Japan,Shopping Items Purchased in terms of Popularity | Consumer Tech,%,3.358098301012935
2017,NORTH ASIA,Japan,Shopping Items Purchased in terms of Popularity | Watches and Clocks,%,3.851357205460882
2017,NORTH ASIA,Japan,Shopping Items Purchased in terms of Popularity | Others,%,12.71275727742035
2017,NORTH ASIA,Japan,Shopping Items Purchased in terms of Amount spent | Fashion and Accessories,%,42.01243174891895
2017,NORTH ASIA,Japan,"Shopping Items Purchased in terms of Amount spent | Cosmetics, Perfumes & Toiletries and Healthcare & Wellness Products",%,14.61433229656763
2017,NORTH ASIA,Japan,Shopping Items Purchased in terms of Amount spent | Confectionery and Food Items,%,13.91673069488905
2017,NORTH ASIA,Japan,Shopping Items Purchased in terms of Amount spent | Souvenirs and Gifts,%,17.15485724525223
2017,NORTH ASIA,Japan,Shopping Items Purchased in terms of Amount spent | Genuine Jewellery,%,1.579379566277292
2017,NORTH ASIA,Japan,Shopping Items Purchased in terms of Amount spent | Consumer Tech,%,1.808867146602532
2017,NORTH ASIA,Japan,Shopping Items Purchased in terms of Amount spent | Watches and Clocks,%,4.046993381276567
2017,NORTH ASIA,Japan,Shopping Items Purchased in terms of Amount spent | Others,%,4.866407920207399
2017,NORTH ASIA,South Korea,Shopping Items Purchased in terms of Popularity | Fashion and Accessories,%,54.09552226459794
2017,NORTH ASIA,South Korea,"Shopping Items Purchased in terms of Popularity | Cosmetics, Perfumes & Toiletries and Healthcare & Wellness Products",%,30.90564916916058
2017,NORTH ASIA,South Korea,Shopping Items Purchased in terms of Popularity | Confectionery and Food Items,%,44.70133857190535
2017,NORTH ASIA,South Korea,Shopping Items Purchased in terms of Popularity | Souvenirs and Gifts,%,58.17653623298568
2017,NORTH ASIA,South Korea,Shopping Items Purchased in terms of Popularity | Genuine Jewellery,%,2.759173244302283
2017,NORTH ASIA,South Korea,Shopping Items Purchased in terms of Popularity | Consumer Tech,%,3.332813334538375
2017,NORTH ASIA,South Korea,Shopping Items Purchased in terms of Popularity | Watches and Clocks,%,3.888563419475859
2017,NORTH ASIA,South Korea,Shopping Items Purchased in terms of Popularity | Others,%,17.34452275436881
2017,NORTH ASIA,South Korea,Shopping Items Purchased in terms of Amount spent | Fashion and Accessories,%,40.03738825370549
2017,NORTH ASIA,South Korea,"Shopping Items Purchased in terms of Amount spent | Cosmetics, Perfumes & Toiletries and Healthcare & Wellness Products",%,17.28007361341226
2017,NORTH ASIA,South Korea,Shopping Items Purchased in terms of Amount spent | Confectionery and Food Items,%,13.43983044124417
2017,NORTH ASIA,South Korea,Shopping Items Purchased in terms of Amount spent | Souvenirs and Gifts,%,18.57767578598056
2017,NORTH ASIA,South Korea,Shopping Items Purchased in terms of Amount spent | Genuine Jewellery,%,2.119230764295574
2017,NORTH ASIA,South Korea,Shopping Items Purchased in terms of Amount spent | Consumer Tech,%,1.555997821727407
2017,NORTH ASIA,South Korea,Shopping Items Purchased in terms of Amount spent | Watches and Clocks,%,2.325600537255408
2017,NORTH ASIA,South Korea,Shopping Items Purchased in terms of Amount spent | Others,%,4.664202782414789
2017,SOUTH ASIA,India,Shopping Items Purchased in terms of Popularity | Fashion and Accessories,%,56.54569410636925
2017,SOUTH ASIA,India,"Shopping Items Purchased in terms of Popularity | Cosmetics, Perfumes & Toiletries and Healthcare & Wellness Products",%,30.98719808442879
2017,SOUTH ASIA,India,Shopping Items Purchased in terms of Popularity | Confectionery and Food Items,%,52.88238669912125
2017,SOUTH ASIA,India,Shopping Items Purchased in terms of Popularity | Souvenirs and Gifts,%,42.00035624894775
2017,SOUTH ASIA,India,Shopping Items Purchased in terms of Popularity | Genuine Jewellery,%,7.178760108357869
2017,SOUTH ASIA,India,Shopping Items Purchased in terms of Popularity | Consumer Tech,%,11.4437667629649
2017,SOUTH ASIA,India,Shopping Items Purchased in terms of Popularity | Watches and Clocks,%,7.457025471949215
2017,SOUTH ASIA,India,Shopping Items Purchased in terms of Popularity | Others,%,19.50481921968654
2017,SOUTH ASIA,India,Shopping Items Purchased in terms of Amount spent | Fashion and Accessories,%,29.8590884558135
2017,SOUTH ASIA,India,"Shopping Items Purchased in terms of Amount spent | Cosmetics, Perfumes & Toiletries and Healthcare & Wellness Products",%,10.64251729836993
2017,SOUTH ASIA,India,Shopping Items Purchased in terms of Amount spent | Confectionery and Food Items,%,12.02984560197289
2017,SOUTH ASIA,India,Shopping Items Purchased in terms of Amount spent | Souvenirs and Gifts,%,11.05758115425151
2017,SOUTH ASIA,India,Shopping Items Purchased in terms of Amount spent | Genuine Jewellery,%,15.78204193171689
2017,SOUTH ASIA,India,Shopping Items Purchased in terms of Amount spent | Consumer Tech,%,10.44952910655785
2017,SOUTH ASIA,India,Shopping Items Purchased in terms of Amount spent | Watches and Clocks,%,3.076928151884893
2017,SOUTH ASIA,India,Shopping Items Purchased in terms of Amount spent | Others,%,7.102468299524868
2017,EUROPE,France,Shopping Items Purchased in terms of Popularity | Fashion and Accessories,%,52.53976948447661
2017,EUROPE,France,"Shopping Items Purchased in terms of Popularity | Cosmetics, Perfumes & Toiletries and Healthcare & Wellness Products",%,28.54475223602849
2017,EUROPE,France,Shopping Items Purchased in terms of Popularity | Confectionery and Food Items,%,37.45194066676196
2017,EUROPE,France,Shopping Items Purchased in terms of Popularity | Souvenirs and Gifts,%,66.45976879500631
2017,EUROPE,France,Shopping Items Purchased in terms of Popularity | Genuine Jewellery,%,1.581487823038829
2017,EUROPE,France,Shopping Items Purchased in terms of Popularity | Consumer Tech,%,6.449891092279163
2017,EUROPE,France,Shopping Items Purchased in terms of Popularity | Watches and Clocks,%,6.524228494408622
2017,EUROPE,France,Shopping Items Purchased in terms of Popularity | Others,%,19.6539469425717
2017,EUROPE,France,Shopping Items Purchased in terms of Amount spent | Fashion and Accessories,%,39.37024744506733
2017,EUROPE,France,"Shopping Items Purchased in terms of Amount spent | Cosmetics, Perfumes & Toiletries and Healthcare & Wellness Products",%,10.13732300026898
2017,EUROPE,France,Shopping Items Purchased in terms of Amount spent | Confectionery and Food Items,%,8.264680381064885
2017,EUROPE,France,Shopping Items Purchased in terms of Amount spent | Souvenirs and Gifts,%,27.02170770510013
2017,EUROPE,France,Shopping Items Purchased in terms of Amount spent | Genuine Jewellery,%,1.897090488954946
2017,EUROPE,France,Shopping Items Purchased in terms of Amount spent | Consumer Tech,%,2.970802589025765
2017,EUROPE,France,Shopping Items Purchased in terms of Amount spent | Watches and Clocks,%,2.141811562438456
2017,EUROPE,France,Shopping Items Purchased in terms of Amount spent | Others,%,8.196336828282867
2017,EUROPE,Germany,Shopping Items Purchased in terms of Popularity | Fashion and Accessories,%,60.77658234120096
2017,EUROPE,Germany,"Shopping Items Purchased in terms of Popularity | Cosmetics, Perfumes & Toiletries and Healthcare & Wellness Products",%,31.57737703422444
2017,EUROPE,Germany,Shopping Items Purchased in terms of Popularity | Confectionery and Food Items,%,30.04277733547743
2017,EUROPE,Germany,Shopping Items Purchased in terms of Popularity | Souvenirs and Gifts,%,48.37708150081986
2017,EUROPE,Germany,Shopping Items Purchased in terms of Popularity | Genuine Jewellery,%,3.079782227178446
2017,EUROPE,Germany,Shopping Items Purchased in terms of Popularity | Consumer Tech,%,7.667570845743166
2017,EUROPE,Germany,Shopping Items Purchased in terms of Popularity | Watches and Clocks,%,4.240734675642935
2017,EUROPE,Germany,Shopping Items Purchased in terms of Popularity | Others,%,21.19214121710198
2017,EUROPE,Germany,Shopping Items Purchased in terms of Amount spent | Fashion and Accessories,%,50.45344097950699
2017,EUROPE,Germany,"Shopping Items Purchased in terms of Amount spent | Cosmetics, Perfumes & Toiletries and Healthcare & Wellness Products",%,12.75097538467995
2017,EUROPE,Germany,Shopping Items Purchased in terms of Amount spent | Confectionery and Food Items,%,6.011586209946044
2017,EUROPE,Germany,Shopping Items Purchased in terms of Amount spent | Souvenirs and Gifts,%,11.70841083834239
2017,EUROPE,Germany,Shopping Items Purchased in terms of Amount spent | Genuine Jewellery,%,2.053316075811479
2017,EUROPE,Germany,Shopping Items Purchased in terms of Amount spent | Consumer Tech,%,6.644167434450405
2017,EUROPE,Germany,Shopping Items Purchased in terms of Amount spent | Watches and Clocks,%,2.040248627308828
2017,EUROPE,Germany,Shopping Items Purchased in terms of Amount spent | Others,%,8.337854450042704
2017,EUROPE,Italy,Shopping Items Purchased in terms of Popularity | Fashion and Accessories,%,60.72731195707354
2017,EUROPE,Italy,"Shopping Items Purchased in terms of Popularity | Cosmetics, Perfumes & Toiletries and Healthcare & Wellness Products",%,28.64667577821288
2017,EUROPE,Italy,Shopping Items Purchased in terms of Popularity | Confectionery and Food Items,%,33.22350138060828
2017,EUROPE,Italy,Shopping Items Purchased in terms of Popularity | Souvenirs and Gifts,%,65.43738683003313
2017,EUROPE,Italy,Shopping Items Purchased in terms of Popularity | Genuine Jewellery,%,1.957417620946385
2017,EUROPE,Italy,Shopping Items Purchased in terms of Popularity | Consumer Tech,%,6.693163744259873
2017,EUROPE,Italy,Shopping Items Purchased in terms of Popularity | Watches and Clocks,%,4.650761707517603
2017,EUROPE,Italy,Shopping Items Purchased in terms of Popularity | Others,%,16.6616764615747
2017,EUROPE,Italy,Shopping Items Purchased in terms of Amount spent | Fashion and Accessories,%,47.04105999180848
2017,EUROPE,Italy,"Shopping Items Purchased in terms of Amount spent | Cosmetics, Perfumes & Toiletries and Healthcare & Wellness Products",%,14.14619252447978
2017,EUROPE,Italy,Shopping Items Purchased in terms of Amount spent | Confectionery and Food Items,%,6.837508065506473
2017,EUROPE,Italy,Shopping Items Purchased in terms of Amount spent | Souvenirs and Gifts,%,19.76259273907606
2017,EUROPE,Italy,Shopping Items Purchased in terms of Amount spent | Genuine Jewellery,%,1.250364060698304
2017,EUROPE,Italy,Shopping Items Purchased in terms of Amount spent | Consumer Tech,%,3.112861525533922
2017,EUROPE,Italy,Shopping Items Purchased in terms of Amount spent | Watches and Clocks,%,3.449946565208331
2017,EUROPE,Italy,Shopping Items Purchased in terms of Amount spent | Others,%,4.399474528827319
2017,EUROPE,Netherlands,Shopping Items Purchased in terms of Popularity | Fashion and Accessories,%,48.90434693298189
2017,EUROPE,Netherlands,"Shopping Items Purchased in terms of Popularity | Cosmetics, Perfumes & Toiletries and Healthcare & Wellness Products",%,30.66149869671442
2017,EUROPE,Netherlands,Shopping Items Purchased in terms of Popularity | Confectionery and Food Items,%,36.17970350742492
2017,EUROPE,Netherlands,Shopping Items Purchased in terms of Popularity | Souvenirs and Gifts,%,48.95690452703671
2017,EUROPE,Netherlands,Shopping Items Purchased in terms of Popularity | Genuine Jewellery,%,3.61603606830518
2017,EUROPE,Netherlands,Shopping Items Purchased in terms of Popularity | Consumer Tech,%,9.372992695503989
2017,EUROPE,Netherlands,Shopping Items Purchased in terms of Popularity | Watches and Clocks,%,2.943690143132499
2017,EUROPE,Netherlands,Shopping Items Purchased in terms of Popularity | Others,%,18.42368281724885
2017,EUROPE,Netherlands,Shopping Items Purchased in terms of Amount spent | Fashion and Accessories,%,29.83539701569098
2017,EUROPE,Netherlands,"Shopping Items Purchased in terms of Amount spent | Cosmetics, Perfumes & Toiletries and Healthcare & Wellness Products",%,11.26866646865517
2017,EUROPE,Netherlands,Shopping Items Purchased in terms of Amount spent | Confectionery and Food Items,%,6.892431403314642
2017,EUROPE,Netherlands,Shopping Items Purchased in terms of Amount spent | Souvenirs and Gifts,%,10.10031331153108
2017,EUROPE,Netherlands,Shopping Items Purchased in terms of Amount spent | Genuine Jewellery,%,3.591518154856609
2017,EUROPE,Netherlands,Shopping Items Purchased in terms of Amount spent | Consumer Tech,%,30.69517047528678
2017,EUROPE,Netherlands,Shopping Items Purchased in terms of Amount spent | Watches and Clocks,%,1.667508228984634
2017,EUROPE,Netherlands,Shopping Items Purchased in terms of Amount spent | Others,%,5.948994941680103
2017,EUROPE,Switzerland,Shopping Items Purchased in terms of Popularity | Fashion and Accessories,%,70.29403024159144
2017,EUROPE,Switzerland,"Shopping Items Purchased in terms of Popularity | Cosmetics, Perfumes & Toiletries and Healthcare & Wellness Products",%,27.24882457351944
2017,EUROPE,Switzerland,Shopping Items Purchased in terms of Popularity | Confectionery and Food Items,%,29.24855084200946
2017,EUROPE,Switzerland,Shopping Items Purchased in terms of Popularity | Souvenirs and Gifts,%,52.70802166079218
2017,EUROPE,Switzerland,Shopping Items Purchased in terms of Popularity | Genuine Jewellery,%,3.506446675249638
2017,EUROPE,Switzerland,Shopping Items Purchased in terms of Popularity | Consumer Tech,%,8.309078076750666
2017,EUROPE,Switzerland,Shopping Items Purchased in terms of Popularity | Watches and Clocks,%,8.577496304329241
2017,EUROPE,Switzerland,Shopping Items Purchased in terms of Popularity | Others,%,23.81388453905663
2017,EUROPE,Switzerland,Shopping Items Purchased in terms of Amount spent | Fashion and Accessories,%,45.54706762544166
2017,EUROPE,Switzerland,"Shopping Items Purchased in terms of Amount spent | Cosmetics, Perfumes & Toiletries and Healthcare & Wellness Products",%,12.37030250718864
2017,EUROPE,Switzerland,Shopping Items Purchased in terms of Amount spent | Confectionery and Food Items,%,6.539225308487953
2017,EUROPE,Switzerland,Shopping Items Purchased in terms of Amount spent | Souvenirs and Gifts,%,12.23452792878467
2017,EUROPE,Switzerland,Shopping Items Purchased in terms of Amount spent | Genuine Jewellery,%,2.331040359733934
2017,EUROPE,Switzerland,Shopping Items Purchased in terms of Amount spent | Consumer Tech,%,4.470748780414428
2017,EUROPE,Switzerland,Shopping Items Purchased in terms of Amount spent | Watches and Clocks,%,7.734573789473715
2017,EUROPE,Switzerland,Shopping Items Purchased in terms of Amount spent | Others,%,8.772513700284286
2017,EUROPE,UK,Shopping Items Purchased in terms of Popularity | Fashion and Accessories,%,51.79696444086888
2017,EUROPE,UK,"Shopping Items Purchased in terms of Popularity | Cosmetics, Perfumes & Toiletries and Healthcare & Wellness Products",%,34.1665770934725
2017,EUROPE,UK,Shopping Items Purchased in terms of Popularity | Confectionery and Food Items,%,38.06310187388425
2017,EUROPE,UK,Shopping Items Purchased in terms of Popularity | Souvenirs and Gifts,%,60.25677059333501
2017,EUROPE,UK,Shopping Items Purchased in terms of Popularity | Genuine Jewellery,%,2.660366434419987
2017,EUROPE,UK,Shopping Items Purchased in terms of Popularity | Consumer Tech,%,7.08284108163191
2017,EUROPE,UK,Shopping Items Purchased in terms of Popularity | Watches and Clocks,%,4.785246723101074
2017,EUROPE,UK,Shopping Items Purchased in terms of Popularity | Others,%,22.67573536001121
2017,EUROPE,UK,Shopping Items Purchased in terms of Amount spent | Fashion and Accessories,%,34.58913823041627
2017,EUROPE,UK,"Shopping Items Purchased in terms of Amount spent | Cosmetics, Perfumes & Toiletries and Healthcare & Wellness Products",%,14.19040786665327
2017,EUROPE,UK,Shopping Items Purchased in terms of Amount spent | Confectionery and Food Items,%,8.890953788394192
2017,EUROPE,UK,Shopping Items Purchased in terms of Amount spent | Souvenirs and Gifts,%,19.57484427916921
2017,EUROPE,UK,Shopping Items Purchased in terms of Amount spent | Genuine Jewellery,%,6.324230094270628
2017,EUROPE,UK,Shopping Items Purchased in terms of Amount spent | Consumer Tech,%,6.768566263425097
2017,EUROPE,UK,Shopping Items Purchased in terms of Amount spent | Watches and Clocks,%,2.092754413237277
2017,EUROPE,UK,Shopping Items Purchased in terms of Amount spent | Others,%,7.569105064648161
2017,AMERICAS,Canada,Shopping Items Purchased in terms of Popularity | Fashion and Accessories,%,59.27048227578588
2017,AMERICAS,Canada,"Shopping Items Purchased in terms of Popularity | Cosmetics, Perfumes & Toiletries and Healthcare & Wellness Products",%,25.71917555941007
2017,AMERICAS,Canada,Shopping Items Purchased in terms of Popularity | Confectionery and Food Items,%,36.96629639435538
2017,AMERICAS,Canada,Shopping Items Purchased in terms of Popularity | Souvenirs and Gifts,%,44.77530958654469
2017,AMERICAS,Canada,Shopping Items Purchased in terms of Popularity | Genuine Jewellery,%,2.466957600940826
2017,AMERICAS,Canada,Shopping Items Purchased in terms of Popularity | Consumer Tech,%,2.28008922923009
2017,AMERICAS,Canada,Shopping Items Purchased in terms of Popularity | Watches and Clocks,%,2.336128864593478
2017,AMERICAS,Canada,Shopping Items Purchased in terms of Popularity | Others,%,14.58125693999782
2017,AMERICAS,Canada,Shopping Items Purchased in terms of Amount spent | Fashion and Accessories,%,37.39083484350049
2017,AMERICAS,Canada,"Shopping Items Purchased in terms of Amount spent | Cosmetics, Perfumes & Toiletries and Healthcare & Wellness Products",%,14.71290321581537
2017,AMERICAS,Canada,Shopping Items Purchased in terms of Amount spent | Confectionery and Food Items,%,16.10715588785589
2017,AMERICAS,Canada,Shopping Items Purchased in terms of Amount spent | Souvenirs and Gifts,%,13.7060101529398
2017,AMERICAS,Canada,Shopping Items Purchased in terms of Amount spent | Genuine Jewellery,%,2.449305086909825
2017,AMERICAS,Canada,Shopping Items Purchased in terms of Amount spent | Consumer Tech,%,2.470424290778274
2017,AMERICAS,Canada,Shopping Items Purchased in terms of Amount spent | Watches and Clocks,%,2.688324165953628
2017,AMERICAS,Canada,Shopping Items Purchased in terms of Amount spent | Others,%,10.47504235624671
2017,AMERICAS,USA,Shopping Items Purchased in terms of Popularity | Fashion and Accessories,%,48.51597934462119
2017,AMERICAS,USA,"Shopping Items Purchased in terms of Popularity | Cosmetics, Perfumes & Toiletries and Healthcare & Wellness Products",%,29.13449356704344
2017,AMERICAS,USA,Shopping Items Purchased in terms of Popularity | Confectionery and Food Items,%,43.85876346588788
2017,AMERICAS,USA,Shopping Items Purchased in terms of Popularity | Souvenirs and Gifts,%,54.19928879570022
2017,AMERICAS,USA,Shopping Items Purchased in terms of Popularity | Genuine Jewellery,%,3.182082844387782
2017,AMERICAS,USA,Shopping Items Purchased in terms of Popularity | Consumer Tech,%,6.013862791921039
2017,AMERICAS,USA,Shopping Items Purchased in terms of Popularity | Watches and Clocks,%,5.807739168721533
2017,AMERICAS,USA,Shopping Items Purchased in terms of Popularity | Others,%,21.01758055306635
2017,AMERICAS,USA,Shopping Items Purchased in terms of Amount spent | Fashion and Accessories,%,33.61475295746405
2017,AMERICAS,USA,"Shopping Items Purchased in terms of Amount spent | Cosmetics, Perfumes & Toiletries and Healthcare & Wellness Products",%,13.14096213396633
2017,AMERICAS,USA,Shopping Items Purchased in terms of Amount spent | Confectionery and Food Items,%,11.15325204485218
2017,AMERICAS,USA,Shopping Items Purchased in terms of Amount spent | Souvenirs and Gifts,%,19.34910406220995
2017,AMERICAS,USA,Shopping Items Purchased in terms of Amount spent | Genuine Jewellery,%,4.734474440975027
2017,AMERICAS,USA,Shopping Items Purchased in terms of Amount spent | Consumer Tech,%,3.399679306006557
2017,AMERICAS,USA,Shopping Items Purchased in terms of Amount spent | Watches and Clocks,%,3.363275894130435
2017,AMERICAS,USA,Shopping Items Purchased in terms of Amount spent | Others,%,11.24449916045681
2017,OCEANIA,Australia,Shopping Items Purchased in terms of Popularity | Fashion and Accessories,%,60.52539915578892
2017,OCEANIA,Australia,"Shopping Items Purchased in terms of Popularity | Cosmetics, Perfumes & Toiletries and Healthcare & Wellness Products",%,31.55934107439802
2017,OCEANIA,Australia,Shopping Items Purchased in terms of Popularity | Confectionery and Food Items,%,34.90830462603739
2017,OCEANIA,Australia,Shopping Items Purchased in terms of Popularity | Souvenirs and Gifts,%,50.19499032765833
2017,OCEANIA,Australia,Shopping Items Purchased in terms of Popularity | Genuine Jewellery,%,3.13459093074319
2017,OCEANIA,Australia,Shopping Items Purchased in terms of Popularity | Consumer Tech,%,7.226038532770882
2017,OCEANIA,Australia,Shopping Items Purchased in terms of Popularity | Watches and Clocks,%,5.482747809907815
2017,OCEANIA,Australia,Shopping Items Purchased in terms of Popularity | Others,%,15.51387891149208
2017,OCEANIA,Australia,Shopping Items Purchased in terms of Amount spent | Fashion and Accessories,%,34.76204943135525
2017,OCEANIA,Australia,"Shopping Items Purchased in terms of Amount spent | Cosmetics, Perfumes & Toiletries and Healthcare & Wellness Products",%,12.63762550972492
2017,OCEANIA,Australia,Shopping Items Purchased in terms of Amount spent | Confectionery and Food Items,%,6.659304980453253
2017,OCEANIA,Australia,Shopping Items Purchased in terms of Amount spent | Souvenirs and Gifts,%,12.79001237697849
2017,OCEANIA,Australia,Shopping Items Purchased in terms of Amount spent | Genuine Jewellery,%,14.69037625258271
2017,OCEANIA,Australia,Shopping Items Purchased in terms of Amount spent | Consumer Tech,%,6.241465105702402
2017,OCEANIA,Australia,Shopping Items Purchased in terms of Amount spent | Watches and Clocks,%,6.726490149046126
2017,OCEANIA,Australia,Shopping Items Purchased in terms of Amount spent | Others,%,5.492676194120711
2017,OCEANIA,New Zealand,Shopping Items Purchased in terms of Popularity | Fashion and Accessories,%,42.82288941824169
2017,OCEANIA,New Zealand,"Shopping Items Purchased in terms of Popularity | Cosmetics, Perfumes & Toiletries and Healthcare & Wellness Products",%,24.17385045989424
2017,OCEANIA,New Zealand,Shopping Items Purchased in terms of Popularity | Confectionery and Food Items,%,41.50609641876697
2017,OCEANIA,New Zealand,Shopping Items Purchased in terms of Popularity | Souvenirs and Gifts,%,52.89503301675286
2017,OCEANIA,New Zealand,Shopping Items Purchased in terms of Popularity | Genuine Jewellery,%,6.168734012858963
2017,OCEANIA,New Zealand,Shopping Items Purchased in terms of Popularity | Consumer Tech,%,7.638500233307756
2017,OCEANIA,New Zealand,Shopping Items Purchased in terms of Popularity | Watches and Clocks,%,6.796016301794931
2017,OCEANIA,New Zealand,Shopping Items Purchased in terms of Popularity | Others,%,17.56927754096004
2017,OCEANIA,New Zealand,Shopping Items Purchased in terms of Amount spent | Fashion and Accessories,%,28.4259029644159
2017,OCEANIA,New Zealand,"Shopping Items Purchased in terms of Amount spent | Cosmetics, Perfumes & Toiletries and Healthcare & Wellness Products",%,11.40735560041435
2017,OCEANIA,New Zealand,Shopping Items Purchased in terms of Amount spent | Confectionery and Food Items,%,8.819130262203755
2017,OCEANIA,New Zealand,Shopping Items Purchased in terms of Amount spent | Souvenirs and Gifts,%,21.71878000187933
2017,OCEANIA,New Zealand,Shopping Items Purchased in terms of Amount spent | Genuine Jewellery,%,6.580574833508881
2017,OCEANIA,New Zealand,Shopping Items Purchased in terms of Amount spent | Consumer Tech,%,6.319364055816027
2017,OCEANIA,New Zealand,Shopping Items Purchased in terms of Amount spent | Watches and Clocks,%,7.888509061031903
2017,OCEANIA,New Zealand,Shopping Items Purchased in terms of Amount spent | Others,%,8.840383220086494
2017,AFRICA,South Africa (Rep of),Shopping Items Purchased in terms of Popularity | Fashion and Accessories,%,52.61901930971437
2017,AFRICA,South Africa (Rep of),"Shopping Items Purchased in terms of Popularity | Cosmetics, Perfumes & Toiletries and Healthcare & Wellness Products",%,32.45770499828109
2017,AFRICA,South Africa (Rep of),Shopping Items Purchased in terms of Popularity | Confectionery and Food Items,%,32.96615157983538
2017,AFRICA,South Africa (Rep of),Shopping Items Purchased in terms of Popularity | Souvenirs and Gifts,%,50.0977099057738
2017,AFRICA,South Africa (Rep of),Shopping Items Purchased in terms of Popularity | Genuine Jewellery,%,2.208135454262715
2017,AFRICA,South Africa (Rep of),Shopping Items Purchased in terms of Popularity | Consumer Tech,%,3.685981647762747
2017,AFRICA,South Africa (Rep of),Shopping Items Purchased in terms of Popularity | Watches and Clocks,%,5.413491075848219
2017,AFRICA,South Africa (Rep of),Shopping Items Purchased in terms of Popularity | Others,%,7.134351138817378
2017,AFRICA,South Africa (Rep of),Shopping Items Purchased in terms of Amount spent | Fashion and Accessories,%,54.14313273169257
2017,AFRICA,South Africa (Rep of),"Shopping Items Purchased in terms of Amount spent | Cosmetics, Perfumes & Toiletries and Healthcare & Wellness Products",%,7.339375657933119
2017,AFRICA,South Africa (Rep of),Shopping Items Purchased in terms of Amount spent | Confectionery and Food Items,%,4.102896785363428
2017,AFRICA,South Africa (Rep of),Shopping Items Purchased in terms of Amount spent | Souvenirs and Gifts,%,7.380541433648517
2017,AFRICA,South Africa (Rep of),Shopping Items Purchased in terms of Amount spent | Genuine Jewellery,%,4.489427899847049
2017,AFRICA,South Africa (Rep of),Shopping Items Purchased in terms of Amount spent | Consumer Tech,%,4.711602335979383
2017,AFRICA,South Africa (Rep of),Shopping Items Purchased in terms of Amount spent | Watches and Clocks,%,16.69892464301757
2017,AFRICA,South Africa (Rep of),Shopping Items Purchased in terms of Amount spent | Others,%,1.134098512518379
2017,REMAINING,Others,Shopping Items Purchased in terms of Popularity | Fashion and Accessories,%,60.26698547470637
2017,REMAINING,Others,"Shopping Items Purchased in terms of Popularity | Cosmetics, Perfumes & Toiletries and Healthcare & Wellness Products",%,36.69537905129929
2017,REMAINING,Others,Shopping Items Purchased in terms of Popularity | Confectionery and Food Items,%,43.45462968189944
2017,REMAINING,Others,Shopping Items Purchased in terms of Popularity | Souvenirs and Gifts,%,47.57381618720974
2017,REMAINING,Others,Shopping Items Purchased in terms of Popularity | Genuine Jewellery,%,5.691933150541476
2017,REMAINING,Others,Shopping Items Purchased in terms of Popularity | Consumer Tech,%,10.02917072675444
2017,REMAINING,Others,Shopping Items Purchased in terms of Popularity | Watches and Clocks,%,7.738291844138677
2017,REMAINING,Others,Shopping Items Purchased in terms of Popularity | Others,%,14.35100282212758
2017,REMAINING,Others,Shopping Items Purchased in terms of Amount spent | Fashion and Accessories,%,37.67512577268273
2017,REMAINING,Others,"Shopping Items Purchased in terms of Amount spent | Cosmetics, Perfumes & Toiletries and Healthcare & Wellness Products",%,14.24822908017681
2017,REMAINING,Others,Shopping Items Purchased in terms of Amount spent | Confectionery and Food Items,%,8.078009336926307
2017,REMAINING,Others,Shopping Items Purchased in terms of Amount spent | Souvenirs and Gifts,%,10.06260534147313
2017,REMAINING,Others,Shopping Items Purchased in terms of Amount spent | Genuine Jewellery,%,11.12243511610522
2017,REMAINING,Others,Shopping Items Purchased in terms of Amount spent | Consumer Tech,%,9.663000443499108
2017,REMAINING,Others,Shopping Items Purchased in terms of Amount spent | Watches and Clocks,%,2.706487645283478
2017,REMAINING,Others,Shopping Items Purchased in terms of Amount spent | Others,%,6.444107263823684
2016,SOUTHEAST ASIA,Indonesia,Shopping Items Purchased in terms of Popularity | Fashion and Accessories,%,63.85328249110002
2016,SOUTHEAST ASIA,Indonesia,"Shopping Items Purchased in terms of Popularity | Cosmetics, Perfumes & Toiletries and Healthcare & Wellness Products",%,35.53114750138724
2016,SOUTHEAST ASIA,Indonesia,Shopping Items Purchased in terms of Popularity | Confectionery and Food Items,%,46.19702221229416
2016,SOUTHEAST ASIA,Indonesia,Shopping Items Purchased in terms of Popularity | Souvenirs and Gifts,%,33.99308716649315
2016,SOUTHEAST ASIA,Indonesia,Shopping Items Purchased in terms of Popularity | Genuine Jewellery,%,2.912895764582007
2016,SOUTHEAST ASIA,Indonesia,Shopping Items Purchased in terms of Popularity | Consumer Tech,%,7.19168261220686
2016,SOUTHEAST ASIA,Indonesia,Shopping Items Purchased in terms of Popularity | Watches and Clocks,%,5.870631234098983
2016,SOUTHEAST ASIA,Indonesia,Shopping Items Purchased in terms of Popularity | Others,%,11.77552171471489
2016,SOUTHEAST ASIA,Indonesia,Shopping Items Purchased in terms of Amount spent | Fashion and Accessories,%,48.35474902476877
2016,SOUTHEAST ASIA,Indonesia,"Shopping Items Purchased in terms of Amount spent | Cosmetics, Perfumes & Toiletries and Healthcare & Wellness Products",%,17.30327995222209
2016,SOUTHEAST ASIA,Indonesia,Shopping Items Purchased in terms of Amount spent | Confectionery and Food Items,%,9.009879459559825
2016,SOUTHEAST ASIA,Indonesia,Shopping Items Purchased in terms of Amount spent | Souvenirs and Gifts,%,7.317372092089618
2016,SOUTHEAST ASIA,Indonesia,Shopping Items Purchased in terms of Amount spent | Genuine Jewellery,%,3.235805509035569
2016,SOUTHEAST ASIA,Indonesia,Shopping Items Purchased in terms of Amount spent | Consumer Tech,%,7.068456199218804
2016,SOUTHEAST ASIA,Indonesia,Shopping Items Purchased in terms of Amount spent | Watches and Clocks,%,3.84210988611698
2016,SOUTHEAST ASIA,Indonesia,Shopping Items Purchased in terms of Amount spent | Others,%,3.868347877016617
2016,SOUTHEAST ASIA,Malaysia,Shopping Items Purchased in terms of Popularity | Fashion and Accessories,%,55.72867183247268
2016,SOUTHEAST ASIA,Malaysia,"Shopping Items Purchased in terms of Popularity | Cosmetics, Perfumes & Toiletries and Healthcare & Wellness Products",%,36.62706256454284
2016,SOUTHEAST ASIA,Malaysia,Shopping Items Purchased in terms of Popularity | Confectionery and Food Items,%,45.06309867842986
2016,SOUTHEAST ASIA,Malaysia,Shopping Items Purchased in terms of Popularity | Souvenirs and Gifts,%,35.93506458192478
2016,SOUTHEAST ASIA,Malaysia,Shopping Items Purchased in terms of Popularity | Genuine Jewellery,%,3.123212498734797
2016,SOUTHEAST ASIA,Malaysia,Shopping Items Purchased in terms of Popularity | Consumer Tech,%,5.319982416764517
2016,SOUTHEAST ASIA,Malaysia,Shopping Items Purchased in terms of Popularity | Watches and Clocks,%,7.174439675346876
2016,SOUTHEAST ASIA,Malaysia,Shopping Items Purchased in terms of Popularity | Others,%,22.05080100816586
2016,SOUTHEAST ASIA,Malaysia,Shopping Items Purchased in terms of Amount spent | Fashion and Accessories,%,39.48867987569228
2016,SOUTHEAST ASIA,Malaysia,"Shopping Items Purchased in terms of Amount spent | Cosmetics, Perfumes & Toiletries and Healthcare & Wellness Products",%,18.77129650028947
2016,SOUTHEAST ASIA,Malaysia,Shopping Items Purchased in terms of Amount spent | Confectionery and Food Items,%,13.21511060854656
2016,SOUTHEAST ASIA,Malaysia,Shopping Items Purchased in terms of Amount spent | Souvenirs and Gifts,%,10.21995048532785
2016,SOUTHEAST ASIA,Malaysia,Shopping Items Purchased in terms of Amount spent | Genuine Jewellery,%,2.740124784808456
2016,SOUTHEAST ASIA,Malaysia,Shopping Items Purchased in terms of Amount spent | Consumer Tech,%,5.425380103766073
2016,SOUTHEAST ASIA,Malaysia,Shopping Items Purchased in terms of Amount spent | Watches and Clocks,%,2.765465300180786
2016,SOUTHEAST ASIA,Malaysia,Shopping Items Purchased in terms of Amount spent | Others,%,7.373992341319895
2016,SOUTHEAST ASIA,Philippines,Shopping Items Purchased in terms of Popularity | Fashion and Accessories,%,64.18906292904657
2016,SOUTHEAST ASIA,Philippines,"Shopping Items Purchased in terms of Popularity | Cosmetics, Perfumes & Toiletries and Healthcare & Wellness Products",%,31.48516462680795
2016,SOUTHEAST ASIA,Philippines,Shopping Items Purchased in terms of Popularity | Confectionery and Food Items,%,42.94233193035803
2016,SOUTHEAST ASIA,Philippines,Shopping Items Purchased in terms of Popularity | Souvenirs and Gifts,%,48.98651296940398
2016,SOUTHEAST ASIA,Philippines,Shopping Items Purchased in terms of Popularity | Genuine Jewellery,%,3.497927223106662
2016,SOUTHEAST ASIA,Philippines,Shopping Items Purchased in terms of Popularity | Consumer Tech,%,8.545343659074332
2016,SOUTHEAST ASIA,Philippines,Shopping Items Purchased in terms of Popularity | Watches and Clocks,%,6.305923569482577
2016,SOUTHEAST ASIA,Philippines,Shopping Items Purchased in terms of Popularity | Others,%,20.17277778648464
2016,SOUTHEAST ASIA,Philippines,Shopping Items Purchased in terms of Amount spent | Fashion and Accessories,%,39.58249442220181
2016,SOUTHEAST ASIA,Philippines,"Shopping Items Purchased in terms of Amount spent | Cosmetics, Perfumes & Toiletries and Healthcare & Wellness Products",%,14.80464007400871
2016,SOUTHEAST ASIA,Philippines,Shopping Items Purchased in terms of Amount spent | Confectionery and Food Items,%,12.05181513916569
2016,SOUTHEAST ASIA,Philippines,Shopping Items Purchased in terms of Amount spent | Souvenirs and Gifts,%,13.95902521862938
2016,SOUTHEAST ASIA,Philippines,Shopping Items Purchased in terms of Amount spent | Genuine Jewellery,%,2.187913557924386
2016,SOUTHEAST ASIA,Philippines,Shopping Items Purchased in terms of Amount spent | Consumer Tech,%,6.267705930121167
2016,SOUTHEAST ASIA,Philippines,Shopping Items Purchased in terms of Amount spent | Watches and Clocks,%,3.073270302251472
2016,SOUTHEAST ASIA,Philippines,Shopping Items Purchased in terms of Amount spent | Others,%,8.073135355349045
2016,SOUTHEAST ASIA,Thailand,Shopping Items Purchased in terms of Popularity | Fashion and Accessories,%,56.21057593124616
2016,SOUTHEAST ASIA,Thailand,"Shopping Items Purchased in terms of Popularity | Cosmetics, Perfumes & Toiletries and Healthcare & Wellness Products",%,40.78659295449259
2016,SOUTHEAST ASIA,Thailand,Shopping Items Purchased in terms of Popularity | Confectionery and Food Items,%,48.61989977563371
2016,SOUTHEAST ASIA,Thailand,Shopping Items Purchased in terms of Popularity | Souvenirs and Gifts,%,47.80160767655549
2016,SOUTHEAST ASIA,Thailand,Shopping Items Purchased in terms of Popularity | Genuine Jewellery,%,4.557121524760944
2016,SOUTHEAST ASIA,Thailand,Shopping Items Purchased in terms of Popularity | Consumer Tech,%,4.479090436295965
2016,SOUTHEAST ASIA,Thailand,Shopping Items Purchased in terms of Popularity | Watches and Clocks,%,7.553754733698584
2016,SOUTHEAST ASIA,Thailand,Shopping Items Purchased in terms of Popularity | Others,%,23.01796882452367
2016,SOUTHEAST ASIA,Thailand,Shopping Items Purchased in terms of Amount spent | Fashion and Accessories,%,34.10965090987386
2016,SOUTHEAST ASIA,Thailand,"Shopping Items Purchased in terms of Amount spent | Cosmetics, Perfumes & Toiletries and Healthcare & Wellness Products",%,21.30656824814713
2016,SOUTHEAST ASIA,Thailand,Shopping Items Purchased in terms of Amount spent | Confectionery and Food Items,%,11.54063091950269
2016,SOUTHEAST ASIA,Thailand,Shopping Items Purchased in terms of Amount spent | Souvenirs and Gifts,%,13.73591789218076
2016,SOUTHEAST ASIA,Thailand,Shopping Items Purchased in terms of Amount spent | Genuine Jewellery,%,2.474779399579744
2016,SOUTHEAST ASIA,Thailand,Shopping Items Purchased in terms of Amount spent | Consumer Tech,%,4.165385703764261
2016,SOUTHEAST ASIA,Thailand,Shopping Items Purchased in terms of Amount spent | Watches and Clocks,%,5.877221356868245
2016,SOUTHEAST ASIA,Thailand,Shopping Items Purchased in terms of Amount spent | Others,%,6.789845570539775
2016,SOUTHEAST ASIA,Vietnam,Shopping Items Purchased in terms of Popularity | Fashion and Accessories,%,63.01036902690593
2016,SOUTHEAST ASIA,Vietnam,"Shopping Items Purchased in terms of Popularity | Cosmetics, Perfumes & Toiletries and Healthcare & Wellness Products",%,31.87956224945953
2016,SOUTHEAST ASIA,Vietnam,Shopping Items Purchased in terms of Popularity | Confectionery and Food Items,%,44.96774490114119
2016,SOUTHEAST ASIA,Vietnam,Shopping Items Purchased in terms of Popularity | Souvenirs and Gifts,%,41.60704315015295
2016,SOUTHEAST ASIA,Vietnam,Shopping Items Purchased in terms of Popularity | Genuine Jewellery,%,2.519781070289925
2016,SOUTHEAST ASIA,Vietnam,Shopping Items Purchased in terms of Popularity | Consumer Tech,%,5.415302047405666
2016,SOUTHEAST ASIA,Vietnam,Shopping Items Purchased in terms of Popularity | Watches and Clocks,%,4.716874576706072
2016,SOUTHEAST ASIA,Vietnam,Shopping Items Purchased in terms of Popularity | Others,%,21.34581570288611
2016,SOUTHEAST ASIA,Vietnam,Shopping Items Purchased in terms of Amount spent | Fashion and Accessories,%,45.08550014580764
2016,SOUTHEAST ASIA,Vietnam,"Shopping Items Purchased in terms of Amount spent | Cosmetics, Perfumes & Toiletries and Healthcare & Wellness Products",%,14.55482716872859
2016,SOUTHEAST ASIA,Vietnam,Shopping Items Purchased in terms of Amount spent | Confectionery and Food Items,%,11.20220139339159
2016,SOUTHEAST ASIA,Vietnam,Shopping Items Purchased in terms of Amount spent | Souvenirs and Gifts,%,10.38892500032965
2016,SOUTHEAST ASIA,Vietnam,Shopping Items Purchased in terms of Amount spent | Genuine Jewellery,%,1.453087282877213
2016,SOUTHEAST ASIA,Vietnam,Shopping Items Purchased in terms of Amount spent | Consumer Tech,%,6.050857004357331
2016,SOUTHEAST ASIA,Vietnam,Shopping Items Purchased in terms of Amount spent | Watches and Clocks,%,2.025309288517641
2016,SOUTHEAST ASIA,Vietnam,Shopping Items Purchased in terms of Amount spent | Others,%,9.23929271616609
2016,GREATER CHINA,China,Shopping Items Purchased in terms of Popularity | Fashion and Accessories,%,53.50048893141727
2016,GREATER CHINA,China,"Shopping Items Purchased in terms of Popularity | Cosmetics, Perfumes & Toiletries and Healthcare & Wellness Products",%,52.91382449444484
2016,GREATER CHINA,China,Shopping Items Purchased in terms of Popularity | Confectionery and Food Items,%,43.99634474011042
2016,GREATER CHINA,China,Shopping Items Purchased in terms of Popularity | Souvenirs and Gifts,%,35.9841322465845
2016,GREATER CHINA,China,Shopping Items Purchased in terms of Popularity | Genuine Jewellery,%,6.947141485147522
2016,GREATER CHINA,China,Shopping Items Purchased in terms of Popularity | Consumer Tech,%,3.131615694845189
2016,GREATER CHINA,China,Shopping Items Purchased in terms of Popularity | Watches and Clocks,%,5.473982311682692
2016,GREATER CHINA,China,Shopping Items Purchased in terms of Popularity | Others,%,26.28937552856118
2016,GREATER CHINA,China,Shopping Items Purchased in terms of Amount spent | Fashion and Accessories,%,40.18903009314266
2016,GREATER CHINA,China,"Shopping Items Purchased in terms of Amount spent | Cosmetics, Perfumes & Toiletries and Healthcare & Wellness Products",%,22.74319938040358
2016,GREATER CHINA,China,Shopping Items Purchased in terms of Amount spent | Confectionery and Food Items,%,7.412931875163854
2016,GREATER CHINA,China,Shopping Items Purchased in terms of Amount spent | Souvenirs and Gifts,%,5.562077980867176
2016,GREATER CHINA,China,Shopping Items Purchased in terms of Amount spent | Genuine Jewellery,%,8.179753976394228
2016,GREATER CHINA,China,Shopping Items Purchased in terms of Amount spent | Consumer Tech,%,2.603170968989031
2016,GREATER CHINA,China,Shopping Items Purchased in terms of Amount spent | Watches and Clocks,%,4.855647388521063
2016,GREATER CHINA,China,Shopping Items Purchased in terms of Amount spent | Others,%,8.45418833637735
2016,GREATER CHINA,Hong Kong SAR,Shopping Items Purchased in terms of Popularity | Fashion and Accessories,%,53.47433655829722
2016,GREATER CHINA,Hong Kong SAR,"Shopping Items Purchased in terms of Popularity | Cosmetics, Perfumes & Toiletries and Healthcare & Wellness Products",%,34.79432628276426
2016,GREATER CHINA,Hong Kong SAR,Shopping Items Purchased in terms of Popularity | Confectionery and Food Items,%,67.2950438303333
2016,GREATER CHINA,Hong Kong SAR,Shopping Items Purchased in terms of Popularity | Souvenirs and Gifts,%,41.2170972090117
2016,GREATER CHINA,Hong Kong SAR,Shopping Items Purchased in terms of Popularity | Genuine Jewellery,%,2.134765213037999
2016,GREATER CHINA,Hong Kong SAR,Shopping Items Purchased in terms of Popularity | Consumer Tech,%,3.977131463054459
2016,GREATER CHINA,Hong Kong SAR,Shopping Items Purchased in terms of Popularity | Watches and Clocks,%,4.963274673942587
2016,GREATER CHINA,Hong Kong SAR,Shopping Items Purchased in terms of Popularity | Others,%,18.26509362877058
2016,GREATER CHINA,Hong Kong SAR,Shopping Items Purchased in terms of Amount spent | Fashion and Accessories,%,35.65147647734624
2016,GREATER CHINA,Hong Kong SAR,"Shopping Items Purchased in terms of Amount spent | Cosmetics, Perfumes & Toiletries and Healthcare & Wellness Products",%,19.42030008190505
2016,GREATER CHINA,Hong Kong SAR,Shopping Items Purchased in terms of Amount spent | Confectionery and Food Items,%,18.77277404150698
2016,GREATER CHINA,Hong Kong SAR,Shopping Items Purchased in terms of Amount spent | Souvenirs and Gifts,%,9.00905538021872
2016,GREATER CHINA,Hong Kong SAR,Shopping Items Purchased in terms of Amount spent | Genuine Jewellery,%,2.768272501138448
2016,GREATER CHINA,Hong Kong SAR,Shopping Items Purchased in terms of Amount spent | Consumer Tech,%,2.478408087420125
2016,GREATER CHINA,Hong Kong SAR,Shopping Items Purchased in terms of Amount spent | Watches and Clocks,%,3.171170214835929
2016,GREATER CHINA,Hong Kong SAR,Shopping Items Purchased in terms of Amount spent | Others,%,8.728543216025221
2016,GREATER CHINA,Taiwan,Shopping Items Purchased in terms of Popularity | Fashion and Accessories,%,55.90301870413028
2016,GREATER CHINA,Taiwan,"Shopping Items Purchased in terms of Popularity | Cosmetics, Perfumes & Toiletries and Healthcare & Wellness Products",%,33.6668980458884
2016,GREATER CHINA,Taiwan,Shopping Items Purchased in terms of Popularity | Confectionery and Food Items,%,58.74267660899642
2016,GREATER CHINA,Taiwan,Shopping Items Purchased in terms of Popularity | Souvenirs and Gifts,%,48.44079905524855
2016,GREATER CHINA,Taiwan,Shopping Items Purchased in terms of Popularity | Genuine Jewellery,%,3.991723756645462
2016,GREATER CHINA,Taiwan,Shopping Items Purchased in terms of Popularity | Consumer Tech,%,3.401521300016482
2016,GREATER CHINA,Taiwan,Shopping Items Purchased in terms of Popularity | Watches and Clocks,%,4.345635666925372
2016,GREATER CHINA,Taiwan,Shopping Items Purchased in terms of Popularity | Others,%,17.77723450563827
2016,GREATER CHINA,Taiwan,Shopping Items Purchased in terms of Amount spent | Fashion and Accessories,%,34.23358398700001
2016,GREATER CHINA,Taiwan,"Shopping Items Purchased in terms of Amount spent | Cosmetics, Perfumes & Toiletries and Healthcare & Wellness Products",%,15.78219601021662
2016,GREATER CHINA,Taiwan,Shopping Items Purchased in terms of Amount spent | Confectionery and Food Items,%,15.84573962590136
2016,GREATER CHINA,Taiwan,Shopping Items Purchased in terms of Amount spent | Souvenirs and Gifts,%,11.92899715596757
2016,GREATER CHINA,Taiwan,Shopping Items Purchased in terms of Amount spent | Genuine Jewellery,%,1.997644535985956
2016,GREATER CHINA,Taiwan,Shopping Items Purchased in terms of Amount spent | Consumer Tech,%,7.809376278989205
2016,GREATER CHINA,Taiwan,Shopping Items Purchased in terms of Amount spent | Watches and Clocks,%,2.195582019388834
2016,GREATER CHINA,Taiwan,Shopping Items Purchased in terms of Amount spent | Others,%,10.20688038644526
2016,NORTH ASIA,Japan,Shopping Items Purchased in terms of Popularity | Fashion and Accessories,%,50.22654513888471
2016,NORTH ASIA,Japan,"Shopping Items Purchased in terms of Popularity | Cosmetics, Perfumes & Toiletries and Healthcare & Wellness Products",%,36.65167662641672
2016,NORTH ASIA,Japan,Shopping Items Purchased in terms of Popularity | Confectionery and Food Items,%,41.40369623699873
2016,NORTH ASIA,Japan,Shopping Items Purchased in terms of Popularity | Souvenirs and Gifts,%,62.57241351339243
2016,NORTH ASIA,Japan,Shopping Items Purchased in terms of Popularity | Genuine Jewellery,%,4.881444551818851
2016,NORTH ASIA,Japan,Shopping Items Purchased in terms of Popularity | Consumer Tech,%,4.412252825266151
2016,NORTH ASIA,Japan,Shopping Items Purchased in terms of Popularity | Watches and Clocks,%,6.609473826569185
2016,NORTH ASIA,Japan,Shopping Items Purchased in terms of Popularity | Others,%,17.83216660956171
2016,NORTH ASIA,Japan,Shopping Items Purchased in terms of Amount spent | Fashion and Accessories,%,39.2046302828975
2016,NORTH ASIA,Japan,"Shopping Items Purchased in terms of Amount spent | Cosmetics, Perfumes & Toiletries and Healthcare & Wellness Products",%,14.78031277952954
2016,NORTH ASIA,Japan,Shopping Items Purchased in terms of Amount spent | Confectionery and Food Items,%,9.067167285160362
2016,NORTH ASIA,Japan,Shopping Items Purchased in terms of Amount spent | Souvenirs and Gifts,%,17.9436762276763
2016,NORTH ASIA,Japan,Shopping Items Purchased in terms of Amount spent | Genuine Jewellery,%,5.757207678071583
2016,NORTH ASIA,Japan,Shopping Items Purchased in terms of Amount spent | Consumer Tech,%,3.656518618234545
2016,NORTH ASIA,Japan,Shopping Items Purchased in terms of Amount spent | Watches and Clocks,%,3.242413171473367
2016,NORTH ASIA,Japan,Shopping Items Purchased in terms of Amount spent | Others,%,6.348073956938232
2016,NORTH ASIA,South Korea,Shopping Items Purchased in terms of Popularity | Fashion and Accessories,%,56.40990647662962
2016,NORTH ASIA,South Korea,"Shopping Items Purchased in terms of Popularity | Cosmetics, Perfumes & Toiletries and Healthcare & Wellness Products",%,33.11545416599786
2016,NORTH ASIA,South Korea,Shopping Items Purchased in terms of Popularity | Confectionery and Food Items,%,41.39943348077126
2016,NORTH ASIA,South Korea,Shopping Items Purchased in terms of Popularity | Souvenirs and Gifts,%,52.86145098840027
2016,NORTH ASIA,South Korea,Shopping Items Purchased in terms of Popularity | Genuine Jewellery,%,4.318175228658834
2016,NORTH ASIA,South Korea,Shopping Items Purchased in terms of Popularity | Consumer Tech,%,6.097966565017113
2016,NORTH ASIA,South Korea,Shopping Items Purchased in terms of Popularity | Watches and Clocks,%,6.896862892676216
2016,NORTH ASIA,South Korea,Shopping Items Purchased in terms of Popularity | Others,%,19.16124147559843
2016,NORTH ASIA,South Korea,Shopping Items Purchased in terms of Amount spent | Fashion and Accessories,%,40.81990152764998
2016,NORTH ASIA,South Korea,"Shopping Items Purchased in terms of Amount spent | Cosmetics, Perfumes & Toiletries and Healthcare & Wellness Products",%,15.75042112301353
2016,NORTH ASIA,South Korea,Shopping Items Purchased in terms of Amount spent | Confectionery and Food Items,%,10.99620679706153
2016,NORTH ASIA,South Korea,Shopping Items Purchased in terms of Amount spent | Souvenirs and Gifts,%,15.80770535758902
2016,NORTH ASIA,South Korea,Shopping Items Purchased in terms of Amount spent | Genuine Jewellery,%,3.221625827097155
2016,NORTH ASIA,South Korea,Shopping Items Purchased in terms of Amount spent | Consumer Tech,%,3.730936369034995
2016,NORTH ASIA,South Korea,Shopping Items Purchased in terms of Amount spent | Watches and Clocks,%,2.377343464434084
2016,NORTH ASIA,South Korea,Shopping Items Purchased in terms of Amount spent | Others,%,7.295859534237255
2016,SOUTH ASIA,India,Shopping Items Purchased in terms of Popularity | Fashion and Accessories,%,59.32195198777497
2016,SOUTH ASIA,India,"Shopping Items Purchased in terms of Popularity | Cosmetics, Perfumes & Toiletries and Healthcare & Wellness Products",%,35.57314690669416
2016,SOUTH ASIA,India,Shopping Items Purchased in terms of Popularity | Confectionery and Food Items,%,44.25710084807432
2016,SOUTH ASIA,India,Shopping Items Purchased in terms of Popularity | Souvenirs and Gifts,%,53.99096605002067
2016,SOUTH ASIA,India,Shopping Items Purchased in terms of Popularity | Genuine Jewellery,%,10.19074212254686
2016,SOUTH ASIA,India,Shopping Items Purchased in terms of Popularity | Consumer Tech,%,11.83587961553087
2016,SOUTH ASIA,India,Shopping Items Purchased in terms of Popularity | Watches and Clocks,%,11.95399394023269
2016,SOUTH ASIA,India,Shopping Items Purchased in terms of Popularity | Others,%,24.34124869975172
2016,SOUTH ASIA,India,Shopping Items Purchased in terms of Amount spent | Fashion and Accessories,%,31.54462661434094
2016,SOUTH ASIA,India,"Shopping Items Purchased in terms of Amount spent | Cosmetics, Perfumes & Toiletries and Healthcare & Wellness Products",%,11.78637710639966
2016,SOUTH ASIA,India,Shopping Items Purchased in terms of Amount spent | Confectionery and Food Items,%,9.924323815359717
2016,SOUTH ASIA,India,Shopping Items Purchased in terms of Amount spent | Souvenirs and Gifts,%,12.88527475902988
2016,SOUTH ASIA,India,Shopping Items Purchased in terms of Amount spent | Genuine Jewellery,%,10.51680802429977
2016,SOUTH ASIA,India,Shopping Items Purchased in terms of Amount spent | Consumer Tech,%,11.03744504746833
2016,SOUTH ASIA,India,Shopping Items Purchased in terms of Amount spent | Watches and Clocks,%,4.111989555828103
2016,SOUTH ASIA,India,Shopping Items Purchased in terms of Amount spent | Others,%,8.193155077597709
2016,EUROPE,France,Shopping Items Purchased in terms of Popularity | Fashion and Accessories,%,56.91452179068115
2016,EUROPE,France,"Shopping Items Purchased in terms of Popularity | Cosmetics, Perfumes & Toiletries and Healthcare & Wellness Products",%,31.53470714796667
2016,EUROPE,France,Shopping Items Purchased in terms of Popularity | Confectionery and Food Items,%,30.3563664024352
2016,EUROPE,France,Shopping Items Purchased in terms of Popularity | Souvenirs and Gifts,%,64.7481977147738
2016,EUROPE,France,Shopping Items Purchased in terms of Popularity | Genuine Jewellery,%,4.439465576547662
2016,EUROPE,France,Shopping Items Purchased in terms of Popularity | Consumer Tech,%,6.196516672613882
2016,EUROPE,France,Shopping Items Purchased in terms of Popularity | Watches and Clocks,%,3.203310588144472
2016,EUROPE,France,Shopping Items Purchased in terms of Popularity | Others,%,35.87845331652636
2016,EUROPE,France,Shopping Items Purchased in terms of Amount spent | Fashion and Accessories,%,29.87436620243631
2016,EUROPE,France,"Shopping Items Purchased in terms of Amount spent | Cosmetics, Perfumes & Toiletries and Healthcare & Wellness Products",%,14.62020566177903
2016,EUROPE,France,Shopping Items Purchased in terms of Amount spent | Confectionery and Food Items,%,7.138324250566395
2016,EUROPE,France,Shopping Items Purchased in terms of Amount spent | Souvenirs and Gifts,%,23.37859796986996
2016,EUROPE,France,Shopping Items Purchased in terms of Amount spent | Genuine Jewellery,%,3.59545863611672
2016,EUROPE,France,Shopping Items Purchased in terms of Amount spent | Consumer Tech,%,6.911699413621491
2016,EUROPE,France,Shopping Items Purchased in terms of Amount spent | Watches and Clocks,%,1.740155810064135
2016,EUROPE,France,Shopping Items Purchased in terms of Amount spent | Others,%,12.74119205588614
2016,EUROPE,Germany,Shopping Items Purchased in terms of Popularity | Fashion and Accessories,%,59.68041565759486
2016,EUROPE,Germany,"Shopping Items Purchased in terms of Popularity | Cosmetics, Perfumes & Toiletries and Healthcare & Wellness Products",%,31.03065451405446
2016,EUROPE,Germany,Shopping Items Purchased in terms of Popularity | Confectionery and Food Items,%,31.95044659462713
2016,EUROPE,Germany,Shopping Items Purchased in terms of Popularity | Souvenirs and Gifts,%,65.87843992765461
2016,EUROPE,Germany,Shopping Items Purchased in terms of Popularity | Genuine Jewellery,%,4.5716320269429
2016,EUROPE,Germany,Shopping Items Purchased in terms of Popularity | Consumer Tech,%,8.84237855684884
2016,EUROPE,Germany,Shopping Items Purchased in terms of Popularity | Watches and Clocks,%,6.150067138465072
2016,EUROPE,Germany,Shopping Items Purchased in terms of Popularity | Others,%,30.00068932527886
2016,EUROPE,Germany,Shopping Items Purchased in terms of Amount spent | Fashion and Accessories,%,34.58258319582014
2016,EUROPE,Germany,"Shopping Items Purchased in terms of Amount spent | Cosmetics, Perfumes & Toiletries and Healthcare & Wellness Products",%,13.92480333154352
2016,EUROPE,Germany,Shopping Items Purchased in terms of Amount spent | Confectionery and Food Items,%,6.889928801330318
2016,EUROPE,Germany,Shopping Items Purchased in terms of Amount spent | Souvenirs and Gifts,%,19.33458355298793
2016,EUROPE,Germany,Shopping Items Purchased in terms of Amount spent | Genuine Jewellery,%,2.025263221191484
2016,EUROPE,Germany,Shopping Items Purchased in terms of Amount spent | Consumer Tech,%,5.486904528186623
2016,EUROPE,Germany,Shopping Items Purchased in terms of Amount spent | Watches and Clocks,%,5.853004569645371
2016,EUROPE,Germany,Shopping Items Purchased in terms of Amount spent | Others,%,11.90292879934701
2016,EUROPE,Italy,Shopping Items Purchased in terms of Popularity | Fashion and Accessories,%,69.87515624429511
2016,EUROPE,Italy,"Shopping Items Purchased in terms of Popularity | Cosmetics, Perfumes & Toiletries and Healthcare & Wellness Products",%,39.66036463837042
2016,EUROPE,Italy,Shopping Items Purchased in terms of Popularity | Confectionery and Food Items,%,36.62411219987317
2016,EUROPE,Italy,Shopping Items Purchased in terms of Popularity | Souvenirs and Gifts,%,66.94943008394371
2016,EUROPE,Italy,Shopping Items Purchased in terms of Popularity | Genuine Jewellery,%,7.897805933548526
2016,EUROPE,Italy,Shopping Items Purchased in terms of Popularity | Consumer Tech,%,8.831450731685951
2016,EUROPE,Italy,Shopping Items Purchased in terms of Popularity | Watches and Clocks,%,9.111630417983994
2016,EUROPE,Italy,Shopping Items Purchased in terms of Popularity | Others,%,28.50746877034785
2016,EUROPE,Italy,Shopping Items Purchased in terms of Amount spent | Fashion and Accessories,%,43.39438115176287
2016,EUROPE,Italy,"Shopping Items Purchased in terms of Amount spent | Cosmetics, Perfumes & Toiletries and Healthcare & Wellness Products",%,14.71951888129806
2016,EUROPE,Italy,Shopping Items Purchased in terms of Amount spent | Confectionery and Food Items,%,8.079497824257587
2016,EUROPE,Italy,Shopping Items Purchased in terms of Amount spent | Souvenirs and Gifts,%,15.0871748251418
2016,EUROPE,Italy,Shopping Items Purchased in terms of Amount spent | Genuine Jewellery,%,2.834054284812884
2016,EUROPE,Italy,Shopping Items Purchased in terms of Amount spent | Consumer Tech,%,3.369135381881647
2016,EUROPE,Italy,Shopping Items Purchased in terms of Amount spent | Watches and Clocks,%,2.786503140224899
2016,EUROPE,Italy,Shopping Items Purchased in terms of Amount spent | Others,%,9.729734510620265
2016,EUROPE,Netherlands,Shopping Items Purchased in terms of Popularity | Fashion and Accessories,%,63.83599508859497
2016,EUROPE,Netherlands,"Shopping Items Purchased in terms of Popularity | Cosmetics, Perfumes & Toiletries and Healthcare & Wellness Products",%,38.92377769395296
2016,EUROPE,Netherlands,Shopping Items Purchased in terms of Popularity | Confectionery and Food Items,%,46.36290284392765
2016,EUROPE,Netherlands,Shopping Items Purchased in terms of Popularity | Souvenirs and Gifts,%,60.97984654667021
2016,EUROPE,Netherlands,Shopping Items Purchased in terms of Popularity | Genuine Jewellery,%,1.46920858605227
2016,EUROPE,Netherlands,Shopping Items Purchased in terms of Popularity | Consumer Tech,%,9.21691668307348
2016,EUROPE,Netherlands,Shopping Items Purchased in terms of Popularity | Watches and Clocks,%,9.134066820577075
2016,EUROPE,Netherlands,Shopping Items Purchased in terms of Popularity | Others,%,36.68026637522249
2016,EUROPE,Netherlands,Shopping Items Purchased in terms of Amount spent | Fashion and Accessories,%,34.41804026717863
2016,EUROPE,Netherlands,"Shopping Items Purchased in terms of Amount spent | Cosmetics, Perfumes & Toiletries and Healthcare & Wellness Products",%,14.97095758916109
2016,EUROPE,Netherlands,Shopping Items Purchased in terms of Amount spent | Confectionery and Food Items,%,8.931569327710061
2016,EUROPE,Netherlands,Shopping Items Purchased in terms of Amount spent | Souvenirs and Gifts,%,15.8532445080987
2016,EUROPE,Netherlands,Shopping Items Purchased in terms of Amount spent | Genuine Jewellery,%,0.5624674914869023
2016,EUROPE,Netherlands,Shopping Items Purchased in terms of Amount spent | Consumer Tech,%,10.17074635926283
2016,EUROPE,Netherlands,Shopping Items Purchased in terms of Amount spent | Watches and Clocks,%,2.158490311996117
2016,EUROPE,Netherlands,Shopping Items Purchased in terms of Amount spent | Others,%,12.93448414438502
2016,EUROPE,Switzerland,Shopping Items Purchased in terms of Popularity | Fashion and Accessories,%,55.98321838303314
2016,EUROPE,Switzerland,"Shopping Items Purchased in terms of Popularity | Cosmetics, Perfumes & Toiletries and Healthcare & Wellness Products",%,29.5762002798372
2016,EUROPE,Switzerland,Shopping Items Purchased in terms of Popularity | Confectionery and Food Items,%,37.16553923247442
2016,EUROPE,Switzerland,Shopping Items Purchased in terms of Popularity | Souvenirs and Gifts,%,62.66135970157907
2016,EUROPE,Switzerland,Shopping Items Purchased in terms of Popularity | Genuine Jewellery,%,4.62319709913949
2016,EUROPE,Switzerland,Shopping Items Purchased in terms of Popularity | Consumer Tech,%,4.393892669370152
2016,EUROPE,Switzerland,Shopping Items Purchased in terms of Popularity | Watches and Clocks,%,9.646904167707778
2016,EUROPE,Switzerland,Shopping Items Purchased in terms of Popularity | Others,%,19.45307775883428
2016,EUROPE,Switzerland,Shopping Items Purchased in terms of Amount spent | Fashion and Accessories,%,45.11611943173054
2016,EUROPE,Switzerland,"Shopping Items Purchased in terms of Amount spent | Cosmetics, Perfumes & Toiletries and Healthcare & Wellness Products",%,10.37908703644246
2016,EUROPE,Switzerland,Shopping Items Purchased in terms of Amount spent | Confectionery and Food Items,%,8.512379343523673
2016,EUROPE,Switzerland,Shopping Items Purchased in terms of Amount spent | Souvenirs and Gifts,%,20.34285305404475
2016,EUROPE,Switzerland,Shopping Items Purchased in terms of Amount spent | Genuine Jewellery,%,4.953717680585674
2016,EUROPE,Switzerland,Shopping Items Purchased in terms of Amount spent | Consumer Tech,%,2.58663790356088
2016,EUROPE,Switzerland,Shopping Items Purchased in terms of Amount spent | Watches and Clocks,%,1.81581913675787
2016,EUROPE,Switzerland,Shopping Items Purchased in terms of Amount spent | Others,%,6.293386412372516
2016,EUROPE,UK,Shopping Items Purchased in terms of Popularity | Fashion and Accessories,%,56.98065051001473
2016,EUROPE,UK,"Shopping Items Purchased in terms of Popularity | Cosmetics, Perfumes & Toiletries and Healthcare & Wellness Products",%,35.42337897019436
2016,EUROPE,UK,Shopping Items Purchased in terms of Popularity | Confectionery and Food Items,%,37.52880124438335
2016,EUROPE,UK,Shopping Items Purchased in terms of Popularity | Souvenirs and Gifts,%,63.403959168309854
2016,EUROPE,UK,Shopping Items Purchased in terms of Popularity | Genuine Jewellery,%,3.279289846935912
2016,EUROPE,UK,Shopping Items Purchased in terms of Popularity | Consumer Tech,%,8.028616700199672
2016,EUROPE,UK,Shopping Items Purchased in terms of Popularity | Watches and Clocks,%,7.227507628180841
2016,EUROPE,UK,Shopping Items Purchased in terms of Popularity | Others,%,30.938191525666
2016,EUROPE,UK,Shopping Items Purchased in terms of Amount spent | Fashion and Accessories,%,35.83213756204049
2016,EUROPE,UK,"Shopping Items Purchased in terms of Amount spent | Cosmetics, Perfumes & Toiletries and Healthcare & Wellness Products",%,14.60284403260961
2016,EUROPE,UK,Shopping Items Purchased in terms of Amount spent | Confectionery and Food Items,%,7.969782004098668
2016,EUROPE,UK,Shopping Items Purchased in terms of Amount spent | Souvenirs and Gifts,%,17.28022594601867
2016,EUROPE,UK,Shopping Items Purchased in terms of Amount spent | Genuine Jewellery,%,1.748393350909927
2016,EUROPE,UK,Shopping Items Purchased in terms of Amount spent | Consumer Tech,%,7.417124811910869
2016,EUROPE,UK,Shopping Items Purchased in terms of Amount spent | Watches and Clocks,%,3.703072320556977
2016,EUROPE,UK,Shopping Items Purchased in terms of Amount spent | Others,%,11.44641997159182
2016,AMERICAS,Canada,Shopping Items Purchased in terms of Popularity | Fashion and Accessories,%,67.85957560026235
2016,AMERICAS,Canada,"Shopping Items Purchased in terms of Popularity | Cosmetics, Perfumes & Toiletries and Healthcare & Wellness Products",%,34.71880118468073
2016,AMERICAS,Canada,Shopping Items Purchased in terms of Popularity | Confectionery and Food Items,%,37.41514996411742
2016,AMERICAS,Canada,Shopping Items Purchased in terms of Popularity | Souvenirs and Gifts,%,48.86222485126385
2016,AMERICAS,Canada,Shopping Items Purchased in terms of Popularity | Genuine Jewellery,%,5.013435287634709
2016,AMERICAS,Canada,Shopping Items Purchased in terms of Popularity | Consumer Tech,%,6.728394625274803
2016,AMERICAS,Canada,Shopping Items Purchased in terms of Popularity | Watches and Clocks,%,5.343735502143951
2016,AMERICAS,Canada,Shopping Items Purchased in terms of Popularity | Others,%,25.76741470895718
2016,AMERICAS,Canada,Shopping Items Purchased in terms of Amount spent | Fashion and Accessories,%,40.25719835198517
2016,AMERICAS,Canada,"Shopping Items Purchased in terms of Amount spent | Cosmetics, Perfumes & Toiletries and Healthcare & Wellness Products",%,15.14742646835259
2016,AMERICAS,Canada,Shopping Items Purchased in terms of Amount spent | Confectionery and Food Items,%,6.530413418957133
2016,AMERICAS,Canada,Shopping Items Purchased in terms of Amount spent | Souvenirs and Gifts,%,15.96713514650559
2016,AMERICAS,Canada,Shopping Items Purchased in terms of Amount spent | Genuine Jewellery,%,4.315511356017501
2016,AMERICAS,Canada,Shopping Items Purchased in terms of Amount spent | Consumer Tech,%,5.144510161357153
2016,AMERICAS,Canada,Shopping Items Purchased in terms of Amount spent | Watches and Clocks,%,2.231500951014115
2016,AMERICAS,Canada,Shopping Items Purchased in terms of Amount spent | Others,%,10.40630414637105
2016,AMERICAS,USA,Shopping Items Purchased in terms of Popularity | Fashion and Accessories,%,58.53236451596402
2016,AMERICAS,USA,"Shopping Items Purchased in terms of Popularity | Cosmetics, Perfumes & Toiletries and Healthcare & Wellness Products",%,37.8843159898984
2016,AMERICAS,USA,Shopping Items Purchased in terms of Popularity | Confectionery and Food Items,%,38.89453377452426
2016,AMERICAS,USA,Shopping Items Purchased in terms of Popularity | Souvenirs and Gifts,%,61.72933863935922
2016,AMERICAS,USA,Shopping Items Purchased in terms of Popularity | Genuine Jewellery,%,5.599805763669425
2016,AMERICAS,USA,Shopping Items Purchased in terms of Popularity | Consumer Tech,%,6.411443951392031
2016,AMERICAS,USA,Shopping Items Purchased in terms of Popularity | Watches and Clocks,%,9.971217857124849
2016,AMERICAS,USA,Shopping Items Purchased in terms of Popularity | Others,%,27.14489163404735
2016,AMERICAS,USA,Shopping Items Purchased in terms of Amount spent | Fashion and Accessories,%,32.23654268712045
2016,AMERICAS,USA,"Shopping Items Purchased in terms of Amount spent | Cosmetics, Perfumes & Toiletries and Healthcare & Wellness Products",%,15.76522188560354
2016,AMERICAS,USA,Shopping Items Purchased in terms of Amount spent | Confectionery and Food Items,%,8.536730943694819
2016,AMERICAS,USA,Shopping Items Purchased in terms of Amount spent | Souvenirs and Gifts,%,22.19805043948649
2016,AMERICAS,USA,Shopping Items Purchased in terms of Amount spent | Genuine Jewellery,%,4.097333261846303
2016,AMERICAS,USA,Shopping Items Purchased in terms of Amount spent | Consumer Tech,%,3.529584857053089
2016,AMERICAS,USA,Shopping Items Purchased in terms of Amount spent | Watches and Clocks,%,4.448293116411197
2016,AMERICAS,USA,Shopping Items Purchased in terms of Amount spent | Others,%,9.188242809279876
2016,OCEANIA,Australia,Shopping Items Purchased in terms of Popularity | Fashion and Accessories,%,62.86023091049208
2016,OCEANIA,Australia,"Shopping Items Purchased in terms of Popularity | Cosmetics, Perfumes & Toiletries and Healthcare & Wellness Products",%,35.35023844116427
2016,OCEANIA,Australia,Shopping Items Purchased in terms of Popularity | Confectionery and Food Items,%,38.58591539713863
2016,OCEANIA,Australia,Shopping Items Purchased in terms of Popularity | Souvenirs and Gifts,%,61.63741169134855
2016,OCEANIA,Australia,Shopping Items Purchased in terms of Popularity | Genuine Jewellery,%,4.600031313862231
2016,OCEANIA,Australia,Shopping Items Purchased in terms of Popularity | Consumer Tech,%,7.388623885496663
2016,OCEANIA,Australia,Shopping Items Purchased in terms of Popularity | Watches and Clocks,%,7.735938640428668
2016,OCEANIA,Australia,Shopping Items Purchased in terms of Popularity | Others,%,27.72502312352604
2016,OCEANIA,Australia,Shopping Items Purchased in terms of Amount spent | Fashion and Accessories,%,38.10135287542667
2016,OCEANIA,Australia,"Shopping Items Purchased in terms of Amount spent | Cosmetics, Perfumes & Toiletries and Healthcare & Wellness Products",%,13.51187702487542
2016,OCEANIA,Australia,Shopping Items Purchased in terms of Amount spent | Confectionery and Food Items,%,8.283911766869698
2016,OCEANIA,Australia,Shopping Items Purchased in terms of Amount spent | Souvenirs and Gifts,%,16.33846988387167
2016,OCEANIA,Australia,Shopping Items Purchased in terms of Amount spent | Genuine Jewellery,%,4.515204697344922
2016,OCEANIA,Australia,Shopping Items Purchased in terms of Amount spent | Consumer Tech,%,4.399373725268432
2016,OCEANIA,Australia,Shopping Items Purchased in terms of Amount spent | Watches and Clocks,%,3.124678492149437
2016,OCEANIA,Australia,Shopping Items Purchased in terms of Amount spent | Others,%,11.72513153428853
2016,OCEANIA,New Zealand,Shopping Items Purchased in terms of Popularity | Fashion and Accessories,%,68.5748610566866
2016,OCEANIA,New Zealand,"Shopping Items Purchased in terms of Popularity | Cosmetics, Perfumes & Toiletries and Healthcare & Wellness Products",%,39.77899312642549
2016,OCEANIA,New Zealand,Shopping Items Purchased in terms of Popularity | Confectionery and Food Items,%,43.76867587468278
2016,OCEANIA,New Zealand,Shopping Items Purchased in terms of Popularity | Souvenirs and Gifts,%,67.66080628689959
2016,OCEANIA,New Zealand,Shopping Items Purchased in terms of Popularity | Genuine Jewellery,%,4.95896684582421
2016,OCEANIA,New Zealand,Shopping Items Purchased in terms of Popularity | Consumer Tech,%,8.596646352559207
2016,OCEANIA,New Zealand,Shopping Items Purchased in terms of Popularity | Watches and Clocks,%,22.42382320360889
2016,OCEANIA,New Zealand,Shopping Items Purchased in terms of Popularity | Others,%,30.88853600861608
2016,OCEANIA,New Zealand,Shopping Items Purchased in terms of Amount spent | Fashion and Accessories,%,39.83010832040085
2016,OCEANIA,New Zealand,"Shopping Items Purchased in terms of Amount spent | Cosmetics, Perfumes & Toiletries and Healthcare & Wellness Products",%,13.7038382076599
2016,OCEANIA,New Zealand,Shopping Items Purchased in terms of Amount spent | Confectionery and Food Items,%,6.810229360401587
2016,OCEANIA,New Zealand,Shopping Items Purchased in terms of Amount spent | Souvenirs and Gifts,%,15.52819830344884
2016,OCEANIA,New Zealand,Shopping Items Purchased in terms of Amount spent | Genuine Jewellery,%,3.217871992877035
2016,OCEANIA,New Zealand,Shopping Items Purchased in terms of Amount spent | Consumer Tech,%,3.491224311793917
2016,OCEANIA,New Zealand,Shopping Items Purchased in terms of Amount spent | Watches and Clocks,%,7.788281928083577
2016,OCEANIA,New Zealand,Shopping Items Purchased in terms of Amount spent | Others,%,9.630247575693105
2016,AFRICA,South Africa (Rep of),Shopping Items Purchased in terms of Popularity | Fashion and Accessories,%,73.26878510504757
2016,AFRICA,South Africa (Rep of),"Shopping Items Purchased in terms of Popularity | Cosmetics, Perfumes & Toiletries and Healthcare & Wellness Products",%,29.08084486644863
2016,AFRICA,South Africa (Rep of),Shopping Items Purchased in terms of Popularity | Confectionery and Food Items,%,41.55014974417476
2016,AFRICA,South Africa (Rep of),Shopping Items Purchased in terms of Popularity | Souvenirs and Gifts,%,46.54345160222995
2016,AFRICA,South Africa (Rep of),Shopping Items Purchased in terms of Popularity | Genuine Jewellery,%,4.983140849554293
2016,AFRICA,South Africa (Rep of),Shopping Items Purchased in terms of Popularity | Consumer Tech,%,5.446926406482189
2016,AFRICA,South Africa (Rep of),Shopping Items Purchased in terms of Popularity | Watches and Clocks,%,8.731222804048926
2016,AFRICA,South Africa (Rep of),Shopping Items Purchased in terms of Popularity | Others,%,18.6575506697117
2016,AFRICA,South Africa (Rep of),Shopping Items Purchased in terms of Amount spent | Fashion and Accessories,%,66.64931096797258
2016,AFRICA,South Africa (Rep of),"Shopping Items Purchased in terms of Amount spent | Cosmetics, Perfumes & Toiletries and Healthcare & Wellness Products",%,9.71913783581986
2016,AFRICA,South Africa (Rep of),Shopping Items Purchased in terms of Amount spent | Confectionery and Food Items,%,6.201160183027111
2016,AFRICA,South Africa (Rep of),Shopping Items Purchased in terms of Amount spent | Souvenirs and Gifts,%,8.34005655670189
2016,AFRICA,South Africa (Rep of),Shopping Items Purchased in terms of Amount spent | Genuine Jewellery,%,1.77087137447394
2016,AFRICA,South Africa (Rep of),Shopping Items Purchased in terms of Amount spent | Consumer Tech,%,1.306960626607153
2016,AFRICA,South Africa (Rep of),Shopping Items Purchased in terms of Amount spent | Watches and Clocks,%,1.965807215828087
2016,AFRICA,South Africa (Rep of),Shopping Items Purchased in terms of Amount spent | Others,%,4.046695239569353
2016,REMAINING,Others,Shopping Items Purchased in terms of Popularity | Fashion and Accessories,%,58.85482007267633
2016,REMAINING,Others,"Shopping Items Purchased in terms of Popularity | Cosmetics, Perfumes & Toiletries and Healthcare & Wellness Products",%,34.57459568685549
2016,REMAINING,Others,Shopping Items Purchased in terms of Popularity | Confectionery and Food Items,%,35.09348423001778
2016,REMAINING,Others,Shopping Items Purchased in terms of Popularity | Souvenirs and Gifts,%,57.9199520971263
2016,REMAINING,Others,Shopping Items Purchased in terms of Popularity | Genuine Jewellery,%,5.800211974604891
2016,REMAINING,Others,Shopping Items Purchased in terms of Popularity | Consumer Tech,%,9.286211671477508
2016,REMAINING,Others,Shopping Items Purchased in terms of Popularity | Watches and Clocks,%,7.755235397981321
2016,REMAINING,Others,Shopping Items Purchased in terms of Popularity | Others,%,18.28255619640715
2016,REMAINING,Others,Shopping Items Purchased in terms of Amount spent | Fashion and Accessories,%,37.80879689877079
2016,REMAINING,Others,"Shopping Items Purchased in terms of Amount spent | Cosmetics, Perfumes & Toiletries and Healthcare & Wellness Products",%,13.76183225953628
2016,REMAINING,Others,Shopping Items Purchased in terms of Amount spent | Confectionery and Food Items,%,6.658045473750938
2016,REMAINING,Others,Shopping Items Purchased in terms of Amount spent | Souvenirs and Gifts,%,14.924475051291
2016,REMAINING,Others,Shopping Items Purchased in terms of Amount spent | Genuine Jewellery,%,9.806275454214472
2016,REMAINING,Others,Shopping Items Purchased in terms of Amount spent | Consumer Tech,%,7.317215045637935
2016,REMAINING,Others,Shopping Items Purchased in terms of Amount spent | Watches and Clocks,%,3.386850257170226
2016,REMAINING,Others,Shopping Items Purchased in terms of Amount spent | Others,%,6.336509559619663
2015,SOUTHEAST ASIA,Indonesia,Shopping Items Purchased in terms of Popularity | Fashion and Accessories,%,52.16718496101505
2015,SOUTHEAST ASIA,Indonesia,"Shopping Items Purchased in terms of Popularity | Cosmetics, Perfumes & Toiletries and Healthcare & Wellness Products",%,19.78019748559558
2015,SOUTHEAST ASIA,Indonesia,Shopping Items Purchased in terms of Popularity | Confectionery and Food Items,%,54.59854664256914
2015,SOUTHEAST ASIA,Indonesia,Shopping Items Purchased in terms of Popularity | Souvenirs and Gifts,%,17.70747909576179
2015,SOUTHEAST ASIA,Indonesia,Shopping Items Purchased in terms of Popularity | Genuine Jewellery,%,0.5228880700537483
2015,SOUTHEAST ASIA,Indonesia,Shopping Items Purchased in terms of Popularity | Consumer Tech,%,5.617743959946441
2015,SOUTHEAST ASIA,Indonesia,Shopping Items Purchased in terms of Popularity | Watches and Clocks,%,2.415156524943106
2015,SOUTHEAST ASIA,Indonesia,Shopping Items Purchased in terms of Popularity | Others,%,12.32029790613934
2015,SOUTHEAST ASIA,Indonesia,Shopping Items Purchased in terms of Amount spent | Fashion and Accessories,%,46.51910053911602
2015,SOUTHEAST ASIA,Indonesia,"Shopping Items Purchased in terms of Amount spent | Cosmetics, Perfumes & Toiletries and Healthcare & Wellness Products",%,13.21675596739369
2015,SOUTHEAST ASIA,Indonesia,Shopping Items Purchased in terms of Amount spent | Confectionery and Food Items,%,16.31552954040893
2015,SOUTHEAST ASIA,Indonesia,Shopping Items Purchased in terms of Amount spent | Souvenirs and Gifts,%,4.725796947136855
2015,SOUTHEAST ASIA,Indonesia,Shopping Items Purchased in terms of Amount spent | Genuine Jewellery,%,1.755590628250709
2015,SOUTHEAST ASIA,Indonesia,Shopping Items Purchased in terms of Amount spent | Consumer Tech,%,9.096941729166076
2015,SOUTHEAST ASIA,Indonesia,Shopping Items Purchased in terms of Amount spent | Watches and Clocks,%,3.240836643992526
2015,SOUTHEAST ASIA,Indonesia,Shopping Items Purchased in terms of Amount spent | Others,%,5.129448004488521
2015,SOUTHEAST ASIA,Malaysia,Shopping Items Purchased in terms of Popularity | Fashion and Accessories,%,39.0880386447294
2015,SOUTHEAST ASIA,Malaysia,"Shopping Items Purchased in terms of Popularity | Cosmetics, Perfumes & Toiletries and Healthcare & Wellness Products",%,14.8738207590427
2015,SOUTHEAST ASIA,Malaysia,Shopping Items Purchased in terms of Popularity | Confectionery and Food Items,%,44.73538000384123
2015,SOUTHEAST ASIA,Malaysia,Shopping Items Purchased in terms of Popularity | Souvenirs and Gifts,%,14.52863189830365
2015,SOUTHEAST ASIA,Malaysia,Shopping Items Purchased in terms of Popularity | Consumer Tech,%,6.586494089859874
2015,SOUTHEAST ASIA,Malaysia,Shopping Items Purchased in terms of Popularity | Watches and Clocks,%,1.701499946971118
2015,SOUTHEAST ASIA,Malaysia,Shopping Items Purchased in terms of Popularity | Others,%,10.99868384504069
2015,SOUTHEAST ASIA,Malaysia,Shopping Items Purchased in terms of Amount spent | Fashion and Accessories,%,46.73058271038006
2015,SOUTHEAST ASIA,Malaysia,"Shopping Items Purchased in terms of Amount spent | Cosmetics, Perfumes & Toiletries and Healthcare & Wellness Products",%,8.965611295982658
2015,SOUTHEAST ASIA,Malaysia,Shopping Items Purchased in terms of Amount spent | Confectionery and Food Items,%,12.18847109082589
2015,SOUTHEAST ASIA,Malaysia,Shopping Items Purchased in terms of Amount spent | Souvenirs and Gifts,%,4.310169956705382
2015,SOUTHEAST ASIA,Malaysia,Shopping Items Purchased in terms of Amount spent | Consumer Tech,%,4.430536283998023
2015,SOUTHEAST ASIA,Malaysia,Shopping Items Purchased in terms of Amount spent | Watches and Clocks,%,16.60722516263607
2015,SOUTHEAST ASIA,Malaysia,Shopping Items Purchased in terms of Amount spent | Others,%,6.767403499403207
2015,SOUTHEAST ASIA,Philippines,Shopping Items Purchased in terms of Popularity | Fashion and Accessories,%,50.03962123396578
2015,SOUTHEAST ASIA,Philippines,"Shopping Items Purchased in terms of Popularity | Cosmetics, Perfumes & Toiletries and Healthcare & Wellness Products",%,14.13735605625991
2015,SOUTHEAST ASIA,Philippines,Shopping Items Purchased in terms of Popularity | Confectionery and Food Items,%,55.56033101207245
2015,SOUTHEAST ASIA,Philippines,Shopping Items Purchased in terms of Popularity | Souvenirs and Gifts,%,30.25739854195092
2015,SOUTHEAST ASIA,Philippines,Shopping Items Purchased in terms of Popularity | Genuine Jewellery,%,2.038768071284766
2015,SOUTHEAST ASIA,Philippines,Shopping Items Purchased in terms of Popularity | Consumer Tech,%,7.848238269180944
2015,SOUTHEAST ASIA,Philippines,Shopping Items Purchased in terms of Popularity | Watches and Clocks,%,2.189873832806286
2015,SOUTHEAST ASIA,Philippines,Shopping Items Purchased in terms of Popularity | Others,%,4.501651571182662
2015,SOUTHEAST ASIA,Philippines,Shopping Items Purchased in terms of Amount spent | Fashion and Accessories,%,44.56240019534172
2015,SOUTHEAST ASIA,Philippines,"Shopping Items Purchased in terms of Amount spent | Cosmetics, Perfumes & Toiletries and Healthcare & Wellness Products",%,10.04126294041531
2015,SOUTHEAST ASIA,Philippines,Shopping Items Purchased in terms of Amount spent | Confectionery and Food Items,%,17.390284728981
2015,SOUTHEAST ASIA,Philippines,Shopping Items Purchased in terms of Amount spent | Souvenirs and Gifts,%,6.786645642159493
2015,SOUTHEAST ASIA,Philippines,Shopping Items Purchased in terms of Amount spent | Genuine Jewellery,%,3.019670740241143
2015,SOUTHEAST ASIA,Philippines,Shopping Items Purchased in terms of Amount spent | Consumer Tech,%,12.38031746463952
2015,SOUTHEAST ASIA,Philippines,Shopping Items Purchased in terms of Amount spent | Watches and Clocks,%,4.162889857120011
2015,SOUTHEAST ASIA,Philippines,Shopping Items Purchased in terms of Amount spent | Others,%,1.656528431271253
2015,SOUTHEAST ASIA,Thailand,Shopping Items Purchased in terms of Popularity | Fashion and Accessories,%,44.00290779185474
2015,SOUTHEAST ASIA,Thailand,"Shopping Items Purchased in terms of Popularity | Cosmetics, Perfumes & Toiletries and Healthcare & Wellness Products",%,23.5148177250209
2015,SOUTHEAST ASIA,Thailand,Shopping Items Purchased in terms of Popularity | Confectionery and Food Items,%,45.16708789356116
2015,SOUTHEAST ASIA,Thailand,Shopping Items Purchased in terms of Popularity | Souvenirs and Gifts,%,21.46369281994638
2015,SOUTHEAST ASIA,Thailand,Shopping Items Purchased in terms of Popularity | Genuine Jewellery,%,1.085363644592019
2015,SOUTHEAST ASIA,Thailand,Shopping Items Purchased in terms of Popularity | Consumer Tech,%,8.859008247347381
2015,SOUTHEAST ASIA,Thailand,Shopping Items Purchased in terms of Popularity | Watches and Clocks,%,1.154230406562827
2015,SOUTHEAST ASIA,Thailand,Shopping Items Purchased in terms of Popularity | Others,%,14.89646832535541
2015,SOUTHEAST ASIA,Thailand,Shopping Items Purchased in terms of Amount spent | Fashion and Accessories,%,46.08978230527677
2015,SOUTHEAST ASIA,Thailand,"Shopping Items Purchased in terms of Amount spent | Cosmetics, Perfumes & Toiletries and Healthcare & Wellness Products",%,16.23536080631438
2015,SOUTHEAST ASIA,Thailand,Shopping Items Purchased in terms of Amount spent | Confectionery and Food Items,%,13.34298542734622
2015,SOUTHEAST ASIA,Thailand,Shopping Items Purchased in terms of Amount spent | Souvenirs and Gifts,%,4.81756275258357
2015,SOUTHEAST ASIA,Thailand,Shopping Items Purchased in terms of Amount spent | Genuine Jewellery,%,1.570637223806502
2015,SOUTHEAST ASIA,Thailand,Shopping Items Purchased in terms of Amount spent | Consumer Tech,%,10.58063460231668
2015,SOUTHEAST ASIA,Thailand,Shopping Items Purchased in terms of Amount spent | Watches and Clocks,%,1.316629724582885
2015,SOUTHEAST ASIA,Thailand,Shopping Items Purchased in terms of Amount spent | Others,%,6.046407157905795
2015,SOUTHEAST ASIA,Vietnam,Shopping Items Purchased in terms of Popularity | Fashion and Accessories,%,50.45854686994416
2015,SOUTHEAST ASIA,Vietnam,"Shopping Items Purchased in terms of Popularity | Cosmetics, Perfumes & Toiletries and Healthcare & Wellness Products",%,38.57938003361285
2015,SOUTHEAST ASIA,Vietnam,Shopping Items Purchased in terms of Popularity | Confectionery and Food Items,%,51.68539579650923
2015,SOUTHEAST ASIA,Vietnam,Shopping Items Purchased in terms of Popularity | Souvenirs and Gifts,%,20.11479743078641
2015,SOUTHEAST ASIA,Vietnam,Shopping Items Purchased in terms of Popularity | Genuine Jewellery,%,1.055844933495144
2015,SOUTHEAST ASIA,Vietnam,Shopping Items Purchased in terms of Popularity | Consumer Tech,%,5.917793097174935
2015,SOUTHEAST ASIA,Vietnam,Shopping Items Purchased in terms of Popularity | Watches and Clocks,%,1.132330363033859
2015,SOUTHEAST ASIA,Vietnam,Shopping Items Purchased in terms of Popularity | Others,%,19.14176239799764
2015,SOUTHEAST ASIA,Vietnam,Shopping Items Purchased in terms of Amount spent | Fashion and Accessories,%,47.10622464612166
2015,SOUTHEAST ASIA,Vietnam,"Shopping Items Purchased in terms of Amount spent | Cosmetics, Perfumes & Toiletries and Healthcare & Wellness Products",%,20.2938167879648
2015,SOUTHEAST ASIA,Vietnam,Shopping Items Purchased in terms of Amount spent | Confectionery and Food Items,%,10.32389260429881
2015,SOUTHEAST ASIA,Vietnam,Shopping Items Purchased in terms of Amount spent | Souvenirs and Gifts,%,4.02903997793685
2015,SOUTHEAST ASIA,Vietnam,Shopping Items Purchased in terms of Amount spent | Genuine Jewellery,%,2.653384848415934
2015,SOUTHEAST ASIA,Vietnam,Shopping Items Purchased in terms of Amount spent | Consumer Tech,%,4.624345764363688
2015,SOUTHEAST ASIA,Vietnam,Shopping Items Purchased in terms of Amount spent | Watches and Clocks,%,1.086689077579015
2015,SOUTHEAST ASIA,Vietnam,Shopping Items Purchased in terms of Amount spent | Others,%,9.882606292763228
2015,GREATER CHINA,China,Shopping Items Purchased in terms of Popularity | Fashion and Accessories,%,36.52464690826267
2015,GREATER CHINA,China,"Shopping Items Purchased in terms of Popularity | Cosmetics, Perfumes & Toiletries and Healthcare & Wellness Products",%,43.71704410062375
2015,GREATER CHINA,China,Shopping Items Purchased in terms of Popularity | Confectionery and Food Items,%,43.89996264208519
2015,GREATER CHINA,China,Shopping Items Purchased in terms of Popularity | Souvenirs and Gifts,%,16.51859162865831
2015,GREATER CHINA,China,Shopping Items Purchased in terms of Popularity | Genuine Jewellery,%,2.614034187873524
2015,GREATER CHINA,China,Shopping Items Purchased in terms of Popularity | Consumer Tech,%,3.197980259128089
2015,GREATER CHINA,China,Shopping Items Purchased in terms of Popularity | Watches and Clocks,%,3.874597324465319
2015,GREATER CHINA,China,Shopping Items Purchased in terms of Popularity | Others,%,22.6524436572068
2015,GREATER CHINA,China,Shopping Items Purchased in terms of Amount spent | Fashion and Accessories,%,37.32704042854031
2015,GREATER CHINA,China,"Shopping Items Purchased in terms of Amount spent | Cosmetics, Perfumes & Toiletries and Healthcare & Wellness Products",%,21.57168265440781
2015,GREATER CHINA,China,Shopping Items Purchased in terms of Amount spent | Confectionery and Food Items,%,7.667911070961671
2015,GREATER CHINA,China,Shopping Items Purchased in terms of Amount spent | Souvenirs and Gifts,%,2.38638935976706
2015,GREATER CHINA,China,Shopping Items Purchased in terms of Amount spent | Genuine Jewellery,%,5.839489687038782
2015,GREATER CHINA,China,Shopping Items Purchased in terms of Amount spent | Consumer Tech,%,4.052850091548529
2015,GREATER CHINA,China,Shopping Items Purchased in terms of Amount spent | Watches and Clocks,%,11.65845016489958
2015,GREATER CHINA,China,Shopping Items Purchased in terms of Amount spent | Others,%,9.496186543323702
2015,GREATER CHINA,Hong Kong SAR,Shopping Items Purchased in terms of Popularity | Fashion and Accessories,%,23.70999398952014
2015,GREATER CHINA,Hong Kong SAR,"Shopping Items Purchased in terms of Popularity | Cosmetics, Perfumes & Toiletries and Healthcare & Wellness Products",%,15.05579336228015
2015,GREATER CHINA,Hong Kong SAR,Shopping Items Purchased in terms of Popularity | Confectionery and Food Items,%,80.23587562883327
2015,GREATER CHINA,Hong Kong SAR,Shopping Items Purchased in terms of Popularity | Souvenirs and Gifts,%,17.90503439743135
2015,GREATER CHINA,Hong Kong SAR,Shopping Items Purchased in terms of Popularity | Consumer Tech,%,2.493368486568233
2015,GREATER CHINA,Hong Kong SAR,Shopping Items Purchased in terms of Popularity | Others,%,5.720315174131354
2015,GREATER CHINA,Hong Kong SAR,Shopping Items Purchased in terms of Amount spent | Fashion and Accessories,%,34.52707881417835
2015,GREATER CHINA,Hong Kong SAR,"Shopping Items Purchased in terms of Amount spent | Cosmetics, Perfumes & Toiletries and Healthcare & Wellness Products",%,9.138491070718324
2015,GREATER CHINA,Hong Kong SAR,Shopping Items Purchased in terms of Amount spent | Confectionery and Food Items,%,38.24160729340531
2015,GREATER CHINA,Hong Kong SAR,Shopping Items Purchased in terms of Amount spent | Souvenirs and Gifts,%,7.754415261594606
2015,GREATER CHINA,Hong Kong SAR,Shopping Items Purchased in terms of Amount spent | Genuine Jewellery,%,0.1841941833213761
2015,GREATER CHINA,Hong Kong SAR,Shopping Items Purchased in terms of Amount spent | Consumer Tech,%,2.741367117396186
2015,GREATER CHINA,Hong Kong SAR,Shopping Items Purchased in terms of Amount spent | Watches and Clocks,%,0.0121023950017621
2015,GREATER CHINA,Hong Kong SAR,Shopping Items Purchased in terms of Amount spent | Others,%,7.400743863265925
2015,GREATER CHINA,Taiwan,Shopping Items Purchased in terms of Popularity | Fashion and Accessories,%,30.74925227947895
2015,GREATER CHINA,Taiwan,"Shopping Items Purchased in terms of Popularity | Cosmetics, Perfumes & Toiletries and Healthcare & Wellness Products",%,18.98718706134472
2015,GREATER CHINA,Taiwan,Shopping Items Purchased in terms of Popularity | Confectionery and Food Items,%,70.04534144094745
2015,GREATER CHINA,Taiwan,Shopping Items Purchased in terms of Popularity | Souvenirs and Gifts,%,34.81483568746649
2015,GREATER CHINA,Taiwan,Shopping Items Purchased in terms of Popularity | Genuine Jewellery,%,0.613728091841015
2015,GREATER CHINA,Taiwan,Shopping Items Purchased in terms of Popularity | Consumer Tech,%,2.929697409037087
2015,GREATER CHINA,Taiwan,Shopping Items Purchased in terms of Popularity | Watches and Clocks,%,0.5401403094991692
2015,GREATER CHINA,Taiwan,Shopping Items Purchased in terms of Popularity | Others,%,10.78349595783889
2015,GREATER CHINA,Taiwan,Shopping Items Purchased in terms of Amount spent | Fashion and Accessories,%,38.68455349857089
2015,GREATER CHINA,Taiwan,"Shopping Items Purchased in terms of Amount spent | Cosmetics, Perfumes & Toiletries and Healthcare & Wellness Products",%,9.572635422352642
2015,GREATER CHINA,Taiwan,Shopping Items Purchased in terms of Amount spent | Confectionery and Food Items,%,30.59637150447963
2015,GREATER CHINA,Taiwan,Shopping Items Purchased in terms of Amount spent | Souvenirs and Gifts,%,11.94307713129362
2015,GREATER CHINA,Taiwan,Shopping Items Purchased in terms of Amount spent | Genuine Jewellery,%,1.15741918156542
2015,GREATER CHINA,Taiwan,Shopping Items Purchased in terms of Amount spent | Consumer Tech,%,1.164287794104831
2015,GREATER CHINA,Taiwan,Shopping Items Purchased in terms of Amount spent | Watches and Clocks,%,0.1183968640424292
2015,GREATER CHINA,Taiwan,Shopping Items Purchased in terms of Amount spent | Others,%,6.763258603725243
2015,NORTH ASIA,Japan,Shopping Items Purchased in terms of Popularity | Fashion and Accessories,%,9.621322174706007
2015,NORTH ASIA,Japan,"Shopping Items Purchased in terms of Popularity | Cosmetics, Perfumes & Toiletries and Healthcare & Wellness Products",%,3.9838489213041
2015,NORTH ASIA,Japan,Shopping Items Purchased in terms of Popularity | Confectionery and Food Items,%,18.85386789722053
2015,NORTH ASIA,Japan,Shopping Items Purchased in terms of Popularity | Souvenirs and Gifts,%,79.67933052694897
2015,NORTH ASIA,Japan,Shopping Items Purchased in terms of Popularity | Consumer Tech,%,0.7171184581651942
2015,NORTH ASIA,Japan,Shopping Items Purchased in terms of Popularity | Others,%,3.736401664068192
2015,NORTH ASIA,Japan,Shopping Items Purchased in terms of Amount spent | Fashion and Accessories,%,13.07287133752032
2015,NORTH ASIA,Japan,"Shopping Items Purchased in terms of Amount spent | Cosmetics, Perfumes & Toiletries and Healthcare & Wellness Products",%,2.625712021865053
2015,NORTH ASIA,Japan,Shopping Items Purchased in terms of Amount spent | Confectionery and Food Items,%,6.8518484312936
2015,NORTH ASIA,Japan,Shopping Items Purchased in terms of Amount spent | Souvenirs and Gifts,%,70.8734879782579
2015,NORTH ASIA,Japan,Shopping Items Purchased in terms of Amount spent | Genuine Jewellery,%,1.281246750673688
2015,NORTH ASIA,Japan,Shopping Items Purchased in terms of Amount spent | Consumer Tech,%,0.8683929684944188
2015,NORTH ASIA,Japan,Shopping Items Purchased in terms of Amount spent | Watches and Clocks,%,1.470509803101584
2015,NORTH ASIA,Japan,Shopping Items Purchased in terms of Amount spent | Others,%,2.955930708855168
2015,NORTH ASIA,South Korea,Shopping Items Purchased in terms of Popularity | Fashion and Accessories,%,35.70239032254496
2015,NORTH ASIA,South Korea,"Shopping Items Purchased in terms of Popularity | Cosmetics, Perfumes & Toiletries and Healthcare & Wellness Products",%,25.5482698804073
2015,NORTH ASIA,South Korea,Shopping Items Purchased in terms of Popularity | Confectionery and Food Items,%,47.39922062763333
2015,NORTH ASIA,South Korea,Shopping Items Purchased in terms of Popularity | Souvenirs and Gifts,%,25.7350364421216
2015,NORTH ASIA,South Korea,Shopping Items Purchased in terms of Popularity | Genuine Jewellery,%,0.6228436769737555
2015,NORTH ASIA,South Korea,Shopping Items Purchased in terms of Popularity | Consumer Tech,%,1.798553308632444
2015,NORTH ASIA,South Korea,Shopping Items Purchased in terms of Popularity | Watches and Clocks,%,2.76209561353237
2015,NORTH ASIA,South Korea,Shopping Items Purchased in terms of Popularity | Others,%,14.81300744153567
2015,NORTH ASIA,South Korea,Shopping Items Purchased in terms of Amount spent | Fashion and Accessories,%,43.21891555396509
2015,NORTH ASIA,South Korea,"Shopping Items Purchased in terms of Amount spent | Cosmetics, Perfumes & Toiletries and Healthcare & Wellness Products",%,18.93792416996864
2015,NORTH ASIA,South Korea,Shopping Items Purchased in terms of Amount spent | Confectionery and Food Items,%,20.03086012830725
2015,NORTH ASIA,South Korea,Shopping Items Purchased in terms of Amount spent | Souvenirs and Gifts,%,7.032574427200375
2015,NORTH ASIA,South Korea,Shopping Items Purchased in terms of Amount spent | Genuine Jewellery,%,0.7236026392823159
2015,NORTH ASIA,South Korea,Shopping Items Purchased in terms of Amount spent | Consumer Tech,%,1.720483537009695
2015,NORTH ASIA,South Korea,Shopping Items Purchased in terms of Amount spent | Watches and Clocks,%,0.956131801091724
2015,NORTH ASIA,South Korea,Shopping Items Purchased in terms of Amount spent | Others,%,7.379507743342437
2015,SOUTH ASIA,India,Shopping Items Purchased in terms of Popularity | Fashion and Accessories,%,36.24991012451944
2015,SOUTH ASIA,India,"Shopping Items Purchased in terms of Popularity | Cosmetics, Perfumes & Toiletries and Healthcare & Wellness Products",%,15.95558858315994
2015,SOUTH ASIA,India,Shopping Items Purchased in terms of Popularity | Confectionery and Food Items,%,51.09107784463044
2015,SOUTH ASIA,India,Shopping Items Purchased in terms of Popularity | Souvenirs and Gifts,%,25.3873246159223
2015,SOUTH ASIA,India,Shopping Items Purchased in terms of Popularity | Genuine Jewellery,%,4.70485115708386
2015,SOUTH ASIA,India,Shopping Items Purchased in terms of Popularity | Consumer Tech,%,9.87975061104841
2015,SOUTH ASIA,India,Shopping Items Purchased in terms of Popularity | Watches and Clocks,%,4.224204949485708
2015,SOUTH ASIA,India,Shopping Items Purchased in terms of Popularity | Others,%,15.8435795498775
2015,SOUTH ASIA,India,Shopping Items Purchased in terms of Amount spent | Fashion and Accessories,%,28.98412553848331
2015,SOUTH ASIA,India,"Shopping Items Purchased in terms of Amount spent | Cosmetics, Perfumes & Toiletries and Healthcare & Wellness Products",%,8.435299946483498
2015,SOUTH ASIA,India,Shopping Items Purchased in terms of Amount spent | Confectionery and Food Items,%,12.08466397977107
2015,SOUTH ASIA,India,Shopping Items Purchased in terms of Amount spent | Souvenirs and Gifts,%,5.490253979493613
2015,SOUTH ASIA,India,Shopping Items Purchased in terms of Amount spent | Genuine Jewellery,%,18.08977863176468
2015,SOUTH ASIA,India,Shopping Items Purchased in terms of Amount spent | Consumer Tech,%,18.54740273138638
2015,SOUTH ASIA,India,Shopping Items Purchased in terms of Amount spent | Watches and Clocks,%,1.781009578014325
2015,SOUTH ASIA,India,Shopping Items Purchased in terms of Amount spent | Others,%,6.587465614506399
2015,EUROPE,France,Shopping Items Purchased in terms of Popularity | Fashion and Accessories,%,57.58097037424272
2015,EUROPE,France,"Shopping Items Purchased in terms of Popularity | Cosmetics, Perfumes & Toiletries and Healthcare & Wellness Products",%,10.98288650761847
2015,EUROPE,France,Shopping Items Purchased in terms of Popularity | Confectionery and Food Items,%,17.7590091917062
2015,EUROPE,France,Shopping Items Purchased in terms of Popularity | Souvenirs and Gifts,%,37.91801769634564
2015,EUROPE,France,Shopping Items Purchased in terms of Popularity | Genuine Jewellery,%,1.666674100961377
2015,EUROPE,France,Shopping Items Purchased in terms of Popularity | Consumer Tech,%,12.99339262705064
2015,EUROPE,France,Shopping Items Purchased in terms of Popularity | Others,%,11.24602115345169
2015,EUROPE,France,Shopping Items Purchased in terms of Amount spent | Fashion and Accessories,%,37.51651221097151
2015,EUROPE,France,"Shopping Items Purchased in terms of Amount spent | Cosmetics, Perfumes & Toiletries and Healthcare & Wellness Products",%,4.49923955139989
2015,EUROPE,France,Shopping Items Purchased in terms of Amount spent | Confectionery and Food Items,%,7.596246455901852
2015,EUROPE,France,Shopping Items Purchased in terms of Amount spent | Souvenirs and Gifts,%,9.559026589663109
2015,EUROPE,France,Shopping Items Purchased in terms of Amount spent | Genuine Jewellery,%,3.358074785631568
2015,EUROPE,France,Shopping Items Purchased in terms of Amount spent | Consumer Tech,%,29.43004487199666
2015,EUROPE,France,Shopping Items Purchased in terms of Amount spent | Watches and Clocks,%,0.5609997123305501
2015,EUROPE,France,Shopping Items Purchased in terms of Amount spent | Others,%,7.479855824749799
2015,EUROPE,Germany,Shopping Items Purchased in terms of Popularity | Fashion and Accessories,%,58.50028530527175
2015,EUROPE,Germany,"Shopping Items Purchased in terms of Popularity | Cosmetics, Perfumes & Toiletries and Healthcare & Wellness Products",%,7.236199671902102
2015,EUROPE,Germany,Shopping Items Purchased in terms of Popularity | Confectionery and Food Items,%,6.140623098629596
2015,EUROPE,Germany,Shopping Items Purchased in terms of Popularity | Souvenirs and Gifts,%,32.23619888878647
2015,EUROPE,Germany,Shopping Items Purchased in terms of Popularity | Genuine Jewellery,%,1.426668987344026
2015,EUROPE,Germany,Shopping Items Purchased in terms of Popularity | Consumer Tech,%,9.751825545998868
2015,EUROPE,Germany,Shopping Items Purchased in terms of Popularity | Others,%,9.656043582793446
2015,EUROPE,Germany,Shopping Items Purchased in terms of Amount spent | Fashion and Accessories,%,31.86261199453075
2015,EUROPE,Germany,"Shopping Items Purchased in terms of Amount spent | Cosmetics, Perfumes & Toiletries and Healthcare & Wellness Products",%,3.397135113792666
2015,EUROPE,Germany,Shopping Items Purchased in terms of Amount spent | Confectionery and Food Items,%,1.593217864177666
2015,EUROPE,Germany,Shopping Items Purchased in terms of Amount spent | Souvenirs and Gifts,%,6.134239330150437
2015,EUROPE,Germany,Shopping Items Purchased in terms of Amount spent | Genuine Jewellery,%,47.19558365844883
2015,EUROPE,Germany,Shopping Items Purchased in terms of Amount spent | Consumer Tech,%,7.244524169443265
2015,EUROPE,Germany,Shopping Items Purchased in terms of Amount spent | Others,%,2.57268786945638
2015,EUROPE,Italy,Shopping Items Purchased in terms of Popularity | Fashion and Accessories,%,38.54060872796502
2015,EUROPE,Italy,"Shopping Items Purchased in terms of Popularity | Cosmetics, Perfumes & Toiletries and Healthcare & Wellness Products",%,14.347135053185
2015,EUROPE,Italy,Shopping Items Purchased in terms of Popularity | Confectionery and Food Items,%,15.22803182693051
2015,EUROPE,Italy,Shopping Items Purchased in terms of Popularity | Souvenirs and Gifts,%,61.93129871646249
2015,EUROPE,Italy,Shopping Items Purchased in terms of Popularity | Genuine Jewellery,%,1.239581479152523
2015,EUROPE,Italy,Shopping Items Purchased in terms of Popularity | Consumer Tech,%,14.06223021087049
2015,EUROPE,Italy,Shopping Items Purchased in terms of Popularity | Others,%,2.986304951009856
2015,EUROPE,Italy,Shopping Items Purchased in terms of Amount spent | Fashion and Accessories,%,44.47856324676766
2015,EUROPE,Italy,"Shopping Items Purchased in terms of Amount spent | Cosmetics, Perfumes & Toiletries and Healthcare & Wellness Products",%,10.87648831772711
2015,EUROPE,Italy,Shopping Items Purchased in terms of Amount spent | Confectionery and Food Items,%,5.947552180087923
2015,EUROPE,Italy,Shopping Items Purchased in terms of Amount spent | Souvenirs and Gifts,%,21.24697179722845
2015,EUROPE,Italy,Shopping Items Purchased in terms of Amount spent | Genuine Jewellery,%,5.401150509339108
2015,EUROPE,Italy,Shopping Items Purchased in terms of Amount spent | Consumer Tech,%,10.75318594515697
2015,EUROPE,Italy,Shopping Items Purchased in terms of Amount spent | Others,%,1.296088003692799
2015,EUROPE,Netherlands,Shopping Items Purchased in terms of Popularity | Fashion and Accessories,%,40.8384429541734
2015,EUROPE,Netherlands,"Shopping Items Purchased in terms of Popularity | Cosmetics, Perfumes & Toiletries and Healthcare & Wellness Products",%,13.21553239142157
2015,EUROPE,Netherlands,Shopping Items Purchased in terms of Popularity | Confectionery and Food Items,%,16.46519138955112
2015,EUROPE,Netherlands,Shopping Items Purchased in terms of Popularity | Souvenirs and Gifts,%,42.71929461130891
2015,EUROPE,Netherlands,Shopping Items Purchased in terms of Popularity | Consumer Tech,%,7.202360271526852
2015,EUROPE,Netherlands,Shopping Items Purchased in terms of Popularity | Others,%,12.88452664636882
2015,EUROPE,Netherlands,Shopping Items Purchased in terms of Amount spent | Fashion and Accessories,%,23.73726309222576
2015,EUROPE,Netherlands,"Shopping Items Purchased in terms of Amount spent | Cosmetics, Perfumes & Toiletries and Healthcare & Wellness Products",%,22.26260839002965
2015,EUROPE,Netherlands,Shopping Items Purchased in terms of Amount spent | Confectionery and Food Items,%,8.05394795584343
2015,EUROPE,Netherlands,Shopping Items Purchased in terms of Amount spent | Souvenirs and Gifts,%,22.26962095374101
2015,EUROPE,Netherlands,Shopping Items Purchased in terms of Amount spent | Consumer Tech,%,17.42461147322527
2015,EUROPE,Netherlands,Shopping Items Purchased in terms of Amount spent | Others,%,6.251948134138373
2015,EUROPE,Switzerland,Shopping Items Purchased in terms of Popularity | Fashion and Accessories,%,62.20486509619119
2015,EUROPE,Switzerland,"Shopping Items Purchased in terms of Popularity | Cosmetics, Perfumes & Toiletries and Healthcare & Wellness Products",%,11.11413434965064
2015,EUROPE,Switzerland,Shopping Items Purchased in terms of Popularity | Confectionery and Food Items,%,9.352692141912936
2015,EUROPE,Switzerland,Shopping Items Purchased in terms of Popularity | Souvenirs and Gifts,%,42.10126473569657
2015,EUROPE,Switzerland,Shopping Items Purchased in terms of Popularity | Genuine Jewellery,%,1.782690273975596
2015,EUROPE,Switzerland,Shopping Items Purchased in terms of Popularity | Consumer Tech,%,10.09346636045707
2015,EUROPE,Switzerland,Shopping Items Purchased in terms of Popularity | Watches and Clocks,%,2.235203471261794
2015,EUROPE,Switzerland,Shopping Items Purchased in terms of Popularity | Others,%,4.790274455340801
2015,EUROPE,Switzerland,Shopping Items Purchased in terms of Amount spent | Fashion and Accessories,%,64.71373009015065
2015,EUROPE,Switzerland,"Shopping Items Purchased in terms of Amount spent | Cosmetics, Perfumes & Toiletries and Healthcare & Wellness Products",%,2.627877142608922
2015,EUROPE,Switzerland,Shopping Items Purchased in terms of Amount spent | Confectionery and Food Items,%,1.917676589622197
2015,EUROPE,Switzerland,Shopping Items Purchased in terms of Amount spent | Souvenirs and Gifts,%,8.906681540285254
2015,EUROPE,Switzerland,Shopping Items Purchased in terms of Amount spent | Genuine Jewellery,%,13.17875815899911
2015,EUROPE,Switzerland,Shopping Items Purchased in terms of Amount spent | Consumer Tech,%,6.037015268217711
2015,EUROPE,Switzerland,Shopping Items Purchased in terms of Amount spent | Watches and Clocks,%,0.8529000748549412
2015,EUROPE,Switzerland,Shopping Items Purchased in terms of Amount spent | Others,%,1.765361137370682
2015,EUROPE,UK,Shopping Items Purchased in terms of Popularity | Fashion and Accessories,%,42.24723429435269
2015,EUROPE,UK,"Shopping Items Purchased in terms of Popularity | Cosmetics, Perfumes & Toiletries and Healthcare & Wellness Products",%,11.53693220567633
2015,EUROPE,UK,Shopping Items Purchased in terms of Popularity | Confectionery and Food Items,%,15.36464102855621
2015,EUROPE,UK,Shopping Items Purchased in terms of Popularity | Souvenirs and Gifts,%,36.84921708919394
2015,EUROPE,UK,Shopping Items Purchased in terms of Popularity | Genuine Jewellery,%,3.502322489486405
2015,EUROPE,UK,Shopping Items Purchased in terms of Popularity | Consumer Tech,%,9.802289949349142
2015,EUROPE,UK,Shopping Items Purchased in terms of Popularity | Watches and Clocks,%,1.271394750655683
2015,EUROPE,UK,Shopping Items Purchased in terms of Popularity | Others,%,19.12801495717675
2015,EUROPE,UK,Shopping Items Purchased in terms of Amount spent | Fashion and Accessories,%,34.00247294834887
2015,EUROPE,UK,"Shopping Items Purchased in terms of Amount spent | Cosmetics, Perfumes & Toiletries and Healthcare & Wellness Products",%,8.633502784141593
2015,EUROPE,UK,Shopping Items Purchased in terms of Amount spent | Confectionery and Food Items,%,5.614054735016364
2015,EUROPE,UK,Shopping Items Purchased in terms of Amount spent | Souvenirs and Gifts,%,11.84256009839092
2015,EUROPE,UK,Shopping Items Purchased in terms of Amount spent | Genuine Jewellery,%,12.34093702393909
2015,EUROPE,UK,Shopping Items Purchased in terms of Amount spent | Consumer Tech,%,14.96049284182627
2015,EUROPE,UK,Shopping Items Purchased in terms of Amount spent | Watches and Clocks,%,1.542848235686437
2015,EUROPE,UK,Shopping Items Purchased in terms of Amount spent | Others,%,11.06313133299276
2015,AMERICAS,Canada,Shopping Items Purchased in terms of Popularity | Fashion and Accessories,%,49.50788063551164
2015,AMERICAS,Canada,"Shopping Items Purchased in terms of Popularity | Cosmetics, Perfumes & Toiletries and Healthcare & Wellness Products",%,13.95140385350442
2015,AMERICAS,Canada,Shopping Items Purchased in terms of Popularity | Confectionery and Food Items,%,17.52954901323198
2015,AMERICAS,Canada,Shopping Items Purchased in terms of Popularity | Souvenirs and Gifts,%,38.46494865360491
2015,AMERICAS,Canada,Shopping Items Purchased in terms of Popularity | Genuine Jewellery,%,5.750538715984916
2015,AMERICAS,Canada,Shopping Items Purchased in terms of Popularity | Consumer Tech,%,5.469767930035608
2015,AMERICAS,Canada,Shopping Items Purchased in terms of Popularity | Watches and Clocks,%,2.629539083388919
2015,AMERICAS,Canada,Shopping Items Purchased in terms of Popularity | Others,%,12.10959760165023
2015,AMERICAS,Canada,Shopping Items Purchased in terms of Amount spent | Fashion and Accessories,%,41.15555972935396
2015,AMERICAS,Canada,"Shopping Items Purchased in terms of Amount spent | Cosmetics, Perfumes & Toiletries and Healthcare & Wellness Products",%,13.49786610277223
2015,AMERICAS,Canada,Shopping Items Purchased in terms of Amount spent | Confectionery and Food Items,%,6.164179373020525
2015,AMERICAS,Canada,Shopping Items Purchased in terms of Amount spent | Souvenirs and Gifts,%,12.68247227106673
2015,AMERICAS,Canada,Shopping Items Purchased in terms of Amount spent | Genuine Jewellery,%,9.23666499829393
2015,AMERICAS,Canada,Shopping Items Purchased in terms of Amount spent | Consumer Tech,%,4.618928206350475
2015,AMERICAS,Canada,Shopping Items Purchased in terms of Amount spent | Watches and Clocks,%,0.9664086549947688
2015,AMERICAS,Canada,Shopping Items Purchased in terms of Amount spent | Others,%,11.67792066414737
2015,AMERICAS,USA,Shopping Items Purchased in terms of Popularity | Fashion and Accessories,%,40.56823729033083
2015,AMERICAS,USA,"Shopping Items Purchased in terms of Popularity | Cosmetics, Perfumes & Toiletries and Healthcare & Wellness Products",%,12.13944259821826
2015,AMERICAS,USA,Shopping Items Purchased in terms of Popularity | Confectionery and Food Items,%,19.00520544970968
2015,AMERICAS,USA,Shopping Items Purchased in terms of Popularity | Souvenirs and Gifts,%,44.48467365273421
2015,AMERICAS,USA,Shopping Items Purchased in terms of Popularity | Genuine Jewellery,%,2.892360846213126
2015,AMERICAS,USA,Shopping Items Purchased in terms of Popularity | Consumer Tech,%,6.725840227883001
2015,AMERICAS,USA,Shopping Items Purchased in terms of Popularity | Watches and Clocks,%,1.25294330911497
2015,AMERICAS,USA,Shopping Items Purchased in terms of Popularity | Others,%,9.47972041037815
2015,AMERICAS,USA,Shopping Items Purchased in terms of Amount spent | Fashion and Accessories,%,32.35997612680845
2015,AMERICAS,USA,"Shopping Items Purchased in terms of Amount spent | Cosmetics, Perfumes & Toiletries and Healthcare & Wellness Products",%,5.793303734875263
2015,AMERICAS,USA,Shopping Items Purchased in terms of Amount spent | Confectionery and Food Items,%,5.890117516945385
2015,AMERICAS,USA,Shopping Items Purchased in terms of Amount spent | Souvenirs and Gifts,%,13.76890730913166
2015,AMERICAS,USA,Shopping Items Purchased in terms of Amount spent | Genuine Jewellery,%,7.202287760789966
2015,AMERICAS,USA,Shopping Items Purchased in terms of Amount spent | Consumer Tech,%,7.545807393027093
2015,AMERICAS,USA,Shopping Items Purchased in terms of Amount spent | Watches and Clocks,%,22.44319146105625
2015,AMERICAS,USA,Shopping Items Purchased in terms of Amount spent | Others,%,4.996408697228057
2015,OCEANIA,Australia,Shopping Items Purchased in terms of Popularity | Fashion and Accessories,%,54.8372399638009
2015,OCEANIA,Australia,"Shopping Items Purchased in terms of Popularity | Cosmetics, Perfumes & Toiletries and Healthcare & Wellness Products",%,14.19409683294234
2015,OCEANIA,Australia,Shopping Items Purchased in terms of Popularity | Confectionery and Food Items,%,19.58121651675935
2015,OCEANIA,Australia,Shopping Items Purchased in terms of Popularity | Souvenirs and Gifts,%,36.51202943344349
2015,OCEANIA,Australia,Shopping Items Purchased in terms of Popularity | Genuine Jewellery,%,2.813554024291423
2015,OCEANIA,Australia,Shopping Items Purchased in terms of Popularity | Consumer Tech,%,13.10423309019107
2015,OCEANIA,Australia,Shopping Items Purchased in terms of Popularity | Watches and Clocks,%,2.561435800725905
2015,OCEANIA,Australia,Shopping Items Purchased in terms of Popularity | Others,%,12.394216785215
2015,OCEANIA,Australia,Shopping Items Purchased in terms of Amount spent | Fashion and Accessories,%,46.93819424971451
2015,OCEANIA,Australia,"Shopping Items Purchased in terms of Amount spent | Cosmetics, Perfumes & Toiletries and Healthcare & Wellness Products",%,11.44566479321013
2015,OCEANIA,Australia,Shopping Items Purchased in terms of Amount spent | Confectionery and Food Items,%,4.486651813809901
2015,OCEANIA,Australia,Shopping Items Purchased in terms of Amount spent | Souvenirs and Gifts,%,10.24974211226789
2015,OCEANIA,Australia,Shopping Items Purchased in terms of Amount spent | Genuine Jewellery,%,10.33834366386295
2015,OCEANIA,Australia,Shopping Items Purchased in terms of Amount spent | Consumer Tech,%,8.417553809657656
2015,OCEANIA,Australia,Shopping Items Purchased in terms of Amount spent | Watches and Clocks,%,3.162986854188818
2015,OCEANIA,Australia,Shopping Items Purchased in terms of Amount spent | Others,%,4.960862703165887
2015,OCEANIA,New Zealand,Shopping Items Purchased in terms of Popularity | Fashion and Accessories,%,35.63330871460122
2015,OCEANIA,New Zealand,"Shopping Items Purchased in terms of Popularity | Cosmetics, Perfumes & Toiletries and Healthcare & Wellness Products",%,17.49542285970144
2015,OCEANIA,New Zealand,Shopping Items Purchased in terms of Popularity | Confectionery and Food Items,%,24.69423865360791
2015,OCEANIA,New Zealand,Shopping Items Purchased in terms of Popularity | Souvenirs and Gifts,%,37.11239858827622
2015,OCEANIA,New Zealand,Shopping Items Purchased in terms of Popularity | Genuine Jewellery,%,1.233567118336971
2015,OCEANIA,New Zealand,Shopping Items Purchased in terms of Popularity | Consumer Tech,%,7.336632214425847
2015,OCEANIA,New Zealand,Shopping Items Purchased in terms of Popularity | Watches and Clocks,%,1.408089333156593
2015,OCEANIA,New Zealand,Shopping Items Purchased in terms of Popularity | Others,%,19.88989792351903
2015,OCEANIA,New Zealand,Shopping Items Purchased in terms of Amount spent | Fashion and Accessories,%,37.40796347593825
2015,OCEANIA,New Zealand,"Shopping Items Purchased in terms of Amount spent | Cosmetics, Perfumes & Toiletries and Healthcare & Wellness Products",%,16.17422233829383
2015,OCEANIA,New Zealand,Shopping Items Purchased in terms of Amount spent | Confectionery and Food Items,%,7.412485280204553
2015,OCEANIA,New Zealand,Shopping Items Purchased in terms of Amount spent | Souvenirs and Gifts,%,12.00269789597345
2015,OCEANIA,New Zealand,Shopping Items Purchased in terms of Amount spent | Genuine Jewellery,%,0.2635256509931967
2015,OCEANIA,New Zealand,Shopping Items Purchased in terms of Amount spent | Consumer Tech,%,10.15531048306374
2015,OCEANIA,New Zealand,Shopping Items Purchased in terms of Amount spent | Watches and Clocks,%,4.573648071916491
2015,OCEANIA,New Zealand,Shopping Items Purchased in terms of Amount spent | Others,%,12.01014680378306
2015,AFRICA,South Africa (Rep of),Shopping Items Purchased in terms of Popularity | Fashion and Accessories,%,46.33407659420304
2015,AFRICA,South Africa (Rep of),"Shopping Items Purchased in terms of Popularity | Cosmetics, Perfumes & Toiletries and Healthcare & Wellness Products",%,21.17244740421588
2015,AFRICA,South Africa (Rep of),Shopping Items Purchased in terms of Popularity | Confectionery and Food Items,%,18.48195323442532
2015,AFRICA,South Africa (Rep of),Shopping Items Purchased in terms of Popularity | Souvenirs and Gifts,%,21.17148936687147
2015,AFRICA,South Africa (Rep of),Shopping Items Purchased in terms of Popularity | Genuine Jewellery,%,3.279406724264105
2015,AFRICA,South Africa (Rep of),Shopping Items Purchased in terms of Popularity | Consumer Tech,%,8.496210463531547
2015,AFRICA,South Africa (Rep of),Shopping Items Purchased in terms of Popularity | Watches and Clocks,%,9.91026197513166
2015,AFRICA,South Africa (Rep of),Shopping Items Purchased in terms of Popularity | Others,%,15.88291254434475
2015,AFRICA,South Africa (Rep of),Shopping Items Purchased in terms of Amount spent | Fashion and Accessories,%,38.71486238813122
2015,AFRICA,South Africa (Rep of),"Shopping Items Purchased in terms of Amount spent | Cosmetics, Perfumes & Toiletries and Healthcare & Wellness Products",%,10.39177606692639
2015,AFRICA,South Africa (Rep of),Shopping Items Purchased in terms of Amount spent | Confectionery and Food Items,%,2.209285039930017
2015,AFRICA,South Africa (Rep of),Shopping Items Purchased in terms of Amount spent | Souvenirs and Gifts,%,6.052625070840548
2015,AFRICA,South Africa (Rep of),Shopping Items Purchased in terms of Amount spent | Genuine Jewellery,%,1.89050344173849
2015,AFRICA,South Africa (Rep of),Shopping Items Purchased in terms of Amount spent | Consumer Tech,%,8.267254317617859
2015,AFRICA,South Africa (Rep of),Shopping Items Purchased in terms of Amount spent | Watches and Clocks,%,25.45239783394087
2015,AFRICA,South Africa (Rep of),Shopping Items Purchased in terms of Amount spent | Others,%,7.021295840874576
2015,REMAINING,Others,Shopping Items Purchased in terms of Popularity | Fashion and Accessories,%,53.91299170576944
2015,REMAINING,Others,"Shopping Items Purchased in terms of Popularity | Cosmetics, Perfumes & Toiletries and Healthcare & Wellness Products",%,21.61811752180932
2015,REMAINING,Others,Shopping Items Purchased in terms of Popularity | Confectionery and Food Items,%,31.03673161881548
2015,REMAINING,Others,Shopping Items Purchased in terms of Popularity | Souvenirs and Gifts,%,29.91987876190238
2015,REMAINING,Others,Shopping Items Purchased in terms of Popularity | Genuine Jewellery,%,5.274504798856523
2015,REMAINING,Others,Shopping Items Purchased in terms of Popularity | Consumer Tech,%,15.57281283616679
2015,REMAINING,Others,Shopping Items Purchased in terms of Popularity | Watches and Clocks,%,3.673959726115278
2015,REMAINING,Others,Shopping Items Purchased in terms of Popularity | Others,%,10.53938051039922
2015,REMAINING,Others,Shopping Items Purchased in terms of Amount spent | Fashion and Accessories,%,42.76676387163065
2015,REMAINING,Others,"Shopping Items Purchased in terms of Amount spent | Cosmetics, Perfumes & Toiletries and Healthcare & Wellness Products",%,7.534890208180659
2015,REMAINING,Others,Shopping Items Purchased in terms of Amount spent | Confectionery and Food Items,%,5.59800838258032
2015,REMAINING,Others,Shopping Items Purchased in terms of Amount spent | Souvenirs and Gifts,%,3.906128106224327
2015,REMAINING,Others,Shopping Items Purchased in terms of Amount spent | Genuine Jewellery,%,14.49510903185982
2015,REMAINING,Others,Shopping Items Purchased in terms of Amount spent | Consumer Tech,%,16.73804470523211
2015,REMAINING,Others,Shopping Items Purchased in terms of Amount spent | Watches and Clocks,%,5.87097901819261
2015,REMAINING,Others,Shopping Items Purchased in terms of Amount spent | Others,%,3.090076676058992
2014,SOUTHEAST ASIA,Indonesia,Shopping Items Purchased in terms of Popularity | Fashion and Accessories,%,51.25348666494816
2014,SOUTHEAST ASIA,Indonesia,"Shopping Items Purchased in terms of Popularity | Cosmetics, Perfumes & Toiletries and Healthcare & Wellness Products",%,18.61755823005983
2014,SOUTHEAST ASIA,Indonesia,Shopping Items Purchased in terms of Popularity | Confectionery and Food Items,%,52.32821946472988
2014,SOUTHEAST ASIA,Indonesia,Shopping Items Purchased in terms of Popularity | Souvenirs and Gifts,%,17.04037458282597
2014,SOUTHEAST ASIA,Indonesia,Shopping Items Purchased in terms of Popularity | Genuine Jewellery,%,1.021379590303311
2014,SOUTHEAST ASIA,Indonesia,Shopping Items Purchased in terms of Popularity | Consumer Tech,%,7.536320221476164
2014,SOUTHEAST ASIA,Indonesia,Shopping Items Purchased in terms of Popularity | Watches and Clocks,%,2.858365193659593
2014,SOUTHEAST ASIA,Indonesia,Shopping Items Purchased in terms of Popularity | Others,%,12.33624634894199
2014,SOUTHEAST ASIA,Indonesia,Shopping Items Purchased in terms of Amount spent | Fashion and Accessories,%,52.54391031172232
2014,SOUTHEAST ASIA,Indonesia,"Shopping Items Purchased in terms of Amount spent | Cosmetics, Perfumes & Toiletries and Healthcare & Wellness Products",%,10.67810316234687
2014,SOUTHEAST ASIA,Indonesia,Shopping Items Purchased in terms of Amount spent | Confectionery and Food Items,%,12.45471992961101
2014,SOUTHEAST ASIA,Indonesia,Shopping Items Purchased in terms of Amount spent | Souvenirs and Gifts,%,3.616084509243576
2014,SOUTHEAST ASIA,Indonesia,Shopping Items Purchased in terms of Amount spent | Genuine Jewellery,%,3.997319415302712
2014,SOUTHEAST ASIA,Indonesia,Shopping Items Purchased in terms of Amount spent | Consumer Tech,%,7.239454430967462
2014,SOUTHEAST ASIA,Indonesia,Shopping Items Purchased in terms of Amount spent | Watches and Clocks,%,2.877526873607058
2014,SOUTHEAST ASIA,Indonesia,Shopping Items Purchased in terms of Amount spent | Others,%,6.592881367256487
2014,SOUTHEAST ASIA,Malaysia,Shopping Items Purchased in terms of Popularity | Fashion and Accessories,%,47.06542250964441
2014,SOUTHEAST ASIA,Malaysia,"Shopping Items Purchased in terms of Popularity | Cosmetics, Perfumes & Toiletries and Healthcare & Wellness Products",%,17.78521006754777
2014,SOUTHEAST ASIA,Malaysia,Shopping Items Purchased in terms of Popularity | Confectionery and Food Items,%,37.9035818659661
2014,SOUTHEAST ASIA,Malaysia,Shopping Items Purchased in terms of Popularity | Souvenirs and Gifts,%,15.29481900056752
2014,SOUTHEAST ASIA,Malaysia,Shopping Items Purchased in terms of Popularity | Genuine Jewellery,%,1.53462490576019
2014,SOUTHEAST ASIA,Malaysia,Shopping Items Purchased in terms of Popularity | Consumer Tech,%,6.290050262317973
2014,SOUTHEAST ASIA,Malaysia,Shopping Items Purchased in terms of Popularity | Watches and Clocks,%,1.512586604620964
2014,SOUTHEAST ASIA,Malaysia,Shopping Items Purchased in terms of Popularity | Others,%,16.31056561167897
2014,SOUTHEAST ASIA,Malaysia,Shopping Items Purchased in terms of Amount spent | Fashion and Accessories,%,54.85106053298809
2014,SOUTHEAST ASIA,Malaysia,"Shopping Items Purchased in terms of Amount spent | Cosmetics, Perfumes & Toiletries and Healthcare & Wellness Products",%,10.45156861301043
2014,SOUTHEAST ASIA,Malaysia,Shopping Items Purchased in terms of Amount spent | Confectionery and Food Items,%,9.586875155949278
2014,SOUTHEAST ASIA,Malaysia,Shopping Items Purchased in terms of Amount spent | Souvenirs and Gifts,%,4.707487673820298
2014,SOUTHEAST ASIA,Malaysia,Shopping Items Purchased in terms of Amount spent | Genuine Jewellery,%,2.530913777138871
2014,SOUTHEAST ASIA,Malaysia,Shopping Items Purchased in terms of Amount spent | Consumer Tech,%,8.951715880230777
2014,SOUTHEAST ASIA,Malaysia,Shopping Items Purchased in terms of Amount spent | Watches and Clocks,%,1.835760362676623
2014,SOUTHEAST ASIA,Malaysia,Shopping Items Purchased in terms of Amount spent | Others,%,7.084618004045882
2014,SOUTHEAST ASIA,Philippines,Shopping Items Purchased in terms of Popularity | Fashion and Accessories,%,48.3329023589806
2014,SOUTHEAST ASIA,Philippines,"Shopping Items Purchased in terms of Popularity | Cosmetics, Perfumes & Toiletries and Healthcare & Wellness Products",%,10.81435345281066
2014,SOUTHEAST ASIA,Philippines,Shopping Items Purchased in terms of Popularity | Confectionery and Food Items,%,48.47764913860211
2014,SOUTHEAST ASIA,Philippines,Shopping Items Purchased in terms of Popularity | Souvenirs and Gifts,%,25.24567863904013
2014,SOUTHEAST ASIA,Philippines,Shopping Items Purchased in terms of Popularity | Genuine Jewellery,%,1.883619016523248
2014,SOUTHEAST ASIA,Philippines,Shopping Items Purchased in terms of Popularity | Consumer Tech,%,9.158371268807906
2014,SOUTHEAST ASIA,Philippines,Shopping Items Purchased in terms of Popularity | Watches and Clocks,%,2.241350696518877
2014,SOUTHEAST ASIA,Philippines,Shopping Items Purchased in terms of Popularity | Others,%,5.674393878953407
2014,SOUTHEAST ASIA,Philippines,Shopping Items Purchased in terms of Amount spent | Fashion and Accessories,%,50.2108398841423
2014,SOUTHEAST ASIA,Philippines,"Shopping Items Purchased in terms of Amount spent | Cosmetics, Perfumes & Toiletries and Healthcare & Wellness Products",%,5.805066727386882
2014,SOUTHEAST ASIA,Philippines,Shopping Items Purchased in terms of Amount spent | Confectionery and Food Items,%,13.71002140960171
2014,SOUTHEAST ASIA,Philippines,Shopping Items Purchased in terms of Amount spent | Souvenirs and Gifts,%,6.995431895997706
2014,SOUTHEAST ASIA,Philippines,Shopping Items Purchased in terms of Amount spent | Genuine Jewellery,%,3.973105492331631
2014,SOUTHEAST ASIA,Philippines,Shopping Items Purchased in terms of Amount spent | Consumer Tech,%,12.65649010374001
2014,SOUTHEAST ASIA,Philippines,Shopping Items Purchased in terms of Amount spent | Watches and Clocks,%,3.636188175882226
2014,SOUTHEAST ASIA,Philippines,Shopping Items Purchased in terms of Amount spent | Others,%,3.012856310954203
2014,SOUTHEAST ASIA,Thailand,Shopping Items Purchased in terms of Popularity | Fashion and Accessories,%,47.19370201740487
2014,SOUTHEAST ASIA,Thailand,"Shopping Items Purchased in terms of Popularity | Cosmetics, Perfumes & Toiletries and Healthcare & Wellness Products",%,20.19096785534581
2014,SOUTHEAST ASIA,Thailand,Shopping Items Purchased in terms of Popularity | Confectionery and Food Items,%,47.49622059459709
2014,SOUTHEAST ASIA,Thailand,Shopping Items Purchased in terms of Popularity | Souvenirs and Gifts,%,16.10004152149169
2014,SOUTHEAST ASIA,Thailand,Shopping Items Purchased in terms of Popularity | Genuine Jewellery,%,0.6281253158787496
2014,SOUTHEAST ASIA,Thailand,Shopping Items Purchased in terms of Popularity | Consumer Tech,%,8.94149317448967
2014,SOUTHEAST ASIA,Thailand,Shopping Items Purchased in terms of Popularity | Watches and Clocks,%,2.453519851770871
2014,SOUTHEAST ASIA,Thailand,Shopping Items Purchased in terms of Popularity | Others,%,14.08160832709164
2014,SOUTHEAST ASIA,Thailand,Shopping Items Purchased in terms of Amount spent | Fashion and Accessories,%,56.40262017571614
2014,SOUTHEAST ASIA,Thailand,"Shopping Items Purchased in terms of Amount spent | Cosmetics, Perfumes & Toiletries and Healthcare & Wellness Products",%,14.57181251195512
2014,SOUTHEAST ASIA,Thailand,Shopping Items Purchased in terms of Amount spent | Confectionery and Food Items,%,9.56754437814215
2014,SOUTHEAST ASIA,Thailand,Shopping Items Purchased in terms of Amount spent | Souvenirs and Gifts,%,2.927825599098061
2014,SOUTHEAST ASIA,Thailand,Shopping Items Purchased in terms of Amount spent | Genuine Jewellery,%,2.372056346948051
2014,SOUTHEAST ASIA,Thailand,Shopping Items Purchased in terms of Amount spent | Consumer Tech,%,7.429563335143908
2014,SOUTHEAST ASIA,Thailand,Shopping Items Purchased in terms of Amount spent | Watches and Clocks,%,1.774261919433507
2014,SOUTHEAST ASIA,Thailand,Shopping Items Purchased in terms of Amount spent | Others,%,4.954315733377372
2014,SOUTHEAST ASIA,Vietnam,Shopping Items Purchased in terms of Popularity | Fashion and Accessories,%,49.28936047843796
2014,SOUTHEAST ASIA,Vietnam,"Shopping Items Purchased in terms of Popularity | Cosmetics, Perfumes & Toiletries and Healthcare & Wellness Products",%,26.50833835435914
2014,SOUTHEAST ASIA,Vietnam,Shopping Items Purchased in terms of Popularity | Confectionery and Food Items,%,51.52117083299962
2014,SOUTHEAST ASIA,Vietnam,Shopping Items Purchased in terms of Popularity | Souvenirs and Gifts,%,16.58700583332561
2014,SOUTHEAST ASIA,Vietnam,Shopping Items Purchased in terms of Popularity | Genuine Jewellery,%,2.3454907518769
2014,SOUTHEAST ASIA,Vietnam,Shopping Items Purchased in terms of Popularity | Consumer Tech,%,7.692115190343689
2014,SOUTHEAST ASIA,Vietnam,Shopping Items Purchased in terms of Popularity | Watches and Clocks,%,2.589556429344102
2014,SOUTHEAST ASIA,Vietnam,Shopping Items Purchased in terms of Popularity | Others,%,19.86111193008635
2014,SOUTHEAST ASIA,Vietnam,Shopping Items Purchased in terms of Amount spent | Fashion and Accessories,%,37.34621384467981
2014,SOUTHEAST ASIA,Vietnam,"Shopping Items Purchased in terms of Amount spent | Cosmetics, Perfumes & Toiletries and Healthcare & Wellness Products",%,7.121778575811099
2014,SOUTHEAST ASIA,Vietnam,Shopping Items Purchased in terms of Amount spent | Confectionery and Food Items,%,6.154790158824312
2014,SOUTHEAST ASIA,Vietnam,Shopping Items Purchased in terms of Amount spent | Souvenirs and Gifts,%,2.609496977942834
2014,SOUTHEAST ASIA,Vietnam,Shopping Items Purchased in terms of Amount spent | Genuine Jewellery,%,3.43991191059336
2014,SOUTHEAST ASIA,Vietnam,Shopping Items Purchased in terms of Amount spent | Consumer Tech,%,1.978803737196119
2014,SOUTHEAST ASIA,Vietnam,Shopping Items Purchased in terms of Amount spent | Watches and Clocks,%,35.39513184474393
2014,SOUTHEAST ASIA,Vietnam,Shopping Items Purchased in terms of Amount spent | Others,%,5.953872950703079
2014,GREATER CHINA,China,Shopping Items Purchased in terms of Popularity | Fashion and Accessories,%,34.18058593290228
2014,GREATER CHINA,China,"Shopping Items Purchased in terms of Popularity | Cosmetics, Perfumes & Toiletries and Healthcare & Wellness Products",%,43.15895803376879
2014,GREATER CHINA,China,Shopping Items Purchased in terms of Popularity | Confectionery and Food Items,%,41.9322381815843
2014,GREATER CHINA,China,Shopping Items Purchased in terms of Popularity | Souvenirs and Gifts,%,19.74759619154804
2014,GREATER CHINA,China,Shopping Items Purchased in terms of Popularity | Genuine Jewellery,%,3.81163307507566
2014,GREATER CHINA,China,Shopping Items Purchased in terms of Popularity | Consumer Tech,%,4.450908532776205
2014,GREATER CHINA,China,Shopping Items Purchased in terms of Popularity | Watches and Clocks,%,6.106559176886537
2014,GREATER CHINA,China,Shopping Items Purchased in terms of Popularity | Others,%,23.93987011708132
2014,GREATER CHINA,China,Shopping Items Purchased in terms of Amount spent | Fashion and Accessories,%,36.87918194272117
2014,GREATER CHINA,China,"Shopping Items Purchased in terms of Amount spent | Cosmetics, Perfumes & Toiletries and Healthcare & Wellness Products",%,19.61316303008928
2014,GREATER CHINA,China,Shopping Items Purchased in terms of Amount spent | Confectionery and Food Items,%,5.488494722505014
2014,GREATER CHINA,China,Shopping Items Purchased in terms of Amount spent | Souvenirs and Gifts,%,2.371760500701491
2014,GREATER CHINA,China,Shopping Items Purchased in terms of Amount spent | Genuine Jewellery,%,8.162938082913419
2014,GREATER CHINA,China,Shopping Items Purchased in terms of Amount spent | Consumer Tech,%,2.49007997511154
2014,GREATER CHINA,China,Shopping Items Purchased in terms of Amount spent | Watches and Clocks,%,18.21133990823112
2014,GREATER CHINA,China,Shopping Items Purchased in terms of Amount spent | Others,%,6.783041837775792
2014,GREATER CHINA,Hong Kong SAR,Shopping Items Purchased in terms of Popularity | Fashion and Accessories,%,19.28977320996388
2014,GREATER CHINA,Hong Kong SAR,"Shopping Items Purchased in terms of Popularity | Cosmetics, Perfumes & Toiletries and Healthcare & Wellness Products",%,12.28566605020577
2014,GREATER CHINA,Hong Kong SAR,Shopping Items Purchased in terms of Popularity | Confectionery and Food Items,%,75.2790927779578
2014,GREATER CHINA,Hong Kong SAR,Shopping Items Purchased in terms of Popularity | Souvenirs and Gifts,%,18.00292151618561
2014,GREATER CHINA,Hong Kong SAR,Shopping Items Purchased in terms of Popularity | Consumer Tech,%,2.277807477455573
2014,GREATER CHINA,Hong Kong SAR,Shopping Items Purchased in terms of Popularity | Others,%,5.92501242854124
2014,GREATER CHINA,Hong Kong SAR,Shopping Items Purchased in terms of Amount spent | Fashion and Accessories,%,38.22238409852702
2014,GREATER CHINA,Hong Kong SAR,"Shopping Items Purchased in terms of Amount spent | Cosmetics, Perfumes & Toiletries and Healthcare & Wellness Products",%,7.922443489204012
2014,GREATER CHINA,Hong Kong SAR,Shopping Items Purchased in terms of Amount spent | Confectionery and Food Items,%,35.94703266923285
2014,GREATER CHINA,Hong Kong SAR,Shopping Items Purchased in terms of Amount spent | Souvenirs and Gifts,%,8.073574832967614
2014,GREATER CHINA,Hong Kong SAR,Shopping Items Purchased in terms of Amount spent | Genuine Jewellery,%,2.429824562564721
2014,GREATER CHINA,Hong Kong SAR,Shopping Items Purchased in terms of Amount spent | Consumer Tech,%,2.181933270091495
2014,GREATER CHINA,Hong Kong SAR,Shopping Items Purchased in terms of Amount spent | Watches and Clocks,%,0.2514325160907152
2014,GREATER CHINA,Hong Kong SAR,Shopping Items Purchased in terms of Amount spent | Others,%,4.97137456179613
2014,GREATER CHINA,Taiwan,Shopping Items Purchased in terms of Popularity | Fashion and Accessories,%,37.61910071704805
2014,GREATER CHINA,Taiwan,"Shopping Items Purchased in terms of Popularity | Cosmetics, Perfumes & Toiletries and Healthcare & Wellness Products",%,12.17567695899527
2014,GREATER CHINA,Taiwan,Shopping Items Purchased in terms of Popularity | Confectionery and Food Items,%,47.66681945859386
2014,GREATER CHINA,Taiwan,Shopping Items Purchased in terms of Popularity | Souvenirs and Gifts,%,23.75376107174377
2014,GREATER CHINA,Taiwan,Shopping Items Purchased in terms of Popularity | Genuine Jewellery,%,1.441721195124736
2014,GREATER CHINA,Taiwan,Shopping Items Purchased in terms of Popularity | Consumer Tech,%,1.926961612015853
2014,GREATER CHINA,Taiwan,Shopping Items Purchased in terms of Popularity | Watches and Clocks,%,1.791090289214232
2014,GREATER CHINA,Taiwan,Shopping Items Purchased in terms of Popularity | Others,%,12.07771009142985
2014,GREATER CHINA,Taiwan,Shopping Items Purchased in terms of Amount spent | Fashion and Accessories,%,48.02346538544352
2014,GREATER CHINA,Taiwan,"Shopping Items Purchased in terms of Amount spent | Cosmetics, Perfumes & Toiletries and Healthcare & Wellness Products",%,8.271831335108898
2014,GREATER CHINA,Taiwan,Shopping Items Purchased in terms of Amount spent | Confectionery and Food Items,%,19.00363495812356
2014,GREATER CHINA,Taiwan,Shopping Items Purchased in terms of Amount spent | Souvenirs and Gifts,%,11.08994390973307
2014,GREATER CHINA,Taiwan,Shopping Items Purchased in terms of Amount spent | Genuine Jewellery,%,2.459735731360234
2014,GREATER CHINA,Taiwan,Shopping Items Purchased in terms of Amount spent | Consumer Tech,%,1.98365107826972
2014,GREATER CHINA,Taiwan,Shopping Items Purchased in terms of Amount spent | Watches and Clocks,%,4.932376654517321
2014,GREATER CHINA,Taiwan,Shopping Items Purchased in terms of Amount spent | Others,%,4.235360947443707
2014,NORTH ASIA,Japan,Shopping Items Purchased in terms of Popularity | Fashion and Accessories,%,13.45268270073672
2014,NORTH ASIA,Japan,"Shopping Items Purchased in terms of Popularity | Cosmetics, Perfumes & Toiletries and Healthcare & Wellness Products",%,3.355325645911155
2014,NORTH ASIA,Japan,Shopping Items Purchased in terms of Popularity | Confectionery and Food Items,%,10.70282510216598
2014,NORTH ASIA,Japan,Shopping Items Purchased in terms of Popularity | Souvenirs and Gifts,%,86.97769014937865
2014,NORTH ASIA,Japan,Shopping Items Purchased in terms of Popularity | Genuine Jewellery,%,0.591585323567558
2014,NORTH ASIA,Japan,Shopping Items Purchased in terms of Popularity | Consumer Tech,%,0.6423973890572056
2014,NORTH ASIA,Japan,Shopping Items Purchased in terms of Popularity | Others,%,2.129793930612995
2014,NORTH ASIA,Japan,Shopping Items Purchased in terms of Amount spent | Fashion and Accessories,%,18.5677756794444
2014,NORTH ASIA,Japan,"Shopping Items Purchased in terms of Amount spent | Cosmetics, Perfumes & Toiletries and Healthcare & Wellness Products",%,2.012151897926065
2014,NORTH ASIA,Japan,Shopping Items Purchased in terms of Amount spent | Confectionery and Food Items,%,3.287424519677787
2014,NORTH ASIA,Japan,Shopping Items Purchased in terms of Amount spent | Souvenirs and Gifts,%,73.00787140253635
2014,NORTH ASIA,Japan,Shopping Items Purchased in terms of Amount spent | Genuine Jewellery,%,0.6570132139558099
2014,NORTH ASIA,Japan,Shopping Items Purchased in terms of Amount spent | Consumer Tech,%,1.358283622120503
2014,NORTH ASIA,Japan,Shopping Items Purchased in terms of Amount spent | Watches and Clocks,%,0.2876864747944824
2014,NORTH ASIA,Japan,Shopping Items Purchased in terms of Amount spent | Others,%,0.8217931895912483
2014,NORTH ASIA,South Korea,Shopping Items Purchased in terms of Popularity | Fashion and Accessories,%,36.19607356880141
2014,NORTH ASIA,South Korea,"Shopping Items Purchased in terms of Popularity | Cosmetics, Perfumes & Toiletries and Healthcare & Wellness Products",%,15.79470147170261
2014,NORTH ASIA,South Korea,Shopping Items Purchased in terms of Popularity | Confectionery and Food Items,%,55.76743744463182
2014,NORTH ASIA,South Korea,Shopping Items Purchased in terms of Popularity | Souvenirs and Gifts,%,32.76071436158223
2014,NORTH ASIA,South Korea,Shopping Items Purchased in terms of Popularity | Genuine Jewellery,%,0.5374635801128954
2014,NORTH ASIA,South Korea,Shopping Items Purchased in terms of Popularity | Consumer Tech,%,4.783553721025488
2014,NORTH ASIA,South Korea,Shopping Items Purchased in terms of Popularity | Watches and Clocks,%,0.923974481736228
2014,NORTH ASIA,South Korea,Shopping Items Purchased in terms of Popularity | Others,%,15.99390406688328
2014,NORTH ASIA,South Korea,Shopping Items Purchased in terms of Amount spent | Fashion and Accessories,%,32.80486573348572
2014,NORTH ASIA,South Korea,"Shopping Items Purchased in terms of Amount spent | Cosmetics, Perfumes & Toiletries and Healthcare & Wellness Products",%,14.81798020979356
2014,NORTH ASIA,South Korea,Shopping Items Purchased in terms of Amount spent | Confectionery and Food Items,%,22.31410922190241
2014,NORTH ASIA,South Korea,Shopping Items Purchased in terms of Amount spent | Souvenirs and Gifts,%,15.58596392281451
2014,NORTH ASIA,South Korea,Shopping Items Purchased in terms of Amount spent | Genuine Jewellery,%,1.142431461453275
2014,NORTH ASIA,South Korea,Shopping Items Purchased in terms of Amount spent | Consumer Tech,%,3.607268357109328
2014,NORTH ASIA,South Korea,Shopping Items Purchased in terms of Amount spent | Watches and Clocks,%,2.091936407199754
2014,NORTH ASIA,South Korea,Shopping Items Purchased in terms of Amount spent | Others,%,7.635444685442827
2014,SOUTH ASIA,India,Shopping Items Purchased in terms of Popularity | Fashion and Accessories,%,42.29709330250715
2014,SOUTH ASIA,India,"Shopping Items Purchased in terms of Popularity | Cosmetics, Perfumes & Toiletries and Healthcare & Wellness Products",%,17.90928064555019
2014,SOUTH ASIA,India,Shopping Items Purchased in terms of Popularity | Confectionery and Food Items,%,43.57487593482976
2014,SOUTH ASIA,India,Shopping Items Purchased in terms of Popularity | Souvenirs and Gifts,%,28.39778896523876
2014,SOUTH ASIA,India,Shopping Items Purchased in terms of Popularity | Genuine Jewellery,%,5.135100809653935
2014,SOUTH ASIA,India,Shopping Items Purchased in terms of Popularity | Consumer Tech,%,12.68265994648531
2014,SOUTH ASIA,India,Shopping Items Purchased in terms of Popularity | Watches and Clocks,%,4.649556071890072
2014,SOUTH ASIA,India,Shopping Items Purchased in terms of Popularity | Others,%,15.76043803655451
2014,SOUTH ASIA,India,Shopping Items Purchased in terms of Amount spent | Fashion and Accessories,%,27.63825026643266
2014,SOUTH ASIA,India,"Shopping Items Purchased in terms of Amount spent | Cosmetics, Perfumes & Toiletries and Healthcare & Wellness Products",%,6.739511542591607
2014,SOUTH ASIA,India,Shopping Items Purchased in terms of Amount spent | Confectionery and Food Items,%,9.55590635030727
2014,SOUTH ASIA,India,Shopping Items Purchased in terms of Amount spent | Souvenirs and Gifts,%,6.736594444857112
2014,SOUTH ASIA,India,Shopping Items Purchased in terms of Amount spent | Genuine Jewellery,%,15.74704802060952
2014,SOUTH ASIA,India,Shopping Items Purchased in terms of Amount spent | Consumer Tech,%,22.4062322317127
2014,SOUTH ASIA,India,Shopping Items Purchased in terms of Amount spent | Watches and Clocks,%,4.668601457792158
2014,SOUTH ASIA,India,Shopping Items Purchased in terms of Amount spent | Others,%,6.507855685632401
2014,EUROPE,France,Shopping Items Purchased in terms of Popularity | Fashion and Accessories,%,48.98088758369286
2014,EUROPE,France,"Shopping Items Purchased in terms of Popularity | Cosmetics, Perfumes & Toiletries and Healthcare & Wellness Products",%,8.949948842821573
2014,EUROPE,France,Shopping Items Purchased in terms of Popularity | Confectionery and Food Items,%,6.036494734316383
2014,EUROPE,France,Shopping Items Purchased in terms of Popularity | Souvenirs and Gifts,%,32.28337176712488
2014,EUROPE,France,Shopping Items Purchased in terms of Popularity | Genuine Jewellery,%,3.654118852339789
2014,EUROPE,France,Shopping Items Purchased in terms of Popularity | Consumer Tech,%,16.15072989214834
2014,EUROPE,France,Shopping Items Purchased in terms of Popularity | Watches and Clocks,%,2.915577773366196
2014,EUROPE,France,Shopping Items Purchased in terms of Popularity | Others,%,7.174525015942027
2014,EUROPE,France,Shopping Items Purchased in terms of Amount spent | Fashion and Accessories,%,47.96901983078352
2014,EUROPE,France,"Shopping Items Purchased in terms of Amount spent | Cosmetics, Perfumes & Toiletries and Healthcare & Wellness Products",%,6.90425686070708
2014,EUROPE,France,Shopping Items Purchased in terms of Amount spent | Confectionery and Food Items,%,1.676184286027014
2014,EUROPE,France,Shopping Items Purchased in terms of Amount spent | Souvenirs and Gifts,%,9.434013613394283
2014,EUROPE,France,Shopping Items Purchased in terms of Amount spent | Genuine Jewellery,%,4.82898423439919
2014,EUROPE,France,Shopping Items Purchased in terms of Amount spent | Consumer Tech,%,22.86727168250182
2014,EUROPE,France,Shopping Items Purchased in terms of Amount spent | Watches and Clocks,%,2.350779841185144
2014,EUROPE,France,Shopping Items Purchased in terms of Amount spent | Others,%,3.969489650801139
2014,EUROPE,Germany,Shopping Items Purchased in terms of Popularity | Fashion and Accessories,%,52.32725654344033
2014,EUROPE,Germany,"Shopping Items Purchased in terms of Popularity | Cosmetics, Perfumes & Toiletries and Healthcare & Wellness Products",%,9.655372830882197
2014,EUROPE,Germany,Shopping Items Purchased in terms of Popularity | Confectionery and Food Items,%,14.13123226758381
2014,EUROPE,Germany,Shopping Items Purchased in terms of Popularity | Souvenirs and Gifts,%,33.96300890957444
2014,EUROPE,Germany,Shopping Items Purchased in terms of Popularity | Consumer Tech,%,11.07101341551308
2014,EUROPE,Germany,Shopping Items Purchased in terms of Popularity | Watches and Clocks,%,0.7905645227586375
2014,EUROPE,Germany,Shopping Items Purchased in terms of Popularity | Others,%,13.12889089263503
2014,EUROPE,Germany,Shopping Items Purchased in terms of Amount spent | Fashion and Accessories,%,66.82339090441128
2014,EUROPE,Germany,"Shopping Items Purchased in terms of Amount spent | Cosmetics, Perfumes & Toiletries and Healthcare & Wellness Products",%,4.987199346026164
2014,EUROPE,Germany,Shopping Items Purchased in terms of Amount spent | Confectionery and Food Items,%,5.270421308459674
2014,EUROPE,Germany,Shopping Items Purchased in terms of Amount spent | Souvenirs and Gifts,%,11.31450977049336
2014,EUROPE,Germany,Shopping Items Purchased in terms of Amount spent | Consumer Tech,%,7.456666376915113
2014,EUROPE,Germany,Shopping Items Purchased in terms of Amount spent | Watches and Clocks,%,0.4531331862919858
2014,EUROPE,Germany,Shopping Items Purchased in terms of Amount spent | Others,%,3.694679107402446
2014,EUROPE,Italy,Shopping Items Purchased in terms of Popularity | Fashion and Accessories,%,41.48472734109249
2014,EUROPE,Italy,"Shopping Items Purchased in terms of Popularity | Cosmetics, Perfumes & Toiletries and Healthcare & Wellness Products",%,8.758155353018171
2014,EUROPE,Italy,Shopping Items Purchased in terms of Popularity | Confectionery and Food Items,%,8.035767215043126
2014,EUROPE,Italy,Shopping Items Purchased in terms of Popularity | Souvenirs and Gifts,%,43.6350593126771
2014,EUROPE,Italy,Shopping Items Purchased in terms of Popularity | Genuine Jewellery,%,1.152318783014977
2014,EUROPE,Italy,Shopping Items Purchased in terms of Popularity | Consumer Tech,%,21.39073818241015
2014,EUROPE,Italy,Shopping Items Purchased in terms of Popularity | Others,%,3.280417992010423
2014,EUROPE,Italy,Shopping Items Purchased in terms of Amount spent | Fashion and Accessories,%,50.27960478707439
2014,EUROPE,Italy,"Shopping Items Purchased in terms of Amount spent | Cosmetics, Perfumes & Toiletries and Healthcare & Wellness Products",%,2.997190343212418
2014,EUROPE,Italy,Shopping Items Purchased in terms of Amount spent | Confectionery and Food Items,%,0.8103884741030982
2014,EUROPE,Italy,Shopping Items Purchased in terms of Amount spent | Souvenirs and Gifts,%,5.059664462069701
2014,EUROPE,Italy,Shopping Items Purchased in terms of Amount spent | Genuine Jewellery,%,2.478074999074888
2014,EUROPE,Italy,Shopping Items Purchased in terms of Amount spent | Consumer Tech,%,37.52852767064037
2014,EUROPE,Italy,Shopping Items Purchased in terms of Amount spent | Others,%,0.8465492638251335
2014,EUROPE,Netherlands,Shopping Items Purchased in terms of Popularity | Fashion and Accessories,%,36.10924351611609
2014,EUROPE,Netherlands,"Shopping Items Purchased in terms of Popularity | Cosmetics, Perfumes & Toiletries and Healthcare & Wellness Products",%,9.089800266067751
2014,EUROPE,Netherlands,Shopping Items Purchased in terms of Popularity | Confectionery and Food Items,%,9.47846248966244
2014,EUROPE,Netherlands,Shopping Items Purchased in terms of Popularity | Souvenirs and Gifts,%,41.81789467672544
2014,EUROPE,Netherlands,Shopping Items Purchased in terms of Popularity | Genuine Jewellery,%,0.6707987956653559
2014,EUROPE,Netherlands,Shopping Items Purchased in terms of Popularity | Consumer Tech,%,15.59814872035017
2014,EUROPE,Netherlands,Shopping Items Purchased in terms of Popularity | Watches and Clocks,%,0.7792161432978546
2014,EUROPE,Netherlands,Shopping Items Purchased in terms of Popularity | Others,%,12.42351990809324
2014,EUROPE,Netherlands,Shopping Items Purchased in terms of Amount spent | Fashion and Accessories,%,25.85394665809674
2014,EUROPE,Netherlands,"Shopping Items Purchased in terms of Amount spent | Cosmetics, Perfumes & Toiletries and Healthcare & Wellness Products",%,4.235203670512842
2014,EUROPE,Netherlands,Shopping Items Purchased in terms of Amount spent | Confectionery and Food Items,%,1.266443038665921
2014,EUROPE,Netherlands,Shopping Items Purchased in terms of Amount spent | Souvenirs and Gifts,%,11.38934717014811
2014,EUROPE,Netherlands,Shopping Items Purchased in terms of Amount spent | Genuine Jewellery,%,0.0362651874363029
2014,EUROPE,Netherlands,Shopping Items Purchased in terms of Amount spent | Consumer Tech,%,52.92516419183188
2014,EUROPE,Netherlands,Shopping Items Purchased in terms of Amount spent | Watches and Clocks,%,1.053163022678829
2014,EUROPE,Netherlands,Shopping Items Purchased in terms of Amount spent | Others,%,3.240467060629377
2014,EUROPE,Switzerland,Shopping Items Purchased in terms of Popularity | Fashion and Accessories,%,65.3093109753902
2014,EUROPE,Switzerland,"Shopping Items Purchased in terms of Popularity | Cosmetics, Perfumes & Toiletries and Healthcare & Wellness Products",%,22.29183828773465
2014,EUROPE,Switzerland,Shopping Items Purchased in terms of Popularity | Confectionery and Food Items,%,4.766822408184364
2014,EUROPE,Switzerland,Shopping Items Purchased in terms of Popularity | Souvenirs and Gifts,%,21.76821287657128
2014,EUROPE,Switzerland,Shopping Items Purchased in terms of Popularity | Genuine Jewellery,%,2.145993375239613
2014,EUROPE,Switzerland,Shopping Items Purchased in terms of Popularity | Consumer Tech,%,13.63822876186932
2014,EUROPE,Switzerland,Shopping Items Purchased in terms of Popularity | Others,%,10.58076421711151
2014,EUROPE,Switzerland,Shopping Items Purchased in terms of Amount spent | Fashion and Accessories,%,54.7910608296495
2014,EUROPE,Switzerland,"Shopping Items Purchased in terms of Amount spent | Cosmetics, Perfumes & Toiletries and Healthcare & Wellness Products",%,5.646155403262578
2014,EUROPE,Switzerland,Shopping Items Purchased in terms of Amount spent | Confectionery and Food Items,%,0.9914183671543588
2014,EUROPE,Switzerland,Shopping Items Purchased in terms of Amount spent | Souvenirs and Gifts,%,3.987409566617027
2014,EUROPE,Switzerland,Shopping Items Purchased in terms of Amount spent | Genuine Jewellery,%,24.65069002191762
2014,EUROPE,Switzerland,Shopping Items Purchased in terms of Amount spent | Consumer Tech,%,6.268328413181614
2014,EUROPE,Switzerland,Shopping Items Purchased in terms of Amount spent | Others,%,3.664937398985511
2014,EUROPE,UK,Shopping Items Purchased in terms of Popularity | Fashion and Accessories,%,48.55896801726487
2014,EUROPE,UK,"Shopping Items Purchased in terms of Popularity | Cosmetics, Perfumes & Toiletries and Healthcare & Wellness Products",%,13.99278614089977
2014,EUROPE,UK,Shopping Items Purchased in terms of Popularity | Confectionery and Food Items,%,13.95808814261249
2014,EUROPE,UK,Shopping Items Purchased in terms of Popularity | Souvenirs and Gifts,%,34.12852328147979
2014,EUROPE,UK,Shopping Items Purchased in terms of Popularity | Genuine Jewellery,%,3.787105695932887
2014,EUROPE,UK,Shopping Items Purchased in terms of Popularity | Consumer Tech,%,12.45634881569379
2014,EUROPE,UK,Shopping Items Purchased in terms of Popularity | Watches and Clocks,%,0.9137839982423924
2014,EUROPE,UK,Shopping Items Purchased in terms of Popularity | Others,%,19.72925530231651
2014,EUROPE,UK,Shopping Items Purchased in terms of Amount spent | Fashion and Accessories,%,85.50761459905486
2014,EUROPE,UK,"Shopping Items Purchased in terms of Amount spent | Cosmetics, Perfumes & Toiletries and Healthcare & Wellness Products",%,2.15305601902341
2014,EUROPE,UK,Shopping Items Purchased in terms of Amount spent | Confectionery and Food Items,%,1.173923990217903
2014,EUROPE,UK,Shopping Items Purchased in terms of Amount spent | Souvenirs and Gifts,%,3.044629332537914
2014,EUROPE,UK,Shopping Items Purchased in terms of Amount spent | Genuine Jewellery,%,0.9198229490214648
2014,EUROPE,UK,Shopping Items Purchased in terms of Amount spent | Consumer Tech,%,5.104148286991976
2014,EUROPE,UK,Shopping Items Purchased in terms of Amount spent | Watches and Clocks,%,0.197053661809846
2014,EUROPE,UK,Shopping Items Purchased in terms of Amount spent | Others,%,1.899751161477913
2014,AMERICAS,Canada,Shopping Items Purchased in terms of Popularity | Fashion and Accessories,%,39.57154858605239
2014,AMERICAS,Canada,"Shopping Items Purchased in terms of Popularity | Cosmetics, Perfumes & Toiletries and Healthcare & Wellness Products",%,10.75920554348007
2014,AMERICAS,Canada,Shopping Items Purchased in terms of Popularity | Confectionery and Food Items,%,20.69730374546897
2014,AMERICAS,Canada,Shopping Items Purchased in terms of Popularity | Souvenirs and Gifts,%,21.11922992755632
2014,AMERICAS,Canada,Shopping Items Purchased in terms of Popularity | Genuine Jewellery,%,4.114773364658782
2014,AMERICAS,Canada,Shopping Items Purchased in terms of Popularity | Consumer Tech,%,17.37506753819491
2014,AMERICAS,Canada,Shopping Items Purchased in terms of Popularity | Watches and Clocks,%,2.500787349893825
2014,AMERICAS,Canada,Shopping Items Purchased in terms of Popularity | Others,%,11.49627933088458
2014,AMERICAS,Canada,Shopping Items Purchased in terms of Amount spent | Fashion and Accessories,%,14.09768665567432
2014,AMERICAS,Canada,"Shopping Items Purchased in terms of Amount spent | Cosmetics, Perfumes & Toiletries and Healthcare & Wellness Products",%,1.20960297210192
2014,AMERICAS,Canada,Shopping Items Purchased in terms of Amount spent | Confectionery and Food Items,%,1.098399785110464
2014,AMERICAS,Canada,Shopping Items Purchased in terms of Amount spent | Souvenirs and Gifts,%,3.101479773520695
2014,AMERICAS,Canada,Shopping Items Purchased in terms of Amount spent | Genuine Jewellery,%,73.4454302836768
2014,AMERICAS,Canada,Shopping Items Purchased in terms of Amount spent | Consumer Tech,%,4.500549329844336
2014,AMERICAS,Canada,Shopping Items Purchased in terms of Amount spent | Watches and Clocks,%,0.5982838343088107
2014,AMERICAS,Canada,Shopping Items Purchased in terms of Amount spent | Others,%,1.94856736576266
2014,AMERICAS,USA,Shopping Items Purchased in terms of Popularity | Fashion and Accessories,%,40.29437563642595
2014,AMERICAS,USA,"Shopping Items Purchased in terms of Popularity | Cosmetics, Perfumes & Toiletries and Healthcare & Wellness Products",%,10.35798609239352
2014,AMERICAS,USA,Shopping Items Purchased in terms of Popularity | Confectionery and Food Items,%,17.62064777881903
2014,AMERICAS,USA,Shopping Items Purchased in terms of Popularity | Souvenirs and Gifts,%,41.13936336934681
2014,AMERICAS,USA,Shopping Items Purchased in terms of Popularity | Genuine Jewellery,%,5.348035212422152
2014,AMERICAS,USA,Shopping Items Purchased in terms of Popularity | Consumer Tech,%,6.868730589399215
2014,AMERICAS,USA,Shopping Items Purchased in terms of Popularity | Others,%,7.0992864694948
2014,AMERICAS,USA,Shopping Items Purchased in terms of Amount spent | Fashion and Accessories,%,44.26879246895295
2014,AMERICAS,USA,"Shopping Items Purchased in terms of Amount spent | Cosmetics, Perfumes & Toiletries and Healthcare & Wellness Products",%,6.736967924443392
2014,AMERICAS,USA,Shopping Items Purchased in terms of Amount spent | Confectionery and Food Items,%,6.621249949508823
2014,AMERICAS,USA,Shopping Items Purchased in terms of Amount spent | Souvenirs and Gifts,%,17.38523628668334
2014,AMERICAS,USA,Shopping Items Purchased in terms of Amount spent | Genuine Jewellery,%,14.73105803960152
2014,AMERICAS,USA,Shopping Items Purchased in terms of Amount spent | Consumer Tech,%,5.444761103291945
2014,AMERICAS,USA,Shopping Items Purchased in terms of Amount spent | Watches and Clocks,%,0.3832725832682054
2014,AMERICAS,USA,Shopping Items Purchased in terms of Amount spent | Others,%,4.428661644568165
2014,OCEANIA,Australia,Shopping Items Purchased in terms of Popularity | Fashion and Accessories,%,55.33504125616622
2014,OCEANIA,Australia,"Shopping Items Purchased in terms of Popularity | Cosmetics, Perfumes & Toiletries and Healthcare & Wellness Products",%,14.21519234017215
2014,OCEANIA,Australia,Shopping Items Purchased in terms of Popularity | Confectionery and Food Items,%,12.72889615747139
2014,OCEANIA,Australia,Shopping Items Purchased in terms of Popularity | Souvenirs and Gifts,%,31.20353056191608
2014,OCEANIA,Australia,Shopping Items Purchased in terms of Popularity | Genuine Jewellery,%,2.854154667228942
2014,OCEANIA,Australia,Shopping Items Purchased in terms of Popularity | Consumer Tech,%,12.16976486959093
2014,OCEANIA,Australia,Shopping Items Purchased in terms of Popularity | Watches and Clocks,%,2.441151139203003
2014,OCEANIA,Australia,Shopping Items Purchased in terms of Popularity | Others,%,14.24000253763077
2014,OCEANIA,Australia,Shopping Items Purchased in terms of Amount spent | Fashion and Accessories,%,51.56219556387107
2014,OCEANIA,Australia,"Shopping Items Purchased in terms of Amount spent | Cosmetics, Perfumes & Toiletries and Healthcare & Wellness Products",%,9.336236605432603
2014,OCEANIA,Australia,Shopping Items Purchased in terms of Amount spent | Confectionery and Food Items,%,2.834462780765308
2014,OCEANIA,Australia,Shopping Items Purchased in terms of Amount spent | Souvenirs and Gifts,%,10.35356966773194
2014,OCEANIA,Australia,Shopping Items Purchased in terms of Amount spent | Genuine Jewellery,%,8.131867464509074
2014,OCEANIA,Australia,Shopping Items Purchased in terms of Amount spent | Consumer Tech,%,10.05578113379366
2014,OCEANIA,Australia,Shopping Items Purchased in terms of Amount spent | Watches and Clocks,%,2.49094642132973
2014,OCEANIA,Australia,Shopping Items Purchased in terms of Amount spent | Others,%,5.234940362589326
2014,OCEANIA,New Zealand,Shopping Items Purchased in terms of Popularity | Fashion and Accessories,%,49.85255439340882
2014,OCEANIA,New Zealand,"Shopping Items Purchased in terms of Popularity | Cosmetics, Perfumes & Toiletries and Healthcare & Wellness Products",%,13.85436148621841
2014,OCEANIA,New Zealand,Shopping Items Purchased in terms of Popularity | Confectionery and Food Items,%,14.88210733539209
2014,OCEANIA,New Zealand,Shopping Items Purchased in terms of Popularity | Souvenirs and Gifts,%,34.49379867172791
2014,OCEANIA,New Zealand,Shopping Items Purchased in terms of Popularity | Genuine Jewellery,%,11.23751217703001
2014,OCEANIA,New Zealand,Shopping Items Purchased in terms of Popularity | Consumer Tech,%,17.16710097718819
2014,OCEANIA,New Zealand,Shopping Items Purchased in terms of Popularity | Watches and Clocks,%,2.991309169100999
2014,OCEANIA,New Zealand,Shopping Items Purchased in terms of Popularity | Others,%,14.67711180154191
2014,OCEANIA,New Zealand,Shopping Items Purchased in terms of Amount spent | Fashion and Accessories,%,31.25791332968652
2014,OCEANIA,New Zealand,"Shopping Items Purchased in terms of Amount spent | Cosmetics, Perfumes & Toiletries and Healthcare & Wellness Products",%,4.18951339169486
2014,OCEANIA,New Zealand,Shopping Items Purchased in terms of Amount spent | Confectionery and Food Items,%,1.807827384844916
2014,OCEANIA,New Zealand,Shopping Items Purchased in terms of Amount spent | Souvenirs and Gifts,%,6.053132552346091
2014,OCEANIA,New Zealand,Shopping Items Purchased in terms of Amount spent | Genuine Jewellery,%,45.42146969296181
2014,OCEANIA,New Zealand,Shopping Items Purchased in terms of Amount spent | Consumer Tech,%,7.797012191275971
2014,OCEANIA,New Zealand,Shopping Items Purchased in terms of Amount spent | Watches and Clocks,%,0.991483359283126
2014,OCEANIA,New Zealand,Shopping Items Purchased in terms of Amount spent | Others,%,2.481648097906688
2014,AFRICA,South Africa (Rep of),Shopping Items Purchased in terms of Popularity | Fashion and Accessories,%,56.44644976797913
2014,AFRICA,South Africa (Rep of),"Shopping Items Purchased in terms of Popularity | Cosmetics, Perfumes & Toiletries and Healthcare & Wellness Products",%,6.486142082255398
2014,AFRICA,South Africa (Rep of),Shopping Items Purchased in terms of Popularity | Confectionery and Food Items,%,11.01702568193932
2014,AFRICA,South Africa (Rep of),Shopping Items Purchased in terms of Popularity | Souvenirs and Gifts,%,33.61384226927986
2014,AFRICA,South Africa (Rep of),Shopping Items Purchased in terms of Popularity | Genuine Jewellery,%,11.628289568916
2014,AFRICA,South Africa (Rep of),Shopping Items Purchased in terms of Popularity | Consumer Tech,%,3.061495537093526
2014,AFRICA,South Africa (Rep of),Shopping Items Purchased in terms of Popularity | Others,%,14.52025890209049
2014,AFRICA,South Africa (Rep of),Shopping Items Purchased in terms of Amount spent | Fashion and Accessories,%,75.98867498467337
2014,AFRICA,South Africa (Rep of),"Shopping Items Purchased in terms of Amount spent | Cosmetics, Perfumes & Toiletries and Healthcare & Wellness Products",%,1.720335082378381
2014,AFRICA,South Africa (Rep of),Shopping Items Purchased in terms of Amount spent | Confectionery and Food Items,%,5.080638763369169
2014,AFRICA,South Africa (Rep of),Shopping Items Purchased in terms of Amount spent | Souvenirs and Gifts,%,3.907658854550791
2014,AFRICA,South Africa (Rep of),Shopping Items Purchased in terms of Amount spent | Genuine Jewellery,%,8.427988749375425
2014,AFRICA,South Africa (Rep of),Shopping Items Purchased in terms of Amount spent | Consumer Tech,%,2.228179996147786
2014,AFRICA,South Africa (Rep of),Shopping Items Purchased in terms of Amount spent | Others,%,2.646523562561816
2014,REMAINING,Others,Shopping Items Purchased in terms of Popularity | Fashion and Accessories,%,52.55425993702268
2014,REMAINING,Others,"Shopping Items Purchased in terms of Popularity | Cosmetics, Perfumes & Toiletries and Healthcare & Wellness Products",%,19.22516084000984
2014,REMAINING,Others,Shopping Items Purchased in terms of Popularity | Confectionery and Food Items,%,24.09648177584993
2014,REMAINING,Others,Shopping Items Purchased in terms of Popularity | Souvenirs and Gifts,%,28.73444905346015
2014,REMAINING,Others,Shopping Items Purchased in terms of Popularity | Genuine Jewellery,%,3.96775906728709
2014,REMAINING,Others,Shopping Items Purchased in terms of Popularity | Consumer Tech,%,21.46935177003589
2014,REMAINING,Others,Shopping Items Purchased in terms of Popularity | Watches and Clocks,%,2.96872581161357
2014,REMAINING,Others,Shopping Items Purchased in terms of Popularity | Others,%,8.828483480185444
2014,REMAINING,Others,Shopping Items Purchased in terms of Amount spent | Fashion and Accessories,%,43.00326793171646
2014,REMAINING,Others,"Shopping Items Purchased in terms of Amount spent | Cosmetics, Perfumes & Toiletries and Healthcare & Wellness Products",%,5.096221268352522
2014,REMAINING,Others,Shopping Items Purchased in terms of Amount spent | Confectionery and Food Items,%,2.722268798140718
2014,REMAINING,Others,Shopping Items Purchased in terms of Amount spent | Souvenirs and Gifts,%,2.658918175317864
2014,REMAINING,Others,Shopping Items Purchased in terms of Amount spent | Genuine Jewellery,%,9.33337803675014
2014,REMAINING,Others,Shopping Items Purchased in terms of Amount spent | Consumer Tech,%,25.40140101171688
2014,REMAINING,Others,Shopping Items Purchased in terms of Amount spent | Watches and Clocks,%,9.742134508727036
2014,REMAINING,Others,Shopping Items Purchased in terms of Amount spent | Others,%,2.042410269212743
2013,SOUTHEAST ASIA,Indonesia,Shopping Items Purchased in terms of Popularity | Fashion and Accessories,%,55.85362471528705
2013,SOUTHEAST ASIA,Indonesia,"Shopping Items Purchased in terms of Popularity | Cosmetics, Perfumes & Toiletries and Healthcare & Wellness Products",%,17.36646091063631
2013,SOUTHEAST ASIA,Indonesia,Shopping Items Purchased in terms of Popularity | Confectionery and Food Items,%,47.72112957256266
2013,SOUTHEAST ASIA,Indonesia,Shopping Items Purchased in terms of Popularity | Souvenirs and Gifts,%,17.19348814990517
2013,SOUTHEAST ASIA,Indonesia,Shopping Items Purchased in terms of Popularity | Genuine Jewellery,%,0.8327611344323969
2013,SOUTHEAST ASIA,Indonesia,Shopping Items Purchased in terms of Popularity | Consumer Tech,%,11.00138608362613
2013,SOUTHEAST ASIA,Indonesia,Shopping Items Purchased in terms of Popularity | Watches and Clocks,%,2.01810838152062
2013,SOUTHEAST ASIA,Indonesia,Shopping Items Purchased in terms of Popularity | Others,%,13.71488775557358
2013,SOUTHEAST ASIA,Indonesia,Shopping Items Purchased in terms of Amount spent | Fashion and Accessories,%,55.70575549483319
2013,SOUTHEAST ASIA,Indonesia,"Shopping Items Purchased in terms of Amount spent | Cosmetics, Perfumes & Toiletries and Healthcare & Wellness Products",%,8.028838933511707
2013,SOUTHEAST ASIA,Indonesia,Shopping Items Purchased in terms of Amount spent | Confectionery and Food Items,%,8.561514796173954
2013,SOUTHEAST ASIA,Indonesia,Shopping Items Purchased in terms of Amount spent | Souvenirs and Gifts,%,4.054450753665614
2013,SOUTHEAST ASIA,Indonesia,Shopping Items Purchased in terms of Amount spent | Genuine Jewellery,%,2.597617889884258
2013,SOUTHEAST ASIA,Indonesia,Shopping Items Purchased in terms of Amount spent | Consumer Tech,%,9.30416347651218
2013,SOUTHEAST ASIA,Indonesia,Shopping Items Purchased in terms of Amount spent | Watches and Clocks,%,4.816391708066575
2013,SOUTHEAST ASIA,Indonesia,Shopping Items Purchased in terms of Amount spent | Others,%,6.931266947428322
2013,SOUTHEAST ASIA,Malaysia,Shopping Items Purchased in terms of Popularity | Fashion and Accessories,%,45.83072032134508
2013,SOUTHEAST ASIA,Malaysia,"Shopping Items Purchased in terms of Popularity | Cosmetics, Perfumes & Toiletries and Healthcare & Wellness Products",%,14.36578261369305
2013,SOUTHEAST ASIA,Malaysia,Shopping Items Purchased in terms of Popularity | Confectionery and Food Items,%,43.53809720847062
2013,SOUTHEAST ASIA,Malaysia,Shopping Items Purchased in terms of Popularity | Souvenirs and Gifts,%,11.90023387397332
2013,SOUTHEAST ASIA,Malaysia,Shopping Items Purchased in terms of Popularity | Genuine Jewellery,%,0.9502432182827124
2013,SOUTHEAST ASIA,Malaysia,Shopping Items Purchased in terms of Popularity | Consumer Tech,%,8.852268348185936
2013,SOUTHEAST ASIA,Malaysia,Shopping Items Purchased in terms of Popularity | Watches and Clocks,%,1.443056623922137
2013,SOUTHEAST ASIA,Malaysia,Shopping Items Purchased in terms of Popularity | Others,%,14.56848503432116
2013,SOUTHEAST ASIA,Malaysia,Shopping Items Purchased in terms of Amount spent | Fashion and Accessories,%,50.06423303499162
2013,SOUTHEAST ASIA,Malaysia,"Shopping Items Purchased in terms of Amount spent | Cosmetics, Perfumes & Toiletries and Healthcare & Wellness Products",%,9.14884855162574
2013,SOUTHEAST ASIA,Malaysia,Shopping Items Purchased in terms of Amount spent | Confectionery and Food Items,%,9.13137884919688
2013,SOUTHEAST ASIA,Malaysia,Shopping Items Purchased in terms of Amount spent | Souvenirs and Gifts,%,3.589597145526886
2013,SOUTHEAST ASIA,Malaysia,Shopping Items Purchased in terms of Amount spent | Genuine Jewellery,%,13.18788159277981
2013,SOUTHEAST ASIA,Malaysia,Shopping Items Purchased in terms of Amount spent | Consumer Tech,%,6.461311398622122
2013,SOUTHEAST ASIA,Malaysia,Shopping Items Purchased in terms of Amount spent | Watches and Clocks,%,2.997895422144862
2013,SOUTHEAST ASIA,Malaysia,Shopping Items Purchased in terms of Amount spent | Others,%,5.418854005116664
2013,SOUTHEAST ASIA,Philippines,Shopping Items Purchased in terms of Popularity | Fashion and Accessories,%,53.02557138408874
2013,SOUTHEAST ASIA,Philippines,"Shopping Items Purchased in terms of Popularity | Cosmetics, Perfumes & Toiletries and Healthcare & Wellness Products",%,14.89006446549112
2013,SOUTHEAST ASIA,Philippines,Shopping Items Purchased in terms of Popularity | Confectionery and Food Items,%,44.68905525666587
2013,SOUTHEAST ASIA,Philippines,Shopping Items Purchased in terms of Popularity | Souvenirs and Gifts,%,30.33303309269303
2013,SOUTHEAST ASIA,Philippines,Shopping Items Purchased in terms of Popularity | Genuine Jewellery,%,2.416309242555255
2013,SOUTHEAST ASIA,Philippines,Shopping Items Purchased in terms of Popularity | Consumer Tech,%,16.52816260657646
2013,SOUTHEAST ASIA,Philippines,Shopping Items Purchased in terms of Popularity | Watches and Clocks,%,3.750257293281506
2013,SOUTHEAST ASIA,Philippines,Shopping Items Purchased in terms of Popularity | Others,%,8.553041456295386
2013,SOUTHEAST ASIA,Philippines,Shopping Items Purchased in terms of Amount spent | Fashion and Accessories,%,40.06659682668737
2013,SOUTHEAST ASIA,Philippines,"Shopping Items Purchased in terms of Amount spent | Cosmetics, Perfumes & Toiletries and Healthcare & Wellness Products",%,5.441363562157008
2013,SOUTHEAST ASIA,Philippines,Shopping Items Purchased in terms of Amount spent | Confectionery and Food Items,%,9.57134682103405
2013,SOUTHEAST ASIA,Philippines,Shopping Items Purchased in terms of Amount spent | Souvenirs and Gifts,%,8.967732894427742
2013,SOUTHEAST ASIA,Philippines,Shopping Items Purchased in terms of Amount spent | Genuine Jewellery,%,9.545737139109225
2013,SOUTHEAST ASIA,Philippines,Shopping Items Purchased in terms of Amount spent | Consumer Tech,%,21.21737512722008
2013,SOUTHEAST ASIA,Philippines,Shopping Items Purchased in terms of Amount spent | Watches and Clocks,%,3.426739197283862
2013,SOUTHEAST ASIA,Philippines,Shopping Items Purchased in terms of Amount spent | Others,%,1.763108432272114
2013,SOUTHEAST ASIA,Thailand,Shopping Items Purchased in terms of Popularity | Fashion and Accessories,%,49.42197141240253
2013,SOUTHEAST ASIA,Thailand,"Shopping Items Purchased in terms of Popularity | Cosmetics, Perfumes & Toiletries and Healthcare & Wellness Products",%,27.05900336305871
2013,SOUTHEAST ASIA,Thailand,Shopping Items Purchased in terms of Popularity | Confectionery and Food Items,%,53.58121415901561
2013,SOUTHEAST ASIA,Thailand,Shopping Items Purchased in terms of Popularity | Souvenirs and Gifts,%,12.32731521925508
2013,SOUTHEAST ASIA,Thailand,Shopping Items Purchased in terms of Popularity | Genuine Jewellery,%,1.064730720314719
2013,SOUTHEAST ASIA,Thailand,Shopping Items Purchased in terms of Popularity | Consumer Tech,%,14.35536851197257
2013,SOUTHEAST ASIA,Thailand,Shopping Items Purchased in terms of Popularity | Watches and Clocks,%,3.743364188110136
2013,SOUTHEAST ASIA,Thailand,Shopping Items Purchased in terms of Popularity | Others,%,14.04982939303756
2013,SOUTHEAST ASIA,Thailand,Shopping Items Purchased in terms of Amount spent | Fashion and Accessories,%,58.67640585313381
2013,SOUTHEAST ASIA,Thailand,"Shopping Items Purchased in terms of Amount spent | Cosmetics, Perfumes & Toiletries and Healthcare & Wellness Products",%,12.08190014045381
2013,SOUTHEAST ASIA,Thailand,Shopping Items Purchased in terms of Amount spent | Confectionery and Food Items,%,10.06661479036216
2013,SOUTHEAST ASIA,Thailand,Shopping Items Purchased in terms of Amount spent | Souvenirs and Gifts,%,2.201361693474473
2013,SOUTHEAST ASIA,Thailand,Shopping Items Purchased in terms of Amount spent | Genuine Jewellery,%,1.133976296841687
2013,SOUTHEAST ASIA,Thailand,Shopping Items Purchased in terms of Amount spent | Consumer Tech,%,6.263030592027975
2013,SOUTHEAST ASIA,Thailand,Shopping Items Purchased in terms of Amount spent | Watches and Clocks,%,6.679013836143443
2013,SOUTHEAST ASIA,Thailand,Shopping Items Purchased in terms of Amount spent | Others,%,2.897696797470543
2013,SOUTHEAST ASIA,Vietnam,Shopping Items Purchased in terms of Popularity | Fashion and Accessories,%,53.64015278006698
2013,SOUTHEAST ASIA,Vietnam,"Shopping Items Purchased in terms of Popularity | Cosmetics, Perfumes & Toiletries and Healthcare & Wellness Products",%,30.94826302009583
2013,SOUTHEAST ASIA,Vietnam,Shopping Items Purchased in terms of Popularity | Confectionery and Food Items,%,39.62322156865535
2013,SOUTHEAST ASIA,Vietnam,Shopping Items Purchased in terms of Popularity | Souvenirs and Gifts,%,23.23368572772883
2013,SOUTHEAST ASIA,Vietnam,Shopping Items Purchased in terms of Popularity | Genuine Jewellery,%,2.860853186444784
2013,SOUTHEAST ASIA,Vietnam,Shopping Items Purchased in terms of Popularity | Consumer Tech,%,17.85146458545359
2013,SOUTHEAST ASIA,Vietnam,Shopping Items Purchased in terms of Popularity | Watches and Clocks,%,3.468627387518666
2013,SOUTHEAST ASIA,Vietnam,Shopping Items Purchased in terms of Popularity | Others,%,18.68360514871994
2013,SOUTHEAST ASIA,Vietnam,Shopping Items Purchased in terms of Amount spent | Fashion and Accessories,%,52.33440505449945
2013,SOUTHEAST ASIA,Vietnam,"Shopping Items Purchased in terms of Amount spent | Cosmetics, Perfumes & Toiletries and Healthcare & Wellness Products",%,8.83641505774366
2013,SOUTHEAST ASIA,Vietnam,Shopping Items Purchased in terms of Amount spent | Confectionery and Food Items,%,5.114850899690707
2013,SOUTHEAST ASIA,Vietnam,Shopping Items Purchased in terms of Amount spent | Souvenirs and Gifts,%,4.9664146398978
2013,SOUTHEAST ASIA,Vietnam,Shopping Items Purchased in terms of Amount spent | Genuine Jewellery,%,5.016237717379116
2013,SOUTHEAST ASIA,Vietnam,Shopping Items Purchased in terms of Amount spent | Consumer Tech,%,14.57616176231801
2013,SOUTHEAST ASIA,Vietnam,Shopping Items Purchased in terms of Amount spent | Watches and Clocks,%,4.130274489756144
2013,SOUTHEAST ASIA,Vietnam,Shopping Items Purchased in terms of Amount spent | Others,%,5.025240378715099
2013,GREATER CHINA,China,Shopping Items Purchased in terms of Popularity | Fashion and Accessories,%,36.05091002955276
2013,GREATER CHINA,China,"Shopping Items Purchased in terms of Popularity | Cosmetics, Perfumes & Toiletries and Healthcare & Wellness Products",%,35.99831471820086
2013,GREATER CHINA,China,Shopping Items Purchased in terms of Popularity | Confectionery and Food Items,%,45.12609637985384
2013,GREATER CHINA,China,Shopping Items Purchased in terms of Popularity | Souvenirs and Gifts,%,16.38579256992811
2013,GREATER CHINA,China,Shopping Items Purchased in terms of Popularity | Genuine Jewellery,%,4.979926245061534
2013,GREATER CHINA,China,Shopping Items Purchased in terms of Popularity | Consumer Tech,%,10.08272367553248
2013,GREATER CHINA,China,Shopping Items Purchased in terms of Popularity | Watches and Clocks,%,5.178875595757463
2013,GREATER CHINA,China,Shopping Items Purchased in terms of Popularity | Others,%,30.24792445872521
2013,GREATER CHINA,China,Shopping Items Purchased in terms of Amount spent | Fashion and Accessories,%,35.21366602732257
2013,GREATER CHINA,China,"Shopping Items Purchased in terms of Amount spent | Cosmetics, Perfumes & Toiletries and Healthcare & Wellness Products",%,9.520534015598605
2013,GREATER CHINA,China,Shopping Items Purchased in terms of Amount spent | Confectionery and Food Items,%,3.698751823405334
2013,GREATER CHINA,China,Shopping Items Purchased in terms of Amount spent | Souvenirs and Gifts,%,3.319186563973572
2013,GREATER CHINA,China,Shopping Items Purchased in terms of Amount spent | Genuine Jewellery,%,8.374371837753136
2013,GREATER CHINA,China,Shopping Items Purchased in terms of Amount spent | Consumer Tech,%,3.042024503246664
2013,GREATER CHINA,China,Shopping Items Purchased in terms of Amount spent | Watches and Clocks,%,31.6357347251958
2013,GREATER CHINA,China,Shopping Items Purchased in terms of Amount spent | Others,%,5.195730503450665
2013,GREATER CHINA,Hong Kong SAR,Shopping Items Purchased in terms of Popularity | Fashion and Accessories,%,28.48943668403337
2013,GREATER CHINA,Hong Kong SAR,"Shopping Items Purchased in terms of Popularity | Cosmetics, Perfumes & Toiletries and Healthcare & Wellness Products",%,16.04377129051742
2013,GREATER CHINA,Hong Kong SAR,Shopping Items Purchased in terms of Popularity | Confectionery and Food Items,%,73.41238694102272
2013,GREATER CHINA,Hong Kong SAR,Shopping Items Purchased in terms of Popularity | Souvenirs and Gifts,%,20.64394469716698
2013,GREATER CHINA,Hong Kong SAR,Shopping Items Purchased in terms of Popularity | Genuine Jewellery,%,0.5110061741018265
2013,GREATER CHINA,Hong Kong SAR,Shopping Items Purchased in terms of Popularity | Consumer Tech,%,5.588184644146937
2013,GREATER CHINA,Hong Kong SAR,Shopping Items Purchased in terms of Popularity | Others,%,11.52704848278264
2013,GREATER CHINA,Hong Kong SAR,Shopping Items Purchased in terms of Amount spent | Fashion and Accessories,%,35.08480224757544
2013,GREATER CHINA,Hong Kong SAR,"Shopping Items Purchased in terms of Amount spent | Cosmetics, Perfumes & Toiletries and Healthcare & Wellness Products",%,7.888267262075982
2013,GREATER CHINA,Hong Kong SAR,Shopping Items Purchased in terms of Amount spent | Confectionery and Food Items,%,29.02185180084535
2013,GREATER CHINA,Hong Kong SAR,Shopping Items Purchased in terms of Amount spent | Souvenirs and Gifts,%,9.673019048019276
2013,GREATER CHINA,Hong Kong SAR,Shopping Items Purchased in terms of Amount spent | Genuine Jewellery,%,1.003039712988644
2013,GREATER CHINA,Hong Kong SAR,Shopping Items Purchased in terms of Amount spent | Consumer Tech,%,5.287135448538463
2013,GREATER CHINA,Hong Kong SAR,Shopping Items Purchased in terms of Amount spent | Watches and Clocks,%,9.47325630749219
2013,GREATER CHINA,Hong Kong SAR,Shopping Items Purchased in terms of Amount spent | Others,%,2.568628172438419
2013,GREATER CHINA,Taiwan,Shopping Items Purchased in terms of Popularity | Fashion and Accessories,%,35.15914319169332
2013,GREATER CHINA,Taiwan,"Shopping Items Purchased in terms of Popularity | Cosmetics, Perfumes & Toiletries and Healthcare & Wellness Products",%,15.29932302083527
2013,GREATER CHINA,Taiwan,Shopping Items Purchased in terms of Popularity | Confectionery and Food Items,%,55.90863948533111
2013,GREATER CHINA,Taiwan,Shopping Items Purchased in terms of Popularity | Souvenirs and Gifts,%,32.53619558235798
2013,GREATER CHINA,Taiwan,Shopping Items Purchased in terms of Popularity | Genuine Jewellery,%,0.608192055386671
2013,GREATER CHINA,Taiwan,Shopping Items Purchased in terms of Popularity | Consumer Tech,%,5.108031485011122
2013,GREATER CHINA,Taiwan,Shopping Items Purchased in terms of Popularity | Others,%,20.29953626712723
2013,GREATER CHINA,Taiwan,Shopping Items Purchased in terms of Amount spent | Fashion and Accessories,%,48.38470654570255
2013,GREATER CHINA,Taiwan,"Shopping Items Purchased in terms of Amount spent | Cosmetics, Perfumes & Toiletries and Healthcare & Wellness Products",%,6.108735607873657
2013,GREATER CHINA,Taiwan,Shopping Items Purchased in terms of Amount spent | Confectionery and Food Items,%,20.36498552112718
2013,GREATER CHINA,Taiwan,Shopping Items Purchased in terms of Amount spent | Souvenirs and Gifts,%,13.01014066433966
2013,GREATER CHINA,Taiwan,Shopping Items Purchased in terms of Amount spent | Genuine Jewellery,%,2.811100472811406
2013,GREATER CHINA,Taiwan,Shopping Items Purchased in terms of Amount spent | Consumer Tech,%,4.366108934623425
2013,GREATER CHINA,Taiwan,Shopping Items Purchased in terms of Amount spent | Watches and Clocks,%,0.0478804368785037
2013,GREATER CHINA,Taiwan,Shopping Items Purchased in terms of Amount spent | Others,%,4.906341816643604
2013,NORTH ASIA,Japan,Shopping Items Purchased in terms of Popularity | Fashion and Accessories,%,29.23533406658685
2013,NORTH ASIA,Japan,"Shopping Items Purchased in terms of Popularity | Cosmetics, Perfumes & Toiletries and Healthcare & Wellness Products",%,12.92206644550509
2013,NORTH ASIA,Japan,Shopping Items Purchased in terms of Popularity | Confectionery and Food Items,%,57.25779294391262
2013,NORTH ASIA,Japan,Shopping Items Purchased in terms of Popularity | Souvenirs and Gifts,%,40.84638255864787
2013,NORTH ASIA,Japan,Shopping Items Purchased in terms of Popularity | Genuine Jewellery,%,0.778751777528407
2013,NORTH ASIA,Japan,Shopping Items Purchased in terms of Popularity | Consumer Tech,%,5.678538086416285
2013,NORTH ASIA,Japan,Shopping Items Purchased in terms of Popularity | Watches and Clocks,%,0.7077391258236614
2013,NORTH ASIA,Japan,Shopping Items Purchased in terms of Popularity | Others,%,13.11389510627753
2013,NORTH ASIA,Japan,Shopping Items Purchased in terms of Amount spent | Fashion and Accessories,%,31.2367084051353
2013,NORTH ASIA,Japan,"Shopping Items Purchased in terms of Amount spent | Cosmetics, Perfumes & Toiletries and Healthcare & Wellness Products",%,8.678260418317011
2013,NORTH ASIA,Japan,Shopping Items Purchased in terms of Amount spent | Confectionery and Food Items,%,21.34190532446926
2013,NORTH ASIA,Japan,Shopping Items Purchased in terms of Amount spent | Souvenirs and Gifts,%,26.99711713399275
2013,NORTH ASIA,Japan,Shopping Items Purchased in terms of Amount spent | Genuine Jewellery,%,2.644698538954237
2013,NORTH ASIA,Japan,Shopping Items Purchased in terms of Amount spent | Consumer Tech,%,3.54719596245528
2013,NORTH ASIA,Japan,Shopping Items Purchased in terms of Amount spent | Watches and Clocks,%,0.5741770282307144
2013,NORTH ASIA,Japan,Shopping Items Purchased in terms of Amount spent | Others,%,4.979937188528173
2013,NORTH ASIA,South Korea,Shopping Items Purchased in terms of Popularity | Fashion and Accessories,%,50.50178671037047
2013,NORTH ASIA,South Korea,"Shopping Items Purchased in terms of Popularity | Cosmetics, Perfumes & Toiletries and Healthcare & Wellness Products",%,22.29804163246203
2013,NORTH ASIA,South Korea,Shopping Items Purchased in terms of Popularity | Confectionery and Food Items,%,75.31770428167182
2013,NORTH ASIA,South Korea,Shopping Items Purchased in terms of Popularity | Souvenirs and Gifts,%,39.79566126688201
2013,NORTH ASIA,South Korea,Shopping Items Purchased in terms of Popularity | Consumer Tech,%,24.47762672623366
2013,NORTH ASIA,South Korea,Shopping Items Purchased in terms of Popularity | Watches and Clocks,%,0.5975785469985939
2013,NORTH ASIA,South Korea,Shopping Items Purchased in terms of Popularity | Others,%,23.53880940858728
2013,NORTH ASIA,South Korea,Shopping Items Purchased in terms of Amount spent | Fashion and Accessories,%,29.53859648984684
2013,NORTH ASIA,South Korea,"Shopping Items Purchased in terms of Amount spent | Cosmetics, Perfumes & Toiletries and Healthcare & Wellness Products",%,11.96398219791727
2013,NORTH ASIA,South Korea,Shopping Items Purchased in terms of Amount spent | Confectionery and Food Items,%,25.3925685862465
2013,NORTH ASIA,South Korea,Shopping Items Purchased in terms of Amount spent | Souvenirs and Gifts,%,13.65227673398222
2013,NORTH ASIA,South Korea,Shopping Items Purchased in terms of Amount spent | Consumer Tech,%,12.56289499421108
2013,NORTH ASIA,South Korea,Shopping Items Purchased in terms of Amount spent | Watches and Clocks,%,0.3677555163028352
2013,NORTH ASIA,South Korea,Shopping Items Purchased in terms of Amount spent | Others,%,6.521925482097395
2013,SOUTH ASIA,India,Shopping Items Purchased in terms of Popularity | Fashion and Accessories,%,35.6892807911907
2013,SOUTH ASIA,India,"Shopping Items Purchased in terms of Popularity | Cosmetics, Perfumes & Toiletries and Healthcare & Wellness Products",%,18.01607672084372
2013,SOUTH ASIA,India,Shopping Items Purchased in terms of Popularity | Confectionery and Food Items,%,39.95074944723471
2013,SOUTH ASIA,India,Shopping Items Purchased in terms of Popularity | Souvenirs and Gifts,%,29.64446436217703
2013,SOUTH ASIA,India,Shopping Items Purchased in terms of Popularity | Genuine Jewellery,%,3.721349095407239
2013,SOUTH ASIA,India,Shopping Items Purchased in terms of Popularity | Consumer Tech,%,24.66638296998667
2013,SOUTH ASIA,India,Shopping Items Purchased in terms of Popularity | Watches and Clocks,%,4.925478918650461
2013,SOUTH ASIA,India,Shopping Items Purchased in terms of Popularity | Others,%,13.68242107595539
2013,SOUTH ASIA,India,Shopping Items Purchased in terms of Amount spent | Fashion and Accessories,%,24.84164955294357
2013,SOUTH ASIA,India,"Shopping Items Purchased in terms of Amount spent | Cosmetics, Perfumes & Toiletries and Healthcare & Wellness Products",%,7.779802452552619
2013,SOUTH ASIA,India,Shopping Items Purchased in terms of Amount spent | Confectionery and Food Items,%,7.505548346167217
2013,SOUTH ASIA,India,Shopping Items Purchased in terms of Amount spent | Souvenirs and Gifts,%,7.610371469997989
2013,SOUTH ASIA,India,Shopping Items Purchased in terms of Amount spent | Genuine Jewellery,%,11.15668113830702
2013,SOUTH ASIA,India,Shopping Items Purchased in terms of Amount spent | Consumer Tech,%,32.48493209085053
2013,SOUTH ASIA,India,Shopping Items Purchased in terms of Amount spent | Watches and Clocks,%,3.672941121414768
2013,SOUTH ASIA,India,Shopping Items Purchased in terms of Amount spent | Others,%,4.948073827690638
2013,EUROPE,France,Shopping Items Purchased in terms of Popularity | Fashion and Accessories,%,51.65688322040877
2013,EUROPE,France,"Shopping Items Purchased in terms of Popularity | Cosmetics, Perfumes & Toiletries and Healthcare & Wellness Products",%,5.988236833713493
2013,EUROPE,France,Shopping Items Purchased in terms of Popularity | Confectionery and Food Items,%,16.97824764678964
2013,EUROPE,France,Shopping Items Purchased in terms of Popularity | Souvenirs and Gifts,%,30.18646099864755
2013,EUROPE,France,Shopping Items Purchased in terms of Popularity | Genuine Jewellery,%,0.9371802435632042
2013,EUROPE,France,Shopping Items Purchased in terms of Popularity | Consumer Tech,%,18.85594320411192
2013,EUROPE,France,Shopping Items Purchased in terms of Popularity | Others,%,23.12244560517753
2013,EUROPE,France,Shopping Items Purchased in terms of Amount spent | Fashion and Accessories,%,41.66485434495834
2013,EUROPE,France,"Shopping Items Purchased in terms of Amount spent | Cosmetics, Perfumes & Toiletries and Healthcare & Wellness Products",%,8.92970829669594
2013,EUROPE,France,Shopping Items Purchased in terms of Amount spent | Confectionery and Food Items,%,5.431621201732466
2013,EUROPE,France,Shopping Items Purchased in terms of Amount spent | Souvenirs and Gifts,%,9.766624608918796
2013,EUROPE,France,Shopping Items Purchased in terms of Amount spent | Genuine Jewellery,%,0.4117885950243788
2013,EUROPE,France,Shopping Items Purchased in terms of Amount spent | Consumer Tech,%,25.02881675845932
2013,EUROPE,France,Shopping Items Purchased in terms of Amount spent | Others,%,8.766586194210774
2013,EUROPE,Germany,Shopping Items Purchased in terms of Popularity | Fashion and Accessories,%,55.96129390609497
2013,EUROPE,Germany,"Shopping Items Purchased in terms of Popularity | Cosmetics, Perfumes & Toiletries and Healthcare & Wellness Products",%,8.176368605297132
2013,EUROPE,Germany,Shopping Items Purchased in terms of Popularity | Confectionery and Food Items,%,23.20112374780734
2013,EUROPE,Germany,Shopping Items Purchased in terms of Popularity | Souvenirs and Gifts,%,41.59311828495565
2013,EUROPE,Germany,Shopping Items Purchased in terms of Popularity | Genuine Jewellery,%,2.634383717027992
2013,EUROPE,Germany,Shopping Items Purchased in terms of Popularity | Consumer Tech,%,29.6268552190194
2013,EUROPE,Germany,Shopping Items Purchased in terms of Popularity | Watches and Clocks,%,0.751921123506961
2013,EUROPE,Germany,Shopping Items Purchased in terms of Popularity | Others,%,11.97675805345264
2013,EUROPE,Germany,Shopping Items Purchased in terms of Amount spent | Fashion and Accessories,%,38.15816100830612
2013,EUROPE,Germany,"Shopping Items Purchased in terms of Amount spent | Cosmetics, Perfumes & Toiletries and Healthcare & Wellness Products",%,4.759858001212575
2013,EUROPE,Germany,Shopping Items Purchased in terms of Amount spent | Confectionery and Food Items,%,3.835056015870819
2013,EUROPE,Germany,Shopping Items Purchased in terms of Amount spent | Souvenirs and Gifts,%,12.35249332610981
2013,EUROPE,Germany,Shopping Items Purchased in terms of Amount spent | Genuine Jewellery,%,11.1459863890338
2013,EUROPE,Germany,Shopping Items Purchased in terms of Amount spent | Consumer Tech,%,25.79265184685162
2013,EUROPE,Germany,Shopping Items Purchased in terms of Amount spent | Watches and Clocks,%,0.0264072459455069
2013,EUROPE,Germany,Shopping Items Purchased in terms of Amount spent | Others,%,3.929386166669755
2013,EUROPE,Italy,Shopping Items Purchased in terms of Popularity | Fashion and Accessories,%,82.06283503445573
2013,EUROPE,Italy,"Shopping Items Purchased in terms of Popularity | Cosmetics, Perfumes & Toiletries and Healthcare & Wellness Products",%,13.86813617207533
2013,EUROPE,Italy,Shopping Items Purchased in terms of Popularity | Confectionery and Food Items,%,14.04384194584742
2013,EUROPE,Italy,Shopping Items Purchased in terms of Popularity | Souvenirs and Gifts,%,43.8637579053423
2013,EUROPE,Italy,Shopping Items Purchased in terms of Popularity | Consumer Tech,%,32.93825553168207
2013,EUROPE,Italy,Shopping Items Purchased in terms of Popularity | Others,%,6.957657488100361
2013,EUROPE,Italy,Shopping Items Purchased in terms of Amount spent | Fashion and Accessories,%,57.55411991953537
2013,EUROPE,Italy,"Shopping Items Purchased in terms of Amount spent | Cosmetics, Perfumes & Toiletries and Healthcare & Wellness Products",%,11.50748800664662
2013,EUROPE,Italy,Shopping Items Purchased in terms of Amount spent | Confectionery and Food Items,%,2.378370812783321
2013,EUROPE,Italy,Shopping Items Purchased in terms of Amount spent | Souvenirs and Gifts,%,12.23262088038633
2013,EUROPE,Italy,Shopping Items Purchased in terms of Amount spent | Consumer Tech,%,13.80783954005482
2013,EUROPE,Italy,Shopping Items Purchased in terms of Amount spent | Others,%,2.519560840593534
2013,EUROPE,Netherlands,Shopping Items Purchased in terms of Popularity | Fashion and Accessories,%,59.10130737743785
2013,EUROPE,Netherlands,"Shopping Items Purchased in terms of Popularity | Cosmetics, Perfumes & Toiletries and Healthcare & Wellness Products",%,2.958125455596247
2013,EUROPE,Netherlands,Shopping Items Purchased in terms of Popularity | Confectionery and Food Items,%,15.52516130956389
2013,EUROPE,Netherlands,Shopping Items Purchased in terms of Popularity | Souvenirs and Gifts,%,43.12190020132276
2013,EUROPE,Netherlands,Shopping Items Purchased in terms of Popularity | Genuine Jewellery,%,2.083461286467303
2013,EUROPE,Netherlands,Shopping Items Purchased in terms of Popularity | Consumer Tech,%,21.67947820295838
2013,EUROPE,Netherlands,Shopping Items Purchased in terms of Popularity | Others,%,9.906828366980596
2013,EUROPE,Netherlands,Shopping Items Purchased in terms of Amount spent | Fashion and Accessories,%,40.38798224089661
2013,EUROPE,Netherlands,"Shopping Items Purchased in terms of Amount spent | Cosmetics, Perfumes & Toiletries and Healthcare & Wellness Products",%,0.770971204186904
2013,EUROPE,Netherlands,Shopping Items Purchased in terms of Amount spent | Confectionery and Food Items,%,2.797899962312798
2013,EUROPE,Netherlands,Shopping Items Purchased in terms of Amount spent | Souvenirs and Gifts,%,21.14581761018072
2013,EUROPE,Netherlands,Shopping Items Purchased in terms of Amount spent | Genuine Jewellery,%,0.2657015795147664
2013,EUROPE,Netherlands,Shopping Items Purchased in terms of Amount spent | Consumer Tech,%,27.41184013228938
2013,EUROPE,Netherlands,Shopping Items Purchased in terms of Amount spent | Others,%,7.219787270618795
2013,EUROPE,Switzerland,Shopping Items Purchased in terms of Popularity | Fashion and Accessories,%,55.87043172388923
2013,EUROPE,Switzerland,"Shopping Items Purchased in terms of Popularity | Cosmetics, Perfumes & Toiletries and Healthcare & Wellness Products",%,11.87773891458616
2013,EUROPE,Switzerland,Shopping Items Purchased in terms of Popularity | Confectionery and Food Items,%,16.30296158235137
2013,EUROPE,Switzerland,Shopping Items Purchased in terms of Popularity | Souvenirs and Gifts,%,30.43346265675701
2013,EUROPE,Switzerland,Shopping Items Purchased in terms of Popularity | Consumer Tech,%,26.58025269753036
2013,EUROPE,Switzerland,Shopping Items Purchased in terms of Popularity | Others,%,19.46827509282955
2013,EUROPE,Switzerland,Shopping Items Purchased in terms of Amount spent | Fashion and Accessories,%,47.96374609633378
2013,EUROPE,Switzerland,"Shopping Items Purchased in terms of Amount spent | Cosmetics, Perfumes & Toiletries and Healthcare & Wellness Products",%,7.901929497628235
2013,EUROPE,Switzerland,Shopping Items Purchased in terms of Amount spent | Confectionery and Food Items,%,3.161073225271676
2013,EUROPE,Switzerland,Shopping Items Purchased in terms of Amount spent | Souvenirs and Gifts,%,7.677863790700329
2013,EUROPE,Switzerland,Shopping Items Purchased in terms of Amount spent | Consumer Tech,%,27.99554888887637
2013,EUROPE,Switzerland,Shopping Items Purchased in terms of Amount spent | Others,%,5.299838501189599
2013,EUROPE,UK,Shopping Items Purchased in terms of Popularity | Fashion and Accessories,%,52.33565868743667
2013,EUROPE,UK,"Shopping Items Purchased in terms of Popularity | Cosmetics, Perfumes & Toiletries and Healthcare & Wellness Products",%,9.154814893247693
2013,EUROPE,UK,Shopping Items Purchased in terms of Popularity | Confectionery and Food Items,%,19.2946591299925
2013,EUROPE,UK,Shopping Items Purchased in terms of Popularity | Souvenirs and Gifts,%,33.68584727848087
2013,EUROPE,UK,Shopping Items Purchased in terms of Popularity | Genuine Jewellery,%,3.434786869451087
2013,EUROPE,UK,Shopping Items Purchased in terms of Popularity | Consumer Tech,%,22.30053269485291
2013,EUROPE,UK,Shopping Items Purchased in terms of Popularity | Watches and Clocks,%,0.7258076130021628
2013,EUROPE,UK,Shopping Items Purchased in terms of Popularity | Others,%,18.53031296995306
2013,EUROPE,UK,Shopping Items Purchased in terms of Amount spent | Fashion and Accessories,%,41.46038141340466
2013,EUROPE,UK,"Shopping Items Purchased in terms of Amount spent | Cosmetics, Perfumes & Toiletries and Healthcare & Wellness Products",%,3.831925254042555
2013,EUROPE,UK,Shopping Items Purchased in terms of Amount spent | Confectionery and Food Items,%,3.55733743625234
2013,EUROPE,UK,Shopping Items Purchased in terms of Amount spent | Souvenirs and Gifts,%,13.98913536768957
2013,EUROPE,UK,Shopping Items Purchased in terms of Amount spent | Genuine Jewellery,%,15.06177211897506
2013,EUROPE,UK,Shopping Items Purchased in terms of Amount spent | Consumer Tech,%,15.78029377240789
2013,EUROPE,UK,Shopping Items Purchased in terms of Amount spent | Watches and Clocks,%,0.9546544786051836
2013,EUROPE,UK,Shopping Items Purchased in terms of Amount spent | Others,%,5.364500158622748
2013,AMERICAS,Canada,Shopping Items Purchased in terms of Popularity | Fashion and Accessories,%,55.44646176040261
2013,AMERICAS,Canada,"Shopping Items Purchased in terms of Popularity | Cosmetics, Perfumes & Toiletries and Healthcare & Wellness Products",%,14.91866123432728
2013,AMERICAS,Canada,Shopping Items Purchased in terms of Popularity | Confectionery and Food Items,%,24.84640952707586
2013,AMERICAS,Canada,Shopping Items Purchased in terms of Popularity | Souvenirs and Gifts,%,40.23183253213688
2013,AMERICAS,Canada,Shopping Items Purchased in terms of Popularity | Consumer Tech,%,17.6819831313623
2013,AMERICAS,Canada,Shopping Items Purchased in terms of Popularity | Watches and Clocks,%,0.8028626505002914
2013,AMERICAS,Canada,Shopping Items Purchased in terms of Popularity | Others,%,17.18582299421089
2013,AMERICAS,Canada,Shopping Items Purchased in terms of Amount spent | Fashion and Accessories,%,41.36279312843237
2013,AMERICAS,Canada,"Shopping Items Purchased in terms of Amount spent | Cosmetics, Perfumes & Toiletries and Healthcare & Wellness Products",%,8.932264437242274
2013,AMERICAS,Canada,Shopping Items Purchased in terms of Amount spent | Confectionery and Food Items,%,4.735706121774015
2013,AMERICAS,Canada,Shopping Items Purchased in terms of Amount spent | Souvenirs and Gifts,%,14.5826172637578
2013,AMERICAS,Canada,Shopping Items Purchased in terms of Amount spent | Consumer Tech,%,21.71947033687304
2013,AMERICAS,Canada,Shopping Items Purchased in terms of Amount spent | Watches and Clocks,%,0.0692936766658649
2013,AMERICAS,Canada,Shopping Items Purchased in terms of Amount spent | Others,%,8.597855035254637
2013,AMERICAS,USA,Shopping Items Purchased in terms of Popularity | Fashion and Accessories,%,44.84168857039086
2013,AMERICAS,USA,"Shopping Items Purchased in terms of Popularity | Cosmetics, Perfumes & Toiletries and Healthcare & Wellness Products",%,12.95387507179338
2013,AMERICAS,USA,Shopping Items Purchased in terms of Popularity | Confectionery and Food Items,%,20.91511417837246
2013,AMERICAS,USA,Shopping Items Purchased in terms of Popularity | Souvenirs and Gifts,%,42.01233644060154
2013,AMERICAS,USA,Shopping Items Purchased in terms of Popularity | Genuine Jewellery,%,2.879931582023258
2013,AMERICAS,USA,Shopping Items Purchased in terms of Popularity | Consumer Tech,%,21.44781100528693
2013,AMERICAS,USA,Shopping Items Purchased in terms of Popularity | Watches and Clocks,%,0.6676322789423274
2013,AMERICAS,USA,Shopping Items Purchased in terms of Popularity | Others,%,9.442031816292388
2013,AMERICAS,USA,Shopping Items Purchased in terms of Amount spent | Fashion and Accessories,%,40.36600953809062
2013,AMERICAS,USA,"Shopping Items Purchased in terms of Amount spent | Cosmetics, Perfumes & Toiletries and Healthcare & Wellness Products",%,8.278446228040261
2013,AMERICAS,USA,Shopping Items Purchased in terms of Amount spent | Confectionery and Food Items,%,4.483125180640663
2013,AMERICAS,USA,Shopping Items Purchased in terms of Amount spent | Souvenirs and Gifts,%,17.38300062332282
2013,AMERICAS,USA,Shopping Items Purchased in terms of Amount spent | Genuine Jewellery,%,10.89581444110394
2013,AMERICAS,USA,Shopping Items Purchased in terms of Amount spent | Consumer Tech,%,14.7716868462148
2013,AMERICAS,USA,Shopping Items Purchased in terms of Amount spent | Watches and Clocks,%,0.2948311228708776
2013,AMERICAS,USA,Shopping Items Purchased in terms of Amount spent | Others,%,3.527086019716006
2013,OCEANIA,Australia,Shopping Items Purchased in terms of Popularity | Fashion and Accessories,%,60.92624964549066
2013,OCEANIA,Australia,"Shopping Items Purchased in terms of Popularity | Cosmetics, Perfumes & Toiletries and Healthcare & Wellness Products",%,13.47573472177699
2013,OCEANIA,Australia,Shopping Items Purchased in terms of Popularity | Confectionery and Food Items,%,16.28441103804636
2013,OCEANIA,Australia,Shopping Items Purchased in terms of Popularity | Souvenirs and Gifts,%,28.28850031568754
2013,OCEANIA,Australia,Shopping Items Purchased in terms of Popularity | Genuine Jewellery,%,4.634480918827768
2013,OCEANIA,Australia,Shopping Items Purchased in terms of Popularity | Consumer Tech,%,17.13298374173195
2013,OCEANIA,Australia,Shopping Items Purchased in terms of Popularity | Watches and Clocks,%,1.235891212118196
2013,OCEANIA,Australia,Shopping Items Purchased in terms of Popularity | Others,%,17.36368966761792
2013,OCEANIA,Australia,Shopping Items Purchased in terms of Amount spent | Fashion and Accessories,%,51.70979891305988
2013,OCEANIA,Australia,"Shopping Items Purchased in terms of Amount spent | Cosmetics, Perfumes & Toiletries and Healthcare & Wellness Products",%,8.242491223998275
2013,OCEANIA,Australia,Shopping Items Purchased in terms of Amount spent | Confectionery and Food Items,%,2.288160156922089
2013,OCEANIA,Australia,Shopping Items Purchased in terms of Amount spent | Souvenirs and Gifts,%,10.88548939280493
2013,OCEANIA,Australia,Shopping Items Purchased in terms of Amount spent | Genuine Jewellery,%,9.373858929304305
2013,OCEANIA,Australia,Shopping Items Purchased in terms of Amount spent | Consumer Tech,%,11.5066209989177
2013,OCEANIA,Australia,Shopping Items Purchased in terms of Amount spent | Watches and Clocks,%,0.7025544683925542
2013,OCEANIA,Australia,Shopping Items Purchased in terms of Amount spent | Others,%,5.291025916632052
2013,OCEANIA,New Zealand,Shopping Items Purchased in terms of Popularity | Fashion and Accessories,%,59.27882786530957
2013,OCEANIA,New Zealand,"Shopping Items Purchased in terms of Popularity | Cosmetics, Perfumes & Toiletries and Healthcare & Wellness Products",%,14.06554649164534
2013,OCEANIA,New Zealand,Shopping Items Purchased in terms of Popularity | Confectionery and Food Items,%,10.34610920374838
2013,OCEANIA,New Zealand,Shopping Items Purchased in terms of Popularity | Souvenirs and Gifts,%,26.24842825744525
2013,OCEANIA,New Zealand,Shopping Items Purchased in terms of Popularity | Genuine Jewellery,%,1.530006955372864
2013,OCEANIA,New Zealand,Shopping Items Purchased in terms of Popularity | Consumer Tech,%,26.24437878341185
2013,OCEANIA,New Zealand,Shopping Items Purchased in terms of Popularity | Watches and Clocks,%,2.01484779568965
2013,OCEANIA,New Zealand,Shopping Items Purchased in terms of Popularity | Others,%,14.39090670610203
2013,OCEANIA,New Zealand,Shopping Items Purchased in terms of Amount spent | Fashion and Accessories,%,36.96672612253181
2013,OCEANIA,New Zealand,"Shopping Items Purchased in terms of Amount spent | Cosmetics, Perfumes & Toiletries and Healthcare & Wellness Products",%,10.06959539075855
2013,OCEANIA,New Zealand,Shopping Items Purchased in terms of Amount spent | Confectionery and Food Items,%,2.186071169384168
2013,OCEANIA,New Zealand,Shopping Items Purchased in terms of Amount spent | Souvenirs and Gifts,%,13.85876447301313
2013,OCEANIA,New Zealand,Shopping Items Purchased in terms of Amount spent | Genuine Jewellery,%,10.29109386995546
2013,OCEANIA,New Zealand,Shopping Items Purchased in terms of Amount spent | Consumer Tech,%,15.59444948699129
2013,OCEANIA,New Zealand,Shopping Items Purchased in terms of Amount spent | Watches and Clocks,%,0.2587500058659286
2013,OCEANIA,New Zealand,Shopping Items Purchased in terms of Amount spent | Others,%,10.77454948149965
2013,AFRICA,South Africa (Rep of),Shopping Items Purchased in terms of Popularity | Fashion and Accessories,%,60.23011983166043
2013,AFRICA,South Africa (Rep of),"Shopping Items Purchased in terms of Popularity | Cosmetics, Perfumes & Toiletries and Healthcare & Wellness Products",%,7.689117642716613
2013,AFRICA,South Africa (Rep of),Shopping Items Purchased in terms of Popularity | Confectionery and Food Items,%,18.13071120767572
2013,AFRICA,South Africa (Rep of),Shopping Items Purchased in terms of Popularity | Souvenirs and Gifts,%,30.59246246719963
2013,AFRICA,South Africa (Rep of),Shopping Items Purchased in terms of Popularity | Genuine Jewellery,%,1.788224670532005
2013,AFRICA,South Africa (Rep of),Shopping Items Purchased in terms of Popularity | Consumer Tech,%,36.71732222213017
2013,AFRICA,South Africa (Rep of),Shopping Items Purchased in terms of Popularity | Others,%,5.173334119981171
2013,AFRICA,South Africa (Rep of),Shopping Items Purchased in terms of Amount spent | Fashion and Accessories,%,35.42585584534981
2013,AFRICA,South Africa (Rep of),"Shopping Items Purchased in terms of Amount spent | Cosmetics, Perfumes & Toiletries and Healthcare & Wellness Products",%,4.018570862542395
2013,AFRICA,South Africa (Rep of),Shopping Items Purchased in terms of Amount spent | Confectionery and Food Items,%,2.588215630495364
2013,AFRICA,South Africa (Rep of),Shopping Items Purchased in terms of Amount spent | Souvenirs and Gifts,%,6.373995826526431
2013,AFRICA,South Africa (Rep of),Shopping Items Purchased in terms of Amount spent | Genuine Jewellery,%,2.006288583838907
2013,AFRICA,South Africa (Rep of),Shopping Items Purchased in terms of Amount spent | Consumer Tech,%,47.10652738822009
2013,AFRICA,South Africa (Rep of),Shopping Items Purchased in terms of Amount spent | Others,%,2.48054586302701
2013,REMAINING,Others,Shopping Items Purchased in terms of Popularity | Fashion and Accessories,%,61.68060727001039
2013,REMAINING,Others,"Shopping Items Purchased in terms of Popularity | Cosmetics, Perfumes & Toiletries and Healthcare & Wellness Products",%,22.63348525353356
2013,REMAINING,Others,Shopping Items Purchased in terms of Popularity | Confectionery and Food Items,%,37.89271423648022
2013,REMAINING,Others,Shopping Items Purchased in terms of Popularity | Souvenirs and Gifts,%,37.31764578238895
2013,REMAINING,Others,Shopping Items Purchased in terms of Popularity | Genuine Jewellery,%,4.186688526088143
2013,REMAINING,Others,Shopping Items Purchased in terms of Popularity | Consumer Tech,%,33.77593198457689
2013,REMAINING,Others,Shopping Items Purchased in terms of Popularity | Watches and Clocks,%,1.692161818987101
2013,REMAINING,Others,Shopping Items Purchased in terms of Popularity | Others,%,10.26795652232937
2013,REMAINING,Others,Shopping Items Purchased in terms of Amount spent | Fashion and Accessories,%,37.79274631624874
2013,REMAINING,Others,"Shopping Items Purchased in terms of Amount spent | Cosmetics, Perfumes & Toiletries and Healthcare & Wellness Products",%,7.318199180581781
2013,REMAINING,Others,Shopping Items Purchased in terms of Amount spent | Confectionery and Food Items,%,5.326539263154939
2013,REMAINING,Others,Shopping Items Purchased in terms of Amount spent | Souvenirs and Gifts,%,6.09389514676434
2013,REMAINING,Others,Shopping Items Purchased in terms of Amount spent | Genuine Jewellery,%,11.59232393781908
2013,REMAINING,Others,Shopping Items Purchased in terms of Amount spent | Consumer Tech,%,23.96915982053721
2013,REMAINING,Others,Shopping Items Purchased in terms of Amount spent | Watches and Clocks,%,4.45934915758121
2013,REMAINING,Others,Shopping Items Purchased in terms of Amount spent | Others,%,3.447787177209322
2012,SOUTHEAST ASIA,Indonesia,Shopping Items Purchased in terms of Popularity | Fashion and Accessories,%,60.14736758828333
2012,SOUTHEAST ASIA,Indonesia,"Shopping Items Purchased in terms of Popularity | Cosmetics, Perfumes & Toiletries and Healthcare & Wellness Products",%,20.25345750819514
2012,SOUTHEAST ASIA,Indonesia,Shopping Items Purchased in terms of Popularity | Confectionery and Food Items,%,39.7001386533012
2012,SOUTHEAST ASIA,Indonesia,Shopping Items Purchased in terms of Popularity | Souvenirs and Gifts,%,19.32715868165831
2012,SOUTHEAST ASIA,Indonesia,Shopping Items Purchased in terms of Popularity | Genuine Jewellery,%,1.455042424261058
2012,SOUTHEAST ASIA,Indonesia,Shopping Items Purchased in terms of Popularity | Consumer Tech,%,12.94593137251524
2012,SOUTHEAST ASIA,Indonesia,Shopping Items Purchased in terms of Popularity | Watches and Clocks,%,2.076802942455653
2012,SOUTHEAST ASIA,Indonesia,Shopping Items Purchased in terms of Popularity | Others,%,18.28203821690764
2012,SOUTHEAST ASIA,Indonesia,Shopping Items Purchased in terms of Amount spent | Fashion and Accessories,%,49.61790970567119
2012,SOUTHEAST ASIA,Indonesia,"Shopping Items Purchased in terms of Amount spent | Cosmetics, Perfumes & Toiletries and Healthcare & Wellness Products",%,8.155433285302298
2012,SOUTHEAST ASIA,Indonesia,Shopping Items Purchased in terms of Amount spent | Confectionery and Food Items,%,6.785575139294783
2012,SOUTHEAST ASIA,Indonesia,Shopping Items Purchased in terms of Amount spent | Souvenirs and Gifts,%,3.961493249842809
2012,SOUTHEAST ASIA,Indonesia,Shopping Items Purchased in terms of Amount spent | Genuine Jewellery,%,5.933274735454911
2012,SOUTHEAST ASIA,Indonesia,Shopping Items Purchased in terms of Amount spent | Consumer Tech,%,12.42412841234604
2012,SOUTHEAST ASIA,Indonesia,Shopping Items Purchased in terms of Amount spent | Watches and Clocks,%,6.710179868841936
2012,SOUTHEAST ASIA,Indonesia,Shopping Items Purchased in terms of Amount spent | Others,%,6.412005603251923
2012,SOUTHEAST ASIA,Malaysia,Shopping Items Purchased in terms of Popularity | Fashion and Accessories,%,47.79082850819273
2012,SOUTHEAST ASIA,Malaysia,"Shopping Items Purchased in terms of Popularity | Cosmetics, Perfumes & Toiletries and Healthcare & Wellness Products",%,15.84029433591934
2012,SOUTHEAST ASIA,Malaysia,Shopping Items Purchased in terms of Popularity | Confectionery and Food Items,%,42.12461184879071
2012,SOUTHEAST ASIA,Malaysia,Shopping Items Purchased in terms of Popularity | Souvenirs and Gifts,%,14.17404426753243
2012,SOUTHEAST ASIA,Malaysia,Shopping Items Purchased in terms of Popularity | Genuine Jewellery,%,1.015187461480815
2012,SOUTHEAST ASIA,Malaysia,Shopping Items Purchased in terms of Popularity | Consumer Tech,%,11.72083853729102
2012,SOUTHEAST ASIA,Malaysia,Shopping Items Purchased in terms of Popularity | Watches and Clocks,%,1.18018276828595
2012,SOUTHEAST ASIA,Malaysia,Shopping Items Purchased in terms of Popularity | Others,%,14.13115304771934
2012,SOUTHEAST ASIA,Malaysia,Shopping Items Purchased in terms of Amount spent | Fashion and Accessories,%,53.86437647656036
2012,SOUTHEAST ASIA,Malaysia,"Shopping Items Purchased in terms of Amount spent | Cosmetics, Perfumes & Toiletries and Healthcare & Wellness Products",%,6.559976930196411
2012,SOUTHEAST ASIA,Malaysia,Shopping Items Purchased in terms of Amount spent | Confectionery and Food Items,%,7.119409426956254
2012,SOUTHEAST ASIA,Malaysia,Shopping Items Purchased in terms of Amount spent | Souvenirs and Gifts,%,4.130627116679806
2012,SOUTHEAST ASIA,Malaysia,Shopping Items Purchased in terms of Amount spent | Genuine Jewellery,%,14.07831064025702
2012,SOUTHEAST ASIA,Malaysia,Shopping Items Purchased in terms of Amount spent | Consumer Tech,%,7.860451440707481
2012,SOUTHEAST ASIA,Malaysia,Shopping Items Purchased in terms of Amount spent | Watches and Clocks,%,2.00800901193326
2012,SOUTHEAST ASIA,Malaysia,Shopping Items Purchased in terms of Amount spent | Others,%,4.378838956734349
2012,SOUTHEAST ASIA,Philippines,Shopping Items Purchased in terms of Popularity | Fashion and Accessories,%,57.48067133134927
2012,SOUTHEAST ASIA,Philippines,"Shopping Items Purchased in terms of Popularity | Cosmetics, Perfumes & Toiletries and Healthcare & Wellness Products",%,15.34203577788722
2012,SOUTHEAST ASIA,Philippines,Shopping Items Purchased in terms of Popularity | Confectionery and Food Items,%,37.38394136064926
2012,SOUTHEAST ASIA,Philippines,Shopping Items Purchased in terms of Popularity | Souvenirs and Gifts,%,29.55854549880007
2012,SOUTHEAST ASIA,Philippines,Shopping Items Purchased in terms of Popularity | Genuine Jewellery,%,1.449399320021157
2012,SOUTHEAST ASIA,Philippines,Shopping Items Purchased in terms of Popularity | Consumer Tech,%,15.65470889639737
2012,SOUTHEAST ASIA,Philippines,Shopping Items Purchased in terms of Popularity | Watches and Clocks,%,1.918386363472174
2012,SOUTHEAST ASIA,Philippines,Shopping Items Purchased in terms of Popularity | Others,%,7.297990098863389
2012,SOUTHEAST ASIA,Philippines,Shopping Items Purchased in terms of Amount spent | Fashion and Accessories,%,49.08207917678273
2012,SOUTHEAST ASIA,Philippines,"Shopping Items Purchased in terms of Amount spent | Cosmetics, Perfumes & Toiletries and Healthcare & Wellness Products",%,6.814373106627227
2012,SOUTHEAST ASIA,Philippines,Shopping Items Purchased in terms of Amount spent | Confectionery and Food Items,%,7.795569729681698
2012,SOUTHEAST ASIA,Philippines,Shopping Items Purchased in terms of Amount spent | Souvenirs and Gifts,%,9.569869613841442
2012,SOUTHEAST ASIA,Philippines,Shopping Items Purchased in terms of Amount spent | Genuine Jewellery,%,2.488610066761566
2012,SOUTHEAST ASIA,Philippines,Shopping Items Purchased in terms of Amount spent | Consumer Tech,%,17.81732682937385
2012,SOUTHEAST ASIA,Philippines,Shopping Items Purchased in terms of Amount spent | Watches and Clocks,%,3.862833519943229
2012,SOUTHEAST ASIA,Philippines,Shopping Items Purchased in terms of Amount spent | Others,%,2.569337956986955
2012,SOUTHEAST ASIA,Thailand,Shopping Items Purchased in terms of Popularity | Fashion and Accessories,%,55.41899071543188
2012,SOUTHEAST ASIA,Thailand,"Shopping Items Purchased in terms of Popularity | Cosmetics, Perfumes & Toiletries and Healthcare & Wellness Products",%,30.05107541121559
2012,SOUTHEAST ASIA,Thailand,Shopping Items Purchased in terms of Popularity | Confectionery and Food Items,%,47.92866733158996
2012,SOUTHEAST ASIA,Thailand,Shopping Items Purchased in terms of Popularity | Souvenirs and Gifts,%,16.4411703110801
2012,SOUTHEAST ASIA,Thailand,Shopping Items Purchased in terms of Popularity | Consumer Tech,%,12.53553829082775
2012,SOUTHEAST ASIA,Thailand,Shopping Items Purchased in terms of Popularity | Watches and Clocks,%,1.251319992373076
2012,SOUTHEAST ASIA,Thailand,Shopping Items Purchased in terms of Popularity | Others,%,10.21773941871689
2012,SOUTHEAST ASIA,Thailand,Shopping Items Purchased in terms of Amount spent | Fashion and Accessories,%,54.05194765679519
2012,SOUTHEAST ASIA,Thailand,"Shopping Items Purchased in terms of Amount spent | Cosmetics, Perfumes & Toiletries and Healthcare & Wellness Products",%,18.50794607051607
2012,SOUTHEAST ASIA,Thailand,Shopping Items Purchased in terms of Amount spent | Confectionery and Food Items,%,8.300540984917545
2012,SOUTHEAST ASIA,Thailand,Shopping Items Purchased in terms of Amount spent | Souvenirs and Gifts,%,4.836084673952833
2012,SOUTHEAST ASIA,Thailand,Shopping Items Purchased in terms of Amount spent | Genuine Jewellery,%,0.4454548955489323
2012,SOUTHEAST ASIA,Thailand,Shopping Items Purchased in terms of Amount spent | Consumer Tech,%,9.7942457129309
2012,SOUTHEAST ASIA,Thailand,Shopping Items Purchased in terms of Amount spent | Watches and Clocks,%,1.334680520053487
2012,SOUTHEAST ASIA,Thailand,Shopping Items Purchased in terms of Amount spent | Others,%,2.7290994854895
2012,SOUTHEAST ASIA,Vietnam,Shopping Items Purchased in terms of Popularity | Fashion and Accessories,%,50.39365474314141
2012,SOUTHEAST ASIA,Vietnam,"Shopping Items Purchased in terms of Popularity | Cosmetics, Perfumes & Toiletries and Healthcare & Wellness Products",%,31.69475032526415
2012,SOUTHEAST ASIA,Vietnam,Shopping Items Purchased in terms of Popularity | Confectionery and Food Items,%,35.10540845760578
2012,SOUTHEAST ASIA,Vietnam,Shopping Items Purchased in terms of Popularity | Souvenirs and Gifts,%,23.24416434684271
2012,SOUTHEAST ASIA,Vietnam,Shopping Items Purchased in terms of Popularity | Genuine Jewellery,%,1.845658289796313
2012,SOUTHEAST ASIA,Vietnam,Shopping Items Purchased in terms of Popularity | Consumer Tech,%,18.15889780534917
2012,SOUTHEAST ASIA,Vietnam,Shopping Items Purchased in terms of Popularity | Watches and Clocks,%,5.701209536422121
2012,SOUTHEAST ASIA,Vietnam,Shopping Items Purchased in terms of Popularity | Others,%,20.46530597594015
2012,SOUTHEAST ASIA,Vietnam,Shopping Items Purchased in terms of Amount spent | Fashion and Accessories,%,49.69721278622622
2012,SOUTHEAST ASIA,Vietnam,"Shopping Items Purchased in terms of Amount spent | Cosmetics, Perfumes & Toiletries and Healthcare & Wellness Products",%,10.20752871239065
2012,SOUTHEAST ASIA,Vietnam,Shopping Items Purchased in terms of Amount spent | Confectionery and Food Items,%,5.008672942767383
2012,SOUTHEAST ASIA,Vietnam,Shopping Items Purchased in terms of Amount spent | Souvenirs and Gifts,%,5.573830331784762
2012,SOUTHEAST ASIA,Vietnam,Shopping Items Purchased in terms of Amount spent | Genuine Jewellery,%,1.703421305234589
2012,SOUTHEAST ASIA,Vietnam,Shopping Items Purchased in terms of Amount spent | Consumer Tech,%,14.02041173515287
2012,SOUTHEAST ASIA,Vietnam,Shopping Items Purchased in terms of Amount spent | Watches and Clocks,%,7.645618065270469
2012,SOUTHEAST ASIA,Vietnam,Shopping Items Purchased in terms of Amount spent | Others,%,6.143304120728769
2012,GREATER CHINA,China,Shopping Items Purchased in terms of Popularity | Fashion and Accessories,%,35.97778232352119
2012,GREATER CHINA,China,"Shopping Items Purchased in terms of Popularity | Cosmetics, Perfumes & Toiletries and Healthcare & Wellness Products",%,40.08470606567273
2012,GREATER CHINA,China,Shopping Items Purchased in terms of Popularity | Confectionery and Food Items,%,32.13181275848683
2012,GREATER CHINA,China,Shopping Items Purchased in terms of Popularity | Souvenirs and Gifts,%,16.49340327427606
2012,GREATER CHINA,China,Shopping Items Purchased in terms of Popularity | Genuine Jewellery,%,8.451493665358358
2012,GREATER CHINA,China,Shopping Items Purchased in terms of Popularity | Consumer Tech,%,9.6599411534699
2012,GREATER CHINA,China,Shopping Items Purchased in terms of Popularity | Watches and Clocks,%,6.004139883252576
2012,GREATER CHINA,China,Shopping Items Purchased in terms of Popularity | Others,%,25.6244159757159
2012,GREATER CHINA,China,Shopping Items Purchased in terms of Amount spent | Fashion and Accessories,%,37.58184580117147
2012,GREATER CHINA,China,"Shopping Items Purchased in terms of Amount spent | Cosmetics, Perfumes & Toiletries and Healthcare & Wellness Products",%,13.70682500976958
2012,GREATER CHINA,China,Shopping Items Purchased in terms of Amount spent | Confectionery and Food Items,%,3.278318991858267
2012,GREATER CHINA,China,Shopping Items Purchased in terms of Amount spent | Souvenirs and Gifts,%,2.755352913261307
2012,GREATER CHINA,China,Shopping Items Purchased in terms of Amount spent | Genuine Jewellery,%,11.45738225422511
2012,GREATER CHINA,China,Shopping Items Purchased in terms of Amount spent | Consumer Tech,%,4.449909896142962
2012,GREATER CHINA,China,Shopping Items Purchased in terms of Amount spent | Watches and Clocks,%,22.04788458392539
2012,GREATER CHINA,China,Shopping Items Purchased in terms of Amount spent | Others,%,4.722480549700815
2012,GREATER CHINA,Hong Kong SAR,Shopping Items Purchased in terms of Popularity | Fashion and Accessories,%,32.04759053876099
2012,GREATER CHINA,Hong Kong SAR,"Shopping Items Purchased in terms of Popularity | Cosmetics, Perfumes & Toiletries and Healthcare & Wellness Products",%,13.88702178453503
2012,GREATER CHINA,Hong Kong SAR,Shopping Items Purchased in terms of Popularity | Confectionery and Food Items,%,68.44494076046733
2012,GREATER CHINA,Hong Kong SAR,Shopping Items Purchased in terms of Popularity | Souvenirs and Gifts,%,21.51470815560495
2012,GREATER CHINA,Hong Kong SAR,Shopping Items Purchased in terms of Popularity | Genuine Jewellery,%,0.5365186099610438
2012,GREATER CHINA,Hong Kong SAR,Shopping Items Purchased in terms of Popularity | Consumer Tech,%,5.862095323865046
2012,GREATER CHINA,Hong Kong SAR,Shopping Items Purchased in terms of Popularity | Watches and Clocks,%,0.5815489993173861
2012,GREATER CHINA,Hong Kong SAR,Shopping Items Purchased in terms of Popularity | Others,%,7.939849083308514
2012,GREATER CHINA,Hong Kong SAR,Shopping Items Purchased in terms of Amount spent | Fashion and Accessories,%,30.92078419137841
2012,GREATER CHINA,Hong Kong SAR,"Shopping Items Purchased in terms of Amount spent | Cosmetics, Perfumes & Toiletries and Healthcare & Wellness Products",%,12.64277080432923
2012,GREATER CHINA,Hong Kong SAR,Shopping Items Purchased in terms of Amount spent | Confectionery and Food Items,%,32.26329118587756
2012,GREATER CHINA,Hong Kong SAR,Shopping Items Purchased in terms of Amount spent | Souvenirs and Gifts,%,14.43332223467393
2012,GREATER CHINA,Hong Kong SAR,Shopping Items Purchased in terms of Amount spent | Genuine Jewellery,%,0.3845111530451346
2012,GREATER CHINA,Hong Kong SAR,Shopping Items Purchased in terms of Amount spent | Consumer Tech,%,3.841622711088061
2012,GREATER CHINA,Hong Kong SAR,Shopping Items Purchased in terms of Amount spent | Watches and Clocks,%,1.332757004923808
2012,GREATER CHINA,Hong Kong SAR,Shopping Items Purchased in terms of Amount spent | Others,%,4.180940714866145
2012,GREATER CHINA,Taiwan,Shopping Items Purchased in terms of Popularity | Fashion and Accessories,%,40.25960941786421
2012,GREATER CHINA,Taiwan,"Shopping Items Purchased in terms of Popularity | Cosmetics, Perfumes & Toiletries and Healthcare & Wellness Products",%,13.20771250192985
2012,GREATER CHINA,Taiwan,Shopping Items Purchased in terms of Popularity | Confectionery and Food Items,%,48.91325016331194
2012,GREATER CHINA,Taiwan,Shopping Items Purchased in terms of Popularity | Souvenirs and Gifts,%,26.72525918764619
2012,GREATER CHINA,Taiwan,Shopping Items Purchased in terms of Popularity | Consumer Tech,%,7.823075097991029
2012,GREATER CHINA,Taiwan,Shopping Items Purchased in terms of Popularity | Watches and Clocks,%,0.8470471180828733
2012,GREATER CHINA,Taiwan,Shopping Items Purchased in terms of Popularity | Others,%,14.13871635906847
2012,GREATER CHINA,Taiwan,Shopping Items Purchased in terms of Amount spent | Fashion and Accessories,%,48.18568779578511
2012,GREATER CHINA,Taiwan,"Shopping Items Purchased in terms of Amount spent | Cosmetics, Perfumes & Toiletries and Healthcare & Wellness Products",%,9.511093756658704
2012,GREATER CHINA,Taiwan,Shopping Items Purchased in terms of Amount spent | Confectionery and Food Items,%,17.29326430291104
2012,GREATER CHINA,Taiwan,Shopping Items Purchased in terms of Amount spent | Souvenirs and Gifts,%,8.885646689132136
2012,GREATER CHINA,Taiwan,Shopping Items Purchased in terms of Amount spent | Genuine Jewellery,%,1.962790585618796
2012,GREATER CHINA,Taiwan,Shopping Items Purchased in terms of Amount spent | Consumer Tech,%,6.358241377638064
2012,GREATER CHINA,Taiwan,Shopping Items Purchased in terms of Amount spent | Watches and Clocks,%,3.849961066222339
2012,GREATER CHINA,Taiwan,Shopping Items Purchased in terms of Amount spent | Others,%,3.953314425881803
2012,NORTH ASIA,Japan,Shopping Items Purchased in terms of Popularity | Fashion and Accessories,%,33.93060718476248
2012,NORTH ASIA,Japan,"Shopping Items Purchased in terms of Popularity | Cosmetics, Perfumes & Toiletries and Healthcare & Wellness Products",%,15.88773684312967
2012,NORTH ASIA,Japan,Shopping Items Purchased in terms of Popularity | Confectionery and Food Items,%,55.91194122317676
2012,NORTH ASIA,Japan,Shopping Items Purchased in terms of Popularity | Souvenirs and Gifts,%,30.40369058409769
2012,NORTH ASIA,Japan,Shopping Items Purchased in terms of Popularity | Genuine Jewellery,%,1.517058508780727
2012,NORTH ASIA,Japan,Shopping Items Purchased in terms of Popularity | Consumer Tech,%,6.2310428593118
2012,NORTH ASIA,Japan,Shopping Items Purchased in terms of Popularity | Others,%,13.57534558679232
2012,NORTH ASIA,Japan,Shopping Items Purchased in terms of Amount spent | Fashion and Accessories,%,48.77329871957324
2012,NORTH ASIA,Japan,"Shopping Items Purchased in terms of Amount spent | Cosmetics, Perfumes & Toiletries and Healthcare & Wellness Products",%,7.74662884565356
2012,NORTH ASIA,Japan,Shopping Items Purchased in terms of Amount spent | Confectionery and Food Items,%,18.13428050790935
2012,NORTH ASIA,Japan,Shopping Items Purchased in terms of Amount spent | Souvenirs and Gifts,%,13.48009031363868
2012,NORTH ASIA,Japan,Shopping Items Purchased in terms of Amount spent | Genuine Jewellery,%,6.764643341567269
2012,NORTH ASIA,Japan,Shopping Items Purchased in terms of Amount spent | Consumer Tech,%,1.578031760122667
2012,NORTH ASIA,Japan,Shopping Items Purchased in terms of Amount spent | Watches and Clocks,%,0.3146356498514705
2012,NORTH ASIA,Japan,Shopping Items Purchased in terms of Amount spent | Others,%,3.208390861683717
2012,NORTH ASIA,South Korea,Shopping Items Purchased in terms of Popularity | Fashion and Accessories,%,59.39903510779963
2012,NORTH ASIA,South Korea,"Shopping Items Purchased in terms of Popularity | Cosmetics, Perfumes & Toiletries and Healthcare & Wellness Products",%,28.25472807346623
2012,NORTH ASIA,South Korea,Shopping Items Purchased in terms of Popularity | Confectionery and Food Items,%,67.55297016324701
2012,NORTH ASIA,South Korea,Shopping Items Purchased in terms of Popularity | Souvenirs and Gifts,%,45.84396670244043
2012,NORTH ASIA,South Korea,Shopping Items Purchased in terms of Popularity | Consumer Tech,%,28.04080226724786
2012,NORTH ASIA,South Korea,Shopping Items Purchased in terms of Popularity | Watches and Clocks,%,1.047963666381692
2012,NORTH ASIA,South Korea,Shopping Items Purchased in terms of Popularity | Others,%,25.21315705764233
2012,NORTH ASIA,South Korea,Shopping Items Purchased in terms of Amount spent | Fashion and Accessories,%,46.26803349525635
2012,NORTH ASIA,South Korea,"Shopping Items Purchased in terms of Amount spent | Cosmetics, Perfumes & Toiletries and Healthcare & Wellness Products",%,11.540450319529
2012,NORTH ASIA,South Korea,Shopping Items Purchased in terms of Amount spent | Confectionery and Food Items,%,12.43369560445613
2012,NORTH ASIA,South Korea,Shopping Items Purchased in terms of Amount spent | Souvenirs and Gifts,%,14.06327654736987
2012,NORTH ASIA,South Korea,Shopping Items Purchased in terms of Amount spent | Genuine Jewellery,%,0.0472511123357266
2012,NORTH ASIA,South Korea,Shopping Items Purchased in terms of Amount spent | Consumer Tech,%,8.736961533109781
2012,NORTH ASIA,South Korea,Shopping Items Purchased in terms of Amount spent | Watches and Clocks,%,0.8774643746918952
2012,NORTH ASIA,South Korea,Shopping Items Purchased in terms of Amount spent | Others,%,6.03286701310454
2012,SOUTH ASIA,India,Shopping Items Purchased in terms of Popularity | Fashion and Accessories,%,39.13449337763091
2012,SOUTH ASIA,India,"Shopping Items Purchased in terms of Popularity | Cosmetics, Perfumes & Toiletries and Healthcare & Wellness Products",%,17.02496091435832
2012,SOUTH ASIA,India,Shopping Items Purchased in terms of Popularity | Confectionery and Food Items,%,38.66159775292846
2012,SOUTH ASIA,India,Shopping Items Purchased in terms of Popularity | Souvenirs and Gifts,%,26.80379902867837
2012,SOUTH ASIA,India,Shopping Items Purchased in terms of Popularity | Genuine Jewellery,%,4.499968378608501
2012,SOUTH ASIA,India,Shopping Items Purchased in terms of Popularity | Consumer Tech,%,26.96952902883454
2012,SOUTH ASIA,India,Shopping Items Purchased in terms of Popularity | Watches and Clocks,%,5.003840718550641
2012,SOUTH ASIA,India,Shopping Items Purchased in terms of Popularity | Others,%,16.04209439171789
2012,SOUTH ASIA,India,Shopping Items Purchased in terms of Amount spent | Fashion and Accessories,%,21.88270251798355
2012,SOUTH ASIA,India,"Shopping Items Purchased in terms of Amount spent | Cosmetics, Perfumes & Toiletries and Healthcare & Wellness Products",%,5.102362466941964
2012,SOUTH ASIA,India,Shopping Items Purchased in terms of Amount spent | Confectionery and Food Items,%,6.562599347399127
2012,SOUTH ASIA,India,Shopping Items Purchased in terms of Amount spent | Souvenirs and Gifts,%,6.690645833685262
2012,SOUTH ASIA,India,Shopping Items Purchased in terms of Amount spent | Genuine Jewellery,%,18.75649813471656
2012,SOUTH ASIA,India,Shopping Items Purchased in terms of Amount spent | Consumer Tech,%,31.71381213081016
2012,SOUTH ASIA,India,Shopping Items Purchased in terms of Amount spent | Watches and Clocks,%,2.602148993621208
2012,SOUTH ASIA,India,Shopping Items Purchased in terms of Amount spent | Others,%,6.689230574930056
2012,EUROPE,France,Shopping Items Purchased in terms of Popularity | Fashion and Accessories,%,68.50025039844759
2012,EUROPE,France,"Shopping Items Purchased in terms of Popularity | Cosmetics, Perfumes & Toiletries and Healthcare & Wellness Products",%,7.263585642049475
2012,EUROPE,France,Shopping Items Purchased in terms of Popularity | Confectionery and Food Items,%,35.29982246683859
2012,EUROPE,France,Shopping Items Purchased in terms of Popularity | Souvenirs and Gifts,%,39.21127527344463
2012,EUROPE,France,Shopping Items Purchased in terms of Popularity | Genuine Jewellery,%,0.5974281146776352
2012,EUROPE,France,Shopping Items Purchased in terms of Popularity | Consumer Tech,%,35.05161843784796
2012,EUROPE,France,Shopping Items Purchased in terms of Popularity | Watches and Clocks,%,0.5974281146776352
2012,EUROPE,France,Shopping Items Purchased in terms of Popularity | Others,%,15.85177789746025
2012,EUROPE,France,Shopping Items Purchased in terms of Amount spent | Fashion and Accessories,%,56.41088627164353
2012,EUROPE,France,"Shopping Items Purchased in terms of Amount spent | Cosmetics, Perfumes & Toiletries and Healthcare & Wellness Products",%,2.023803853684908
2012,EUROPE,France,Shopping Items Purchased in terms of Amount spent | Confectionery and Food Items,%,6.286128640625723
2012,EUROPE,France,Shopping Items Purchased in terms of Amount spent | Souvenirs and Gifts,%,8.4144560277094
2012,EUROPE,France,Shopping Items Purchased in terms of Amount spent | Genuine Jewellery,%,0.7525820802012926
2012,EUROPE,France,Shopping Items Purchased in terms of Amount spent | Consumer Tech,%,19.42622425634919
2012,EUROPE,France,Shopping Items Purchased in terms of Amount spent | Watches and Clocks,%,0.1128873120301939
2012,EUROPE,France,Shopping Items Purchased in terms of Amount spent | Others,%,6.573031557755774
2012,EUROPE,Germany,Shopping Items Purchased in terms of Popularity | Fashion and Accessories,%,67.45599942145556
2012,EUROPE,Germany,"Shopping Items Purchased in terms of Popularity | Cosmetics, Perfumes & Toiletries and Healthcare & Wellness Products",%,9.48566002909187
2012,EUROPE,Germany,Shopping Items Purchased in terms of Popularity | Confectionery and Food Items,%,17.03535921756598
2012,EUROPE,Germany,Shopping Items Purchased in terms of Popularity | Souvenirs and Gifts,%,41.2260639573306
2012,EUROPE,Germany,Shopping Items Purchased in terms of Popularity | Genuine Jewellery,%,4.401558246201158
2012,EUROPE,Germany,Shopping Items Purchased in terms of Popularity | Consumer Tech,%,21.73477911636289
2012,EUROPE,Germany,Shopping Items Purchased in terms of Popularity | Watches and Clocks,%,0.9170009416889392
2012,EUROPE,Germany,Shopping Items Purchased in terms of Popularity | Others,%,12.43073499973728
2012,EUROPE,Germany,Shopping Items Purchased in terms of Amount spent | Fashion and Accessories,%,39.89410464979888
2012,EUROPE,Germany,"Shopping Items Purchased in terms of Amount spent | Cosmetics, Perfumes & Toiletries and Healthcare & Wellness Products",%,4.871803926763523
2012,EUROPE,Germany,Shopping Items Purchased in terms of Amount spent | Confectionery and Food Items,%,2.733264917003189
2012,EUROPE,Germany,Shopping Items Purchased in terms of Amount spent | Souvenirs and Gifts,%,17.15614734450384
2012,EUROPE,Germany,Shopping Items Purchased in terms of Amount spent | Genuine Jewellery,%,11.02363630023058
2012,EUROPE,Germany,Shopping Items Purchased in terms of Amount spent | Consumer Tech,%,19.24303972204211
2012,EUROPE,Germany,Shopping Items Purchased in terms of Amount spent | Watches and Clocks,%,1.118409261053691
2012,EUROPE,Germany,Shopping Items Purchased in terms of Amount spent | Others,%,3.959593878604178
2012,EUROPE,Italy,Shopping Items Purchased in terms of Popularity | Fashion and Accessories,%,74.7643599226816
2012,EUROPE,Italy,"Shopping Items Purchased in terms of Popularity | Cosmetics, Perfumes & Toiletries and Healthcare & Wellness Products",%,12.71617635796859
2012,EUROPE,Italy,Shopping Items Purchased in terms of Popularity | Confectionery and Food Items,%,43.78338326476896
2012,EUROPE,Italy,Shopping Items Purchased in terms of Popularity | Souvenirs and Gifts,%,47.04274307444513
2012,EUROPE,Italy,Shopping Items Purchased in terms of Popularity | Consumer Tech,%,20.43774137947626
2012,EUROPE,Italy,Shopping Items Purchased in terms of Popularity | Others,%,9.137778946215755
2012,EUROPE,Italy,Shopping Items Purchased in terms of Amount spent | Fashion and Accessories,%,60.28117850727077
2012,EUROPE,Italy,"Shopping Items Purchased in terms of Amount spent | Cosmetics, Perfumes & Toiletries and Healthcare & Wellness Products",%,4.598001065119818
2012,EUROPE,Italy,Shopping Items Purchased in terms of Amount spent | Confectionery and Food Items,%,5.791650710274766
2012,EUROPE,Italy,Shopping Items Purchased in terms of Amount spent | Souvenirs and Gifts,%,7.727137855227075
2012,EUROPE,Italy,Shopping Items Purchased in terms of Amount spent | Consumer Tech,%,19.20538203791915
2012,EUROPE,Italy,Shopping Items Purchased in terms of Amount spent | Others,%,2.396649824188448
2012,EUROPE,Netherlands,Shopping Items Purchased in terms of Popularity | Fashion and Accessories,%,66.60198112019694
2012,EUROPE,Netherlands,"Shopping Items Purchased in terms of Popularity | Cosmetics, Perfumes & Toiletries and Healthcare & Wellness Products",%,12.45607788337026
2012,EUROPE,Netherlands,Shopping Items Purchased in terms of Popularity | Confectionery and Food Items,%,20.43913536721375
2012,EUROPE,Netherlands,Shopping Items Purchased in terms of Popularity | Souvenirs and Gifts,%,28.03018864338112
2012,EUROPE,Netherlands,Shopping Items Purchased in terms of Popularity | Consumer Tech,%,20.07499545605625
2012,EUROPE,Netherlands,Shopping Items Purchased in terms of Popularity | Others,%,10.00416835916661
2012,EUROPE,Netherlands,Shopping Items Purchased in terms of Amount spent | Fashion and Accessories,%,66.03471239676632
2012,EUROPE,Netherlands,"Shopping Items Purchased in terms of Amount spent | Cosmetics, Perfumes & Toiletries and Healthcare & Wellness Products",%,12.19941230516722
2012,EUROPE,Netherlands,Shopping Items Purchased in terms of Amount spent | Confectionery and Food Items,%,3.575034869770912
2012,EUROPE,Netherlands,Shopping Items Purchased in terms of Amount spent | Souvenirs and Gifts,%,7.571222906368296
2012,EUROPE,Netherlands,Shopping Items Purchased in terms of Amount spent | Consumer Tech,%,7.339567121949937
2012,EUROPE,Netherlands,Shopping Items Purchased in terms of Amount spent | Others,%,3.280050399977298
2012,EUROPE,Switzerland,Shopping Items Purchased in terms of Popularity | Fashion and Accessories,%,74.090098046775
2012,EUROPE,Switzerland,"Shopping Items Purchased in terms of Popularity | Cosmetics, Perfumes & Toiletries and Healthcare & Wellness Products",%,28.86622234263531
2012,EUROPE,Switzerland,Shopping Items Purchased in terms of Popularity | Confectionery and Food Items,%,26.70013914232064
2012,EUROPE,Switzerland,Shopping Items Purchased in terms of Popularity | Souvenirs and Gifts,%,44.49038857216919
2012,EUROPE,Switzerland,Shopping Items Purchased in terms of Popularity | Genuine Jewellery,%,3.240186368505593
2012,EUROPE,Switzerland,Shopping Items Purchased in terms of Popularity | Consumer Tech,%,16.89371617832632
2012,EUROPE,Switzerland,Shopping Items Purchased in terms of Popularity | Others,%,14.50958621072468
2012,EUROPE,Switzerland,Shopping Items Purchased in terms of Amount spent | Fashion and Accessories,%,57.20090225551078
2012,EUROPE,Switzerland,"Shopping Items Purchased in terms of Amount spent | Cosmetics, Perfumes & Toiletries and Healthcare & Wellness Products",%,11.65086084926414
2012,EUROPE,Switzerland,Shopping Items Purchased in terms of Amount spent | Confectionery and Food Items,%,4.329844857401382
2012,EUROPE,Switzerland,Shopping Items Purchased in terms of Amount spent | Souvenirs and Gifts,%,10.55821768701791
2012,EUROPE,Switzerland,Shopping Items Purchased in terms of Amount spent | Genuine Jewellery,%,6.097476996069783
2012,EUROPE,Switzerland,Shopping Items Purchased in terms of Amount spent | Consumer Tech,%,5.90002214633096
2012,EUROPE,Switzerland,Shopping Items Purchased in terms of Amount spent | Others,%,4.262675208405018
2012,EUROPE,UK,Shopping Items Purchased in terms of Popularity | Fashion and Accessories,%,56.18271460743603
2012,EUROPE,UK,"Shopping Items Purchased in terms of Popularity | Cosmetics, Perfumes & Toiletries and Healthcare & Wellness Products",%,14.7100615237434
2012,EUROPE,UK,Shopping Items Purchased in terms of Popularity | Confectionery and Food Items,%,14.93452800254517
2012,EUROPE,UK,Shopping Items Purchased in terms of Popularity | Souvenirs and Gifts,%,28.58004158141672
2012,EUROPE,UK,Shopping Items Purchased in terms of Popularity | Genuine Jewellery,%,3.618754467471693
2012,EUROPE,UK,Shopping Items Purchased in terms of Popularity | Consumer Tech,%,13.31043129902301
2012,EUROPE,UK,Shopping Items Purchased in terms of Popularity | Watches and Clocks,%,0.7012269412109532
2012,EUROPE,UK,Shopping Items Purchased in terms of Popularity | Others,%,14.31161748560507
2012,EUROPE,UK,Shopping Items Purchased in terms of Amount spent | Fashion and Accessories,%,23.24483316641938
2012,EUROPE,UK,"Shopping Items Purchased in terms of Amount spent | Cosmetics, Perfumes & Toiletries and Healthcare & Wellness Products",%,4.217060991734907
2012,EUROPE,UK,Shopping Items Purchased in terms of Amount spent | Confectionery and Food Items,%,1.872291635192034
2012,EUROPE,UK,Shopping Items Purchased in terms of Amount spent | Souvenirs and Gifts,%,6.085137802128017
2012,EUROPE,UK,Shopping Items Purchased in terms of Amount spent | Genuine Jewellery,%,3.67738560239329
2012,EUROPE,UK,Shopping Items Purchased in terms of Amount spent | Consumer Tech,%,12.81058452831294
2012,EUROPE,UK,Shopping Items Purchased in terms of Amount spent | Watches and Clocks,%,1.786612056547036
2012,EUROPE,UK,Shopping Items Purchased in terms of Amount spent | Others,%,46.30609421727241
2012,AMERICAS,Canada,Shopping Items Purchased in terms of Popularity | Fashion and Accessories,%,66.88629549405266
2012,AMERICAS,Canada,"Shopping Items Purchased in terms of Popularity | Cosmetics, Perfumes & Toiletries and Healthcare & Wellness Products",%,7.424620302042053
2012,AMERICAS,Canada,Shopping Items Purchased in terms of Popularity | Confectionery and Food Items,%,23.26888766395785
2012,AMERICAS,Canada,Shopping Items Purchased in terms of Popularity | Souvenirs and Gifts,%,20.25829935794544
2012,AMERICAS,Canada,Shopping Items Purchased in terms of Popularity | Genuine Jewellery,%,4.837769563826419
2012,AMERICAS,Canada,Shopping Items Purchased in terms of Popularity | Consumer Tech,%,20.11817448487594
2012,AMERICAS,Canada,Shopping Items Purchased in terms of Popularity | Watches and Clocks,%,4.057037340799978
2012,AMERICAS,Canada,Shopping Items Purchased in terms of Popularity | Others,%,19.45145163266533
2012,AMERICAS,Canada,Shopping Items Purchased in terms of Amount spent | Fashion and Accessories,%,49.83173745627782
2012,AMERICAS,Canada,"Shopping Items Purchased in terms of Amount spent | Cosmetics, Perfumes & Toiletries and Healthcare & Wellness Products",%,2.431862152961999
2012,AMERICAS,Canada,Shopping Items Purchased in terms of Amount spent | Confectionery and Food Items,%,6.992767998257492
2012,AMERICAS,Canada,Shopping Items Purchased in terms of Amount spent | Souvenirs and Gifts,%,6.079886484043546
2012,AMERICAS,Canada,Shopping Items Purchased in terms of Amount spent | Genuine Jewellery,%,3.46984534306697
2012,AMERICAS,Canada,Shopping Items Purchased in terms of Amount spent | Consumer Tech,%,21.78577834359317
2012,AMERICAS,Canada,Shopping Items Purchased in terms of Amount spent | Watches and Clocks,%,2.694879464427324
2012,AMERICAS,Canada,Shopping Items Purchased in terms of Amount spent | Others,%,6.713242757093753
2012,AMERICAS,USA,Shopping Items Purchased in terms of Popularity | Fashion and Accessories,%,54.57667576237036
2012,AMERICAS,USA,"Shopping Items Purchased in terms of Popularity | Cosmetics, Perfumes & Toiletries and Healthcare & Wellness Products",%,15.58778434283697
2012,AMERICAS,USA,Shopping Items Purchased in terms of Popularity | Confectionery and Food Items,%,26.80224776918156
2012,AMERICAS,USA,Shopping Items Purchased in terms of Popularity | Souvenirs and Gifts,%,32.17933583482308
2012,AMERICAS,USA,Shopping Items Purchased in terms of Popularity | Genuine Jewellery,%,4.446633048087356
2012,AMERICAS,USA,Shopping Items Purchased in terms of Popularity | Consumer Tech,%,14.10007532089111
2012,AMERICAS,USA,Shopping Items Purchased in terms of Popularity | Watches and Clocks,%,0.7135693841251198
2012,AMERICAS,USA,Shopping Items Purchased in terms of Popularity | Others,%,11.1984267213006
2012,AMERICAS,USA,Shopping Items Purchased in terms of Amount spent | Fashion and Accessories,%,43.9795642957605
2012,AMERICAS,USA,"Shopping Items Purchased in terms of Amount spent | Cosmetics, Perfumes & Toiletries and Healthcare & Wellness Products",%,5.313100615919861
2012,AMERICAS,USA,Shopping Items Purchased in terms of Amount spent | Confectionery and Food Items,%,5.770790881396346
2012,AMERICAS,USA,Shopping Items Purchased in terms of Amount spent | Souvenirs and Gifts,%,10.55331724928077
2012,AMERICAS,USA,Shopping Items Purchased in terms of Amount spent | Genuine Jewellery,%,19.5314104665477
2012,AMERICAS,USA,Shopping Items Purchased in terms of Amount spent | Consumer Tech,%,10.30665296503082
2012,AMERICAS,USA,Shopping Items Purchased in terms of Amount spent | Watches and Clocks,%,0.8683237359160652
2012,AMERICAS,USA,Shopping Items Purchased in terms of Amount spent | Others,%,3.676839790147966
2012,OCEANIA,Australia,Shopping Items Purchased in terms of Popularity | Fashion and Accessories,%,63.1453728769871
2012,OCEANIA,Australia,"Shopping Items Purchased in terms of Popularity | Cosmetics, Perfumes & Toiletries and Healthcare & Wellness Products",%,14.32797489052296
2012,OCEANIA,Australia,Shopping Items Purchased in terms of Popularity | Confectionery and Food Items,%,17.79867683163254
2012,OCEANIA,Australia,Shopping Items Purchased in terms of Popularity | Souvenirs and Gifts,%,29.97005459705053
2012,OCEANIA,Australia,Shopping Items Purchased in terms of Popularity | Genuine Jewellery,%,4.441788428944425
2012,OCEANIA,Australia,Shopping Items Purchased in terms of Popularity | Consumer Tech,%,18.34445084945815
2012,OCEANIA,Australia,Shopping Items Purchased in terms of Popularity | Watches and Clocks,%,2.956743821499777
2012,OCEANIA,Australia,Shopping Items Purchased in terms of Popularity | Others,%,16.08398718230099
2012,OCEANIA,Australia,Shopping Items Purchased in terms of Amount spent | Fashion and Accessories,%,42.53485845714697
2012,OCEANIA,Australia,"Shopping Items Purchased in terms of Amount spent | Cosmetics, Perfumes & Toiletries and Healthcare & Wellness Products",%,6.169311858076574
2012,OCEANIA,Australia,Shopping Items Purchased in terms of Amount spent | Confectionery and Food Items,%,1.741529282480232
2012,OCEANIA,Australia,Shopping Items Purchased in terms of Amount spent | Souvenirs and Gifts,%,9.63402051200897
2012,OCEANIA,Australia,Shopping Items Purchased in terms of Amount spent | Genuine Jewellery,%,20.53907585860436
2012,OCEANIA,Australia,Shopping Items Purchased in terms of Amount spent | Consumer Tech,%,13.29594794581057
2012,OCEANIA,Australia,Shopping Items Purchased in terms of Amount spent | Watches and Clocks,%,1.731266491094345
2012,OCEANIA,Australia,Shopping Items Purchased in terms of Amount spent | Others,%,4.353989594914538
2012,OCEANIA,New Zealand,Shopping Items Purchased in terms of Popularity | Fashion and Accessories,%,55.795722868418
2012,OCEANIA,New Zealand,"Shopping Items Purchased in terms of Popularity | Cosmetics, Perfumes & Toiletries and Healthcare & Wellness Products",%,17.18041579452503
2012,OCEANIA,New Zealand,Shopping Items Purchased in terms of Popularity | Confectionery and Food Items,%,26.48704198536894
2012,OCEANIA,New Zealand,Shopping Items Purchased in terms of Popularity | Souvenirs and Gifts,%,17.85710111094541
2012,OCEANIA,New Zealand,Shopping Items Purchased in terms of Popularity | Genuine Jewellery,%,1.873251123608427
2012,OCEANIA,New Zealand,Shopping Items Purchased in terms of Popularity | Consumer Tech,%,22.41488549914362
2012,OCEANIA,New Zealand,Shopping Items Purchased in terms of Popularity | Watches and Clocks,%,2.239933284554224
2012,OCEANIA,New Zealand,Shopping Items Purchased in terms of Popularity | Others,%,17.27098098930538
2012,OCEANIA,New Zealand,Shopping Items Purchased in terms of Amount spent | Fashion and Accessories,%,36.34888096151808
2012,OCEANIA,New Zealand,"Shopping Items Purchased in terms of Amount spent | Cosmetics, Perfumes & Toiletries and Healthcare & Wellness Products",%,11.33026059329295
2012,OCEANIA,New Zealand,Shopping Items Purchased in terms of Amount spent | Confectionery and Food Items,%,8.88601031567605
2012,OCEANIA,New Zealand,Shopping Items Purchased in terms of Amount spent | Souvenirs and Gifts,%,5.88837648244895
2012,OCEANIA,New Zealand,Shopping Items Purchased in terms of Amount spent | Genuine Jewellery,%,2.886953054180721
2012,OCEANIA,New Zealand,Shopping Items Purchased in terms of Amount spent | Consumer Tech,%,17.58634190881333
2012,OCEANIA,New Zealand,Shopping Items Purchased in terms of Amount spent | Watches and Clocks,%,3.38726983841199
2012,OCEANIA,New Zealand,Shopping Items Purchased in terms of Amount spent | Others,%,13.68590684565791
2012,AFRICA,South Africa (Rep of),Shopping Items Purchased in terms of Popularity | Fashion and Accessories,%,74.09223986980096
2012,AFRICA,South Africa (Rep of),"Shopping Items Purchased in terms of Popularity | Cosmetics, Perfumes & Toiletries and Healthcare & Wellness Products",%,11.63779738581053
2012,AFRICA,South Africa (Rep of),Shopping Items Purchased in terms of Popularity | Confectionery and Food Items,%,29.34046912624255
2012,AFRICA,South Africa (Rep of),Shopping Items Purchased in terms of Popularity | Souvenirs and Gifts,%,47.75783255557131
2012,AFRICA,South Africa (Rep of),Shopping Items Purchased in terms of Popularity | Genuine Jewellery,%,1.609369412906068
2012,AFRICA,South Africa (Rep of),Shopping Items Purchased in terms of Popularity | Consumer Tech,%,35.08589020837791
2012,AFRICA,South Africa (Rep of),Shopping Items Purchased in terms of Popularity | Watches and Clocks,%,3.19228343820272
2012,AFRICA,South Africa (Rep of),Shopping Items Purchased in terms of Popularity | Others,%,3.973926541524224
2012,AFRICA,South Africa (Rep of),Shopping Items Purchased in terms of Amount spent | Fashion and Accessories,%,33.37151394132373
2012,AFRICA,South Africa (Rep of),"Shopping Items Purchased in terms of Amount spent | Cosmetics, Perfumes & Toiletries and Healthcare & Wellness Products",%,4.341497222470482
2012,AFRICA,South Africa (Rep of),Shopping Items Purchased in terms of Amount spent | Confectionery and Food Items,%,3.758466764025208
2012,AFRICA,South Africa (Rep of),Shopping Items Purchased in terms of Amount spent | Souvenirs and Gifts,%,15.8929708120557
2012,AFRICA,South Africa (Rep of),Shopping Items Purchased in terms of Amount spent | Genuine Jewellery,%,4.002299654592567
2012,AFRICA,South Africa (Rep of),Shopping Items Purchased in terms of Amount spent | Consumer Tech,%,21.10181908903383
2012,AFRICA,South Africa (Rep of),Shopping Items Purchased in terms of Amount spent | Watches and Clocks,%,16.47546677509437
2012,AFRICA,South Africa (Rep of),Shopping Items Purchased in terms of Amount spent | Others,%,1.055965741404127
2012,REMAINING,Others,Shopping Items Purchased in terms of Popularity | Fashion and Accessories,%,64.31789724028124
2012,REMAINING,Others,"Shopping Items Purchased in terms of Popularity | Cosmetics, Perfumes & Toiletries and Healthcare & Wellness Products",%,25.41086200173639
2012,REMAINING,Others,Shopping Items Purchased in terms of Popularity | Confectionery and Food Items,%,40.26887050339036
2012,REMAINING,Others,Shopping Items Purchased in terms of Popularity | Souvenirs and Gifts,%,34.90726765465185
2012,REMAINING,Others,Shopping Items Purchased in terms of Popularity | Genuine Jewellery,%,3.393620846269897
2012,REMAINING,Others,Shopping Items Purchased in terms of Popularity | Consumer Tech,%,36.37096456699493
2012,REMAINING,Others,Shopping Items Purchased in terms of Popularity | Watches and Clocks,%,2.430952181051533
2012,REMAINING,Others,Shopping Items Purchased in terms of Popularity | Others,%,11.58211391519039
2012,REMAINING,Others,Shopping Items Purchased in terms of Amount spent | Fashion and Accessories,%,33.04654234509575
2012,REMAINING,Others,"Shopping Items Purchased in terms of Amount spent | Cosmetics, Perfumes & Toiletries and Healthcare & Wellness Products",%,5.780577293559947
2012,REMAINING,Others,Shopping Items Purchased in terms of Amount spent | Confectionery and Food Items,%,3.019416243120365
2012,REMAINING,Others,Shopping Items Purchased in terms of Amount spent | Souvenirs and Gifts,%,3.846673033617084
2012,REMAINING,Others,Shopping Items Purchased in terms of Amount spent | Genuine Jewellery,%,11.38395658000806
2012,REMAINING,Others,Shopping Items Purchased in terms of Amount spent | Consumer Tech,%,23.29231269817654
2012,REMAINING,Others,Shopping Items Purchased in terms of Amount spent | Watches and Clocks,%,16.55503003836845
2012,REMAINING,Others,Shopping Items Purchased in terms of Amount spent | Others,%,3.075491768377046
2011,SOUTHEAST ASIA,Indonesia,Shopping Items Purchased in terms of Popularity | Fashion and Accessories,%,62.95529877594285
2011,SOUTHEAST ASIA,Indonesia,"Shopping Items Purchased in terms of Popularity | Cosmetics, Perfumes & Toiletries and Healthcare & Wellness Products",%,21.43224617262254
2011,SOUTHEAST ASIA,Indonesia,Shopping Items Purchased in terms of Popularity | Confectionery and Food Items,%,38.8461166005255
2011,SOUTHEAST ASIA,Indonesia,Shopping Items Purchased in terms of Popularity | Souvenirs and Gifts,%,16.37087817744704
2011,SOUTHEAST ASIA,Indonesia,Shopping Items Purchased in terms of Popularity | Genuine Jewellery,%,1.324652962962375
2011,SOUTHEAST ASIA,Indonesia,Shopping Items Purchased in terms of Popularity | Consumer Tech,%,14.05332157791873
2011,SOUTHEAST ASIA,Indonesia,Shopping Items Purchased in terms of Popularity | Watches and Clocks,%,3.595742945156148
2011,SOUTHEAST ASIA,Indonesia,Shopping Items Purchased in terms of Popularity | Others,%,17.65312894510342
2011,SOUTHEAST ASIA,Indonesia,Shopping Items Purchased in terms of Amount spent | Fashion and Accessories,%,50.12271558434441
2011,SOUTHEAST ASIA,Indonesia,"Shopping Items Purchased in terms of Amount spent | Cosmetics, Perfumes & Toiletries and Healthcare & Wellness Products",%,9.191869829562712
2011,SOUTHEAST ASIA,Indonesia,Shopping Items Purchased in terms of Amount spent | Confectionery and Food Items,%,7.203726475736857
2011,SOUTHEAST ASIA,Indonesia,Shopping Items Purchased in terms of Amount spent | Souvenirs and Gifts,%,3.503534390307284
2011,SOUTHEAST ASIA,Indonesia,Shopping Items Purchased in terms of Amount spent | Genuine Jewellery,%,2.954728378448817
2011,SOUTHEAST ASIA,Indonesia,Shopping Items Purchased in terms of Amount spent | Consumer Tech,%,18.0275269226239
2011,SOUTHEAST ASIA,Indonesia,Shopping Items Purchased in terms of Amount spent | Watches and Clocks,%,2.595105797090739
2011,SOUTHEAST ASIA,Indonesia,Shopping Items Purchased in terms of Amount spent | Others,%,6.400792621737453
2011,SOUTHEAST ASIA,Malaysia,Shopping Items Purchased in terms of Popularity | Fashion and Accessories,%,51.88570482593028
2011,SOUTHEAST ASIA,Malaysia,"Shopping Items Purchased in terms of Popularity | Cosmetics, Perfumes & Toiletries and Healthcare & Wellness Products",%,14.95090366310836
2011,SOUTHEAST ASIA,Malaysia,Shopping Items Purchased in terms of Popularity | Confectionery and Food Items,%,35.99001152333664
2011,SOUTHEAST ASIA,Malaysia,Shopping Items Purchased in terms of Popularity | Souvenirs and Gifts,%,12.33165831183343
2011,SOUTHEAST ASIA,Malaysia,Shopping Items Purchased in terms of Popularity | Genuine Jewellery,%,1.358242866696554
2011,SOUTHEAST ASIA,Malaysia,Shopping Items Purchased in terms of Popularity | Consumer Tech,%,15.56837636469845
2011,SOUTHEAST ASIA,Malaysia,Shopping Items Purchased in terms of Popularity | Watches and Clocks,%,1.987551115779717
2011,SOUTHEAST ASIA,Malaysia,Shopping Items Purchased in terms of Popularity | Others,%,17.53109055296336
2011,SOUTHEAST ASIA,Malaysia,Shopping Items Purchased in terms of Amount spent | Fashion and Accessories,%,52.51490897831926
2011,SOUTHEAST ASIA,Malaysia,"Shopping Items Purchased in terms of Amount spent | Cosmetics, Perfumes & Toiletries and Healthcare & Wellness Products",%,8.05519270702022
2011,SOUTHEAST ASIA,Malaysia,Shopping Items Purchased in terms of Amount spent | Confectionery and Food Items,%,6.501096901668174
2011,SOUTHEAST ASIA,Malaysia,Shopping Items Purchased in terms of Amount spent | Souvenirs and Gifts,%,4.39148192889161
2011,SOUTHEAST ASIA,Malaysia,Shopping Items Purchased in terms of Amount spent | Genuine Jewellery,%,3.311748464461149
2011,SOUTHEAST ASIA,Malaysia,Shopping Items Purchased in terms of Amount spent | Consumer Tech,%,15.68547508740905
2011,SOUTHEAST ASIA,Malaysia,Shopping Items Purchased in terms of Amount spent | Watches and Clocks,%,1.186130463474754
2011,SOUTHEAST ASIA,Malaysia,Shopping Items Purchased in terms of Amount spent | Others,%,8.353965468753875
2011,SOUTHEAST ASIA,Philippines,Shopping Items Purchased in terms of Popularity | Fashion and Accessories,%,57.6579644365998
2011,SOUTHEAST ASIA,Philippines,"Shopping Items Purchased in terms of Popularity | Cosmetics, Perfumes & Toiletries and Healthcare & Wellness Products",%,16.44447062948975
2011,SOUTHEAST ASIA,Philippines,Shopping Items Purchased in terms of Popularity | Confectionery and Food Items,%,28.24653404858764
2011,SOUTHEAST ASIA,Philippines,Shopping Items Purchased in terms of Popularity | Souvenirs and Gifts,%,31.7841546460433
2011,SOUTHEAST ASIA,Philippines,Shopping Items Purchased in terms of Popularity | Genuine Jewellery,%,2.067230485840362
2011,SOUTHEAST ASIA,Philippines,Shopping Items Purchased in terms of Popularity | Consumer Tech,%,16.69741870012443
2011,SOUTHEAST ASIA,Philippines,Shopping Items Purchased in terms of Popularity | Watches and Clocks,%,2.378605873362662
2011,SOUTHEAST ASIA,Philippines,Shopping Items Purchased in terms of Popularity | Others,%,7.29330358554458
2011,SOUTHEAST ASIA,Philippines,Shopping Items Purchased in terms of Amount spent | Fashion and Accessories,%,42.50492079805009
2011,SOUTHEAST ASIA,Philippines,"Shopping Items Purchased in terms of Amount spent | Cosmetics, Perfumes & Toiletries and Healthcare & Wellness Products",%,6.01676454694495
2011,SOUTHEAST ASIA,Philippines,Shopping Items Purchased in terms of Amount spent | Confectionery and Food Items,%,5.31075908081879
2011,SOUTHEAST ASIA,Philippines,Shopping Items Purchased in terms of Amount spent | Souvenirs and Gifts,%,7.804350622903137
2011,SOUTHEAST ASIA,Philippines,Shopping Items Purchased in terms of Amount spent | Genuine Jewellery,%,7.218729619023617
2011,SOUTHEAST ASIA,Philippines,Shopping Items Purchased in terms of Amount spent | Consumer Tech,%,19.76942461684515
2011,SOUTHEAST ASIA,Philippines,Shopping Items Purchased in terms of Amount spent | Watches and Clocks,%,7.062911168572391
2011,SOUTHEAST ASIA,Philippines,Shopping Items Purchased in terms of Amount spent | Others,%,4.312139546841865
2011,SOUTHEAST ASIA,Thailand,Shopping Items Purchased in terms of Popularity | Fashion and Accessories,%,52.54474244068999
2011,SOUTHEAST ASIA,Thailand,"Shopping Items Purchased in terms of Popularity | Cosmetics, Perfumes & Toiletries and Healthcare & Wellness Products",%,26.88832943027064
2011,SOUTHEAST ASIA,Thailand,Shopping Items Purchased in terms of Popularity | Confectionery and Food Items,%,40.47781720313603
2011,SOUTHEAST ASIA,Thailand,Shopping Items Purchased in terms of Popularity | Souvenirs and Gifts,%,15.1063750374691
2011,SOUTHEAST ASIA,Thailand,Shopping Items Purchased in terms of Popularity | Genuine Jewellery,%,1.154607812553101
2011,SOUTHEAST ASIA,Thailand,Shopping Items Purchased in terms of Popularity | Consumer Tech,%,15.79635044906792
2011,SOUTHEAST ASIA,Thailand,Shopping Items Purchased in terms of Popularity | Watches and Clocks,%,4.01427661020067
2011,SOUTHEAST ASIA,Thailand,Shopping Items Purchased in terms of Popularity | Others,%,16.80970639412648
2011,SOUTHEAST ASIA,Thailand,Shopping Items Purchased in terms of Amount spent | Fashion and Accessories,%,45.02084755226935
2011,SOUTHEAST ASIA,Thailand,"Shopping Items Purchased in terms of Amount spent | Cosmetics, Perfumes & Toiletries and Healthcare & Wellness Products",%,12.54659768969447
2011,SOUTHEAST ASIA,Thailand,Shopping Items Purchased in terms of Amount spent | Confectionery and Food Items,%,6.632301766634235
2011,SOUTHEAST ASIA,Thailand,Shopping Items Purchased in terms of Amount spent | Souvenirs and Gifts,%,3.333823090988987
2011,SOUTHEAST ASIA,Thailand,Shopping Items Purchased in terms of Amount spent | Genuine Jewellery,%,4.959852371336924
2011,SOUTHEAST ASIA,Thailand,Shopping Items Purchased in terms of Amount spent | Consumer Tech,%,21.11760101357472
2011,SOUTHEAST ASIA,Thailand,Shopping Items Purchased in terms of Amount spent | Watches and Clocks,%,2.668968218565201
2011,SOUTHEAST ASIA,Thailand,Shopping Items Purchased in terms of Amount spent | Others,%,3.720008296920975
2011,SOUTHEAST ASIA,Vietnam,Shopping Items Purchased in terms of Popularity | Fashion and Accessories,%,57.16662632455039
2011,SOUTHEAST ASIA,Vietnam,"Shopping Items Purchased in terms of Popularity | Cosmetics, Perfumes & Toiletries and Healthcare & Wellness Products",%,33.60440324894677
2011,SOUTHEAST ASIA,Vietnam,Shopping Items Purchased in terms of Popularity | Confectionery and Food Items,%,35.58345343375787
2011,SOUTHEAST ASIA,Vietnam,Shopping Items Purchased in terms of Popularity | Souvenirs and Gifts,%,25.93931214706187
2011,SOUTHEAST ASIA,Vietnam,Shopping Items Purchased in terms of Popularity | Genuine Jewellery,%,4.210750026688165
2011,SOUTHEAST ASIA,Vietnam,Shopping Items Purchased in terms of Popularity | Consumer Tech,%,22.59954917438696
2011,SOUTHEAST ASIA,Vietnam,Shopping Items Purchased in terms of Popularity | Watches and Clocks,%,3.295864119070409
2011,SOUTHEAST ASIA,Vietnam,Shopping Items Purchased in terms of Popularity | Others,%,21.14926339255065
2011,SOUTHEAST ASIA,Vietnam,Shopping Items Purchased in terms of Amount spent | Fashion and Accessories,%,55.63036236306835
2011,SOUTHEAST ASIA,Vietnam,"Shopping Items Purchased in terms of Amount spent | Cosmetics, Perfumes & Toiletries and Healthcare & Wellness Products",%,10.64728258735067
2011,SOUTHEAST ASIA,Vietnam,Shopping Items Purchased in terms of Amount spent | Confectionery and Food Items,%,4.230941986425072
2011,SOUTHEAST ASIA,Vietnam,Shopping Items Purchased in terms of Amount spent | Souvenirs and Gifts,%,3.787447227677741
2011,SOUTHEAST ASIA,Vietnam,Shopping Items Purchased in terms of Amount spent | Genuine Jewellery,%,3.081130129382833
2011,SOUTHEAST ASIA,Vietnam,Shopping Items Purchased in terms of Amount spent | Consumer Tech,%,14.01300505802751
2011,SOUTHEAST ASIA,Vietnam,Shopping Items Purchased in terms of Amount spent | Watches and Clocks,%,3.294374518649369
2011,SOUTHEAST ASIA,Vietnam,Shopping Items Purchased in terms of Amount spent | Others,%,5.31545612939533
2011,GREATER CHINA,China,Shopping Items Purchased in terms of Popularity | Fashion and Accessories,%,40.93134078071436
2011,GREATER CHINA,China,"Shopping Items Purchased in terms of Popularity | Cosmetics, Perfumes & Toiletries and Healthcare & Wellness Products",%,37.86026536524609
2011,GREATER CHINA,China,Shopping Items Purchased in terms of Popularity | Confectionery and Food Items,%,32.2803316443143
2011,GREATER CHINA,China,Shopping Items Purchased in terms of Popularity | Souvenirs and Gifts,%,27.73248537235771
2011,GREATER CHINA,China,Shopping Items Purchased in terms of Popularity | Genuine Jewellery,%,8.015025202559316
2011,GREATER CHINA,China,Shopping Items Purchased in terms of Popularity | Consumer Tech,%,14.40917435666285
2011,GREATER CHINA,China,Shopping Items Purchased in terms of Popularity | Watches and Clocks,%,6.163801924384996
2011,GREATER CHINA,China,Shopping Items Purchased in terms of Popularity | Others,%,27.4287881403549
2011,GREATER CHINA,China,Shopping Items Purchased in terms of Amount spent | Fashion and Accessories,%,35.66433639798042
2011,GREATER CHINA,China,"Shopping Items Purchased in terms of Amount spent | Cosmetics, Perfumes & Toiletries and Healthcare & Wellness Products",%,13.84432542222691
2011,GREATER CHINA,China,Shopping Items Purchased in terms of Amount spent | Confectionery and Food Items,%,4.063088091716963
2011,GREATER CHINA,China,Shopping Items Purchased in terms of Amount spent | Souvenirs and Gifts,%,3.996997534540504
2011,GREATER CHINA,China,Shopping Items Purchased in terms of Amount spent | Genuine Jewellery,%,12.05449165065432
2011,GREATER CHINA,China,Shopping Items Purchased in terms of Amount spent | Consumer Tech,%,7.669644726622399
2011,GREATER CHINA,China,Shopping Items Purchased in terms of Amount spent | Watches and Clocks,%,16.17958767257231
2011,GREATER CHINA,China,Shopping Items Purchased in terms of Amount spent | Others,%,6.527528503795186
2011,GREATER CHINA,Hong Kong SAR,Shopping Items Purchased in terms of Popularity | Fashion and Accessories,%,35.45757704239139
2011,GREATER CHINA,Hong Kong SAR,"Shopping Items Purchased in terms of Popularity | Cosmetics, Perfumes & Toiletries and Healthcare & Wellness Products",%,18.77109733563441
2011,GREATER CHINA,Hong Kong SAR,Shopping Items Purchased in terms of Popularity | Confectionery and Food Items,%,67.40054685410982
2011,GREATER CHINA,Hong Kong SAR,Shopping Items Purchased in terms of Popularity | Souvenirs and Gifts,%,26.59164514158061
2011,GREATER CHINA,Hong Kong SAR,Shopping Items Purchased in terms of Popularity | Genuine Jewellery,%,1.832689450966695
2011,GREATER CHINA,Hong Kong SAR,Shopping Items Purchased in terms of Popularity | Consumer Tech,%,10.48792589597912
2011,GREATER CHINA,Hong Kong SAR,Shopping Items Purchased in terms of Popularity | Watches and Clocks,%,1.155936443210177
2011,GREATER CHINA,Hong Kong SAR,Shopping Items Purchased in terms of Popularity | Others,%,13.82988587991245
2011,GREATER CHINA,Hong Kong SAR,Shopping Items Purchased in terms of Amount spent | Fashion and Accessories,%,34.72554239037645
2011,GREATER CHINA,Hong Kong SAR,"Shopping Items Purchased in terms of Amount spent | Cosmetics, Perfumes & Toiletries and Healthcare & Wellness Products",%,7.976751954967843
2011,GREATER CHINA,Hong Kong SAR,Shopping Items Purchased in terms of Amount spent | Confectionery and Food Items,%,23.65440805645567
2011,GREATER CHINA,Hong Kong SAR,Shopping Items Purchased in terms of Amount spent | Souvenirs and Gifts,%,8.762932825824917
2011,GREATER CHINA,Hong Kong SAR,Shopping Items Purchased in terms of Amount spent | Genuine Jewellery,%,8.722180588228968
2011,GREATER CHINA,Hong Kong SAR,Shopping Items Purchased in terms of Amount spent | Consumer Tech,%,7.228163198511504
2011,GREATER CHINA,Hong Kong SAR,Shopping Items Purchased in terms of Amount spent | Watches and Clocks,%,0.3803787274992995
2011,GREATER CHINA,Hong Kong SAR,Shopping Items Purchased in terms of Amount spent | Others,%,8.549642258394273
2011,GREATER CHINA,Taiwan,Shopping Items Purchased in terms of Popularity | Fashion and Accessories,%,44.33327494892218
2011,GREATER CHINA,Taiwan,"Shopping Items Purchased in terms of Popularity | Cosmetics, Perfumes & Toiletries and Healthcare & Wellness Products",%,17.98953776688819
2011,GREATER CHINA,Taiwan,Shopping Items Purchased in terms of Popularity | Confectionery and Food Items,%,42.99140070356111
2011,GREATER CHINA,Taiwan,Shopping Items Purchased in terms of Popularity | Souvenirs and Gifts,%,29.47970409784509
2011,GREATER CHINA,Taiwan,Shopping Items Purchased in terms of Popularity | Genuine Jewellery,%,1.25548993265981
2011,GREATER CHINA,Taiwan,Shopping Items Purchased in terms of Popularity | Consumer Tech,%,7.987000513170455
2011,GREATER CHINA,Taiwan,Shopping Items Purchased in terms of Popularity | Watches and Clocks,%,2.548845197974483
2011,GREATER CHINA,Taiwan,Shopping Items Purchased in terms of Popularity | Others,%,14.5690486289707
2011,GREATER CHINA,Taiwan,Shopping Items Purchased in terms of Amount spent | Fashion and Accessories,%,55.82264599297761
2011,GREATER CHINA,Taiwan,"Shopping Items Purchased in terms of Amount spent | Cosmetics, Perfumes & Toiletries and Healthcare & Wellness Products",%,13.48995962047373
2011,GREATER CHINA,Taiwan,Shopping Items Purchased in terms of Amount spent | Confectionery and Food Items,%,12.06597436960931
2011,GREATER CHINA,Taiwan,Shopping Items Purchased in terms of Amount spent | Souvenirs and Gifts,%,7.908203705929137
2011,GREATER CHINA,Taiwan,Shopping Items Purchased in terms of Amount spent | Genuine Jewellery,%,1.588683670776228
2011,GREATER CHINA,Taiwan,Shopping Items Purchased in terms of Amount spent | Consumer Tech,%,3.981344126484176
2011,GREATER CHINA,Taiwan,Shopping Items Purchased in terms of Amount spent | Watches and Clocks,%,2.165199159848567
2011,GREATER CHINA,Taiwan,Shopping Items Purchased in terms of Amount spent | Others,%,2.97798935390123
2011,NORTH ASIA,Japan,Shopping Items Purchased in terms of Popularity | Fashion and Accessories,%,37.46182120958967
2011,NORTH ASIA,Japan,"Shopping Items Purchased in terms of Popularity | Cosmetics, Perfumes & Toiletries and Healthcare & Wellness Products",%,17.05495640794503
2011,NORTH ASIA,Japan,Shopping Items Purchased in terms of Popularity | Confectionery and Food Items,%,50.65311849724824
2011,NORTH ASIA,Japan,Shopping Items Purchased in terms of Popularity | Souvenirs and Gifts,%,32.19579588245585
2011,NORTH ASIA,Japan,Shopping Items Purchased in terms of Popularity | Genuine Jewellery,%,1.593945365435508
2011,NORTH ASIA,Japan,Shopping Items Purchased in terms of Popularity | Consumer Tech,%,8.189423938445413
2011,NORTH ASIA,Japan,Shopping Items Purchased in terms of Popularity | Watches and Clocks,%,1.704144860305567
2011,NORTH ASIA,Japan,Shopping Items Purchased in terms of Popularity | Others,%,13.40081584773344
2011,NORTH ASIA,Japan,Shopping Items Purchased in terms of Amount spent | Fashion and Accessories,%,40.43668465821028
2011,NORTH ASIA,Japan,"Shopping Items Purchased in terms of Amount spent | Cosmetics, Perfumes & Toiletries and Healthcare & Wellness Products",%,9.385414264204508
2011,NORTH ASIA,Japan,Shopping Items Purchased in terms of Amount spent | Confectionery and Food Items,%,16.95694917520407
2011,NORTH ASIA,Japan,Shopping Items Purchased in terms of Amount spent | Souvenirs and Gifts,%,15.71098473385252
2011,NORTH ASIA,Japan,Shopping Items Purchased in terms of Amount spent | Genuine Jewellery,%,3.060732335869485
2011,NORTH ASIA,Japan,Shopping Items Purchased in terms of Amount spent | Consumer Tech,%,3.243356013242917
2011,NORTH ASIA,Japan,Shopping Items Purchased in terms of Amount spent | Watches and Clocks,%,4.596205945629004
2011,NORTH ASIA,Japan,Shopping Items Purchased in terms of Amount spent | Others,%,6.609672873666923
2011,NORTH ASIA,South Korea,Shopping Items Purchased in terms of Popularity | Fashion and Accessories,%,50.93625268945873
2011,NORTH ASIA,South Korea,"Shopping Items Purchased in terms of Popularity | Cosmetics, Perfumes & Toiletries and Healthcare & Wellness Products",%,26.74415934621257
2011,NORTH ASIA,South Korea,Shopping Items Purchased in terms of Popularity | Confectionery and Food Items,%,51.46928633639629
2011,NORTH ASIA,South Korea,Shopping Items Purchased in terms of Popularity | Souvenirs and Gifts,%,35.25730205657347
2011,NORTH ASIA,South Korea,Shopping Items Purchased in terms of Popularity | Genuine Jewellery,%,2.465681702102164
2011,NORTH ASIA,South Korea,Shopping Items Purchased in terms of Popularity | Consumer Tech,%,21.04274068118358
2011,NORTH ASIA,South Korea,Shopping Items Purchased in terms of Popularity | Watches and Clocks,%,0.9960907515855232
2011,NORTH ASIA,South Korea,Shopping Items Purchased in terms of Popularity | Others,%,26.80078720472524
2011,NORTH ASIA,South Korea,Shopping Items Purchased in terms of Amount spent | Fashion and Accessories,%,40.45704342730755
2011,NORTH ASIA,South Korea,"Shopping Items Purchased in terms of Amount spent | Cosmetics, Perfumes & Toiletries and Healthcare & Wellness Products",%,11.80616195466036
2011,NORTH ASIA,South Korea,Shopping Items Purchased in terms of Amount spent | Confectionery and Food Items,%,11.40602663609695
2011,NORTH ASIA,South Korea,Shopping Items Purchased in terms of Amount spent | Souvenirs and Gifts,%,11.47772352767774
2011,NORTH ASIA,South Korea,Shopping Items Purchased in terms of Amount spent | Genuine Jewellery,%,6.646338376810207
2011,NORTH ASIA,South Korea,Shopping Items Purchased in terms of Amount spent | Consumer Tech,%,9.262547085365506
2011,NORTH ASIA,South Korea,Shopping Items Purchased in terms of Amount spent | Watches and Clocks,%,1.074379779422229
2011,NORTH ASIA,South Korea,Shopping Items Purchased in terms of Amount spent | Others,%,7.8697792125834
2011,SOUTH ASIA,India,Shopping Items Purchased in terms of Popularity | Fashion and Accessories,%,38.45357504803348
2011,SOUTH ASIA,India,"Shopping Items Purchased in terms of Popularity | Cosmetics, Perfumes & Toiletries and Healthcare & Wellness Products",%,17.49749296601076
2011,SOUTH ASIA,India,Shopping Items Purchased in terms of Popularity | Confectionery and Food Items,%,34.00681550080023
2011,SOUTH ASIA,India,Shopping Items Purchased in terms of Popularity | Souvenirs and Gifts,%,25.87125615933919
2011,SOUTH ASIA,India,Shopping Items Purchased in terms of Popularity | Genuine Jewellery,%,5.040289926761663
2011,SOUTH ASIA,India,Shopping Items Purchased in terms of Popularity | Consumer Tech,%,30.71890219561979
2011,SOUTH ASIA,India,Shopping Items Purchased in terms of Popularity | Watches and Clocks,%,4.982562306162645
2011,SOUTH ASIA,India,Shopping Items Purchased in terms of Popularity | Others,%,16.87268820843542
2011,SOUTH ASIA,India,Shopping Items Purchased in terms of Amount spent | Fashion and Accessories,%,22.84769525451339
2011,SOUTH ASIA,India,"Shopping Items Purchased in terms of Amount spent | Cosmetics, Perfumes & Toiletries and Healthcare & Wellness Products",%,5.335110409523649
2011,SOUTH ASIA,India,Shopping Items Purchased in terms of Amount spent | Confectionery and Food Items,%,5.636904189321085
2011,SOUTH ASIA,India,Shopping Items Purchased in terms of Amount spent | Souvenirs and Gifts,%,6.289248197768787
2011,SOUTH ASIA,India,Shopping Items Purchased in terms of Amount spent | Genuine Jewellery,%,11.64306780126996
2011,SOUTH ASIA,India,Shopping Items Purchased in terms of Amount spent | Consumer Tech,%,39.55180016265454
2011,SOUTH ASIA,India,Shopping Items Purchased in terms of Amount spent | Watches and Clocks,%,2.367276571129957
2011,SOUTH ASIA,India,Shopping Items Purchased in terms of Amount spent | Others,%,6.328897413852695
2011,EUROPE,France,Shopping Items Purchased in terms of Popularity | Fashion and Accessories,%,55.69871742214833
2011,EUROPE,France,"Shopping Items Purchased in terms of Popularity | Cosmetics, Perfumes & Toiletries and Healthcare & Wellness Products",%,12.2173346858448
2011,EUROPE,France,Shopping Items Purchased in terms of Popularity | Confectionery and Food Items,%,18.34226685017173
2011,EUROPE,France,Shopping Items Purchased in terms of Popularity | Souvenirs and Gifts,%,30.83439773976585
2011,EUROPE,France,Shopping Items Purchased in terms of Popularity | Genuine Jewellery,%,0.9978669515915024
2011,EUROPE,France,Shopping Items Purchased in terms of Popularity | Consumer Tech,%,27.09626596507502
2011,EUROPE,France,Shopping Items Purchased in terms of Popularity | Watches and Clocks,%,0.9994131213478262
2011,EUROPE,France,Shopping Items Purchased in terms of Popularity | Others,%,20.68654159666827
2011,EUROPE,France,Shopping Items Purchased in terms of Amount spent | Fashion and Accessories,%,40.01969136695932
2011,EUROPE,France,"Shopping Items Purchased in terms of Amount spent | Cosmetics, Perfumes & Toiletries and Healthcare & Wellness Products",%,5.090221539276754
2011,EUROPE,France,Shopping Items Purchased in terms of Amount spent | Confectionery and Food Items,%,3.732325610350821
2011,EUROPE,France,Shopping Items Purchased in terms of Amount spent | Souvenirs and Gifts,%,11.80896892425128
2011,EUROPE,France,Shopping Items Purchased in terms of Amount spent | Genuine Jewellery,%,0.8934304376002319
2011,EUROPE,France,Shopping Items Purchased in terms of Amount spent | Consumer Tech,%,28.78625455905108
2011,EUROPE,France,Shopping Items Purchased in terms of Amount spent | Watches and Clocks,%,1.906608580006193
2011,EUROPE,France,Shopping Items Purchased in terms of Amount spent | Others,%,7.762498982504311
2011,EUROPE,Germany,Shopping Items Purchased in terms of Popularity | Fashion and Accessories,%,66.34116018072253
2011,EUROPE,Germany,"Shopping Items Purchased in terms of Popularity | Cosmetics, Perfumes & Toiletries and Healthcare & Wellness Products",%,9.898259150176532
2011,EUROPE,Germany,Shopping Items Purchased in terms of Popularity | Confectionery and Food Items,%,18.851188024576
2011,EUROPE,Germany,Shopping Items Purchased in terms of Popularity | Souvenirs and Gifts,%,30.44088193509832
2011,EUROPE,Germany,Shopping Items Purchased in terms of Popularity | Consumer Tech,%,26.67378507147276
2011,EUROPE,Germany,Shopping Items Purchased in terms of Popularity | Watches and Clocks,%,0.8146285966065192
2011,EUROPE,Germany,Shopping Items Purchased in terms of Popularity | Others,%,13.76675678051262
2011,EUROPE,Germany,Shopping Items Purchased in terms of Amount spent | Fashion and Accessories,%,49.29489749979263
2011,EUROPE,Germany,"Shopping Items Purchased in terms of Amount spent | Cosmetics, Perfumes & Toiletries and Healthcare & Wellness Products",%,5.789315203520734
2011,EUROPE,Germany,Shopping Items Purchased in terms of Amount spent | Confectionery and Food Items,%,2.556167594746677
2011,EUROPE,Germany,Shopping Items Purchased in terms of Amount spent | Souvenirs and Gifts,%,11.41272942512516
2011,EUROPE,Germany,Shopping Items Purchased in terms of Amount spent | Genuine Jewellery,%,0.1718320498081908
2011,EUROPE,Germany,Shopping Items Purchased in terms of Amount spent | Consumer Tech,%,24.74510680206492
2011,EUROPE,Germany,Shopping Items Purchased in terms of Amount spent | Watches and Clocks,%,1.091587180787962
2011,EUROPE,Germany,Shopping Items Purchased in terms of Amount spent | Others,%,4.938364244153744
2011,EUROPE,Italy,Shopping Items Purchased in terms of Popularity | Fashion and Accessories,%,64.21434662370467
2011,EUROPE,Italy,"Shopping Items Purchased in terms of Popularity | Cosmetics, Perfumes & Toiletries and Healthcare & Wellness Products",%,18.37478915093345
2011,EUROPE,Italy,Shopping Items Purchased in terms of Popularity | Confectionery and Food Items,%,28.48319897415321
2011,EUROPE,Italy,Shopping Items Purchased in terms of Popularity | Souvenirs and Gifts,%,46.06352745683004
2011,EUROPE,Italy,Shopping Items Purchased in terms of Popularity | Genuine Jewellery,%,8.543005254808303
2011,EUROPE,Italy,Shopping Items Purchased in terms of Popularity | Consumer Tech,%,28.85909426917175
2011,EUROPE,Italy,Shopping Items Purchased in terms of Popularity | Others,%,9.817152047368069
2011,EUROPE,Italy,Shopping Items Purchased in terms of Amount spent | Fashion and Accessories,%,28.6981348065358
2011,EUROPE,Italy,"Shopping Items Purchased in terms of Amount spent | Cosmetics, Perfumes & Toiletries and Healthcare & Wellness Products",%,4.824715335646611
2011,EUROPE,Italy,Shopping Items Purchased in terms of Amount spent | Confectionery and Food Items,%,3.591653819826886
2011,EUROPE,Italy,Shopping Items Purchased in terms of Amount spent | Souvenirs and Gifts,%,14.05043377934244
2011,EUROPE,Italy,Shopping Items Purchased in terms of Amount spent | Genuine Jewellery,%,11.01652260121626
2011,EUROPE,Italy,Shopping Items Purchased in terms of Amount spent | Consumer Tech,%,35.43630349481042
2011,EUROPE,Italy,Shopping Items Purchased in terms of Amount spent | Others,%,2.382236162918705
2011,EUROPE,Netherlands,Shopping Items Purchased in terms of Popularity | Fashion and Accessories,%,65.41469993893303
2011,EUROPE,Netherlands,"Shopping Items Purchased in terms of Popularity | Cosmetics, Perfumes & Toiletries and Healthcare & Wellness Products",%,21.13046269701379
2011,EUROPE,Netherlands,Shopping Items Purchased in terms of Popularity | Confectionery and Food Items,%,17.94566222905845
2011,EUROPE,Netherlands,Shopping Items Purchased in terms of Popularity | Souvenirs and Gifts,%,29.92524313934319
2011,EUROPE,Netherlands,Shopping Items Purchased in terms of Popularity | Genuine Jewellery,%,5.48847448116899
2011,EUROPE,Netherlands,Shopping Items Purchased in terms of Popularity | Consumer Tech,%,23.5779220514141
2011,EUROPE,Netherlands,Shopping Items Purchased in terms of Popularity | Watches and Clocks,%,1.398129231809099
2011,EUROPE,Netherlands,Shopping Items Purchased in terms of Popularity | Others,%,6.366130112385326
2011,EUROPE,Netherlands,Shopping Items Purchased in terms of Amount spent | Fashion and Accessories,%,42.66881417747565
2011,EUROPE,Netherlands,"Shopping Items Purchased in terms of Amount spent | Cosmetics, Perfumes & Toiletries and Healthcare & Wellness Products",%,7.322560473643358
2011,EUROPE,Netherlands,Shopping Items Purchased in terms of Amount spent | Confectionery and Food Items,%,2.474171045677501
2011,EUROPE,Netherlands,Shopping Items Purchased in terms of Amount spent | Souvenirs and Gifts,%,10.26967218982495
2011,EUROPE,Netherlands,Shopping Items Purchased in terms of Amount spent | Genuine Jewellery,%,18.79863052794111
2011,EUROPE,Netherlands,Shopping Items Purchased in terms of Amount spent | Consumer Tech,%,16.56287078793836
2011,EUROPE,Netherlands,Shopping Items Purchased in terms of Amount spent | Watches and Clocks,%,0.6039565979222813
2011,EUROPE,Netherlands,Shopping Items Purchased in terms of Amount spent | Others,%,1.299324199576779
2011,EUROPE,Switzerland,Shopping Items Purchased in terms of Popularity | Fashion and Accessories,%,64.09813418834047
2011,EUROPE,Switzerland,"Shopping Items Purchased in terms of Popularity | Cosmetics, Perfumes & Toiletries and Healthcare & Wellness Products",%,18.68766861180271
2011,EUROPE,Switzerland,Shopping Items Purchased in terms of Popularity | Confectionery and Food Items,%,25.76944226565165
2011,EUROPE,Switzerland,Shopping Items Purchased in terms of Popularity | Souvenirs and Gifts,%,23.14151711239087
2011,EUROPE,Switzerland,Shopping Items Purchased in terms of Popularity | Consumer Tech,%,35.14074732373195
2011,EUROPE,Switzerland,Shopping Items Purchased in terms of Popularity | Others,%,18.40136887520147
2011,EUROPE,Switzerland,Shopping Items Purchased in terms of Amount spent | Fashion and Accessories,%,48.69092678548696
2011,EUROPE,Switzerland,"Shopping Items Purchased in terms of Amount spent | Cosmetics, Perfumes & Toiletries and Healthcare & Wellness Products",%,9.479578467022124
2011,EUROPE,Switzerland,Shopping Items Purchased in terms of Amount spent | Confectionery and Food Items,%,3.706837519903562
2011,EUROPE,Switzerland,Shopping Items Purchased in terms of Amount spent | Souvenirs and Gifts,%,7.882343132343006
2011,EUROPE,Switzerland,Shopping Items Purchased in terms of Amount spent | Consumer Tech,%,21.04471459388991
2011,EUROPE,Switzerland,Shopping Items Purchased in terms of Amount spent | Others,%,9.195599501354453
2011,EUROPE,UK,Shopping Items Purchased in terms of Popularity | Fashion and Accessories,%,54.75558402221991
2011,EUROPE,UK,"Shopping Items Purchased in terms of Popularity | Cosmetics, Perfumes & Toiletries and Healthcare & Wellness Products",%,15.2820270507408
2011,EUROPE,UK,Shopping Items Purchased in terms of Popularity | Confectionery and Food Items,%,20.60351372235249
2011,EUROPE,UK,Shopping Items Purchased in terms of Popularity | Souvenirs and Gifts,%,30.44955702402682
2011,EUROPE,UK,Shopping Items Purchased in terms of Popularity | Genuine Jewellery,%,3.58062124595437
2011,EUROPE,UK,Shopping Items Purchased in terms of Popularity | Consumer Tech,%,19.07774704011781
2011,EUROPE,UK,Shopping Items Purchased in terms of Popularity | Watches and Clocks,%,1.783363789413864
2011,EUROPE,UK,Shopping Items Purchased in terms of Popularity | Others,%,14.75189764376592
2011,EUROPE,UK,Shopping Items Purchased in terms of Amount spent | Fashion and Accessories,%,35.91949436105518
2011,EUROPE,UK,"Shopping Items Purchased in terms of Amount spent | Cosmetics, Perfumes & Toiletries and Healthcare & Wellness Products",%,5.913531601236211
2011,EUROPE,UK,Shopping Items Purchased in terms of Amount spent | Confectionery and Food Items,%,3.725289207964196
2011,EUROPE,UK,Shopping Items Purchased in terms of Amount spent | Souvenirs and Gifts,%,10.20418805524798
2011,EUROPE,UK,Shopping Items Purchased in terms of Amount spent | Genuine Jewellery,%,12.13016508049655
2011,EUROPE,UK,Shopping Items Purchased in terms of Amount spent | Consumer Tech,%,19.04663506408522
2011,EUROPE,UK,Shopping Items Purchased in terms of Amount spent | Watches and Clocks,%,7.277289250042728
2011,EUROPE,UK,Shopping Items Purchased in terms of Amount spent | Others,%,5.783407379483797
2011,AMERICAS,Canada,Shopping Items Purchased in terms of Popularity | Fashion and Accessories,%,48.91299210250068
2011,AMERICAS,Canada,"Shopping Items Purchased in terms of Popularity | Cosmetics, Perfumes & Toiletries and Healthcare & Wellness Products",%,9.820435389213143
2011,AMERICAS,Canada,Shopping Items Purchased in terms of Popularity | Confectionery and Food Items,%,14.66800085163968
2011,AMERICAS,Canada,Shopping Items Purchased in terms of Popularity | Souvenirs and Gifts,%,35.3692114397178
2011,AMERICAS,Canada,Shopping Items Purchased in terms of Popularity | Genuine Jewellery,%,6.389526111648018
2011,AMERICAS,Canada,Shopping Items Purchased in terms of Popularity | Consumer Tech,%,14.41167746839388
2011,AMERICAS,Canada,Shopping Items Purchased in terms of Popularity | Watches and Clocks,%,0.8524238683309301
2011,AMERICAS,Canada,Shopping Items Purchased in terms of Popularity | Others,%,6.842582219333554
2011,AMERICAS,Canada,Shopping Items Purchased in terms of Amount spent | Fashion and Accessories,%,43.85814642211513
2011,AMERICAS,Canada,"Shopping Items Purchased in terms of Amount spent | Cosmetics, Perfumes & Toiletries and Healthcare & Wellness Products",%,3.803550333742681
2011,AMERICAS,Canada,Shopping Items Purchased in terms of Amount spent | Confectionery and Food Items,%,4.887037610461361
2011,AMERICAS,Canada,Shopping Items Purchased in terms of Amount spent | Souvenirs and Gifts,%,19.52321828257505
2011,AMERICAS,Canada,Shopping Items Purchased in terms of Amount spent | Genuine Jewellery,%,16.93026515531081
2011,AMERICAS,Canada,Shopping Items Purchased in terms of Amount spent | Consumer Tech,%,7.905263399546731
2011,AMERICAS,Canada,Shopping Items Purchased in terms of Amount spent | Watches and Clocks,%,1.02597362418979
2011,AMERICAS,Canada,Shopping Items Purchased in terms of Amount spent | Others,%,2.066545172058447
2011,AMERICAS,USA,Shopping Items Purchased in terms of Popularity | Fashion and Accessories,%,52.63329193662469
2011,AMERICAS,USA,"Shopping Items Purchased in terms of Popularity | Cosmetics, Perfumes & Toiletries and Healthcare & Wellness Products",%,19.70460366758592
2011,AMERICAS,USA,Shopping Items Purchased in terms of Popularity | Confectionery and Food Items,%,22.94319141827303
2011,AMERICAS,USA,Shopping Items Purchased in terms of Popularity | Souvenirs and Gifts,%,33.10462072060751
2011,AMERICAS,USA,Shopping Items Purchased in terms of Popularity | Genuine Jewellery,%,4.083538238873494
2011,AMERICAS,USA,Shopping Items Purchased in terms of Popularity | Consumer Tech,%,15.67333213321534
2011,AMERICAS,USA,Shopping Items Purchased in terms of Popularity | Watches and Clocks,%,1.371572761006147
2011,AMERICAS,USA,Shopping Items Purchased in terms of Popularity | Others,%,12.3423584341153
2011,AMERICAS,USA,Shopping Items Purchased in terms of Amount spent | Fashion and Accessories,%,42.34890302263209
2011,AMERICAS,USA,"Shopping Items Purchased in terms of Amount spent | Cosmetics, Perfumes & Toiletries and Healthcare & Wellness Products",%,9.088670176697692
2011,AMERICAS,USA,Shopping Items Purchased in terms of Amount spent | Confectionery and Food Items,%,4.158554362911577
2011,AMERICAS,USA,Shopping Items Purchased in terms of Amount spent | Souvenirs and Gifts,%,13.5015642311863
2011,AMERICAS,USA,Shopping Items Purchased in terms of Amount spent | Genuine Jewellery,%,11.6100285917687
2011,AMERICAS,USA,Shopping Items Purchased in terms of Amount spent | Consumer Tech,%,12.43308236447229
2011,AMERICAS,USA,Shopping Items Purchased in terms of Amount spent | Watches and Clocks,%,1.862838128198786
2011,AMERICAS,USA,Shopping Items Purchased in terms of Amount spent | Others,%,4.996359122132597
2011,OCEANIA,Australia,Shopping Items Purchased in terms of Popularity | Fashion and Accessories,%,61.80409398626578
2011,OCEANIA,Australia,"Shopping Items Purchased in terms of Popularity | Cosmetics, Perfumes & Toiletries and Healthcare & Wellness Products",%,17.89046761048128
2011,OCEANIA,Australia,Shopping Items Purchased in terms of Popularity | Confectionery and Food Items,%,17.74083914951411
2011,OCEANIA,Australia,Shopping Items Purchased in terms of Popularity | Souvenirs and Gifts,%,27.50249443194606
2011,OCEANIA,Australia,Shopping Items Purchased in terms of Popularity | Genuine Jewellery,%,4.733511328065959
2011,OCEANIA,Australia,Shopping Items Purchased in terms of Popularity | Consumer Tech,%,20.07905342583056
2011,OCEANIA,Australia,Shopping Items Purchased in terms of Popularity | Watches and Clocks,%,4.102894476664082
2011,OCEANIA,Australia,Shopping Items Purchased in terms of Popularity | Others,%,19.94520700587422
2011,OCEANIA,Australia,Shopping Items Purchased in terms of Amount spent | Fashion and Accessories,%,42.09058379237351
2011,OCEANIA,Australia,"Shopping Items Purchased in terms of Amount spent | Cosmetics, Perfumes & Toiletries and Healthcare & Wellness Products",%,7.198139658324226
2011,OCEANIA,Australia,Shopping Items Purchased in terms of Amount spent | Confectionery and Food Items,%,2.03838585059325
2011,OCEANIA,Australia,Shopping Items Purchased in terms of Amount spent | Souvenirs and Gifts,%,6.733714552273282
2011,OCEANIA,Australia,Shopping Items Purchased in terms of Amount spent | Genuine Jewellery,%,13.1109152122016
2011,OCEANIA,Australia,Shopping Items Purchased in terms of Amount spent | Consumer Tech,%,16.41844497125332
2011,OCEANIA,Australia,Shopping Items Purchased in terms of Amount spent | Watches and Clocks,%,4.15535116170567
2011,OCEANIA,Australia,Shopping Items Purchased in terms of Amount spent | Others,%,8.25446480130664
2011,OCEANIA,New Zealand,Shopping Items Purchased in terms of Popularity | Fashion and Accessories,%,60.50323917125197
2011,OCEANIA,New Zealand,"Shopping Items Purchased in terms of Popularity | Cosmetics, Perfumes & Toiletries and Healthcare & Wellness Products",%,18.38873506447589
2011,OCEANIA,New Zealand,Shopping Items Purchased in terms of Popularity | Confectionery and Food Items,%,13.82804146342124
2011,OCEANIA,New Zealand,Shopping Items Purchased in terms of Popularity | Souvenirs and Gifts,%,27.59826939942838
2011,OCEANIA,New Zealand,Shopping Items Purchased in terms of Popularity | Genuine Jewellery,%,3.822689663471682
2011,OCEANIA,New Zealand,Shopping Items Purchased in terms of Popularity | Consumer Tech,%,31.05596087124628
2011,OCEANIA,New Zealand,Shopping Items Purchased in terms of Popularity | Watches and Clocks,%,4.148587708146058
2011,OCEANIA,New Zealand,Shopping Items Purchased in terms of Popularity | Others,%,19.10242256558022
2011,OCEANIA,New Zealand,Shopping Items Purchased in terms of Amount spent | Fashion and Accessories,%,34.05229601798092
2011,OCEANIA,New Zealand,"Shopping Items Purchased in terms of Amount spent | Cosmetics, Perfumes & Toiletries and Healthcare & Wellness Products",%,6.29781983186782
2011,OCEANIA,New Zealand,Shopping Items Purchased in terms of Amount spent | Confectionery and Food Items,%,1.951903433607864
2011,OCEANIA,New Zealand,Shopping Items Purchased in terms of Amount spent | Souvenirs and Gifts,%,7.961802417454276
2011,OCEANIA,New Zealand,Shopping Items Purchased in terms of Amount spent | Genuine Jewellery,%,9.996886101304495
2011,OCEANIA,New Zealand,Shopping Items Purchased in terms of Amount spent | Consumer Tech,%,31.09621318490084
2011,OCEANIA,New Zealand,Shopping Items Purchased in terms of Amount spent | Watches and Clocks,%,2.219084557476324
2011,OCEANIA,New Zealand,Shopping Items Purchased in terms of Amount spent | Others,%,6.423994455804828
2011,AFRICA,South Africa (Rep of),Shopping Items Purchased in terms of Popularity | Fashion and Accessories,%,71.00347930883059
2011,AFRICA,South Africa (Rep of),"Shopping Items Purchased in terms of Popularity | Cosmetics, Perfumes & Toiletries and Healthcare & Wellness Products",%,19.13980318185344
2011,AFRICA,South Africa (Rep of),Shopping Items Purchased in terms of Popularity | Confectionery and Food Items,%,16.33060398602987
2011,AFRICA,South Africa (Rep of),Shopping Items Purchased in terms of Popularity | Souvenirs and Gifts,%,30.86283443374998
2011,AFRICA,South Africa (Rep of),Shopping Items Purchased in terms of Popularity | Genuine Jewellery,%,2.502465117967315
2011,AFRICA,South Africa (Rep of),Shopping Items Purchased in terms of Popularity | Consumer Tech,%,37.61733453219619
2011,AFRICA,South Africa (Rep of),Shopping Items Purchased in terms of Popularity | Watches and Clocks,%,7.082039493598476
2011,AFRICA,South Africa (Rep of),Shopping Items Purchased in terms of Popularity | Others,%,10.9049400720468
2011,AFRICA,South Africa (Rep of),Shopping Items Purchased in terms of Amount spent | Fashion and Accessories,%,38.25711216691182
2011,AFRICA,South Africa (Rep of),"Shopping Items Purchased in terms of Amount spent | Cosmetics, Perfumes & Toiletries and Healthcare & Wellness Products",%,7.028782462301217
2011,AFRICA,South Africa (Rep of),Shopping Items Purchased in terms of Amount spent | Confectionery and Food Items,%,1.170438022702686
2011,AFRICA,South Africa (Rep of),Shopping Items Purchased in terms of Amount spent | Souvenirs and Gifts,%,5.310491483145245
2011,AFRICA,South Africa (Rep of),Shopping Items Purchased in terms of Amount spent | Genuine Jewellery,%,2.917658492487972
2011,AFRICA,South Africa (Rep of),Shopping Items Purchased in terms of Amount spent | Consumer Tech,%,37.61179688202076
2011,AFRICA,South Africa (Rep of),Shopping Items Purchased in terms of Amount spent | Watches and Clocks,%,1.718219885553975
2011,AFRICA,South Africa (Rep of),Shopping Items Purchased in terms of Amount spent | Others,%,5.985500604876328
2011,REMAINING,Others,Shopping Items Purchased in terms of Popularity | Fashion and Accessories,%,64.39233417570202
2011,REMAINING,Others,"Shopping Items Purchased in terms of Popularity | Cosmetics, Perfumes & Toiletries and Healthcare & Wellness Products",%,26.11641488316337
2011,REMAINING,Others,Shopping Items Purchased in terms of Popularity | Confectionery and Food Items,%,35.49836292581278
2011,REMAINING,Others,Shopping Items Purchased in terms of Popularity | Souvenirs and Gifts,%,29.2256400182116
2011,REMAINING,Others,Shopping Items Purchased in terms of Popularity | Genuine Jewellery,%,4.264804279095859
2011,REMAINING,Others,Shopping Items Purchased in terms of Popularity | Consumer Tech,%,33.96984045242228
2011,REMAINING,Others,Shopping Items Purchased in terms of Popularity | Watches and Clocks,%,2.476979452138667
2011,REMAINING,Others,Shopping Items Purchased in terms of Popularity | Others,%,14.32411047055973
2011,REMAINING,Others,Shopping Items Purchased in terms of Amount spent | Fashion and Accessories,%,44.63486146817539
2011,REMAINING,Others,"Shopping Items Purchased in terms of Amount spent | Cosmetics, Perfumes & Toiletries and Healthcare & Wellness Products",%,6.433101545808677
2011,REMAINING,Others,Shopping Items Purchased in terms of Amount spent | Confectionery and Food Items,%,3.77604356095501
2011,REMAINING,Others,Shopping Items Purchased in terms of Amount spent | Souvenirs and Gifts,%,5.420743778854963
2011,REMAINING,Others,Shopping Items Purchased in terms of Amount spent | Genuine Jewellery,%,5.699560123004723
2011,REMAINING,Others,Shopping Items Purchased in terms of Amount spent | Consumer Tech,%,28.26292162749468
2011,REMAINING,Others,Shopping Items Purchased in terms of Amount spent | Watches and Clocks,%,1.689769438024123
2011,REMAINING,Others,Shopping Items Purchased in terms of Amount spent | Others,%,4.082998457675648
2010,SOUTHEAST ASIA,Indonesia,Shopping Items Purchased in terms of Popularity | Fashion and Accessories,%,65.17938134751586
2010,SOUTHEAST ASIA,Indonesia,"Shopping Items Purchased in terms of Popularity | Cosmetics, Perfumes & Toiletries and Healthcare & Wellness Products",%,16.78816095065762
2010,SOUTHEAST ASIA,Indonesia,Shopping Items Purchased in terms of Popularity | Confectionery and Food Items,%,36.83569227237392
2010,SOUTHEAST ASIA,Indonesia,Shopping Items Purchased in terms of Popularity | Souvenirs and Gifts,%,14.4841556817556
2010,SOUTHEAST ASIA,Indonesia,Shopping Items Purchased in terms of Popularity | Genuine Jewellery,%,0.9988829759632468
2010,SOUTHEAST ASIA,Indonesia,Shopping Items Purchased in terms of Popularity | Consumer Tech,%,10.38786227333675
2010,SOUTHEAST ASIA,Indonesia,Shopping Items Purchased in terms of Popularity | Watches and Clocks,%,3.406835941637917
2010,SOUTHEAST ASIA,Indonesia,Shopping Items Purchased in terms of Popularity | Others,%,15.57975002961505
2010,SOUTHEAST ASIA,Indonesia,Shopping Items Purchased in terms of Amount spent | Fashion and Accessories,%,54.85504812818444
2010,SOUTHEAST ASIA,Indonesia,"Shopping Items Purchased in terms of Amount spent | Cosmetics, Perfumes & Toiletries and Healthcare & Wellness Products",%,8.31089032495431
2010,SOUTHEAST ASIA,Indonesia,Shopping Items Purchased in terms of Amount spent | Confectionery and Food Items,%,8.043772978730724
2010,SOUTHEAST ASIA,Indonesia,Shopping Items Purchased in terms of Amount spent | Souvenirs and Gifts,%,4.474838129702674
2010,SOUTHEAST ASIA,Indonesia,Shopping Items Purchased in terms of Amount spent | Genuine Jewellery,%,2.269668914950999
2010,SOUTHEAST ASIA,Indonesia,Shopping Items Purchased in terms of Amount spent | Consumer Tech,%,13.34024335804841
2010,SOUTHEAST ASIA,Indonesia,Shopping Items Purchased in terms of Amount spent | Watches and Clocks,%,2.121542156611933
2010,SOUTHEAST ASIA,Indonesia,Shopping Items Purchased in terms of Amount spent | Others,%,6.583996008755329
2010,SOUTHEAST ASIA,Malaysia,Shopping Items Purchased in terms of Popularity | Fashion and Accessories,%,51.03296061841525
2010,SOUTHEAST ASIA,Malaysia,"Shopping Items Purchased in terms of Popularity | Cosmetics, Perfumes & Toiletries and Healthcare & Wellness Products",%,12.55831979828674
2010,SOUTHEAST ASIA,Malaysia,Shopping Items Purchased in terms of Popularity | Confectionery and Food Items,%,37.9516341018706
2010,SOUTHEAST ASIA,Malaysia,Shopping Items Purchased in terms of Popularity | Souvenirs and Gifts,%,12.51975193672527
2010,SOUTHEAST ASIA,Malaysia,Shopping Items Purchased in terms of Popularity | Genuine Jewellery,%,1.283935155598391
2010,SOUTHEAST ASIA,Malaysia,Shopping Items Purchased in terms of Popularity | Consumer Tech,%,11.92807662241543
2010,SOUTHEAST ASIA,Malaysia,Shopping Items Purchased in terms of Popularity | Watches and Clocks,%,1.780370409104064
2010,SOUTHEAST ASIA,Malaysia,Shopping Items Purchased in terms of Popularity | Others,%,21.92727049616371
2010,SOUTHEAST ASIA,Malaysia,Shopping Items Purchased in terms of Amount spent | Fashion and Accessories,%,53.35047224098735
2010,SOUTHEAST ASIA,Malaysia,"Shopping Items Purchased in terms of Amount spent | Cosmetics, Perfumes & Toiletries and Healthcare & Wellness Products",%,5.597680968523443
2010,SOUTHEAST ASIA,Malaysia,Shopping Items Purchased in terms of Amount spent | Confectionery and Food Items,%,6.522007442140646
2010,SOUTHEAST ASIA,Malaysia,Shopping Items Purchased in terms of Amount spent | Souvenirs and Gifts,%,3.400509730943379
2010,SOUTHEAST ASIA,Malaysia,Shopping Items Purchased in terms of Amount spent | Genuine Jewellery,%,2.858832106571433
2010,SOUTHEAST ASIA,Malaysia,Shopping Items Purchased in terms of Amount spent | Consumer Tech,%,13.28802395040427
2010,SOUTHEAST ASIA,Malaysia,Shopping Items Purchased in terms of Amount spent | Watches and Clocks,%,1.596804509507874
2010,SOUTHEAST ASIA,Malaysia,Shopping Items Purchased in terms of Amount spent | Others,%,13.38566905100565
2010,SOUTHEAST ASIA,Philippines,Shopping Items Purchased in terms of Popularity | Fashion and Accessories,%,65.1852855354736
2010,SOUTHEAST ASIA,Philippines,"Shopping Items Purchased in terms of Popularity | Cosmetics, Perfumes & Toiletries and Healthcare & Wellness Products",%,16.54564939911451
2010,SOUTHEAST ASIA,Philippines,Shopping Items Purchased in terms of Popularity | Confectionery and Food Items,%,30.70675633359139
2010,SOUTHEAST ASIA,Philippines,Shopping Items Purchased in terms of Popularity | Souvenirs and Gifts,%,28.78451200729113
2010,SOUTHEAST ASIA,Philippines,Shopping Items Purchased in terms of Popularity | Genuine Jewellery,%,2.423744524716789
2010,SOUTHEAST ASIA,Philippines,Shopping Items Purchased in terms of Popularity | Consumer Tech,%,17.72071480660081
2010,SOUTHEAST ASIA,Philippines,Shopping Items Purchased in terms of Popularity | Watches and Clocks,%,2.189569875296153
2010,SOUTHEAST ASIA,Philippines,Shopping Items Purchased in terms of Popularity | Others,%,8.551512458241827
2010,SOUTHEAST ASIA,Philippines,Shopping Items Purchased in terms of Amount spent | Fashion and Accessories,%,44.24645986822723
2010,SOUTHEAST ASIA,Philippines,"Shopping Items Purchased in terms of Amount spent | Cosmetics, Perfumes & Toiletries and Healthcare & Wellness Products",%,6.811252878633848
2010,SOUTHEAST ASIA,Philippines,Shopping Items Purchased in terms of Amount spent | Confectionery and Food Items,%,6.123411929551828
2010,SOUTHEAST ASIA,Philippines,Shopping Items Purchased in terms of Amount spent | Souvenirs and Gifts,%,7.713410845133413
2010,SOUTHEAST ASIA,Philippines,Shopping Items Purchased in terms of Amount spent | Genuine Jewellery,%,4.038691510186763
2010,SOUTHEAST ASIA,Philippines,Shopping Items Purchased in terms of Amount spent | Consumer Tech,%,26.96522440213471
2010,SOUTHEAST ASIA,Philippines,Shopping Items Purchased in terms of Amount spent | Watches and Clocks,%,1.1790710976755
2010,SOUTHEAST ASIA,Philippines,Shopping Items Purchased in terms of Amount spent | Others,%,2.922477468621785
2010,SOUTHEAST ASIA,Thailand,Shopping Items Purchased in terms of Popularity | Fashion and Accessories,%,54.66051902864476
2010,SOUTHEAST ASIA,Thailand,"Shopping Items Purchased in terms of Popularity | Cosmetics, Perfumes & Toiletries and Healthcare & Wellness Products",%,28.41639895565275
2010,SOUTHEAST ASIA,Thailand,Shopping Items Purchased in terms of Popularity | Confectionery and Food Items,%,46.39046789725705
2010,SOUTHEAST ASIA,Thailand,Shopping Items Purchased in terms of Popularity | Souvenirs and Gifts,%,21.07019644264329
2010,SOUTHEAST ASIA,Thailand,Shopping Items Purchased in terms of Popularity | Genuine Jewellery,%,0.8561607853171869
2010,SOUTHEAST ASIA,Thailand,Shopping Items Purchased in terms of Popularity | Consumer Tech,%,14.30605542852187
2010,SOUTHEAST ASIA,Thailand,Shopping Items Purchased in terms of Popularity | Watches and Clocks,%,3.751876665225638
2010,SOUTHEAST ASIA,Thailand,Shopping Items Purchased in terms of Popularity | Others,%,20.06345577097863
2010,SOUTHEAST ASIA,Thailand,Shopping Items Purchased in terms of Amount spent | Fashion and Accessories,%,41.05654564732954
2010,SOUTHEAST ASIA,Thailand,"Shopping Items Purchased in terms of Amount spent | Cosmetics, Perfumes & Toiletries and Healthcare & Wellness Products",%,13.08313317863253
2010,SOUTHEAST ASIA,Thailand,Shopping Items Purchased in terms of Amount spent | Confectionery and Food Items,%,10.64792902552619
2010,SOUTHEAST ASIA,Thailand,Shopping Items Purchased in terms of Amount spent | Souvenirs and Gifts,%,4.605184604485108
2010,SOUTHEAST ASIA,Thailand,Shopping Items Purchased in terms of Amount spent | Genuine Jewellery,%,0.9673581230602608
2010,SOUTHEAST ASIA,Thailand,Shopping Items Purchased in terms of Amount spent | Consumer Tech,%,13.70472966077275
2010,SOUTHEAST ASIA,Thailand,Shopping Items Purchased in terms of Amount spent | Watches and Clocks,%,10.11726868215434
2010,SOUTHEAST ASIA,Thailand,Shopping Items Purchased in terms of Amount spent | Others,%,5.817851078159906
2010,SOUTHEAST ASIA,Vietnam,Shopping Items Purchased in terms of Popularity | Fashion and Accessories,%,54.19942148874559
2010,SOUTHEAST ASIA,Vietnam,"Shopping Items Purchased in terms of Popularity | Cosmetics, Perfumes & Toiletries and Healthcare & Wellness Products",%,26.72334949009687
2010,SOUTHEAST ASIA,Vietnam,Shopping Items Purchased in terms of Popularity | Confectionery and Food Items,%,38.61409366179416
2010,SOUTHEAST ASIA,Vietnam,Shopping Items Purchased in terms of Popularity | Souvenirs and Gifts,%,23.40046982602616
2010,SOUTHEAST ASIA,Vietnam,Shopping Items Purchased in terms of Popularity | Genuine Jewellery,%,3.066483022387619
2010,SOUTHEAST ASIA,Vietnam,Shopping Items Purchased in terms of Popularity | Consumer Tech,%,15.17444138145354
2010,SOUTHEAST ASIA,Vietnam,Shopping Items Purchased in terms of Popularity | Watches and Clocks,%,2.152332164472388
2010,SOUTHEAST ASIA,Vietnam,Shopping Items Purchased in terms of Popularity | Others,%,21.46152137992702
2010,SOUTHEAST ASIA,Vietnam,Shopping Items Purchased in terms of Amount spent | Fashion and Accessories,%,37.703920456017
2010,SOUTHEAST ASIA,Vietnam,"Shopping Items Purchased in terms of Amount spent | Cosmetics, Perfumes & Toiletries and Healthcare & Wellness Products",%,6.030683100403413
2010,SOUTHEAST ASIA,Vietnam,Shopping Items Purchased in terms of Amount spent | Confectionery and Food Items,%,3.498177081260337
2010,SOUTHEAST ASIA,Vietnam,Shopping Items Purchased in terms of Amount spent | Souvenirs and Gifts,%,2.818868765458467
2010,SOUTHEAST ASIA,Vietnam,Shopping Items Purchased in terms of Amount spent | Genuine Jewellery,%,2.192654140671346
2010,SOUTHEAST ASIA,Vietnam,Shopping Items Purchased in terms of Amount spent | Consumer Tech,%,31.39259644739316
2010,SOUTHEAST ASIA,Vietnam,Shopping Items Purchased in terms of Amount spent | Watches and Clocks,%,10.76672514437193
2010,SOUTHEAST ASIA,Vietnam,Shopping Items Purchased in terms of Amount spent | Others,%,5.596374864414496
2010,GREATER CHINA,China,Shopping Items Purchased in terms of Popularity | Fashion and Accessories,%,39.67921762978131
2010,GREATER CHINA,China,"Shopping Items Purchased in terms of Popularity | Cosmetics, Perfumes & Toiletries and Healthcare & Wellness Products",%,33.18481047490204
2010,GREATER CHINA,China,Shopping Items Purchased in terms of Popularity | Confectionery and Food Items,%,34.2339666602894
2010,GREATER CHINA,China,Shopping Items Purchased in terms of Popularity | Souvenirs and Gifts,%,18.75483495431367
2010,GREATER CHINA,China,Shopping Items Purchased in terms of Popularity | Genuine Jewellery,%,6.599863843578566
2010,GREATER CHINA,China,Shopping Items Purchased in terms of Popularity | Consumer Tech,%,7.28239031517623
2010,GREATER CHINA,China,Shopping Items Purchased in terms of Popularity | Watches and Clocks,%,6.173671478198265
2010,GREATER CHINA,China,Shopping Items Purchased in terms of Popularity | Others,%,31.50539292956479
2010,GREATER CHINA,China,Shopping Items Purchased in terms of Amount spent | Fashion and Accessories,%,42.64460816045827
2010,GREATER CHINA,China,"Shopping Items Purchased in terms of Amount spent | Cosmetics, Perfumes & Toiletries and Healthcare & Wellness Products",%,12.42067864103554
2010,GREATER CHINA,China,Shopping Items Purchased in terms of Amount spent | Confectionery and Food Items,%,4.598395942548792
2010,GREATER CHINA,China,Shopping Items Purchased in terms of Amount spent | Souvenirs and Gifts,%,3.430807916374827
2010,GREATER CHINA,China,Shopping Items Purchased in terms of Amount spent | Genuine Jewellery,%,7.283382468407371
2010,GREATER CHINA,China,Shopping Items Purchased in terms of Amount spent | Consumer Tech,%,4.439372379063095
2010,GREATER CHINA,China,Shopping Items Purchased in terms of Amount spent | Watches and Clocks,%,16.8812454701869
2010,GREATER CHINA,China,Shopping Items Purchased in terms of Amount spent | Others,%,8.301509022035178
2010,GREATER CHINA,Hong Kong SAR,Shopping Items Purchased in terms of Popularity | Fashion and Accessories,%,36.9356051282091
2010,GREATER CHINA,Hong Kong SAR,"Shopping Items Purchased in terms of Popularity | Cosmetics, Perfumes & Toiletries and Healthcare & Wellness Products",%,16.42741639521011
2010,GREATER CHINA,Hong Kong SAR,Shopping Items Purchased in terms of Popularity | Confectionery and Food Items,%,64.98314617988999
2010,GREATER CHINA,Hong Kong SAR,Shopping Items Purchased in terms of Popularity | Souvenirs and Gifts,%,27.59568928521594
2010,GREATER CHINA,Hong Kong SAR,Shopping Items Purchased in terms of Popularity | Genuine Jewellery,%,0.6730724769855895
2010,GREATER CHINA,Hong Kong SAR,Shopping Items Purchased in terms of Popularity | Consumer Tech,%,5.883226494146954
2010,GREATER CHINA,Hong Kong SAR,Shopping Items Purchased in terms of Popularity | Watches and Clocks,%,1.593968377489921
2010,GREATER CHINA,Hong Kong SAR,Shopping Items Purchased in terms of Popularity | Others,%,14.27655865711014
2010,GREATER CHINA,Hong Kong SAR,Shopping Items Purchased in terms of Amount spent | Fashion and Accessories,%,42.39654543662869
2010,GREATER CHINA,Hong Kong SAR,"Shopping Items Purchased in terms of Amount spent | Cosmetics, Perfumes & Toiletries and Healthcare & Wellness Products",%,6.611292474732253
2010,GREATER CHINA,Hong Kong SAR,Shopping Items Purchased in terms of Amount spent | Confectionery and Food Items,%,24.89300436138908
2010,GREATER CHINA,Hong Kong SAR,Shopping Items Purchased in terms of Amount spent | Souvenirs and Gifts,%,10.64438114412915
2010,GREATER CHINA,Hong Kong SAR,Shopping Items Purchased in terms of Amount spent | Genuine Jewellery,%,0.3552992672620147
2010,GREATER CHINA,Hong Kong SAR,Shopping Items Purchased in terms of Amount spent | Consumer Tech,%,5.438486125433749
2010,GREATER CHINA,Hong Kong SAR,Shopping Items Purchased in terms of Amount spent | Watches and Clocks,%,3.013023934206548
2010,GREATER CHINA,Hong Kong SAR,Shopping Items Purchased in terms of Amount spent | Others,%,6.64796725653028
2010,GREATER CHINA,Taiwan,Shopping Items Purchased in terms of Popularity | Fashion and Accessories,%,47.14122101806675
2010,GREATER CHINA,Taiwan,"Shopping Items Purchased in terms of Popularity | Cosmetics, Perfumes & Toiletries and Healthcare & Wellness Products",%,11.82956172730228
2010,GREATER CHINA,Taiwan,Shopping Items Purchased in terms of Popularity | Confectionery and Food Items,%,37.0809255174406
2010,GREATER CHINA,Taiwan,Shopping Items Purchased in terms of Popularity | Souvenirs and Gifts,%,29.67713584756701
2010,GREATER CHINA,Taiwan,Shopping Items Purchased in terms of Popularity | Consumer Tech,%,4.3532993907387
2010,GREATER CHINA,Taiwan,Shopping Items Purchased in terms of Popularity | Watches and Clocks,%,0.9374212761841724
2010,GREATER CHINA,Taiwan,Shopping Items Purchased in terms of Popularity | Others,%,14.53656009690199
2010,GREATER CHINA,Taiwan,Shopping Items Purchased in terms of Amount spent | Fashion and Accessories,%,57.02725814100371
2010,GREATER CHINA,Taiwan,"Shopping Items Purchased in terms of Amount spent | Cosmetics, Perfumes & Toiletries and Healthcare & Wellness Products",%,7.198046669303588
2010,GREATER CHINA,Taiwan,Shopping Items Purchased in terms of Amount spent | Confectionery and Food Items,%,14.23285108106337
2010,GREATER CHINA,Taiwan,Shopping Items Purchased in terms of Amount spent | Souvenirs and Gifts,%,9.842903333490352
2010,GREATER CHINA,Taiwan,Shopping Items Purchased in terms of Amount spent | Genuine Jewellery,%,1.221687651864076
2010,GREATER CHINA,Taiwan,Shopping Items Purchased in terms of Amount spent | Consumer Tech,%,5.901622438679031
2010,GREATER CHINA,Taiwan,Shopping Items Purchased in terms of Amount spent | Watches and Clocks,%,0.6814461397115589
2010,GREATER CHINA,Taiwan,Shopping Items Purchased in terms of Amount spent | Others,%,3.894184544884304
2010,NORTH ASIA,Japan,Shopping Items Purchased in terms of Popularity | Fashion and Accessories,%,33.83112033268232
2010,NORTH ASIA,Japan,"Shopping Items Purchased in terms of Popularity | Cosmetics, Perfumes & Toiletries and Healthcare & Wellness Products",%,9.963333578487331
2010,NORTH ASIA,Japan,Shopping Items Purchased in terms of Popularity | Confectionery and Food Items,%,38.23005800578711
2010,NORTH ASIA,Japan,Shopping Items Purchased in terms of Popularity | Souvenirs and Gifts,%,37.94635489017316
2010,NORTH ASIA,Japan,Shopping Items Purchased in terms of Popularity | Genuine Jewellery,%,2.254582639837965
2010,NORTH ASIA,Japan,Shopping Items Purchased in terms of Popularity | Consumer Tech,%,4.172747972136471
2010,NORTH ASIA,Japan,Shopping Items Purchased in terms of Popularity | Watches and Clocks,%,1.593835849056364
2010,NORTH ASIA,Japan,Shopping Items Purchased in terms of Popularity | Others,%,11.48726975392318
2010,NORTH ASIA,Japan,Shopping Items Purchased in terms of Amount spent | Fashion and Accessories,%,41.08242712314794
2010,NORTH ASIA,Japan,"Shopping Items Purchased in terms of Amount spent | Cosmetics, Perfumes & Toiletries and Healthcare & Wellness Products",%,4.996856485054519
2010,NORTH ASIA,Japan,Shopping Items Purchased in terms of Amount spent | Confectionery and Food Items,%,12.50896055984762
2010,NORTH ASIA,Japan,Shopping Items Purchased in terms of Amount spent | Souvenirs and Gifts,%,21.24303534136774
2010,NORTH ASIA,Japan,Shopping Items Purchased in terms of Amount spent | Genuine Jewellery,%,5.905854157512556
2010,NORTH ASIA,Japan,Shopping Items Purchased in terms of Amount spent | Consumer Tech,%,3.305190376363276
2010,NORTH ASIA,Japan,Shopping Items Purchased in terms of Amount spent | Watches and Clocks,%,7.279125429284897
2010,NORTH ASIA,Japan,Shopping Items Purchased in terms of Amount spent | Others,%,3.678550527183297
2010,NORTH ASIA,South Korea,Shopping Items Purchased in terms of Popularity | Fashion and Accessories,%,43.97527422564117
2010,NORTH ASIA,South Korea,"Shopping Items Purchased in terms of Popularity | Cosmetics, Perfumes & Toiletries and Healthcare & Wellness Products",%,21.61133217604411
2010,NORTH ASIA,South Korea,Shopping Items Purchased in terms of Popularity | Confectionery and Food Items,%,50.90923759806213
2010,NORTH ASIA,South Korea,Shopping Items Purchased in terms of Popularity | Souvenirs and Gifts,%,29.01402891695425
2010,NORTH ASIA,South Korea,Shopping Items Purchased in terms of Popularity | Genuine Jewellery,%,1.343486225579388
2010,NORTH ASIA,South Korea,Shopping Items Purchased in terms of Popularity | Consumer Tech,%,12.03118376373267
2010,NORTH ASIA,South Korea,Shopping Items Purchased in terms of Popularity | Watches and Clocks,%,2.675089437815594
2010,NORTH ASIA,South Korea,Shopping Items Purchased in terms of Popularity | Others,%,23.27400797671504
2010,NORTH ASIA,South Korea,Shopping Items Purchased in terms of Amount spent | Fashion and Accessories,%,35.07719864179354
2010,NORTH ASIA,South Korea,"Shopping Items Purchased in terms of Amount spent | Cosmetics, Perfumes & Toiletries and Healthcare & Wellness Products",%,13.49619081519099
2010,NORTH ASIA,South Korea,Shopping Items Purchased in terms of Amount spent | Confectionery and Food Items,%,13.64881514713164
2010,NORTH ASIA,South Korea,Shopping Items Purchased in terms of Amount spent | Souvenirs and Gifts,%,8.876894854053603
2010,NORTH ASIA,South Korea,Shopping Items Purchased in terms of Amount spent | Genuine Jewellery,%,4.239351980888424
2010,NORTH ASIA,South Korea,Shopping Items Purchased in terms of Amount spent | Consumer Tech,%,12.03886213242136
2010,NORTH ASIA,South Korea,Shopping Items Purchased in terms of Amount spent | Watches and Clocks,%,5.210600294404568
2010,NORTH ASIA,South Korea,Shopping Items Purchased in terms of Amount spent | Others,%,7.412086134402528
2010,SOUTH ASIA,India,Shopping Items Purchased in terms of Popularity | Fashion and Accessories,%,44.50628461336931
2010,SOUTH ASIA,India,"Shopping Items Purchased in terms of Popularity | Cosmetics, Perfumes & Toiletries and Healthcare & Wellness Products",%,17.56820456376245
2010,SOUTH ASIA,India,Shopping Items Purchased in terms of Popularity | Confectionery and Food Items,%,31.62526792266125
2010,SOUTH ASIA,India,Shopping Items Purchased in terms of Popularity | Souvenirs and Gifts,%,23.48720041995098
2010,SOUTH ASIA,India,Shopping Items Purchased in terms of Popularity | Genuine Jewellery,%,7.110133641373072
2010,SOUTH ASIA,India,Shopping Items Purchased in terms of Popularity | Consumer Tech,%,30.13103642015797
2010,SOUTH ASIA,India,Shopping Items Purchased in terms of Popularity | Watches and Clocks,%,9.709478352264265
2010,SOUTH ASIA,India,Shopping Items Purchased in terms of Popularity | Others,%,16.17743308000033
2010,SOUTH ASIA,India,Shopping Items Purchased in terms of Amount spent | Fashion and Accessories,%,16.94986612506657
2010,SOUTH ASIA,India,"Shopping Items Purchased in terms of Amount spent | Cosmetics, Perfumes & Toiletries and Healthcare & Wellness Products",%,4.760872151532362
2010,SOUTH ASIA,India,Shopping Items Purchased in terms of Amount spent | Confectionery and Food Items,%,4.621904586506732
2010,SOUTH ASIA,India,Shopping Items Purchased in terms of Amount spent | Souvenirs and Gifts,%,4.166955768219951
2010,SOUTH ASIA,India,Shopping Items Purchased in terms of Amount spent | Genuine Jewellery,%,14.29172768070849
2010,SOUTH ASIA,India,Shopping Items Purchased in terms of Amount spent | Consumer Tech,%,44.33956024031599
2010,SOUTH ASIA,India,Shopping Items Purchased in terms of Amount spent | Watches and Clocks,%,3.810787547541957
2010,SOUTH ASIA,India,Shopping Items Purchased in terms of Amount spent | Others,%,7.058325900243797
2010,EUROPE,France,Shopping Items Purchased in terms of Popularity | Fashion and Accessories,%,52.98983660629163
2010,EUROPE,France,"Shopping Items Purchased in terms of Popularity | Cosmetics, Perfumes & Toiletries and Healthcare & Wellness Products",%,17.48202255115357
2010,EUROPE,France,Shopping Items Purchased in terms of Popularity | Confectionery and Food Items,%,7.385460390780869
2010,EUROPE,France,Shopping Items Purchased in terms of Popularity | Souvenirs and Gifts,%,39.20973598950699
2010,EUROPE,France,Shopping Items Purchased in terms of Popularity | Genuine Jewellery,%,1.367579778434462
2010,EUROPE,France,Shopping Items Purchased in terms of Popularity | Consumer Tech,%,15.48366707535066
2010,EUROPE,France,Shopping Items Purchased in terms of Popularity | Watches and Clocks,%,2.191555743200371
2010,EUROPE,France,Shopping Items Purchased in terms of Popularity | Others,%,12.69791448468264
2010,EUROPE,France,Shopping Items Purchased in terms of Amount spent | Fashion and Accessories,%,44.69074984262468
2010,EUROPE,France,"Shopping Items Purchased in terms of Amount spent | Cosmetics, Perfumes & Toiletries and Healthcare & Wellness Products",%,12.75760041438265
2010,EUROPE,France,Shopping Items Purchased in terms of Amount spent | Confectionery and Food Items,%,2.2779812687283
2010,EUROPE,France,Shopping Items Purchased in terms of Amount spent | Souvenirs and Gifts,%,16.05164287427095
2010,EUROPE,France,Shopping Items Purchased in terms of Amount spent | Genuine Jewellery,%,1.88435109010737
2010,EUROPE,France,Shopping Items Purchased in terms of Amount spent | Consumer Tech,%,13.35790339469039
2010,EUROPE,France,Shopping Items Purchased in terms of Amount spent | Watches and Clocks,%,1.824682073276855
2010,EUROPE,France,Shopping Items Purchased in terms of Amount spent | Others,%,7.155089041918803
2010,EUROPE,Germany,Shopping Items Purchased in terms of Popularity | Fashion and Accessories,%,67.06418813080485
2010,EUROPE,Germany,"Shopping Items Purchased in terms of Popularity | Cosmetics, Perfumes & Toiletries and Healthcare & Wellness Products",%,14.17076852646768
2010,EUROPE,Germany,Shopping Items Purchased in terms of Popularity | Confectionery and Food Items,%,16.63492816340695
2010,EUROPE,Germany,Shopping Items Purchased in terms of Popularity | Souvenirs and Gifts,%,35.16863811877791
2010,EUROPE,Germany,Shopping Items Purchased in terms of Popularity | Genuine Jewellery,%,2.100065218581636
2010,EUROPE,Germany,Shopping Items Purchased in terms of Popularity | Consumer Tech,%,22.44282855838178
2010,EUROPE,Germany,Shopping Items Purchased in terms of Popularity | Watches and Clocks,%,2.167984301276944
2010,EUROPE,Germany,Shopping Items Purchased in terms of Popularity | Others,%,12.20940945343785
2010,EUROPE,Germany,Shopping Items Purchased in terms of Amount spent | Fashion and Accessories,%,46.88982513471971
2010,EUROPE,Germany,"Shopping Items Purchased in terms of Amount spent | Cosmetics, Perfumes & Toiletries and Healthcare & Wellness Products",%,4.705036504267695
2010,EUROPE,Germany,Shopping Items Purchased in terms of Amount spent | Confectionery and Food Items,%,2.409779266835954
2010,EUROPE,Germany,Shopping Items Purchased in terms of Amount spent | Souvenirs and Gifts,%,15.47277551168769
2010,EUROPE,Germany,Shopping Items Purchased in terms of Amount spent | Genuine Jewellery,%,3.074688694313685
2010,EUROPE,Germany,Shopping Items Purchased in terms of Amount spent | Consumer Tech,%,20.29410037436886
2010,EUROPE,Germany,Shopping Items Purchased in terms of Amount spent | Watches and Clocks,%,1.756650118337108
2010,EUROPE,Germany,Shopping Items Purchased in terms of Amount spent | Others,%,5.397144395469305
2010,EUROPE,Italy,Shopping Items Purchased in terms of Popularity | Fashion and Accessories,%,54.06447929076491
2010,EUROPE,Italy,"Shopping Items Purchased in terms of Popularity | Cosmetics, Perfumes & Toiletries and Healthcare & Wellness Products",%,16.05960169961467
2010,EUROPE,Italy,Shopping Items Purchased in terms of Popularity | Confectionery and Food Items,%,9.025520371010575
2010,EUROPE,Italy,Shopping Items Purchased in terms of Popularity | Souvenirs and Gifts,%,34.00581309030939
2010,EUROPE,Italy,Shopping Items Purchased in terms of Popularity | Genuine Jewellery,%,8.585810630419084
2010,EUROPE,Italy,Shopping Items Purchased in terms of Popularity | Consumer Tech,%,18.85290562125915
2010,EUROPE,Italy,Shopping Items Purchased in terms of Popularity | Others,%,8.599830361405974
2010,EUROPE,Italy,Shopping Items Purchased in terms of Amount spent | Fashion and Accessories,%,38.4560166669277
2010,EUROPE,Italy,"Shopping Items Purchased in terms of Amount spent | Cosmetics, Perfumes & Toiletries and Healthcare & Wellness Products",%,6.75676224891096
2010,EUROPE,Italy,Shopping Items Purchased in terms of Amount spent | Confectionery and Food Items,%,0.6732070837111648
2010,EUROPE,Italy,Shopping Items Purchased in terms of Amount spent | Souvenirs and Gifts,%,7.289154949373411
2010,EUROPE,Italy,Shopping Items Purchased in terms of Amount spent | Genuine Jewellery,%,18.23145727992415
2010,EUROPE,Italy,Shopping Items Purchased in terms of Amount spent | Consumer Tech,%,26.2037544560832
2010,EUROPE,Italy,Shopping Items Purchased in terms of Amount spent | Others,%,2.389647315069414
2010,EUROPE,Netherlands,Shopping Items Purchased in terms of Popularity | Fashion and Accessories,%,57.22749519605678
2010,EUROPE,Netherlands,"Shopping Items Purchased in terms of Popularity | Cosmetics, Perfumes & Toiletries and Healthcare & Wellness Products",%,20.97005034093661
2010,EUROPE,Netherlands,Shopping Items Purchased in terms of Popularity | Confectionery and Food Items,%,6.673924889033627
2010,EUROPE,Netherlands,Shopping Items Purchased in terms of Popularity | Souvenirs and Gifts,%,24.4178301895736
2010,EUROPE,Netherlands,Shopping Items Purchased in terms of Popularity | Consumer Tech,%,20.07966969250809
2010,EUROPE,Netherlands,Shopping Items Purchased in terms of Popularity | Others,%,17.67088587025441
2010,EUROPE,Netherlands,Shopping Items Purchased in terms of Amount spent | Fashion and Accessories,%,46.77330023989634
2010,EUROPE,Netherlands,"Shopping Items Purchased in terms of Amount spent | Cosmetics, Perfumes & Toiletries and Healthcare & Wellness Products",%,8.816449423182934
2010,EUROPE,Netherlands,Shopping Items Purchased in terms of Amount spent | Confectionery and Food Items,%,3.961044696276383
2010,EUROPE,Netherlands,Shopping Items Purchased in terms of Amount spent | Souvenirs and Gifts,%,7.121139354305209
2010,EUROPE,Netherlands,Shopping Items Purchased in terms of Amount spent | Consumer Tech,%,27.18451102362672
2010,EUROPE,Netherlands,Shopping Items Purchased in terms of Amount spent | Others,%,6.143555262712406
2010,EUROPE,Switzerland,Shopping Items Purchased in terms of Popularity | Fashion and Accessories,%,71.99953172712651
2010,EUROPE,Switzerland,"Shopping Items Purchased in terms of Popularity | Cosmetics, Perfumes & Toiletries and Healthcare & Wellness Products",%,15.42963421509732
2010,EUROPE,Switzerland,Shopping Items Purchased in terms of Popularity | Confectionery and Food Items,%,10.88508229438029
2010,EUROPE,Switzerland,Shopping Items Purchased in terms of Popularity | Souvenirs and Gifts,%,35.2001433408449
2010,EUROPE,Switzerland,Shopping Items Purchased in terms of Popularity | Genuine Jewellery,%,2.360464519883648
2010,EUROPE,Switzerland,Shopping Items Purchased in terms of Popularity | Consumer Tech,%,13.82263467942621
2010,EUROPE,Switzerland,Shopping Items Purchased in terms of Popularity | Watches and Clocks,%,2.515698488575829
2010,EUROPE,Switzerland,Shopping Items Purchased in terms of Popularity | Others,%,10.93789812352366
2010,EUROPE,Switzerland,Shopping Items Purchased in terms of Amount spent | Fashion and Accessories,%,64.81439753497875
2010,EUROPE,Switzerland,"Shopping Items Purchased in terms of Amount spent | Cosmetics, Perfumes & Toiletries and Healthcare & Wellness Products",%,5.313292581002854
2010,EUROPE,Switzerland,Shopping Items Purchased in terms of Amount spent | Confectionery and Food Items,%,2.150752126872966
2010,EUROPE,Switzerland,Shopping Items Purchased in terms of Amount spent | Souvenirs and Gifts,%,10.18914404903827
2010,EUROPE,Switzerland,Shopping Items Purchased in terms of Amount spent | Genuine Jewellery,%,6.136781990606233
2010,EUROPE,Switzerland,Shopping Items Purchased in terms of Amount spent | Consumer Tech,%,7.5578394633927
2010,EUROPE,Switzerland,Shopping Items Purchased in terms of Amount spent | Watches and Clocks,%,0.6554424670833384
2010,EUROPE,Switzerland,Shopping Items Purchased in terms of Amount spent | Others,%,3.182349787024903
2010,EUROPE,UK,Shopping Items Purchased in terms of Popularity | Fashion and Accessories,%,56.30566958342639
2010,EUROPE,UK,"Shopping Items Purchased in terms of Popularity | Cosmetics, Perfumes & Toiletries and Healthcare & Wellness Products",%,11.42092241195936
2010,EUROPE,UK,Shopping Items Purchased in terms of Popularity | Confectionery and Food Items,%,12.53634867909804
2010,EUROPE,UK,Shopping Items Purchased in terms of Popularity | Souvenirs and Gifts,%,34.48785113916434
2010,EUROPE,UK,Shopping Items Purchased in terms of Popularity | Genuine Jewellery,%,5.220490820142938
2010,EUROPE,UK,Shopping Items Purchased in terms of Popularity | Consumer Tech,%,16.33911094730774
2010,EUROPE,UK,Shopping Items Purchased in terms of Popularity | Watches and Clocks,%,1.728972608112435
2010,EUROPE,UK,Shopping Items Purchased in terms of Popularity | Others,%,15.65841471789058
2010,EUROPE,UK,Shopping Items Purchased in terms of Amount spent | Fashion and Accessories,%,43.60544958790007
2010,EUROPE,UK,"Shopping Items Purchased in terms of Amount spent | Cosmetics, Perfumes & Toiletries and Healthcare & Wellness Products",%,6.188534144883775
2010,EUROPE,UK,Shopping Items Purchased in terms of Amount spent | Confectionery and Food Items,%,2.375828772073424
2010,EUROPE,UK,Shopping Items Purchased in terms of Amount spent | Souvenirs and Gifts,%,13.20749057987722
2010,EUROPE,UK,Shopping Items Purchased in terms of Amount spent | Genuine Jewellery,%,5.824059627049452
2010,EUROPE,UK,Shopping Items Purchased in terms of Amount spent | Consumer Tech,%,17.67633118604418
2010,EUROPE,UK,Shopping Items Purchased in terms of Amount spent | Watches and Clocks,%,1.717014172009655
2010,EUROPE,UK,Shopping Items Purchased in terms of Amount spent | Others,%,9.405291930357327
2010,AMERICAS,Canada,Shopping Items Purchased in terms of Popularity | Fashion and Accessories,%,57.19680561152023
2010,AMERICAS,Canada,"Shopping Items Purchased in terms of Popularity | Cosmetics, Perfumes & Toiletries and Healthcare & Wellness Products",%,10.17571671367997
2010,AMERICAS,Canada,Shopping Items Purchased in terms of Popularity | Confectionery and Food Items,%,9.655557491107697
2010,AMERICAS,Canada,Shopping Items Purchased in terms of Popularity | Souvenirs and Gifts,%,32.21534380282619
2010,AMERICAS,Canada,Shopping Items Purchased in terms of Popularity | Genuine Jewellery,%,1.981969615000045
2010,AMERICAS,Canada,Shopping Items Purchased in terms of Popularity | Consumer Tech,%,6.712425739888532
2010,AMERICAS,Canada,Shopping Items Purchased in terms of Popularity | Watches and Clocks,%,3.858397486353847
2010,AMERICAS,Canada,Shopping Items Purchased in terms of Popularity | Others,%,11.43808696712319
2010,AMERICAS,Canada,Shopping Items Purchased in terms of Amount spent | Fashion and Accessories,%,40.78744874605076
2010,AMERICAS,Canada,"Shopping Items Purchased in terms of Amount spent | Cosmetics, Perfumes & Toiletries and Healthcare & Wellness Products",%,5.053371828615234
2010,AMERICAS,Canada,Shopping Items Purchased in terms of Amount spent | Confectionery and Food Items,%,3.183209796789473
2010,AMERICAS,Canada,Shopping Items Purchased in terms of Amount spent | Souvenirs and Gifts,%,9.499741155320969
2010,AMERICAS,Canada,Shopping Items Purchased in terms of Amount spent | Genuine Jewellery,%,1.225656634505503
2010,AMERICAS,Canada,Shopping Items Purchased in terms of Amount spent | Consumer Tech,%,6.683707547461061
2010,AMERICAS,Canada,Shopping Items Purchased in terms of Amount spent | Watches and Clocks,%,28.10990706520718
2010,AMERICAS,Canada,Shopping Items Purchased in terms of Amount spent | Others,%,5.45695722604984
2010,AMERICAS,USA,Shopping Items Purchased in terms of Popularity | Fashion and Accessories,%,48.16542158627303
2010,AMERICAS,USA,"Shopping Items Purchased in terms of Popularity | Cosmetics, Perfumes & Toiletries and Healthcare & Wellness Products",%,12.55799732279486
2010,AMERICAS,USA,Shopping Items Purchased in terms of Popularity | Confectionery and Food Items,%,14.1642831021885
2010,AMERICAS,USA,Shopping Items Purchased in terms of Popularity | Souvenirs and Gifts,%,34.23662947349874
2010,AMERICAS,USA,Shopping Items Purchased in terms of Popularity | Genuine Jewellery,%,6.479055165160187
2010,AMERICAS,USA,Shopping Items Purchased in terms of Popularity | Consumer Tech,%,12.07883607515731
2010,AMERICAS,USA,Shopping Items Purchased in terms of Popularity | Watches and Clocks,%,1.583626177469695
2010,AMERICAS,USA,Shopping Items Purchased in terms of Popularity | Others,%,14.1953204684493
2010,AMERICAS,USA,Shopping Items Purchased in terms of Amount spent | Fashion and Accessories,%,42.04808223295397
2010,AMERICAS,USA,"Shopping Items Purchased in terms of Amount spent | Cosmetics, Perfumes & Toiletries and Healthcare & Wellness Products",%,6.468315378748396
2010,AMERICAS,USA,Shopping Items Purchased in terms of Amount spent | Confectionery and Food Items,%,4.472251339775687
2010,AMERICAS,USA,Shopping Items Purchased in terms of Amount spent | Souvenirs and Gifts,%,14.39510708548308
2010,AMERICAS,USA,Shopping Items Purchased in terms of Amount spent | Genuine Jewellery,%,11.17251990214437
2010,AMERICAS,USA,Shopping Items Purchased in terms of Amount spent | Consumer Tech,%,11.03457583994299
2010,AMERICAS,USA,Shopping Items Purchased in terms of Amount spent | Watches and Clocks,%,1.395354969293472
2010,AMERICAS,USA,Shopping Items Purchased in terms of Amount spent | Others,%,9.013793251713066
2010,OCEANIA,Australia,Shopping Items Purchased in terms of Popularity | Fashion and Accessories,%,60.85644262597089
2010,OCEANIA,Australia,"Shopping Items Purchased in terms of Popularity | Cosmetics, Perfumes & Toiletries and Healthcare & Wellness Products",%,19.03409545741478
2010,OCEANIA,Australia,Shopping Items Purchased in terms of Popularity | Confectionery and Food Items,%,16.33991265665519
2010,OCEANIA,Australia,Shopping Items Purchased in terms of Popularity | Souvenirs and Gifts,%,29.62557941868285
2010,OCEANIA,Australia,Shopping Items Purchased in terms of Popularity | Genuine Jewellery,%,5.792672152582225
2010,OCEANIA,Australia,Shopping Items Purchased in terms of Popularity | Consumer Tech,%,19.59604696422246
2010,OCEANIA,Australia,Shopping Items Purchased in terms of Popularity | Watches and Clocks,%,2.694262424099643
2010,OCEANIA,Australia,Shopping Items Purchased in terms of Popularity | Others,%,17.6333338025949
2010,OCEANIA,Australia,Shopping Items Purchased in terms of Amount spent | Fashion and Accessories,%,43.6004094963215
2010,OCEANIA,Australia,"Shopping Items Purchased in terms of Amount spent | Cosmetics, Perfumes & Toiletries and Healthcare & Wellness Products",%,7.72776525989797
2010,OCEANIA,Australia,Shopping Items Purchased in terms of Amount spent | Confectionery and Food Items,%,1.801574188486942
2010,OCEANIA,Australia,Shopping Items Purchased in terms of Amount spent | Souvenirs and Gifts,%,9.662774968015002
2010,OCEANIA,Australia,Shopping Items Purchased in terms of Amount spent | Genuine Jewellery,%,9.46635754214517
2010,OCEANIA,Australia,Shopping Items Purchased in terms of Amount spent | Consumer Tech,%,17.43523664232018
2010,OCEANIA,Australia,Shopping Items Purchased in terms of Amount spent | Watches and Clocks,%,5.992800153425649
2010,OCEANIA,Australia,Shopping Items Purchased in terms of Amount spent | Others,%,4.313081749213817
2010,OCEANIA,New Zealand,Shopping Items Purchased in terms of Popularity | Fashion and Accessories,%,63.5935702752472
2010,OCEANIA,New Zealand,"Shopping Items Purchased in terms of Popularity | Cosmetics, Perfumes & Toiletries and Healthcare & Wellness Products",%,16.45197384421424
2010,OCEANIA,New Zealand,Shopping Items Purchased in terms of Popularity | Confectionery and Food Items,%,13.55127094657131
2010,OCEANIA,New Zealand,Shopping Items Purchased in terms of Popularity | Souvenirs and Gifts,%,28.06986623056061
2010,OCEANIA,New Zealand,Shopping Items Purchased in terms of Popularity | Genuine Jewellery,%,2.490159646508155
2010,OCEANIA,New Zealand,Shopping Items Purchased in terms of Popularity | Consumer Tech,%,31.13621723468493
2010,OCEANIA,New Zealand,Shopping Items Purchased in terms of Popularity | Watches and Clocks,%,7.408613569636632
2010,OCEANIA,New Zealand,Shopping Items Purchased in terms of Popularity | Others,%,16.69897602632762
2010,OCEANIA,New Zealand,Shopping Items Purchased in terms of Amount spent | Fashion and Accessories,%,39.77673826475742
2010,OCEANIA,New Zealand,"Shopping Items Purchased in terms of Amount spent | Cosmetics, Perfumes & Toiletries and Healthcare & Wellness Products",%,4.809183511390113
2010,OCEANIA,New Zealand,Shopping Items Purchased in terms of Amount spent | Confectionery and Food Items,%,2.330620504948923
2010,OCEANIA,New Zealand,Shopping Items Purchased in terms of Amount spent | Souvenirs and Gifts,%,8.709831306725345
2010,OCEANIA,New Zealand,Shopping Items Purchased in terms of Amount spent | Genuine Jewellery,%,2.744879801129441
2010,OCEANIA,New Zealand,Shopping Items Purchased in terms of Amount spent | Consumer Tech,%,27.09972377714585
2010,OCEANIA,New Zealand,Shopping Items Purchased in terms of Amount spent | Watches and Clocks,%,5.76551686973674
2010,OCEANIA,New Zealand,Shopping Items Purchased in terms of Amount spent | Others,%,8.763505964134223
2010,AFRICA,South Africa (Rep of),Shopping Items Purchased in terms of Popularity | Fashion and Accessories,%,71.23749429988602
2010,AFRICA,South Africa (Rep of),"Shopping Items Purchased in terms of Popularity | Cosmetics, Perfumes & Toiletries and Healthcare & Wellness Products",%,16.31835737703476
2010,AFRICA,South Africa (Rep of),Shopping Items Purchased in terms of Popularity | Confectionery and Food Items,%,16.49866181552389
2010,AFRICA,South Africa (Rep of),Shopping Items Purchased in terms of Popularity | Souvenirs and Gifts,%,36.64651467824191
2010,AFRICA,South Africa (Rep of),Shopping Items Purchased in terms of Popularity | Genuine Jewellery,%,3.311220930192232
2010,AFRICA,South Africa (Rep of),Shopping Items Purchased in terms of Popularity | Consumer Tech,%,31.60580519082793
2010,AFRICA,South Africa (Rep of),Shopping Items Purchased in terms of Popularity | Watches and Clocks,%,4.211534650262747
2010,AFRICA,South Africa (Rep of),Shopping Items Purchased in terms of Popularity | Others,%,6.036734411014148
2010,AFRICA,South Africa (Rep of),Shopping Items Purchased in terms of Amount spent | Fashion and Accessories,%,34.4311491898581
2010,AFRICA,South Africa (Rep of),"Shopping Items Purchased in terms of Amount spent | Cosmetics, Perfumes & Toiletries and Healthcare & Wellness Products",%,8.883186871984213
2010,AFRICA,South Africa (Rep of),Shopping Items Purchased in terms of Amount spent | Confectionery and Food Items,%,3.458588013680335
2010,AFRICA,South Africa (Rep of),Shopping Items Purchased in terms of Amount spent | Souvenirs and Gifts,%,10.37691649711424
2010,AFRICA,South Africa (Rep of),Shopping Items Purchased in terms of Amount spent | Genuine Jewellery,%,1.663046042475833
2010,AFRICA,South Africa (Rep of),Shopping Items Purchased in terms of Amount spent | Consumer Tech,%,22.61125101192377
2010,AFRICA,South Africa (Rep of),Shopping Items Purchased in terms of Amount spent | Watches and Clocks,%,11.00503521660255
2010,AFRICA,South Africa (Rep of),Shopping Items Purchased in terms of Amount spent | Others,%,7.570827154254161
2010,REMAINING,Others,Shopping Items Purchased in terms of Popularity | Fashion and Accessories,%,62.47256285547606
2010,REMAINING,Others,"Shopping Items Purchased in terms of Popularity | Cosmetics, Perfumes & Toiletries and Healthcare & Wellness Products",%,22.27180858547517
2010,REMAINING,Others,Shopping Items Purchased in terms of Popularity | Confectionery and Food Items,%,24.4369766059644
2010,REMAINING,Others,Shopping Items Purchased in terms of Popularity | Souvenirs and Gifts,%,26.59920369731296
2010,REMAINING,Others,Shopping Items Purchased in terms of Popularity | Genuine Jewellery,%,5.219916136432051
2010,REMAINING,Others,Shopping Items Purchased in terms of Popularity | Consumer Tech,%,28.67813472931326
2010,REMAINING,Others,Shopping Items Purchased in terms of Popularity | Watches and Clocks,%,4.521925927781455
2010,REMAINING,Others,Shopping Items Purchased in terms of Popularity | Others,%,16.75081379804021
2010,REMAINING,Others,Shopping Items Purchased in terms of Amount spent | Fashion and Accessories,%,33.54777731571528
2010,REMAINING,Others,"Shopping Items Purchased in terms of Amount spent | Cosmetics, Perfumes & Toiletries and Healthcare & Wellness Products",%,7.025580499703172
2010,REMAINING,Others,Shopping Items Purchased in terms of Amount spent | Confectionery and Food Items,%,2.893902413368942
2010,REMAINING,Others,Shopping Items Purchased in terms of Amount spent | Souvenirs and Gifts,%,5.819406860865438
2010,REMAINING,Others,Shopping Items Purchased in terms of Amount spent | Genuine Jewellery,%,8.985667247569397
2010,REMAINING,Others,Shopping Items Purchased in terms of Amount spent | Consumer Tech,%,29.31572617719423
2010,REMAINING,Others,Shopping Items Purchased in terms of Amount spent | Watches and Clocks,%,5.185355353566944
2010,REMAINING,Others,Shopping Items Purchased in terms of Amount spent | Others,%,7.226584131892492
2009,SOUTHEAST ASIA,Indonesia,Shopping Items Purchased in terms of Popularity | Fashion and Accessories,%,60.08653925427656
2009,SOUTHEAST ASIA,Indonesia,"Shopping Items Purchased in terms of Popularity | Cosmetics, Perfumes & Toiletries and Healthcare & Wellness Products",%,18.78880741021238
2009,SOUTHEAST ASIA,Indonesia,Shopping Items Purchased in terms of Popularity | Confectionery and Food Items,%,36.40049899201578
2009,SOUTHEAST ASIA,Indonesia,Shopping Items Purchased in terms of Popularity | Souvenirs and Gifts,%,11.76590147729573
2009,SOUTHEAST ASIA,Indonesia,Shopping Items Purchased in terms of Popularity | Genuine Jewellery,%,1.809542173327103
2009,SOUTHEAST ASIA,Indonesia,Shopping Items Purchased in terms of Popularity | Consumer Tech,%,11.41127203263142
2009,SOUTHEAST ASIA,Indonesia,Shopping Items Purchased in terms of Popularity | Watches and Clocks,%,3.3325323815176
2009,SOUTHEAST ASIA,Indonesia,Shopping Items Purchased in terms of Popularity | Others,%,11.75250265554995
2009,SOUTHEAST ASIA,Indonesia,Shopping Items Purchased in terms of Amount spent | Fashion and Accessories,%,49.08849678876302
2009,SOUTHEAST ASIA,Indonesia,"Shopping Items Purchased in terms of Amount spent | Cosmetics, Perfumes & Toiletries and Healthcare & Wellness Products",%,10.87559511021508
2009,SOUTHEAST ASIA,Indonesia,Shopping Items Purchased in terms of Amount spent | Confectionery and Food Items,%,7.642967399707915
2009,SOUTHEAST ASIA,Indonesia,Shopping Items Purchased in terms of Amount spent | Souvenirs and Gifts,%,2.857459481949787
2009,SOUTHEAST ASIA,Indonesia,Shopping Items Purchased in terms of Amount spent | Genuine Jewellery,%,5.017041541015076
2009,SOUTHEAST ASIA,Indonesia,Shopping Items Purchased in terms of Amount spent | Consumer Tech,%,16.99577096076417
2009,SOUTHEAST ASIA,Indonesia,Shopping Items Purchased in terms of Amount spent | Watches and Clocks,%,2.715543415731184
2009,SOUTHEAST ASIA,Indonesia,Shopping Items Purchased in terms of Amount spent | Others,%,4.807125302011128
2009,SOUTHEAST ASIA,Malaysia,Shopping Items Purchased in terms of Popularity | Fashion and Accessories,%,56.09830226106222
2009,SOUTHEAST ASIA,Malaysia,"Shopping Items Purchased in terms of Popularity | Cosmetics, Perfumes & Toiletries and Healthcare & Wellness Products",%,15.81807790647618
2009,SOUTHEAST ASIA,Malaysia,Shopping Items Purchased in terms of Popularity | Confectionery and Food Items,%,26.7080156132999
2009,SOUTHEAST ASIA,Malaysia,Shopping Items Purchased in terms of Popularity | Souvenirs and Gifts,%,11.69629413895443
2009,SOUTHEAST ASIA,Malaysia,Shopping Items Purchased in terms of Popularity | Genuine Jewellery,%,1.647714947747766
2009,SOUTHEAST ASIA,Malaysia,Shopping Items Purchased in terms of Popularity | Consumer Tech,%,13.62632780487889
2009,SOUTHEAST ASIA,Malaysia,Shopping Items Purchased in terms of Popularity | Watches and Clocks,%,3.855322152461978
2009,SOUTHEAST ASIA,Malaysia,Shopping Items Purchased in terms of Popularity | Others,%,19.67377690637021
2009,SOUTHEAST ASIA,Malaysia,Shopping Items Purchased in terms of Amount spent | Fashion and Accessories,%,48.94740201999694
2009,SOUTHEAST ASIA,Malaysia,"Shopping Items Purchased in terms of Amount spent | Cosmetics, Perfumes & Toiletries and Healthcare & Wellness Products",%,9.134110022969011
2009,SOUTHEAST ASIA,Malaysia,Shopping Items Purchased in terms of Amount spent | Confectionery and Food Items,%,5.645859875308693
2009,SOUTHEAST ASIA,Malaysia,Shopping Items Purchased in terms of Amount spent | Souvenirs and Gifts,%,2.959889074706939
2009,SOUTHEAST ASIA,Malaysia,Shopping Items Purchased in terms of Amount spent | Genuine Jewellery,%,7.427049008391506
2009,SOUTHEAST ASIA,Malaysia,Shopping Items Purchased in terms of Amount spent | Consumer Tech,%,15.22658989962714
2009,SOUTHEAST ASIA,Malaysia,Shopping Items Purchased in terms of Amount spent | Watches and Clocks,%,5.611447254990113
2009,SOUTHEAST ASIA,Malaysia,Shopping Items Purchased in terms of Amount spent | Others,%,5.047652843903557
2009,SOUTHEAST ASIA,Philippines,Shopping Items Purchased in terms of Popularity | Fashion and Accessories,%,61.86757518308367
2009,SOUTHEAST ASIA,Philippines,"Shopping Items Purchased in terms of Popularity | Cosmetics, Perfumes & Toiletries and Healthcare & Wellness Products",%,19.2015421411561
2009,SOUTHEAST ASIA,Philippines,Shopping Items Purchased in terms of Popularity | Confectionery and Food Items,%,24.47147021167858
2009,SOUTHEAST ASIA,Philippines,Shopping Items Purchased in terms of Popularity | Souvenirs and Gifts,%,23.7427969887159
2009,SOUTHEAST ASIA,Philippines,Shopping Items Purchased in terms of Popularity | Genuine Jewellery,%,3.765426654541445
2009,SOUTHEAST ASIA,Philippines,Shopping Items Purchased in terms of Popularity | Consumer Tech,%,18.98522608961397
2009,SOUTHEAST ASIA,Philippines,Shopping Items Purchased in terms of Popularity | Watches and Clocks,%,2.491365207533117
2009,SOUTHEAST ASIA,Philippines,Shopping Items Purchased in terms of Popularity | Others,%,11.20434487821876
2009,SOUTHEAST ASIA,Philippines,Shopping Items Purchased in terms of Amount spent | Fashion and Accessories,%,46.83982901171256
2009,SOUTHEAST ASIA,Philippines,"Shopping Items Purchased in terms of Amount spent | Cosmetics, Perfumes & Toiletries and Healthcare & Wellness Products",%,7.620505519313407
2009,SOUTHEAST ASIA,Philippines,Shopping Items Purchased in terms of Amount spent | Confectionery and Food Items,%,5.114754673643007
2009,SOUTHEAST ASIA,Philippines,Shopping Items Purchased in terms of Amount spent | Souvenirs and Gifts,%,5.222563681428071
2009,SOUTHEAST ASIA,Philippines,Shopping Items Purchased in terms of Amount spent | Genuine Jewellery,%,3.258525433804484
2009,SOUTHEAST ASIA,Philippines,Shopping Items Purchased in terms of Amount spent | Consumer Tech,%,26.83701311998239
2009,SOUTHEAST ASIA,Philippines,Shopping Items Purchased in terms of Amount spent | Watches and Clocks,%,0.4623210508103178
2009,SOUTHEAST ASIA,Philippines,Shopping Items Purchased in terms of Amount spent | Others,%,4.644487509348169
2009,SOUTHEAST ASIA,Thailand,Shopping Items Purchased in terms of Popularity | Fashion and Accessories,%,51.26650952376408
2009,SOUTHEAST ASIA,Thailand,"Shopping Items Purchased in terms of Popularity | Cosmetics, Perfumes & Toiletries and Healthcare & Wellness Products",%,26.24809840222852
2009,SOUTHEAST ASIA,Thailand,Shopping Items Purchased in terms of Popularity | Confectionery and Food Items,%,35.64264841342982
2009,SOUTHEAST ASIA,Thailand,Shopping Items Purchased in terms of Popularity | Souvenirs and Gifts,%,19.21661820330002
2009,SOUTHEAST ASIA,Thailand,Shopping Items Purchased in terms of Popularity | Genuine Jewellery,%,0.8965445196913855
2009,SOUTHEAST ASIA,Thailand,Shopping Items Purchased in terms of Popularity | Consumer Tech,%,14.75267884748818
2009,SOUTHEAST ASIA,Thailand,Shopping Items Purchased in terms of Popularity | Watches and Clocks,%,4.696511422092086
2009,SOUTHEAST ASIA,Thailand,Shopping Items Purchased in terms of Popularity | Others,%,19.70163441759529
2009,SOUTHEAST ASIA,Thailand,Shopping Items Purchased in terms of Amount spent | Fashion and Accessories,%,47.21537032878629
2009,SOUTHEAST ASIA,Thailand,"Shopping Items Purchased in terms of Amount spent | Cosmetics, Perfumes & Toiletries and Healthcare & Wellness Products",%,11.05984475874439
2009,SOUTHEAST ASIA,Thailand,Shopping Items Purchased in terms of Amount spent | Confectionery and Food Items,%,5.709163431908769
2009,SOUTHEAST ASIA,Thailand,Shopping Items Purchased in terms of Amount spent | Souvenirs and Gifts,%,4.227198420983505
2009,SOUTHEAST ASIA,Thailand,Shopping Items Purchased in terms of Amount spent | Genuine Jewellery,%,3.204453364635299
2009,SOUTHEAST ASIA,Thailand,Shopping Items Purchased in terms of Amount spent | Consumer Tech,%,17.12750620972627
2009,SOUTHEAST ASIA,Thailand,Shopping Items Purchased in terms of Amount spent | Watches and Clocks,%,5.826830551180324
2009,SOUTHEAST ASIA,Thailand,Shopping Items Purchased in terms of Amount spent | Others,%,5.629632933872784
2009,SOUTHEAST ASIA,Vietnam,Shopping Items Purchased in terms of Popularity | Fashion and Accessories,%,54.52329614915926
2009,SOUTHEAST ASIA,Vietnam,"Shopping Items Purchased in terms of Popularity | Cosmetics, Perfumes & Toiletries and Healthcare & Wellness Products",%,27.9011274766811
2009,SOUTHEAST ASIA,Vietnam,Shopping Items Purchased in terms of Popularity | Confectionery and Food Items,%,26.97123837026654
2009,SOUTHEAST ASIA,Vietnam,Shopping Items Purchased in terms of Popularity | Souvenirs and Gifts,%,22.14470399669553
2009,SOUTHEAST ASIA,Vietnam,Shopping Items Purchased in terms of Popularity | Genuine Jewellery,%,3.489750572935681
2009,SOUTHEAST ASIA,Vietnam,Shopping Items Purchased in terms of Popularity | Consumer Tech,%,9.859607604914306
2009,SOUTHEAST ASIA,Vietnam,Shopping Items Purchased in terms of Popularity | Watches and Clocks,%,3.067742575759997
2009,SOUTHEAST ASIA,Vietnam,Shopping Items Purchased in terms of Popularity | Others,%,17.45277550596089
2009,SOUTHEAST ASIA,Vietnam,Shopping Items Purchased in terms of Amount spent | Fashion and Accessories,%,51.74703517254169
2009,SOUTHEAST ASIA,Vietnam,"Shopping Items Purchased in terms of Amount spent | Cosmetics, Perfumes & Toiletries and Healthcare & Wellness Products",%,13.16105520831178
2009,SOUTHEAST ASIA,Vietnam,Shopping Items Purchased in terms of Amount spent | Confectionery and Food Items,%,5.666696698965541
2009,SOUTHEAST ASIA,Vietnam,Shopping Items Purchased in terms of Amount spent | Souvenirs and Gifts,%,4.964768937959127
2009,SOUTHEAST ASIA,Vietnam,Shopping Items Purchased in terms of Amount spent | Genuine Jewellery,%,5.906564003511074
2009,SOUTHEAST ASIA,Vietnam,Shopping Items Purchased in terms of Amount spent | Consumer Tech,%,11.27652414611446
2009,SOUTHEAST ASIA,Vietnam,Shopping Items Purchased in terms of Amount spent | Watches and Clocks,%,1.572346764142942
2009,SOUTHEAST ASIA,Vietnam,Shopping Items Purchased in terms of Amount spent | Others,%,5.705009068378407
2009,GREATER CHINA,China,Shopping Items Purchased in terms of Popularity | Fashion and Accessories,%,40.72614191538255
2009,GREATER CHINA,China,"Shopping Items Purchased in terms of Popularity | Cosmetics, Perfumes & Toiletries and Healthcare & Wellness Products",%,33.40843296310634
2009,GREATER CHINA,China,Shopping Items Purchased in terms of Popularity | Confectionery and Food Items,%,27.98818287248075
2009,GREATER CHINA,China,Shopping Items Purchased in terms of Popularity | Souvenirs and Gifts,%,19.56587058676836
2009,GREATER CHINA,China,Shopping Items Purchased in terms of Popularity | Genuine Jewellery,%,8.181704116820441
2009,GREATER CHINA,China,Shopping Items Purchased in terms of Popularity | Consumer Tech,%,8.224336821499074
2009,GREATER CHINA,China,Shopping Items Purchased in terms of Popularity | Watches and Clocks,%,6.094464386722279
2009,GREATER CHINA,China,Shopping Items Purchased in terms of Popularity | Others,%,29.091571456557
2009,GREATER CHINA,China,Shopping Items Purchased in terms of Amount spent | Fashion and Accessories,%,33.47780263786625
2009,GREATER CHINA,China,"Shopping Items Purchased in terms of Amount spent | Cosmetics, Perfumes & Toiletries and Healthcare & Wellness Products",%,14.94425776132538
2009,GREATER CHINA,China,Shopping Items Purchased in terms of Amount spent | Confectionery and Food Items,%,4.474675559963933
2009,GREATER CHINA,China,Shopping Items Purchased in terms of Amount spent | Souvenirs and Gifts,%,2.550630010549097
2009,GREATER CHINA,China,Shopping Items Purchased in terms of Amount spent | Genuine Jewellery,%,10.55452830954378
2009,GREATER CHINA,China,Shopping Items Purchased in terms of Amount spent | Consumer Tech,%,4.508432834889165
2009,GREATER CHINA,China,Shopping Items Purchased in terms of Amount spent | Watches and Clocks,%,23.01710655700918
2009,GREATER CHINA,China,Shopping Items Purchased in terms of Amount spent | Others,%,6.472566328892158
2009,GREATER CHINA,Hong Kong SAR,Shopping Items Purchased in terms of Popularity | Fashion and Accessories,%,36.30864550828832
2009,GREATER CHINA,Hong Kong SAR,"Shopping Items Purchased in terms of Popularity | Cosmetics, Perfumes & Toiletries and Healthcare & Wellness Products",%,14.97050143004793
2009,GREATER CHINA,Hong Kong SAR,Shopping Items Purchased in terms of Popularity | Confectionery and Food Items,%,55.65461930537599
2009,GREATER CHINA,Hong Kong SAR,Shopping Items Purchased in terms of Popularity | Souvenirs and Gifts,%,24.94851068693468
2009,GREATER CHINA,Hong Kong SAR,Shopping Items Purchased in terms of Popularity | Genuine Jewellery,%,1.106444849028582
2009,GREATER CHINA,Hong Kong SAR,Shopping Items Purchased in terms of Popularity | Consumer Tech,%,8.779829246912616
2009,GREATER CHINA,Hong Kong SAR,Shopping Items Purchased in terms of Popularity | Watches and Clocks,%,2.390184595268879
2009,GREATER CHINA,Hong Kong SAR,Shopping Items Purchased in terms of Popularity | Others,%,16.00523918829099
2009,GREATER CHINA,Hong Kong SAR,Shopping Items Purchased in terms of Amount spent | Fashion and Accessories,%,26.46019665475696
2009,GREATER CHINA,Hong Kong SAR,"Shopping Items Purchased in terms of Amount spent | Cosmetics, Perfumes & Toiletries and Healthcare & Wellness Products",%,3.61518664049985
2009,GREATER CHINA,Hong Kong SAR,Shopping Items Purchased in terms of Amount spent | Confectionery and Food Items,%,10.64019414037072
2009,GREATER CHINA,Hong Kong SAR,Shopping Items Purchased in terms of Amount spent | Souvenirs and Gifts,%,6.069951495638493
2009,GREATER CHINA,Hong Kong SAR,Shopping Items Purchased in terms of Amount spent | Genuine Jewellery,%,42.15567602136076
2009,GREATER CHINA,Hong Kong SAR,Shopping Items Purchased in terms of Amount spent | Consumer Tech,%,4.680043841298085
2009,GREATER CHINA,Hong Kong SAR,Shopping Items Purchased in terms of Amount spent | Watches and Clocks,%,3.011403376265092
2009,GREATER CHINA,Hong Kong SAR,Shopping Items Purchased in terms of Amount spent | Others,%,3.367347829776011
2009,GREATER CHINA,Taiwan,Shopping Items Purchased in terms of Popularity | Fashion and Accessories,%,38.62148489083521
2009,GREATER CHINA,Taiwan,"Shopping Items Purchased in terms of Popularity | Cosmetics, Perfumes & Toiletries and Healthcare & Wellness Products",%,19.00914945444164
2009,GREATER CHINA,Taiwan,Shopping Items Purchased in terms of Popularity | Confectionery and Food Items,%,41.79885770346912
2009,GREATER CHINA,Taiwan,Shopping Items Purchased in terms of Popularity | Souvenirs and Gifts,%,24.59263568640279
2009,GREATER CHINA,Taiwan,Shopping Items Purchased in terms of Popularity | Genuine Jewellery,%,0.9682401106548228
2009,GREATER CHINA,Taiwan,Shopping Items Purchased in terms of Popularity | Consumer Tech,%,5.531362126776877
2009,GREATER CHINA,Taiwan,Shopping Items Purchased in terms of Popularity | Watches and Clocks,%,2.239964518738886
2009,GREATER CHINA,Taiwan,Shopping Items Purchased in terms of Popularity | Others,%,16.07566250484368
2009,GREATER CHINA,Taiwan,Shopping Items Purchased in terms of Amount spent | Fashion and Accessories,%,54.81096836398962
2009,GREATER CHINA,Taiwan,"Shopping Items Purchased in terms of Amount spent | Cosmetics, Perfumes & Toiletries and Healthcare & Wellness Products",%,8.466835914014961
2009,GREATER CHINA,Taiwan,Shopping Items Purchased in terms of Amount spent | Confectionery and Food Items,%,13.843164838624
2009,GREATER CHINA,Taiwan,Shopping Items Purchased in terms of Amount spent | Souvenirs and Gifts,%,6.449415830346026
2009,GREATER CHINA,Taiwan,Shopping Items Purchased in terms of Amount spent | Genuine Jewellery,%,0.4084466400323183
2009,GREATER CHINA,Taiwan,Shopping Items Purchased in terms of Amount spent | Consumer Tech,%,5.727495399740252
2009,GREATER CHINA,Taiwan,Shopping Items Purchased in terms of Amount spent | Watches and Clocks,%,1.376020504152228
2009,GREATER CHINA,Taiwan,Shopping Items Purchased in terms of Amount spent | Others,%,8.917652508952084
2009,NORTH ASIA,Japan,Shopping Items Purchased in terms of Popularity | Fashion and Accessories,%,37.86254389973643
2009,NORTH ASIA,Japan,"Shopping Items Purchased in terms of Popularity | Cosmetics, Perfumes & Toiletries and Healthcare & Wellness Products",%,14.8390789250343
2009,NORTH ASIA,Japan,Shopping Items Purchased in terms of Popularity | Confectionery and Food Items,%,36.82938946249711
2009,NORTH ASIA,Japan,Shopping Items Purchased in terms of Popularity | Souvenirs and Gifts,%,34.64889936145908
2009,NORTH ASIA,Japan,Shopping Items Purchased in terms of Popularity | Genuine Jewellery,%,2.501098807953194
2009,NORTH ASIA,Japan,Shopping Items Purchased in terms of Popularity | Consumer Tech,%,5.796748083168048
2009,NORTH ASIA,Japan,Shopping Items Purchased in terms of Popularity | Watches and Clocks,%,2.584262019215259
2009,NORTH ASIA,Japan,Shopping Items Purchased in terms of Popularity | Others,%,14.59072501049377
2009,NORTH ASIA,Japan,Shopping Items Purchased in terms of Amount spent | Fashion and Accessories,%,56.44901531691098
2009,NORTH ASIA,Japan,"Shopping Items Purchased in terms of Amount spent | Cosmetics, Perfumes & Toiletries and Healthcare & Wellness Products",%,6.34307497306544
2009,NORTH ASIA,Japan,Shopping Items Purchased in terms of Amount spent | Confectionery and Food Items,%,8.505604139330485
2009,NORTH ASIA,Japan,Shopping Items Purchased in terms of Amount spent | Souvenirs and Gifts,%,11.89737456754257
2009,NORTH ASIA,Japan,Shopping Items Purchased in terms of Amount spent | Genuine Jewellery,%,2.133604041268377
2009,NORTH ASIA,Japan,Shopping Items Purchased in terms of Amount spent | Consumer Tech,%,6.041196384685183
2009,NORTH ASIA,Japan,Shopping Items Purchased in terms of Amount spent | Watches and Clocks,%,4.136046259492171
2009,NORTH ASIA,Japan,Shopping Items Purchased in terms of Amount spent | Others,%,4.494084317665038
2009,NORTH ASIA,South Korea,Shopping Items Purchased in terms of Popularity | Fashion and Accessories,%,40.25995274138653
2009,NORTH ASIA,South Korea,"Shopping Items Purchased in terms of Popularity | Cosmetics, Perfumes & Toiletries and Healthcare & Wellness Products",%,18.95803904945456
2009,NORTH ASIA,South Korea,Shopping Items Purchased in terms of Popularity | Confectionery and Food Items,%,31.66364492793426
2009,NORTH ASIA,South Korea,Shopping Items Purchased in terms of Popularity | Souvenirs and Gifts,%,32.47857674311324
2009,NORTH ASIA,South Korea,Shopping Items Purchased in terms of Popularity | Genuine Jewellery,%,2.003625045941993
2009,NORTH ASIA,South Korea,Shopping Items Purchased in terms of Popularity | Consumer Tech,%,7.532330725670678
2009,NORTH ASIA,South Korea,Shopping Items Purchased in terms of Popularity | Watches and Clocks,%,2.235492113939088
2009,NORTH ASIA,South Korea,Shopping Items Purchased in terms of Popularity | Others,%,26.03403115425447
2009,NORTH ASIA,South Korea,Shopping Items Purchased in terms of Amount spent | Fashion and Accessories,%,41.20976987082415
2009,NORTH ASIA,South Korea,"Shopping Items Purchased in terms of Amount spent | Cosmetics, Perfumes & Toiletries and Healthcare & Wellness Products",%,11.22435818349296
2009,NORTH ASIA,South Korea,Shopping Items Purchased in terms of Amount spent | Confectionery and Food Items,%,6.926523291372721
2009,NORTH ASIA,South Korea,Shopping Items Purchased in terms of Amount spent | Souvenirs and Gifts,%,9.030287932021338
2009,NORTH ASIA,South Korea,Shopping Items Purchased in terms of Amount spent | Genuine Jewellery,%,7.27748346937308
2009,NORTH ASIA,South Korea,Shopping Items Purchased in terms of Amount spent | Consumer Tech,%,6.214369049334639
2009,NORTH ASIA,South Korea,Shopping Items Purchased in terms of Amount spent | Watches and Clocks,%,4.518689555655159
2009,NORTH ASIA,South Korea,Shopping Items Purchased in terms of Amount spent | Others,%,13.59851864782379
2009,SOUTH ASIA,India,Shopping Items Purchased in terms of Popularity | Fashion and Accessories,%,44.75234510269291
2009,SOUTH ASIA,India,"Shopping Items Purchased in terms of Popularity | Cosmetics, Perfumes & Toiletries and Healthcare & Wellness Products",%,17.6442747319369
2009,SOUTH ASIA,India,Shopping Items Purchased in terms of Popularity | Confectionery and Food Items,%,28.91991790715635
2009,SOUTH ASIA,India,Shopping Items Purchased in terms of Popularity | Souvenirs and Gifts,%,26.81369679376319
2009,SOUTH ASIA,India,Shopping Items Purchased in terms of Popularity | Genuine Jewellery,%,6.464192943342186
2009,SOUTH ASIA,India,Shopping Items Purchased in terms of Popularity | Consumer Tech,%,28.23972698690615
2009,SOUTH ASIA,India,Shopping Items Purchased in terms of Popularity | Watches and Clocks,%,7.851121053273269
2009,SOUTH ASIA,India,Shopping Items Purchased in terms of Popularity | Others,%,16.09612028451
2009,SOUTH ASIA,India,Shopping Items Purchased in terms of Amount spent | Fashion and Accessories,%,25.46187888942117
2009,SOUTH ASIA,India,"Shopping Items Purchased in terms of Amount spent | Cosmetics, Perfumes & Toiletries and Healthcare & Wellness Products",%,6.903900352216893
2009,SOUTH ASIA,India,Shopping Items Purchased in terms of Amount spent | Confectionery and Food Items,%,5.269495825423544
2009,SOUTH ASIA,India,Shopping Items Purchased in terms of Amount spent | Souvenirs and Gifts,%,4.564178797402479
2009,SOUTH ASIA,India,Shopping Items Purchased in terms of Amount spent | Genuine Jewellery,%,11.44888742721544
2009,SOUTH ASIA,India,Shopping Items Purchased in terms of Amount spent | Consumer Tech,%,36.90143928387086
2009,SOUTH ASIA,India,Shopping Items Purchased in terms of Amount spent | Watches and Clocks,%,3.066193363955484
2009,SOUTH ASIA,India,Shopping Items Purchased in terms of Amount spent | Others,%,6.384026060436867
2009,EUROPE,France,Shopping Items Purchased in terms of Popularity | Fashion and Accessories,%,63.50907472040572
2009,EUROPE,France,"Shopping Items Purchased in terms of Popularity | Cosmetics, Perfumes & Toiletries and Healthcare & Wellness Products",%,7.432807040210438
2009,EUROPE,France,Shopping Items Purchased in terms of Popularity | Confectionery and Food Items,%,6.648294828395613
2009,EUROPE,France,Shopping Items Purchased in terms of Popularity | Souvenirs and Gifts,%,32.09879573151294
2009,EUROPE,France,Shopping Items Purchased in terms of Popularity | Genuine Jewellery,%,2.653270381766695
2009,EUROPE,France,Shopping Items Purchased in terms of Popularity | Consumer Tech,%,25.79990129349332
2009,EUROPE,France,Shopping Items Purchased in terms of Popularity | Watches and Clocks,%,2.216431730220488
2009,EUROPE,France,Shopping Items Purchased in terms of Popularity | Others,%,13.8527213971946
2009,EUROPE,France,Shopping Items Purchased in terms of Amount spent | Fashion and Accessories,%,40.17308314076443
2009,EUROPE,France,"Shopping Items Purchased in terms of Amount spent | Cosmetics, Perfumes & Toiletries and Healthcare & Wellness Products",%,3.009365147998468
2009,EUROPE,France,Shopping Items Purchased in terms of Amount spent | Confectionery and Food Items,%,0.9439143618304208
2009,EUROPE,France,Shopping Items Purchased in terms of Amount spent | Souvenirs and Gifts,%,10.54029512476019
2009,EUROPE,France,Shopping Items Purchased in terms of Amount spent | Genuine Jewellery,%,4.088386797837116
2009,EUROPE,France,Shopping Items Purchased in terms of Amount spent | Consumer Tech,%,33.09256123492164
2009,EUROPE,France,Shopping Items Purchased in terms of Amount spent | Watches and Clocks,%,2.899714528672024
2009,EUROPE,France,Shopping Items Purchased in terms of Amount spent | Others,%,5.2526796632157
2009,EUROPE,Germany,Shopping Items Purchased in terms of Popularity | Fashion and Accessories,%,57.34428560896756
2009,EUROPE,Germany,"Shopping Items Purchased in terms of Popularity | Cosmetics, Perfumes & Toiletries and Healthcare & Wellness Products",%,13.99711837329557
2009,EUROPE,Germany,Shopping Items Purchased in terms of Popularity | Confectionery and Food Items,%,4.953677365650293
2009,EUROPE,Germany,Shopping Items Purchased in terms of Popularity | Souvenirs and Gifts,%,34.7142090846112
2009,EUROPE,Germany,Shopping Items Purchased in terms of Popularity | Genuine Jewellery,%,2.174387670932819
2009,EUROPE,Germany,Shopping Items Purchased in terms of Popularity | Consumer Tech,%,16.20408017541954
2009,EUROPE,Germany,Shopping Items Purchased in terms of Popularity | Watches and Clocks,%,0.9536242222949952
2009,EUROPE,Germany,Shopping Items Purchased in terms of Popularity | Others,%,11.14716764126092
2009,EUROPE,Germany,Shopping Items Purchased in terms of Amount spent | Fashion and Accessories,%,24.3324137841615
2009,EUROPE,Germany,"Shopping Items Purchased in terms of Amount spent | Cosmetics, Perfumes & Toiletries and Healthcare & Wellness Products",%,4.103014635309826
2009,EUROPE,Germany,Shopping Items Purchased in terms of Amount spent | Confectionery and Food Items,%,0.546338120979164
2009,EUROPE,Germany,Shopping Items Purchased in terms of Amount spent | Souvenirs and Gifts,%,5.052104320548298
2009,EUROPE,Germany,Shopping Items Purchased in terms of Amount spent | Genuine Jewellery,%,48.17971176973088
2009,EUROPE,Germany,Shopping Items Purchased in terms of Amount spent | Consumer Tech,%,15.05720282222122
2009,EUROPE,Germany,Shopping Items Purchased in terms of Amount spent | Watches and Clocks,%,0.8937266273633805
2009,EUROPE,Germany,Shopping Items Purchased in terms of Amount spent | Others,%,1.835487919685745
2009,EUROPE,Italy,Shopping Items Purchased in terms of Popularity | Fashion and Accessories,%,57.30084464286774
2009,EUROPE,Italy,"Shopping Items Purchased in terms of Popularity | Cosmetics, Perfumes & Toiletries and Healthcare & Wellness Products",%,12.67112801774978
2009,EUROPE,Italy,Shopping Items Purchased in terms of Popularity | Confectionery and Food Items,%,7.959284980568534
2009,EUROPE,Italy,Shopping Items Purchased in terms of Popularity | Souvenirs and Gifts,%,53.52135214573486
2009,EUROPE,Italy,Shopping Items Purchased in terms of Popularity | Consumer Tech,%,20.97303210588445
2009,EUROPE,Italy,Shopping Items Purchased in terms of Popularity | Watches and Clocks,%,7.782163256905076
2009,EUROPE,Italy,Shopping Items Purchased in terms of Popularity | Others,%,10.11237837951562
2009,EUROPE,Italy,Shopping Items Purchased in terms of Amount spent | Fashion and Accessories,%,40.29418417457173
2009,EUROPE,Italy,"Shopping Items Purchased in terms of Amount spent | Cosmetics, Perfumes & Toiletries and Healthcare & Wellness Products",%,3.503299030788622
2009,EUROPE,Italy,Shopping Items Purchased in terms of Amount spent | Confectionery and Food Items,%,0.68468717979237
2009,EUROPE,Italy,Shopping Items Purchased in terms of Amount spent | Souvenirs and Gifts,%,15.75071974421019
2009,EUROPE,Italy,Shopping Items Purchased in terms of Amount spent | Consumer Tech,%,34.57424953801822
2009,EUROPE,Italy,Shopping Items Purchased in terms of Amount spent | Watches and Clocks,%,2.889287807289987
2009,EUROPE,Italy,Shopping Items Purchased in terms of Amount spent | Others,%,2.303572525328878
2009,EUROPE,Netherlands,Shopping Items Purchased in terms of Popularity | Fashion and Accessories,%,65.35906751825718
2009,EUROPE,Netherlands,"Shopping Items Purchased in terms of Popularity | Cosmetics, Perfumes & Toiletries and Healthcare & Wellness Products",%,29.80858947715016
2009,EUROPE,Netherlands,Shopping Items Purchased in terms of Popularity | Confectionery and Food Items,%,12.0186828724439
2009,EUROPE,Netherlands,Shopping Items Purchased in terms of Popularity | Souvenirs and Gifts,%,39.59985742068636
2009,EUROPE,Netherlands,Shopping Items Purchased in terms of Popularity | Genuine Jewellery,%,0.7725380881564101
2009,EUROPE,Netherlands,Shopping Items Purchased in terms of Popularity | Consumer Tech,%,2.964618796259306
2009,EUROPE,Netherlands,Shopping Items Purchased in terms of Popularity | Others,%,19.25194736168518
2009,EUROPE,Netherlands,Shopping Items Purchased in terms of Amount spent | Fashion and Accessories,%,49.72433112770859
2009,EUROPE,Netherlands,"Shopping Items Purchased in terms of Amount spent | Cosmetics, Perfumes & Toiletries and Healthcare & Wellness Products",%,12.1182790866861
2009,EUROPE,Netherlands,Shopping Items Purchased in terms of Amount spent | Confectionery and Food Items,%,2.440313849853425
2009,EUROPE,Netherlands,Shopping Items Purchased in terms of Amount spent | Souvenirs and Gifts,%,12.42873697626875
2009,EUROPE,Netherlands,Shopping Items Purchased in terms of Amount spent | Genuine Jewellery,%,0.9354149362148308
2009,EUROPE,Netherlands,Shopping Items Purchased in terms of Amount spent | Consumer Tech,%,4.959050491234441
2009,EUROPE,Netherlands,Shopping Items Purchased in terms of Amount spent | Others,%,17.39387353173305
2009,EUROPE,Switzerland,Shopping Items Purchased in terms of Popularity | Fashion and Accessories,%,62.50859674276784
2009,EUROPE,Switzerland,"Shopping Items Purchased in terms of Popularity | Cosmetics, Perfumes & Toiletries and Healthcare & Wellness Products",%,12.65993371828624
2009,EUROPE,Switzerland,Shopping Items Purchased in terms of Popularity | Confectionery and Food Items,%,8.408565718255188
2009,EUROPE,Switzerland,Shopping Items Purchased in terms of Popularity | Souvenirs and Gifts,%,28.98803703582105
2009,EUROPE,Switzerland,Shopping Items Purchased in terms of Popularity | Genuine Jewellery,%,1.147143129171334
2009,EUROPE,Switzerland,Shopping Items Purchased in terms of Popularity | Consumer Tech,%,8.198295034766101
2009,EUROPE,Switzerland,Shopping Items Purchased in terms of Popularity | Watches and Clocks,%,4.386303255901798
2009,EUROPE,Switzerland,Shopping Items Purchased in terms of Popularity | Others,%,18.19800305884232
2009,EUROPE,Switzerland,Shopping Items Purchased in terms of Amount spent | Fashion and Accessories,%,46.47907733406998
2009,EUROPE,Switzerland,"Shopping Items Purchased in terms of Amount spent | Cosmetics, Perfumes & Toiletries and Healthcare & Wellness Products",%,3.409914531342544
2009,EUROPE,Switzerland,Shopping Items Purchased in terms of Amount spent | Confectionery and Food Items,%,2.711993927304224
2009,EUROPE,Switzerland,Shopping Items Purchased in terms of Amount spent | Souvenirs and Gifts,%,4.696286952200634
2009,EUROPE,Switzerland,Shopping Items Purchased in terms of Amount spent | Genuine Jewellery,%,0.3412592198071596
2009,EUROPE,Switzerland,Shopping Items Purchased in terms of Amount spent | Consumer Tech,%,11.79653845287928
2009,EUROPE,Switzerland,Shopping Items Purchased in terms of Amount spent | Watches and Clocks,%,6.00794971377923
2009,EUROPE,Switzerland,Shopping Items Purchased in terms of Amount spent | Others,%,24.55697986939932
2009,EUROPE,UK,Shopping Items Purchased in terms of Popularity | Fashion and Accessories,%,50.9082914789065
2009,EUROPE,UK,"Shopping Items Purchased in terms of Popularity | Cosmetics, Perfumes & Toiletries and Healthcare & Wellness Products",%,13.61831736402479
2009,EUROPE,UK,Shopping Items Purchased in terms of Popularity | Confectionery and Food Items,%,10.51238150532339
2009,EUROPE,UK,Shopping Items Purchased in terms of Popularity | Souvenirs and Gifts,%,38.0329560528855
2009,EUROPE,UK,Shopping Items Purchased in terms of Popularity | Genuine Jewellery,%,5.458605602518724
2009,EUROPE,UK,Shopping Items Purchased in terms of Popularity | Consumer Tech,%,14.46936823190482
2009,EUROPE,UK,Shopping Items Purchased in terms of Popularity | Watches and Clocks,%,3.50484330692046
2009,EUROPE,UK,Shopping Items Purchased in terms of Popularity | Others,%,20.01839774894719
2009,EUROPE,UK,Shopping Items Purchased in terms of Amount spent | Fashion and Accessories,%,40.71874725521614
2009,EUROPE,UK,"Shopping Items Purchased in terms of Amount spent | Cosmetics, Perfumes & Toiletries and Healthcare & Wellness Products",%,5.422967651831752
2009,EUROPE,UK,Shopping Items Purchased in terms of Amount spent | Confectionery and Food Items,%,2.056185540120777
2009,EUROPE,UK,Shopping Items Purchased in terms of Amount spent | Souvenirs and Gifts,%,9.70957190239774
2009,EUROPE,UK,Shopping Items Purchased in terms of Amount spent | Genuine Jewellery,%,9.67026654721558
2009,EUROPE,UK,Shopping Items Purchased in terms of Amount spent | Consumer Tech,%,22.29918283320282
2009,EUROPE,UK,Shopping Items Purchased in terms of Amount spent | Watches and Clocks,%,2.109983619092691
2009,EUROPE,UK,Shopping Items Purchased in terms of Amount spent | Others,%,8.013094651068819
2009,AMERICAS,Canada,Shopping Items Purchased in terms of Popularity | Fashion and Accessories,%,51.31727639235515
2009,AMERICAS,Canada,"Shopping Items Purchased in terms of Popularity | Cosmetics, Perfumes & Toiletries and Healthcare & Wellness Products",%,13.39298278189016
2009,AMERICAS,Canada,Shopping Items Purchased in terms of Popularity | Confectionery and Food Items,%,14.70257340877381
2009,AMERICAS,Canada,Shopping Items Purchased in terms of Popularity | Souvenirs and Gifts,%,33.59159710897486
2009,AMERICAS,Canada,Shopping Items Purchased in terms of Popularity | Genuine Jewellery,%,8.858871323921802
2009,AMERICAS,Canada,Shopping Items Purchased in terms of Popularity | Consumer Tech,%,15.45764857994501
2009,AMERICAS,Canada,Shopping Items Purchased in terms of Popularity | Watches and Clocks,%,2.017669355104577
2009,AMERICAS,Canada,Shopping Items Purchased in terms of Popularity | Others,%,6.778776978036453
2009,AMERICAS,Canada,Shopping Items Purchased in terms of Amount spent | Fashion and Accessories,%,30.78557841074035
2009,AMERICAS,Canada,"Shopping Items Purchased in terms of Amount spent | Cosmetics, Perfumes & Toiletries and Healthcare & Wellness Products",%,6.395870095360109
2009,AMERICAS,Canada,Shopping Items Purchased in terms of Amount spent | Confectionery and Food Items,%,5.0840725723478
2009,AMERICAS,Canada,Shopping Items Purchased in terms of Amount spent | Souvenirs and Gifts,%,10.75195125919473
2009,AMERICAS,Canada,Shopping Items Purchased in terms of Amount spent | Genuine Jewellery,%,25.40806098897092
2009,AMERICAS,Canada,Shopping Items Purchased in terms of Amount spent | Consumer Tech,%,19.17359837448492
2009,AMERICAS,Canada,Shopping Items Purchased in terms of Amount spent | Watches and Clocks,%,0.4695518909728187
2009,AMERICAS,Canada,Shopping Items Purchased in terms of Amount spent | Others,%,1.931316407928365
2009,AMERICAS,USA,Shopping Items Purchased in terms of Popularity | Fashion and Accessories,%,49.67085153371697
2009,AMERICAS,USA,"Shopping Items Purchased in terms of Popularity | Cosmetics, Perfumes & Toiletries and Healthcare & Wellness Products",%,11.11699351965179
2009,AMERICAS,USA,Shopping Items Purchased in terms of Popularity | Confectionery and Food Items,%,14.94411153310353
2009,AMERICAS,USA,Shopping Items Purchased in terms of Popularity | Souvenirs and Gifts,%,38.55496837755952
2009,AMERICAS,USA,Shopping Items Purchased in terms of Popularity | Genuine Jewellery,%,5.379325155990218
2009,AMERICAS,USA,Shopping Items Purchased in terms of Popularity | Consumer Tech,%,11.29481437360947
2009,AMERICAS,USA,Shopping Items Purchased in terms of Popularity | Watches and Clocks,%,3.135507173708755
2009,AMERICAS,USA,Shopping Items Purchased in terms of Popularity | Others,%,15.23427615990525
2009,AMERICAS,USA,Shopping Items Purchased in terms of Amount spent | Fashion and Accessories,%,42.18987405704461
2009,AMERICAS,USA,"Shopping Items Purchased in terms of Amount spent | Cosmetics, Perfumes & Toiletries and Healthcare & Wellness Products",%,5.346517087220796
2009,AMERICAS,USA,Shopping Items Purchased in terms of Amount spent | Confectionery and Food Items,%,3.144083001531373
2009,AMERICAS,USA,Shopping Items Purchased in terms of Amount spent | Souvenirs and Gifts,%,11.24857894588672
2009,AMERICAS,USA,Shopping Items Purchased in terms of Amount spent | Genuine Jewellery,%,7.134406864017028
2009,AMERICAS,USA,Shopping Items Purchased in terms of Amount spent | Consumer Tech,%,18.12300862545599
2009,AMERICAS,USA,Shopping Items Purchased in terms of Amount spent | Watches and Clocks,%,5.508222451754022
2009,AMERICAS,USA,Shopping Items Purchased in terms of Amount spent | Others,%,7.305308967147186
2009,OCEANIA,Australia,Shopping Items Purchased in terms of Popularity | Fashion and Accessories,%,58.53514735851294
2009,OCEANIA,Australia,"Shopping Items Purchased in terms of Popularity | Cosmetics, Perfumes & Toiletries and Healthcare & Wellness Products",%,20.68573417540732
2009,OCEANIA,Australia,Shopping Items Purchased in terms of Popularity | Confectionery and Food Items,%,11.31108437770669
2009,OCEANIA,Australia,Shopping Items Purchased in terms of Popularity | Souvenirs and Gifts,%,35.00373650180473
2009,OCEANIA,Australia,Shopping Items Purchased in terms of Popularity | Genuine Jewellery,%,7.082910669787408
2009,OCEANIA,Australia,Shopping Items Purchased in terms of Popularity | Consumer Tech,%,18.9194115645102
2009,OCEANIA,Australia,Shopping Items Purchased in terms of Popularity | Watches and Clocks,%,4.767220165505555
2009,OCEANIA,Australia,Shopping Items Purchased in terms of Popularity | Others,%,19.8606177370951
2009,OCEANIA,Australia,Shopping Items Purchased in terms of Amount spent | Fashion and Accessories,%,45.63815075752366
2009,OCEANIA,Australia,"Shopping Items Purchased in terms of Amount spent | Cosmetics, Perfumes & Toiletries and Healthcare & Wellness Products",%,7.226187301405319
2009,OCEANIA,Australia,Shopping Items Purchased in terms of Amount spent | Confectionery and Food Items,%,1.693161985056153
2009,OCEANIA,Australia,Shopping Items Purchased in terms of Amount spent | Souvenirs and Gifts,%,7.341642450825225
2009,OCEANIA,Australia,Shopping Items Purchased in terms of Amount spent | Genuine Jewellery,%,6.484924238206013
2009,OCEANIA,Australia,Shopping Items Purchased in terms of Amount spent | Consumer Tech,%,20.02305182124011
2009,OCEANIA,Australia,Shopping Items Purchased in terms of Amount spent | Watches and Clocks,%,3.324844731581694
2009,OCEANIA,Australia,Shopping Items Purchased in terms of Amount spent | Others,%,8.268036713743095
2009,OCEANIA,New Zealand,Shopping Items Purchased in terms of Popularity | Fashion and Accessories,%,55.99597070391012
2009,OCEANIA,New Zealand,"Shopping Items Purchased in terms of Popularity | Cosmetics, Perfumes & Toiletries and Healthcare & Wellness Products",%,21.74122194933799
2009,OCEANIA,New Zealand,Shopping Items Purchased in terms of Popularity | Confectionery and Food Items,%,16.70469012590301
2009,OCEANIA,New Zealand,Shopping Items Purchased in terms of Popularity | Souvenirs and Gifts,%,33.3513558800714
2009,OCEANIA,New Zealand,Shopping Items Purchased in terms of Popularity | Genuine Jewellery,%,7.912034289908595
2009,OCEANIA,New Zealand,Shopping Items Purchased in terms of Popularity | Consumer Tech,%,12.49844003308239
2009,OCEANIA,New Zealand,Shopping Items Purchased in terms of Popularity | Watches and Clocks,%,11.95268017778344
2009,OCEANIA,New Zealand,Shopping Items Purchased in terms of Popularity | Others,%,19.96858560668081
2009,OCEANIA,New Zealand,Shopping Items Purchased in terms of Amount spent | Fashion and Accessories,%,42.71678989178766
2009,OCEANIA,New Zealand,"Shopping Items Purchased in terms of Amount spent | Cosmetics, Perfumes & Toiletries and Healthcare & Wellness Products",%,11.38109197003904
2009,OCEANIA,New Zealand,Shopping Items Purchased in terms of Amount spent | Confectionery and Food Items,%,2.635586422447393
2009,OCEANIA,New Zealand,Shopping Items Purchased in terms of Amount spent | Souvenirs and Gifts,%,10.288476954674
2009,OCEANIA,New Zealand,Shopping Items Purchased in terms of Amount spent | Genuine Jewellery,%,9.83509734533754
2009,OCEANIA,New Zealand,Shopping Items Purchased in terms of Amount spent | Consumer Tech,%,13.78352918806586
2009,OCEANIA,New Zealand,Shopping Items Purchased in terms of Amount spent | Watches and Clocks,%,3.35021264215273
2009,OCEANIA,New Zealand,Shopping Items Purchased in terms of Amount spent | Others,%,6.009215585153859
2009,AFRICA,South Africa (Rep of),Shopping Items Purchased in terms of Popularity | Fashion and Accessories,%,51.14785435336763
2009,AFRICA,South Africa (Rep of),"Shopping Items Purchased in terms of Popularity | Cosmetics, Perfumes & Toiletries and Healthcare & Wellness Products",%,11.8466387920353
2009,AFRICA,South Africa (Rep of),Shopping Items Purchased in terms of Popularity | Confectionery and Food Items,%,11.97752096510888
2009,AFRICA,South Africa (Rep of),Shopping Items Purchased in terms of Popularity | Souvenirs and Gifts,%,49.66349895855085
2009,AFRICA,South Africa (Rep of),Shopping Items Purchased in terms of Popularity | Genuine Jewellery,%,4.499715215250641
2009,AFRICA,South Africa (Rep of),Shopping Items Purchased in terms of Popularity | Consumer Tech,%,26.58833458382357
2009,AFRICA,South Africa (Rep of),Shopping Items Purchased in terms of Popularity | Watches and Clocks,%,8.271452623282533
2009,AFRICA,South Africa (Rep of),Shopping Items Purchased in terms of Popularity | Others,%,15.53871893850877
2009,AFRICA,South Africa (Rep of),Shopping Items Purchased in terms of Amount spent | Fashion and Accessories,%,30.58468934337103
2009,AFRICA,South Africa (Rep of),"Shopping Items Purchased in terms of Amount spent | Cosmetics, Perfumes & Toiletries and Healthcare & Wellness Products",%,3.46241467173341
2009,AFRICA,South Africa (Rep of),Shopping Items Purchased in terms of Amount spent | Confectionery and Food Items,%,1.551685998818559
2009,AFRICA,South Africa (Rep of),Shopping Items Purchased in terms of Amount spent | Souvenirs and Gifts,%,11.48099861296681
2009,AFRICA,South Africa (Rep of),Shopping Items Purchased in terms of Amount spent | Genuine Jewellery,%,5.330585025645489
2009,AFRICA,South Africa (Rep of),Shopping Items Purchased in terms of Amount spent | Consumer Tech,%,39.48755939270441
2009,AFRICA,South Africa (Rep of),Shopping Items Purchased in terms of Amount spent | Watches and Clocks,%,2.895343970391336
2009,AFRICA,South Africa (Rep of),Shopping Items Purchased in terms of Amount spent | Others,%,5.206722984368962
2009,REMAINING,Others,Shopping Items Purchased in terms of Popularity | Fashion and Accessories,%,56.74658578826403
2009,REMAINING,Others,"Shopping Items Purchased in terms of Popularity | Cosmetics, Perfumes & Toiletries and Healthcare & Wellness Products",%,17.76465071701838
2009,REMAINING,Others,Shopping Items Purchased in terms of Popularity | Confectionery and Food Items,%,19.22908567396459
2009,REMAINING,Others,Shopping Items Purchased in terms of Popularity | Souvenirs and Gifts,%,29.22893045248945
2009,REMAINING,Others,Shopping Items Purchased in terms of Popularity | Genuine Jewellery,%,7.312995709493423
2009,REMAINING,Others,Shopping Items Purchased in terms of Popularity | Consumer Tech,%,28.58962129082518
2009,REMAINING,Others,Shopping Items Purchased in terms of Popularity | Watches and Clocks,%,5.18603361002575
2009,REMAINING,Others,Shopping Items Purchased in terms of Popularity | Others,%,15.27952656770105
2009,REMAINING,Others,Shopping Items Purchased in terms of Amount spent | Fashion and Accessories,%,33.21488318777691
2009,REMAINING,Others,"Shopping Items Purchased in terms of Amount spent | Cosmetics, Perfumes & Toiletries and Healthcare & Wellness Products",%,5.274028939298767
2009,REMAINING,Others,Shopping Items Purchased in terms of Amount spent | Confectionery and Food Items,%,2.379193030377747
2009,REMAINING,Others,Shopping Items Purchased in terms of Amount spent | Souvenirs and Gifts,%,5.106969482648545
2009,REMAINING,Others,Shopping Items Purchased in terms of Amount spent | Genuine Jewellery,%,8.865180071220077
2009,REMAINING,Others,Shopping Items Purchased in terms of Amount spent | Consumer Tech,%,32.58268655345805
2009,REMAINING,Others,Shopping Items Purchased in terms of Amount spent | Watches and Clocks,%,6.456158314896755
2009,REMAINING,Others,Shopping Items Purchased in terms of Amount spent | Others,%,6.120900420427471
