year,region,residence,metric,unit,value
2025,TOTAL,TOTAL,Main Purpose of Visit | Holiday,%,68.0
2025,TOTAL,TOTAL,Main Purpose of Visit | Visit Friends / Relatives,%,13.0
2025,TOTAL,TOTAL,Main Purpose of Visit | General Business Purpose,%,7.0
2025,TOTAL,TOTAL,Main Purpose of Visit | MICE,%,7.0
2025,TOTAL,TOTAL,Main Purpose of Visit | Others,%,5.0
2025,TOTAL,TOTAL,Frequency of Visit | First,%,45.0
2025,TOTAL,TOTAL,Frequency of Visit | Repeat,%,55.0
2025,TOTAL,TOTAL,Accommodation | Hotel/Hostel,%,62.0
2025,TOTAL,TOTAL,Accommodation | Residence of Friends/ Relatives,%,12.0
2025,TOTAL,TOTAL,Accommodation | Others,%,26.0
2024,TOTAL,TOTAL,Main Purpose of Visit | Holiday,%,67.0
2024,TOTAL,TOTAL,Main Purpose of Visit | Visit Friends / Relatives,%,13.0
2024,TOTAL,TOTAL,Main Purpose of Visit | General Business Purpose,%,7.0
2024,TOTAL,TOTAL,Main Purpose of Visit | MICE,%,7.0
2024,TOTAL,TOTAL,Main Purpose of Visit | Others,%,6.0
2024,TOTAL,TOTAL,Frequency of Visit | First,%,40.0
2024,TOTAL,TOTAL,Frequency of Visit | Repeat,%,60.0
2024,TOTAL,TOTAL,Accommodation | Hotel,%,59.0
2024,TOTAL,TOTAL,Accommodation | Residence of Friends/ Relatives,%,14.0
2024,TOTAL,TOTAL,Accommodation | Others,%,27.0
2023,TOTAL,TOTAL,Main Purpose of Visit | Holiday,%,67.0
2023,TOTAL,TOTAL,Main Purpose of Visit | Visit Friends / Relatives,%,11.0
2023,TOTAL,TOTAL,Main Purpose of Visit | General Business Purpose,%,8.0
2023,TOTAL,TOTAL,Main Purpose of Visit | MICE,%,7.0
2023,TOTAL,TOTAL,Main Purpose of Visit | Others,%,7.0
2023,TOTAL,TOTAL,Frequency of Visit | First,%,39.0
2023,TOTAL,TOTAL,Frequency of Visit | Repeat,%,61.0
2023,TOTAL,TOTAL,Accommodation | Hotel,%,49.0
2023,TOTAL,TOTAL,Accommodation | Residence of Friends/ Relatives,%,13.0
2023,TOTAL,TOTAL,Accommodation | Others,%,38.0
2019,TOTAL,TOTAL,Main Purpose of Visit | Holiday,%,57.70443802723433
2019,TOTAL,TOTAL,Main Purpose of Visit | Visit Friends / Relatives,%,14.526858758301328
2019,TOTAL,TOTAL,Main Purpose of Visit | General Business Purpose,%,8.946194812756731
2019,TOTAL,TOTAL,Main Purpose of Visit | MICE,%,4.008217135586619
2019,TOTAL,TOTAL,Main Purpose of Visit | Others,%,3.801945841038888
2019,TOTAL,TOTAL,Main Purpose of Visit | Not Stated,%,11.01234542508209
2019,TOTAL,TOTAL,Frequency of Visit | First,%,38.46520099466969
2019,TOTAL,TOTAL,Frequency of Visit | Repeat,%,50.52245358024823
2019,TOTAL,TOTAL,Frequency of Visit | Not Stated,%,11.01234542508209
2019,TOTAL,TOTAL,Accommodation | Hotel,%,52.60770083245673
2019,TOTAL,TOTAL,Accommodation | Residence of Friends/ Relatives,%,16.28249967060041
2019,TOTAL,TOTAL,Accommodation | Others,%,31.10979949694283
2018,TOTAL,TOTAL,Main Purpose of Visit | Holiday,%,57.0
2018,TOTAL,TOTAL,Main Purpose of Visit | Visit Friends / Relatives,%,13.0
2018,TOTAL,TOTAL,Main Purpose of Visit | General Business Purpose,%,10.0
2018,TOTAL,TOTAL,Main Purpose of Visit | MICE,%,4.0
2018,TOTAL,TOTAL,Main Purpose of Visit | Others,%,4.0
2018,TOTAL,TOTAL,Main Purpose of Visit | Not Stated,%,11.0
2018,TOTAL,TOTAL,Frequency of Visit | First,%,39.0
2018,TOTAL,TOTAL,Frequency of Visit | Repeat,%,51.0
2018,TOTAL,TOTAL,Frequency of Visit | Not Stated,%,10.0
2018,TOTAL,TOTAL,Accommodation | Hotel,%,51.0
2018,TOTAL,TOTAL,Accommodation | Residence of Friends/ Relatives,%,17.0
2018,TOTAL,TOTAL,Accommodation | Others,%,32.0
2017,TOTAL,TOTAL,Main Purpose of Visit | Holiday,%,58.0
2017,TOTAL,TOTAL,Main Purpose of Visit | Visit Friends / Relatives,%,12.0
2017,TOTAL,TOTAL,Main Purpose of Visit | General Business Purpose,%,9.0
2017,TOTAL,TOTAL,Main Purpose of Visit | MICE,%,5.0
2017,TOTAL,TOTAL,Main Purpose of Visit | Others,%,4.0
2017,TOTAL,TOTAL,Main Purpose of Visit | Not Stated,%,11.0
2017,TOTAL,TOTAL,Frequency of Visit | First,%,38.0
2017,TOTAL,TOTAL,Frequency of Visit | Repeat,%,50.0
2017,TOTAL,TOTAL,Frequency of Visit | Not Stated,%,11.0
2017,TOTAL,TOTAL,Accommodation | Hotel,%,55.0
2017,TOTAL,TOTAL,Accommodation | Residence of Friends/ Relatives,%,18.0
2017,TOTAL,TOTAL,Accommodation | Others,%,27.0
2016,TOTAL,TOTAL,Main Purpose of Visit | Holiday,%,56.0
2016,TOTAL,TOTAL,Main Purpose of Visit | Visit Friends / Relatives,%,13.0
2016,TOTAL,TOTAL,Main Purpose of Visit | General Business Purpose,%,12.0
2016,TOTAL,TOTAL,Main Purpose of Visit | MICE,%,3.0
2016,TOTAL,TOTAL,Main Purpose of Visit | Others,%,5.0
2016,TOTAL,TOTAL,Main Purpose of Visit | Not Stated,%,11.0
2016,TOTAL,TOTAL,Frequency of Visit | First,%,37.0
2016,TOTAL,TOTAL,Frequency of Visit | Repeat,%,52.0
2016,TOTAL,TOTAL,Frequency of Visit | Not Stated,%,11.0
2016,TOTAL,TOTAL,Accommodation | Hotel,%,61.0
2016,TOTAL,TOTAL,Accommodation | Residence of Friends/ Relatives,%,18.0
2016,TOTAL,TOTAL,Accommodation | Others,%,21.0
2015,TOTAL,TOTAL,Main Purpose of Visit | Holiday,%,43.0
2015,TOTAL,TOTAL,Main Purpose of Visit | Visit Friends / Relatives,%,15.0
2015,TOTAL,TOTAL,Main Purpose of Visit | General Business Purpose,%,15.0
2015,TOTAL,TOTAL,Main Purpose of Visit | MICE,%,4.0
2015,TOTAL,TOTAL,Main Purpose of Visit | Others,%,12.0
2015,TOTAL,TOTAL,Main Purpose of Visit | Not Stated,%,10.0
2015,TOTAL,TOTAL,Frequency of Visit | First,%,29.0
2015,TOTAL,TOTAL,Frequency of Visit | Repeat,%,60.0
2015,TOTAL,TOTAL,Frequency of Visit | Not Stated,%,10.0
2015,TOTAL,TOTAL,Accommodation | Hotel,%,58.0
2015,TOTAL,TOTAL,Accommodation | Residence of Friends/ Relatives,%,23.0
2015,TOTAL,TOTAL,Accommodation | Others,%,19.0
2014,TOTAL,TOTAL,Main Purpose of Visit | Holiday,%,43.0
2014,TOTAL,TOTAL,Main Purpose of Visit | Visit Friends / Relatives,%,13.0
2014,TOTAL,TOTAL,Main Purpose of Visit | General Business Purpose,%,18.0
2014,TOTAL,TOTAL,Main Purpose of Visit | MICE,%,3.0
2014,TOTAL,TOTAL,Main Purpose of Visit | Others,%,11.0
2014,TOTAL,TOTAL,Main Purpose of Visit | Not Stated,%,11.0
2014,TOTAL,TOTAL,Frequency of Visit | First,%,28.0
2014,TOTAL,TOTAL,Frequency of Visit | Repeat,%,58.0
2014,TOTAL,TOTAL,Frequency of Visit | Not Stated,%,14.0
2014,TOTAL,TOTAL,Accommodation | Hotel,%,63.0
2014,TOTAL,TOTAL,Accommodation | Residence of Friends/ Relatives,%,19.0
2014,TOTAL,TOTAL,Accommodation | Others,%,18.0
2013,TOTAL,TOTAL,Main Purpose of Visit | Holiday,%,36.0
2013,TOTAL,TOTAL,Main Purpose of Visit | Visit Friends / Relatives,%,14.0
2013,TOTAL,TOTAL,Main Purpose of Visit | General Business Purpose,%,20.0
2013,TOTAL,TOTAL,Main Purpose of Visit | MICE,%,3.0
2013,TOTAL,TOTAL,Main Purpose of Visit | Others,%,15.0
2013,TOTAL,TOTAL,Main Purpose of Visit | Not Stated,%,11.0
2013,TOTAL,TOTAL,Frequency of Visit | First,%,28.0
2013,TOTAL,TOTAL,Frequency of Visit | Repeat,%,61.0
2013,TOTAL,TOTAL,Frequency of Visit | Not Stated,%,11.0
2013,TOTAL,TOTAL,Accommodation | Hotel,%,65.0
2013,TOTAL,TOTAL,Accommodation | Residence of Friends/ Relatives,%,18.0
2013,TOTAL,TOTAL,Accommodation | Others,%,18.0
2012,TOTAL,TOTAL,Main Purpose of Visit | Holiday,%,37.0
2012,TOTAL,TOTAL,Main Purpose of Visit | Visit Friends / Relatives,%,13.0
2012,TOTAL,TOTAL,Main Purpose of Visit | General Business Purpose,%,19.0
2012,TOTAL,TOTAL,Main Purpose of Visit | MICE,%,4.0
2012,TOTAL,TOTAL,Main Purpose of Visit | Others,%,15.0
2012,TOTAL,TOTAL,Main Purpose of Visit | Not Stated,%,10.0
2012,TOTAL,TOTAL,Frequency of Visit | First,%,29.0
2012,TOTAL,TOTAL,Frequency of Visit | Repeat,%,61.0
2012,TOTAL,TOTAL,Frequency of Visit | Not Stated,%,10.0
2012,TOTAL,TOTAL,Accommodation | Hotel,%,65.0
2012,TOTAL,TOTAL,Accommodation | Residence of Friends/ Relatives,%,18.0
2012,TOTAL,TOTAL,Accommodation | Others,%,17.0
2011,TOTAL,TOTAL,Main Purpose of Visit | Holiday,%,38.0
2011,TOTAL,TOTAL,Main Purpose of Visit | Visit Friends / Relatives,%,14.0
2011,TOTAL,TOTAL,Main Purpose of Visit | General Business Purpose,%,22.0
2011,TOTAL,TOTAL,Main Purpose of Visit | MICE,%,2.0
2011,TOTAL,TOTAL,Main Purpose of Visit | Others,%,12.0
2011,TOTAL,TOTAL,Main Purpose of Visit | Not Stated,%,10.0
2011,TOTAL,TOTAL,Frequency of Visit | First,%,31.0
2011,TOTAL,TOTAL,Frequency of Visit | Repeat,%,59.0
2011,TOTAL,TOTAL,Frequency of Visit | Not Stated,%,10.0
2011,TOTAL,TOTAL,Accommodation | Hotel,%,63.0
2011,TOTAL,TOTAL,Accommodation | Residence of Friends/ Relatives,%,20.0
2011,TOTAL,TOTAL,Accommodation | Others,%,17.0
2010,TOTAL,TOTAL,Main Purpose of Visit | Holiday,%,35.0
2010,TOTAL,TOTAL,Main Purpose of Visit | Visit Friends / Relatives,%,15.0
2010,TOTAL,TOTAL,Main Purpose of Visit | General Business Purpose,%,25.0
2010,TOTAL,TOTAL,Main Purpose of Visit | MICE,%,2.0
2010,TOTAL,TOTAL,Main Purpose of Visit | Others,%,12.0
2010,TOTAL,TOTAL,Main Purpose of Visit | Not Stated,%,10.0
2010,TOTAL,TOTAL,Frequency of Visit | First,%,29.0
2010,TOTAL,TOTAL,Frequency of Visit | Repeat,%,61.0
2010,TOTAL,TOTAL,Frequency of Visit | Not Stated,%,10.0
2010,TOTAL,TOTAL,Accommodation | Hotel,%,59.0
2010,TOTAL,TOTAL,Accommodation | Residence of Friends/ Relatives,%,24.0
2010,TOTAL,TOTAL,Accommodation | Others,%,17.0
2009,TOTAL,TOTAL,Main Purpose of Visit | Holiday,%,36.0
2009,TOTAL,TOTAL,Main Purpose of Visit | Visit Friends / Relatives,%,15.0
2009,TOTAL,TOTAL,Main Purpose of Visit | General Business Purpose,%,25.0
2009,TOTAL,TOTAL,Main Purpose of Visit | MICE,%,2.0
2009,TOTAL,TOTAL,Main Purpose of Visit | Others,%,12.0
2009,TOTAL,TOTAL,Main Purpose of Visit | Not Stated,%,10.0
2009,TOTAL,TOTAL,Frequency of Visit | First,%,30.0
2009,TOTAL,TOTAL,Frequency of Visit | Repeat,%,60.0
2009,TOTAL,TOTAL,Frequency of Visit | Not Stated,%,10.0
2009,TOTAL,TOTAL,Accommodation | Hotel,%,61.0
2009,TOTAL,TOTAL,Accommodation | Residence of Friends/ Relatives,%,22.0
2009,TOTAL,TOTAL,Accommodation | Others,%,17.0
2008,TOTAL,TOTAL,Main Purpose of Visit | Holiday,%,39.0
2008,TOTAL,TOTAL,Main Purpose of Visit | Visit Friends / Relatives,%,12.0
2008,TOTAL,TOTAL,Main Purpose of Visit | General Business Purpose,%,28.0
2008,TOTAL,TOTAL,Main Purpose of Visit | MICE,%,2.0
2008,TOTAL,TOTAL,Main Purpose of Visit | Others,%,11.0
2008,TOTAL,TOTAL,Main Purpose of Visit | Not Stated,%,7.0
2008,TOTAL,TOTAL,Frequency of Visit | First,%,30.0
2008,TOTAL,TOTAL,Frequency of Visit | Repeat,%,63.0
2008,TOTAL,TOTAL,Frequency of Visit | Not Stated,%,7.0
2008,TOTAL,TOTAL,Accommodation | Hotel,%,58.0
2008,TOTAL,TOTAL,Accommodation | Residence of Friends/ Relatives,%,21.0
2008,TOTAL,TOTAL,Accommodation | Others,%,21.0
2025,SOUTHEAST ASIA,Indonesia,Main Purpose of Visit | Holiday,%,57.0
2025,SOUTHEAST ASIA,Indonesia,Main Purpose of Visit | Visit Friends / Relatives,%,14.0
2025,SOUTHEAST ASIA,Indonesia,Main Purpose of Visit | General Business Purpose,%,6.0
2025,SOUTHEAST ASIA,Indonesia,Main Purpose of Visit | MICE,%,9.0
2025,SOUTHEAST ASIA,Indonesia,Main Purpose of Visit | Others,%,14.0
2025,SOUTHEAST ASIA,Indonesia,Frequency of Visit | First,%,15.0
2025,SOUTHEAST ASIA,Indonesia,Frequency of Visit | Repeat,%,85.0
2025,SOUTHEAST ASIA,Indonesia,Accommodation | Hotel/Hostel,%,38.0
2025,SOUTHEAST ASIA,Indonesia,Accommodation | Residence of Friends/ Relatives,%,14.0
2025,SOUTHEAST ASIA,Indonesia,Accommodation | Others,%,48.0
2025,SOUTHEAST ASIA,Malaysia,Main Purpose of Visit | Holiday,%,37.0
2025,SOUTHEAST ASIA,Malaysia,Main Purpose of Visit | Visit Friends / Relatives,%,25.0
2025,SOUTHEAST ASIA,Malaysia,Main Purpose of Visit | General Business Purpose,%,14.0
2025,SOUTHEAST ASIA,Malaysia,Main Purpose of Visit | MICE,%,16.0
2025,SOUTHEAST ASIA,Malaysia,Main Purpose of Visit | Others,%,8.0
2025,SOUTHEAST ASIA,Malaysia,Frequency of Visit | First,%,14.0
2025,SOUTHEAST ASIA,Malaysia,Frequency of Visit | Repeat,%,86.0
2025,SOUTHEAST ASIA,Malaysia,Accommodation | Hotel/Hostel,%,38.0
2025,SOUTHEAST ASIA,Malaysia,Accommodation | Residence of Friends/ Relatives,%,18.0
2025,SOUTHEAST ASIA,Malaysia,Accommodation | Others,%,44.0
2025,SOUTHEAST ASIA,Philippines,Main Purpose of Visit | Holiday,%,77.0
2025,SOUTHEAST ASIA,Philippines,Main Purpose of Visit | Visit Friends / Relatives,%,11.0
2025,SOUTHEAST ASIA,Philippines,Main Purpose of Visit | General Business Purpose,%,2.0
2025,SOUTHEAST ASIA,Philippines,Main Purpose of Visit | MICE,%,6.0
2025,SOUTHEAST ASIA,Philippines,Main Purpose of Visit | Others,%,5.0
2025,SOUTHEAST ASIA,Philippines,Frequency of Visit | First,%,44.0
2025,SOUTHEAST ASIA,Philippines,Frequency of Visit | Repeat,%,56.0
2025,SOUTHEAST ASIA,Philippines,Accommodation | Hotel/Hostel,%,61.0
2025,SOUTHEAST ASIA,Philippines,Accommodation | Residence of Friends/ Relatives,%,14.0
2025,SOUTHEAST ASIA,Philippines,Accommodation | Others,%,25.0
2025,SOUTHEAST ASIA,Thailand,Main Purpose of Visit | Holiday,%,62.0
2025,SOUTHEAST ASIA,Thailand,Main Purpose of Visit | Visit Friends / Relatives,%,13.0
2025,SOUTHEAST ASIA,Thailand,Main Purpose of Visit | General Business Purpose,%,7.0
2025,SOUTHEAST ASIA,Thailand,Main Purpose of Visit | MICE,%,11.0
2025,SOUTHEAST ASIA,Thailand,Main Purpose of Visit | Others,%,7.0
2025,SOUTHEAST ASIA,Thailand,Frequency of Visit | First,%,35.0
2025,SOUTHEAST ASIA,Thailand,Frequency of Visit | Repeat,%,65.0
2025,SOUTHEAST ASIA,Thailand,Accommodation | Hotel/Hostel,%,78.0
2025,SOUTHEAST ASIA,Thailand,Accommodation | Residence of Friends/ Relatives,%,10.0
2025,SOUTHEAST ASIA,Thailand,Accommodation | Others,%,12.0
2025,SOUTHEAST ASIA,Vietnam,Main Purpose of Visit | Holiday,%,48.0
2025,SOUTHEAST ASIA,Vietnam,Main Purpose of Visit | Visit Friends / Relatives,%,14.0
2025,SOUTHEAST ASIA,Vietnam,Main Purpose of Visit | General Business Purpose,%,13.0
2025,SOUTHEAST ASIA,Vietnam,Main Purpose of Visit | MICE,%,16.0
2025,SOUTHEAST ASIA,Vietnam,Main Purpose of Visit | Others,%,9.0
2025,SOUTHEAST ASIA,Vietnam,Frequency of Visit | First,%,34.0
2025,SOUTHEAST ASIA,Vietnam,Frequency of Visit | Repeat,%,66.0
2025,SOUTHEAST ASIA,Vietnam,Accommodation | Hotel/Hostel,%,67.0
2025,SOUTHEAST ASIA,Vietnam,Accommodation | Residence of Friends/ Relatives,%,15.0
2025,SOUTHEAST ASIA,Vietnam,Accommodation | Others,%,17.0
2025,GREATER CHINA,China,Main Purpose of Visit | Holiday,%,72.0
2025,GREATER CHINA,China,Main Purpose of Visit | Visit Friends / Relatives,%,13.0
2025,GREATER CHINA,China,Main Purpose of Visit | General Business Purpose,%,6.0
2025,GREATER CHINA,China,Main Purpose of Visit | MICE,%,6.0
2025,GREATER CHINA,China,Main Purpose of Visit | Others,%,3.0
2025,GREATER CHINA,China,Frequency of Visit | First,%,64.0
2025,GREATER CHINA,China,Frequency of Visit | Repeat,%,36.0
2025,GREATER CHINA,China,Accommodation | Hotel/Hostel,%,65.0
2025,GREATER CHINA,China,Accommodation | Residence of Friends/ Relatives,%,12.0
2025,GREATER CHINA,China,Accommodation | Others,%,22.0
2025,GREATER CHINA,Hong Kong SAR,Main Purpose of Visit | Holiday,%,50.0
2025,GREATER CHINA,Hong Kong SAR,Main Purpose of Visit | Visit Friends / Relatives,%,23.0
2025,GREATER CHINA,Hong Kong SAR,Main Purpose of Visit | General Business Purpose,%,10.0
2025,GREATER CHINA,Hong Kong SAR,Main Purpose of Visit | MICE,%,14.0
2025,GREATER CHINA,Hong Kong SAR,Main Purpose of Visit | Others,%,2.0
2025,GREATER CHINA,Hong Kong SAR,Frequency of Visit | First,%,23.0
2025,GREATER CHINA,Hong Kong SAR,Frequency of Visit | Repeat,%,77.0
2025,GREATER CHINA,Hong Kong SAR,Accommodation | Hotel/Hostel,%,65.0
2025,GREATER CHINA,Hong Kong SAR,Accommodation | Residence of Friends/ Relatives,%,18.0
2025,GREATER CHINA,Hong Kong SAR,Accommodation | Others,%,16.0
2025,GREATER CHINA,Taiwan,Main Purpose of Visit | Holiday,%,65.0
2025,GREATER CHINA,Taiwan,Main Purpose of Visit | Visit Friends / Relatives,%,16.0
2025,GREATER CHINA,Taiwan,Main Purpose of Visit | General Business Purpose,%,8.0
2025,GREATER CHINA,Taiwan,Main Purpose of Visit | MICE,%,8.0
2025,GREATER CHINA,Taiwan,Main Purpose of Visit | Others,%,3.0
2025,GREATER CHINA,Taiwan,Frequency of Visit | First,%,39.0
2025,GREATER CHINA,Taiwan,Frequency of Visit | Repeat,%,61.0
2025,GREATER CHINA,Taiwan,Accommodation | Hotel/Hostel,%,58.0
2025,GREATER CHINA,Taiwan,Accommodation | Residence of Friends/ Relatives,%,12.0
2025,GREATER CHINA,Taiwan,Accommodation | Others,%,30.0
2025,NORTH ASIA,Japan,Main Purpose of Visit | Holiday,%,62.0
2025,NORTH ASIA,Japan,Main Purpose of Visit | Visit Friends / Relatives,%,9.0
2025,NORTH ASIA,Japan,Main Purpose of Visit | General Business Purpose,%,12.0
2025,NORTH ASIA,Japan,Main Purpose of Visit | MICE,%,14.0
2025,NORTH ASIA,Japan,Main Purpose of Visit | Others,%,3.0
2025,NORTH ASIA,Japan,Frequency of Visit | First,%,51.0
2025,NORTH ASIA,Japan,Frequency of Visit | Repeat,%,49.0
2025,NORTH ASIA,Japan,Accommodation | Hotel/Hostel,%,70.0
2025,NORTH ASIA,Japan,Accommodation | Residence of Friends/ Relatives,%,8.0
2025,NORTH ASIA,Japan,Accommodation | Others,%,22.0
2025,NORTH ASIA,South Korea,Main Purpose of Visit | Holiday,%,65.0
2025,NORTH ASIA,South Korea,Main Purpose of Visit | Visit Friends / Relatives,%,13.0
2025,NORTH ASIA,South Korea,Main Purpose of Visit | General Business Purpose,%,9.0
2025,NORTH ASIA,South Korea,Main Purpose of Visit | MICE,%,9.0
2025,NORTH ASIA,South Korea,Main Purpose of Visit | Others,%,4.0
2025,NORTH ASIA,South Korea,Frequency of Visit | First,%,56.0
2025,NORTH ASIA,South Korea,Frequency of Visit | Repeat,%,44.0
2025,NORTH ASIA,South Korea,Accommodation | Hotel/Hostel,%,75.0
2025,NORTH ASIA,South Korea,Accommodation | Residence of Friends/ Relatives,%,12.0
2025,NORTH ASIA,South Korea,Accommodation | Others,%,13.0
2025,SOUTH ASIA,India,Main Purpose of Visit | Holiday,%,71.0
2025,SOUTH ASIA,India,Main Purpose of Visit | Visit Friends / Relatives,%,14.0
2025,SOUTH ASIA,India,Main Purpose of Visit | General Business Purpose,%,5.0
2025,SOUTH ASIA,India,Main Purpose of Visit | MICE,%,8.0
2025,SOUTH ASIA,India,Main Purpose of Visit | Others,%,2.0
2025,SOUTH ASIA,India,Frequency of Visit | First,%,62.0
2025,SOUTH ASIA,India,Frequency of Visit | Repeat,%,38.0
2025,SOUTH ASIA,India,Accommodation | Hotel/Hostel,%,63.0
2025,SOUTH ASIA,India,Accommodation | Residence of Friends/ Relatives,%,17.0
2025,SOUTH ASIA,India,Accommodation | Others,%,19.0
2025,EUROPE,France,Main Purpose of Visit | Holiday,%,77.0
2025,EUROPE,France,Main Purpose of Visit | Visit Friends / Relatives,%,9.0
2025,EUROPE,France,Main Purpose of Visit | General Business Purpose,%,7.0
2025,EUROPE,France,Main Purpose of Visit | MICE,%,5.0
2025,EUROPE,France,Main Purpose of Visit | Others,%,2.0
2025,EUROPE,France,Frequency of Visit | First,%,68.0
2025,EUROPE,France,Frequency of Visit | Repeat,%,32.0
2025,EUROPE,France,Accommodation | Hotel/Hostel,%,64.0
2025,EUROPE,France,Accommodation | Residence of Friends/ Relatives,%,13.0
2025,EUROPE,France,Accommodation | Others,%,23.0
2025,EUROPE,Germany,Main Purpose of Visit | Holiday,%,89.0
2025,EUROPE,Germany,Main Purpose of Visit | Visit Friends / Relatives,%,3.0
2025,EUROPE,Germany,Main Purpose of Visit | General Business Purpose,%,3.0
2025,EUROPE,Germany,Main Purpose of Visit | MICE,%,3.0
2025,EUROPE,Germany,Main Purpose of Visit | Others,%,1.0
2025,EUROPE,Germany,Frequency of Visit | First,%,68.0
2025,EUROPE,Germany,Frequency of Visit | Repeat,%,32.0
2025,EUROPE,Germany,Accommodation | Hotel/Hostel,%,77.0
2025,EUROPE,Germany,Accommodation | Residence of Friends/ Relatives,%,5.0
2025,EUROPE,Germany,Accommodation | Others,%,18.0
2025,EUROPE,Italy,Main Purpose of Visit | Holiday,%,87.0
2025,EUROPE,Italy,Main Purpose of Visit | Visit Friends / Relatives,%,5.0
2025,EUROPE,Italy,Main Purpose of Visit | General Business Purpose,%,3.0
2025,EUROPE,Italy,Main Purpose of Visit | MICE,%,5.0
2025,EUROPE,Italy,Frequency of Visit | First,%,76.0
2025,EUROPE,Italy,Frequency of Visit | Repeat,%,24.0
2025,EUROPE,Italy,Accommodation | Hotel/Hostel,%,81.0
2025,EUROPE,Italy,Accommodation | Residence of Friends/ Relatives,%,6.0
2025,EUROPE,Italy,Accommodation | Others,%,13.0
2025,EUROPE,Netherlands,Main Purpose of Visit | Holiday,%,79.0
2025,EUROPE,Netherlands,Main Purpose of Visit | Visit Friends / Relatives,%,9.0
2025,EUROPE,Netherlands,Main Purpose of Visit | General Business Purpose,%,5.0
2025,EUROPE,Netherlands,Main Purpose of Visit | MICE,%,4.0
2025,EUROPE,Netherlands,Main Purpose of Visit | Others,%,3.0
2025,EUROPE,Netherlands,Frequency of Visit | First,%,62.0
2025,EUROPE,Netherlands,Frequency of Visit | Repeat,%,38.0
2025,EUROPE,Netherlands,Accommodation | Hotel/Hostel,%,78.0
2025,EUROPE,Netherlands,Accommodation | Residence of Friends/ Relatives,%,7.0
2025,EUROPE,Netherlands,Accommodation | Others,%,16.0
2025,EUROPE,Switzerland,Main Purpose of Visit | Holiday,%,79.0
2025,EUROPE,Switzerland,Main Purpose of Visit | Visit Friends / Relatives,%,10.0
2025,EUROPE,Switzerland,Main Purpose of Visit | General Business Purpose,%,3.0
2025,EUROPE,Switzerland,Main Purpose of Visit | MICE,%,4.0
2025,EUROPE,Switzerland,Main Purpose of Visit | Others,%,3.0
2025,EUROPE,Switzerland,Frequency of Visit | First,%,64.0
2025,EUROPE,Switzerland,Frequency of Visit | Repeat,%,36.0
2025,EUROPE,Switzerland,Accommodation | Hotel/Hostel,%,84.0
2025,EUROPE,Switzerland,Accommodation | Residence of Friends/ Relatives,%,6.0
2025,EUROPE,Switzerland,Accommodation | Others,%,10.0
2025,EUROPE,UK,Main Purpose of Visit | Holiday,%,83.0
2025,EUROPE,UK,Main Purpose of Visit | Visit Friends / Relatives,%,10.0
2025,EUROPE,UK,Main Purpose of Visit | General Business Purpose,%,3.0
2025,EUROPE,UK,Main Purpose of Visit | MICE,%,3.0
2025,EUROPE,UK,Main Purpose of Visit | Others,%,1.0
2025,EUROPE,UK,Frequency of Visit | First,%,60.0
2025,EUROPE,UK,Frequency of Visit | Repeat,%,40.0
2025,EUROPE,UK,Accommodation | Hotel/Hostel,%,77.0
2025,EUROPE,UK,Accommodation | Residence of Friends/ Relatives,%,7.0
2025,EUROPE,UK,Accommodation | Others,%,16.0
2025,AMERICAS,Canada,Main Purpose of Visit | Holiday,%,81.0
2025,AMERICAS,Canada,Main Purpose of Visit | Visit Friends / Relatives,%,10.0
2025,AMERICAS,Canada,Main Purpose of Visit | General Business Purpose,%,3.0
2025,AMERICAS,Canada,Main Purpose of Visit | MICE,%,2.0
2025,AMERICAS,Canada,Main Purpose of Visit | Others,%,4.0
2025,AMERICAS,Canada,Frequency of Visit | First,%,67.0
2025,AMERICAS,Canada,Frequency of Visit | Repeat,%,33.0
2025,AMERICAS,Canada,Accommodation | Hotel/Hostel,%,74.0
2025,AMERICAS,Canada,Accommodation | Residence of Friends/ Relatives,%,8.0
2025,AMERICAS,Canada,Accommodation | Others,%,18.0
2025,AMERICAS,USA,Main Purpose of Visit | Holiday,%,76.0
2025,AMERICAS,USA,Main Purpose of Visit | Visit Friends / Relatives,%,8.0
2025,AMERICAS,USA,Main Purpose of Visit | General Business Purpose,%,9.0
2025,AMERICAS,USA,Main Purpose of Visit | MICE,%,6.0
2025,AMERICAS,USA,Main Purpose of Visit | Others,%,1.0
2025,AMERICAS,USA,Frequency of Visit | First,%,63.0
2025,AMERICAS,USA,Frequency of Visit | Repeat,%,37.0
2025,AMERICAS,USA,Accommodation | Hotel/Hostel,%,74.0
2025,AMERICAS,USA,Accommodation | Residence of Friends/ Relatives,%,8.0
2025,AMERICAS,USA,Accommodation | Others,%,18.0
2025,OCEANIA,Australia,Main Purpose of Visit | Holiday,%,85.0
2025,OCEANIA,Australia,Main Purpose of Visit | Visit Friends / Relatives,%,7.0
2025,OCEANIA,Australia,Main Purpose of Visit | General Business Purpose,%,4.0
2025,OCEANIA,Australia,Main Purpose of Visit | MICE,%,2.0
2025,OCEANIA,Australia,Main Purpose of Visit | Others,%,2.0
2025,OCEANIA,Australia,Frequency of Visit | First,%,34.0
2025,OCEANIA,Australia,Frequency of Visit | Repeat,%,66.0
2025,OCEANIA,Australia,Accommodation | Hotel/Hostel,%,72.0
2025,OCEANIA,Australia,Accommodation | Residence of Friends/ Relatives,%,6.0
2025,OCEANIA,Australia,Accommodation | Others,%,22.0
2025,OCEANIA,New Zealand,Main Purpose of Visit | Holiday,%,86.0
2025,OCEANIA,New Zealand,Main Purpose of Visit | Visit Friends / Relatives,%,9.0
2025,OCEANIA,New Zealand,Main Purpose of Visit | General Business Purpose,%,2.0
2025,OCEANIA,New Zealand,Main Purpose of Visit | MICE,%,1.0
2025,OCEANIA,New Zealand,Main Purpose of Visit | Others,%,2.0
2025,OCEANIA,New Zealand,Frequency of Visit | First,%,41.0
2025,OCEANIA,New Zealand,Frequency of Visit | Repeat,%,59.0
2025,OCEANIA,New Zealand,Accommodation | Hotel/Hostel,%,68.0
2025,OCEANIA,New Zealand,Accommodation | Residence of Friends/ Relatives,%,6.0
2025,OCEANIA,New Zealand,Accommodation | Others,%,25.0
2025,AFRICA,South Africa (Rep of),Main Purpose of Visit | Holiday,%,81.0
2025,AFRICA,South Africa (Rep of),Main Purpose of Visit | Visit Friends / Relatives,%,6.0
2025,AFRICA,South Africa (Rep of),Main Purpose of Visit | General Business Purpose,%,5.0
2025,AFRICA,South Africa (Rep of),Main Purpose of Visit | MICE,%,8.0
2025,AFRICA,South Africa (Rep of),Frequency of Visit | First,%,62.0
2025,AFRICA,South Africa (Rep of),Frequency of Visit | Repeat,%,38.0
2025,AFRICA,South Africa (Rep of),Accommodation | Hotel/Hostel,%,67.0
2025,AFRICA,South Africa (Rep of),Accommodation | Residence of Friends/ Relatives,%,5.0
2025,AFRICA,South Africa (Rep of),Accommodation | Others,%,29.0
2025,REMAINING,Others,Main Purpose of Visit | Holiday,%,77.0
2025,REMAINING,Others,Main Purpose of Visit | Visit Friends / Relatives,%,9.0
2025,REMAINING,Others,Main Purpose of Visit | General Business Purpose,%,5.0
2025,REMAINING,Others,Main Purpose of Visit | MICE,%,5.0
2025,REMAINING,Others,Main Purpose of Visit | Others,%,5.0
2025,REMAINING,Others,Frequency of Visit | First,%,60.0
2025,REMAINING,Others,Frequency of Visit | Repeat,%,40.0
2025,REMAINING,Others,Accommodation | Hotel/Hostel,%,71.0
2025,REMAINING,Others,Accommodation | Residence of Friends/ Relatives,%,9.0
2025,REMAINING,Others,Accommodation | Others,%,20.0
2024,SOUTHEAST ASIA,Indonesia,Main Purpose of Visit | Holiday,%,61.0
2024,SOUTHEAST ASIA,Indonesia,Main Purpose of Visit | Visit Friends / Relatives,%,11.0
2024,SOUTHEAST ASIA,Indonesia,Main Purpose of Visit | General Business Purpose,%,3.0
2024,SOUTHEAST ASIA,Indonesia,Main Purpose of Visit | MICE,%,7.0
2024,SOUTHEAST ASIA,Indonesia,Main Purpose of Visit | Others,%,17.0
2024,SOUTHEAST ASIA,Indonesia,Frequency of Visit | First,%,12.0
2024,SOUTHEAST ASIA,Indonesia,Frequency of Visit | Repeat,%,88.0
2024,SOUTHEAST ASIA,Indonesia,Accommodation | Hotel,%,38.0
2024,SOUTHEAST ASIA,Indonesia,Accommodation | Residence of Friends/ Relatives,%,15.0
2024,SOUTHEAST ASIA,Indonesia,Accommodation | Others,%,47.0
2024,SOUTHEAST ASIA,Malaysia,Main Purpose of Visit | Holiday,%,36.0
2024,SOUTHEAST ASIA,Malaysia,Main Purpose of Visit | Visit Friends / Relatives,%,23.0
2024,SOUTHEAST ASIA,Malaysia,Main Purpose of Visit | General Business Purpose,%,13.0
2024,SOUTHEAST ASIA,Malaysia,Main Purpose of Visit | MICE,%,18.0
2024,SOUTHEAST ASIA,Malaysia,Main Purpose of Visit | Others,%,10.0
2024,SOUTHEAST ASIA,Malaysia,Frequency of Visit | First,%,11.0
2024,SOUTHEAST ASIA,Malaysia,Frequency of Visit | Repeat,%,89.0
2024,SOUTHEAST ASIA,Malaysia,Accommodation | Hotel,%,34.0
2024,SOUTHEAST ASIA,Malaysia,Accommodation | Residence of Friends/ Relatives,%,21.0
2024,SOUTHEAST ASIA,Malaysia,Accommodation | Others,%,45.0
2024,SOUTHEAST ASIA,Philippines,Main Purpose of Visit | Holiday,%,74.0
2024,SOUTHEAST ASIA,Philippines,Main Purpose of Visit | Visit Friends / Relatives,%,14.0
2024,SOUTHEAST ASIA,Philippines,Main Purpose of Visit | General Business Purpose,%,3.0
2024,SOUTHEAST ASIA,Philippines,Main Purpose of Visit | MICE,%,5.0
2024,SOUTHEAST ASIA,Philippines,Main Purpose of Visit | Others,%,5.0
2024,SOUTHEAST ASIA,Philippines,Frequency of Visit | First,%,44.0
2024,SOUTHEAST ASIA,Philippines,Frequency of Visit | Repeat,%,56.0
2024,SOUTHEAST ASIA,Philippines,Accommodation | Hotel,%,60.0
2024,SOUTHEAST ASIA,Philippines,Accommodation | Residence of Friends/ Relatives,%,20.0
2024,SOUTHEAST ASIA,Philippines,Accommodation | Others,%,20.0
2024,SOUTHEAST ASIA,Thailand,Main Purpose of Visit | Holiday,%,61.0
2024,SOUTHEAST ASIA,Thailand,Main Purpose of Visit | Visit Friends / Relatives,%,11.0
2024,SOUTHEAST ASIA,Thailand,Main Purpose of Visit | General Business Purpose,%,12.0
2024,SOUTHEAST ASIA,Thailand,Main Purpose of Visit | MICE,%,10.0
2024,SOUTHEAST ASIA,Thailand,Main Purpose of Visit | Others,%,5.0
2024,SOUTHEAST ASIA,Thailand,Frequency of Visit | First,%,26.0
2024,SOUTHEAST ASIA,Thailand,Frequency of Visit | Repeat,%,74.0
2024,SOUTHEAST ASIA,Thailand,Accommodation | Hotel,%,64.0
2024,SOUTHEAST ASIA,Thailand,Accommodation | Residence of Friends/ Relatives,%,12.0
2024,SOUTHEAST ASIA,Thailand,Accommodation | Others,%,24.0
2024,SOUTHEAST ASIA,Vietnam,Main Purpose of Visit | Holiday,%,51.0
2024,SOUTHEAST ASIA,Vietnam,Main Purpose of Visit | Visit Friends / Relatives,%,14.0
2024,SOUTHEAST ASIA,Vietnam,Main Purpose of Visit | General Business Purpose,%,10.0
2024,SOUTHEAST ASIA,Vietnam,Main Purpose of Visit | MICE,%,12.0
2024,SOUTHEAST ASIA,Vietnam,Main Purpose of Visit | Others,%,13.0
2024,SOUTHEAST ASIA,Vietnam,Frequency of Visit | First,%,33.0
2024,SOUTHEAST ASIA,Vietnam,Frequency of Visit | Repeat,%,67.0
2024,SOUTHEAST ASIA,Vietnam,Accommodation | Hotel,%,63.0
2024,SOUTHEAST ASIA,Vietnam,Accommodation | Residence of Friends/ Relatives,%,16.0
2024,SOUTHEAST ASIA,Vietnam,Accommodation | Others,%,21.0
2024,GREATER CHINA,China,Main Purpose of Visit | Holiday,%,70.0
2024,GREATER CHINA,China,Main Purpose of Visit | Visit Friends / Relatives,%,14.0
2024,GREATER CHINA,China,Main Purpose of Visit | General Business Purpose,%,7.0
2024,GREATER CHINA,China,Main Purpose of Visit | MICE,%,4.0
2024,GREATER CHINA,China,Main Purpose of Visit | Others,%,5.0
2024,GREATER CHINA,China,Frequency of Visit | First,%,62.0
2024,GREATER CHINA,China,Frequency of Visit | Repeat,%,38.0
2024,GREATER CHINA,China,Accommodation | Hotel,%,71.0
2024,GREATER CHINA,China,Accommodation | Residence of Friends/ Relatives,%,13.0
2024,GREATER CHINA,China,Accommodation | Others,%,17.0
2024,GREATER CHINA,Hong Kong SAR,Main Purpose of Visit | Holiday,%,48.0
2024,GREATER CHINA,Hong Kong SAR,Main Purpose of Visit | Visit Friends / Relatives,%,27.0
2024,GREATER CHINA,Hong Kong SAR,Main Purpose of Visit | General Business Purpose,%,9.0
2024,GREATER CHINA,Hong Kong SAR,Main Purpose of Visit | MICE,%,13.0
2024,GREATER CHINA,Hong Kong SAR,Main Purpose of Visit | Others,%,3.0
2024,GREATER CHINA,Hong Kong SAR,Frequency of Visit | First,%,20.0
2024,GREATER CHINA,Hong Kong SAR,Frequency of Visit | Repeat,%,80.0
2024,GREATER CHINA,Hong Kong SAR,Accommodation | Hotel,%,66.0
2024,GREATER CHINA,Hong Kong SAR,Accommodation | Residence of Friends/ Relatives,%,19.0
2024,GREATER CHINA,Hong Kong SAR,Accommodation | Others,%,15.0
2024,GREATER CHINA,Taiwan,Main Purpose of Visit | Holiday,%,60.0
2024,GREATER CHINA,Taiwan,Main Purpose of Visit | Visit Friends / Relatives,%,17.0
2024,GREATER CHINA,Taiwan,Main Purpose of Visit | General Business Purpose,%,11.0
2024,GREATER CHINA,Taiwan,Main Purpose of Visit | MICE,%,7.0
2024,GREATER CHINA,Taiwan,Main Purpose of Visit | Others,%,4.0
2024,GREATER CHINA,Taiwan,Frequency of Visit | First,%,36.0
2024,GREATER CHINA,Taiwan,Frequency of Visit | Repeat,%,64.0
2024,GREATER CHINA,Taiwan,Accommodation | Hotel,%,59.0
2024,GREATER CHINA,Taiwan,Accommodation | Residence of Friends/ Relatives,%,15.0
2024,GREATER CHINA,Taiwan,Accommodation | Others,%,26.0
2024,NORTH ASIA,Japan,Main Purpose of Visit | Holiday,%,55.0
2024,NORTH ASIA,Japan,Main Purpose of Visit | Visit Friends / Relatives,%,8.0
2024,NORTH ASIA,Japan,Main Purpose of Visit | General Business Purpose,%,15.0
2024,NORTH ASIA,Japan,Main Purpose of Visit | MICE,%,17.0
2024,NORTH ASIA,Japan,Main Purpose of Visit | Others,%,5.0
2024,NORTH ASIA,Japan,Frequency of Visit | First,%,38.0
2024,NORTH ASIA,Japan,Frequency of Visit | Repeat,%,62.0
2024,NORTH ASIA,Japan,Accommodation | Hotel,%,67.0
2024,NORTH ASIA,Japan,Accommodation | Residence of Friends/ Relatives,%,9.0
2024,NORTH ASIA,Japan,Accommodation | Others,%,25.0
2024,NORTH ASIA,South Korea,Main Purpose of Visit | Holiday,%,68.0
2024,NORTH ASIA,South Korea,Main Purpose of Visit | Visit Friends / Relatives,%,11.0
2024,NORTH ASIA,South Korea,Main Purpose of Visit | General Business Purpose,%,10.0
2024,NORTH ASIA,South Korea,Main Purpose of Visit | MICE,%,7.0
2024,NORTH ASIA,South Korea,Main Purpose of Visit | Others,%,4.0
2024,NORTH ASIA,South Korea,Frequency of Visit | First,%,49.0
2024,NORTH ASIA,South Korea,Frequency of Visit | Repeat,%,51.0
2024,NORTH ASIA,South Korea,Accommodation | Hotel,%,75.0
2024,NORTH ASIA,South Korea,Accommodation | Residence of Friends/ Relatives,%,12.0
2024,NORTH ASIA,South Korea,Accommodation | Others,%,13.0
2024,SOUTH ASIA,India,Main Purpose of Visit | Holiday,%,70.0
2024,SOUTH ASIA,India,Main Purpose of Visit | Visit Friends / Relatives,%,18.0
2024,SOUTH ASIA,India,Main Purpose of Visit | General Business Purpose,%,5.0
2024,SOUTH ASIA,India,Main Purpose of Visit | MICE,%,4.0
2024,SOUTH ASIA,India,Main Purpose of Visit | Others,%,2.0
2024,SOUTH ASIA,India,Frequency of Visit | First,%,59.0
2024,SOUTH ASIA,India,Frequency of Visit | Repeat,%,41.0
2024,SOUTH ASIA,India,Accommodation | Hotel,%,57.0
2024,SOUTH ASIA,India,Accommodation | Residence of Friends/ Relatives,%,19.0
2024,SOUTH ASIA,India,Accommodation | Others,%,24.0
2024,EUROPE,France,Main Purpose of Visit | Holiday,%,77.0
2024,EUROPE,France,Main Purpose of Visit | Visit Friends / Relatives,%,12.0
2024,EUROPE,France,Main Purpose of Visit | General Business Purpose,%,3.0
2024,EUROPE,France,Main Purpose of Visit | MICE,%,6.0
2024,EUROPE,France,Main Purpose of Visit | Others,%,2.0
2024,EUROPE,France,Frequency of Visit | First,%,59.0
2024,EUROPE,France,Frequency of Visit | Repeat,%,41.0
2024,EUROPE,France,Accommodation | Hotel,%,58.0
2024,EUROPE,France,Accommodation | Residence of Friends/ Relatives,%,13.0
2024,EUROPE,France,Accommodation | Others,%,29.0
2024,EUROPE,Germany,Main Purpose of Visit | Holiday,%,86.0
2024,EUROPE,Germany,Main Purpose of Visit | Visit Friends / Relatives,%,5.0
2024,EUROPE,Germany,Main Purpose of Visit | General Business Purpose,%,5.0
2024,EUROPE,Germany,Main Purpose of Visit | MICE,%,3.0
2024,EUROPE,Germany,Main Purpose of Visit | Others,%,1.0
2024,EUROPE,Germany,Frequency of Visit | First,%,60.0
2024,EUROPE,Germany,Frequency of Visit | Repeat,%,40.0
2024,EUROPE,Germany,Accommodation | Hotel,%,64.0
2024,EUROPE,Germany,Accommodation | Residence of Friends/ Relatives,%,8.0
2024,EUROPE,Germany,Accommodation | Others,%,28.0
2024,EUROPE,Italy,Main Purpose of Visit | Holiday,%,81.0
2024,EUROPE,Italy,Main Purpose of Visit | Visit Friends / Relatives,%,3.0
2024,EUROPE,Italy,Main Purpose of Visit | General Business Purpose,%,5.0
2024,EUROPE,Italy,Main Purpose of Visit | MICE,%,7.0
2024,EUROPE,Italy,Main Purpose of Visit | Others,%,5.0
2024,EUROPE,Italy,Frequency of Visit | First,%,65.0
2024,EUROPE,Italy,Frequency of Visit | Repeat,%,35.0
2024,EUROPE,Italy,Accommodation | Hotel,%,61.0
2024,EUROPE,Italy,Accommodation | Residence of Friends/ Relatives,%,5.0
2024,EUROPE,Italy,Accommodation | Others,%,34.0
2024,EUROPE,Netherlands,Main Purpose of Visit | Holiday,%,70.0
2024,EUROPE,Netherlands,Main Purpose of Visit | Visit Friends / Relatives,%,11.0
2024,EUROPE,Netherlands,Main Purpose of Visit | General Business Purpose,%,4.0
2024,EUROPE,Netherlands,Main Purpose of Visit | MICE,%,12.0
2024,EUROPE,Netherlands,Main Purpose of Visit | Others,%,3.0
2024,EUROPE,Netherlands,Frequency of Visit | First,%,43.0
2024,EUROPE,Netherlands,Frequency of Visit | Repeat,%,57.0
2024,EUROPE,Netherlands,Accommodation | Hotel,%,66.0
2024,EUROPE,Netherlands,Accommodation | Residence of Friends/ Relatives,%,6.0
2024,EUROPE,Netherlands,Accommodation | Others,%,28.0
2024,EUROPE,Switzerland,Main Purpose of Visit | Holiday,%,81.0
2024,EUROPE,Switzerland,Main Purpose of Visit | Visit Friends / Relatives,%,8.0
2024,EUROPE,Switzerland,Main Purpose of Visit | General Business Purpose,%,3.0
2024,EUROPE,Switzerland,Main Purpose of Visit | MICE,%,3.0
2024,EUROPE,Switzerland,Main Purpose of Visit | Others,%,5.0
2024,EUROPE,Switzerland,Frequency of Visit | First,%,55.0
2024,EUROPE,Switzerland,Frequency of Visit | Repeat,%,45.0
2024,EUROPE,Switzerland,Accommodation | Hotel,%,68.0
2024,EUROPE,Switzerland,Accommodation | Residence of Friends/ Relatives,%,9.0
2024,EUROPE,Switzerland,Accommodation | Others,%,23.0
2024,EUROPE,UK,Main Purpose of Visit | Holiday,%,80.0
2024,EUROPE,UK,Main Purpose of Visit | Visit Friends / Relatives,%,10.0
2024,EUROPE,UK,Main Purpose of Visit | General Business Purpose,%,3.0
2024,EUROPE,UK,Main Purpose of Visit | MICE,%,5.0
2024,EUROPE,UK,Main Purpose of Visit | Others,%,2.0
2024,EUROPE,UK,Frequency of Visit | First,%,46.0
2024,EUROPE,UK,Frequency of Visit | Repeat,%,54.0
2024,EUROPE,UK,Accommodation | Hotel,%,61.0
2024,EUROPE,UK,Accommodation | Residence of Friends/ Relatives,%,9.0
2024,EUROPE,UK,Accommodation | Others,%,31.0
2024,AMERICAS,Canada,Main Purpose of Visit | Holiday,%,75.0
2024,AMERICAS,Canada,Main Purpose of Visit | Visit Friends / Relatives,%,17.0
2024,AMERICAS,Canada,Main Purpose of Visit | General Business Purpose,%,5.0
2024,AMERICAS,Canada,Main Purpose of Visit | MICE,%,2.0
2024,AMERICAS,Canada,Main Purpose of Visit | Others,%,1.0
2024,AMERICAS,Canada,Frequency of Visit | First,%,54.0
2024,AMERICAS,Canada,Frequency of Visit | Repeat,%,46.0
2024,AMERICAS,Canada,Accommodation | Hotel,%,62.0
2024,AMERICAS,Canada,Accommodation | Residence of Friends/ Relatives,%,15.0
2024,AMERICAS,Canada,Accommodation | Others,%,23.0
2024,AMERICAS,USA,Main Purpose of Visit | Holiday,%,69.0
2024,AMERICAS,USA,Main Purpose of Visit | Visit Friends / Relatives,%,10.0
2024,AMERICAS,USA,Main Purpose of Visit | General Business Purpose,%,9.0
2024,AMERICAS,USA,Main Purpose of Visit | MICE,%,8.0
2024,AMERICAS,USA,Main Purpose of Visit | Others,%,4.0
2024,AMERICAS,USA,Frequency of Visit | First,%,51.0
2024,AMERICAS,USA,Frequency of Visit | Repeat,%,49.0
2024,AMERICAS,USA,Accommodation | Hotel,%,68.0
2024,AMERICAS,USA,Accommodation | Residence of Friends/ Relatives,%,8.0
2024,AMERICAS,USA,Accommodation | Others,%,24.0
2024,OCEANIA,Australia,Main Purpose of Visit | Holiday,%,81.0
2024,OCEANIA,Australia,Main Purpose of Visit | Visit Friends / Relatives,%,9.0
2024,OCEANIA,Australia,Main Purpose of Visit | General Business Purpose,%,2.0
2024,OCEANIA,Australia,Main Purpose of Visit | MICE,%,5.0
2024,OCEANIA,Australia,Main Purpose of Visit | Others,%,2.0
2024,OCEANIA,Australia,Frequency of Visit | First,%,29.0
2024,OCEANIA,Australia,Frequency of Visit | Repeat,%,71.0
2024,OCEANIA,Australia,Accommodation | Hotel,%,67.0
2024,OCEANIA,Australia,Accommodation | Residence of Friends/ Relatives,%,9.0
2024,OCEANIA,Australia,Accommodation | Others,%,24.0
2024,OCEANIA,New Zealand,Main Purpose of Visit | Holiday,%,90.0
2024,OCEANIA,New Zealand,Main Purpose of Visit | Visit Friends / Relatives,%,5.0
2024,OCEANIA,New Zealand,Main Purpose of Visit | General Business Purpose,%,2.0
2024,OCEANIA,New Zealand,Main Purpose of Visit | MICE,%,1.0
2024,OCEANIA,New Zealand,Main Purpose of Visit | Others,%,2.0
2024,OCEANIA,New Zealand,Frequency of Visit | First,%,29.0
2024,OCEANIA,New Zealand,Frequency of Visit | Repeat,%,71.0
2024,OCEANIA,New Zealand,Accommodation | Hotel,%,80.0
2024,OCEANIA,New Zealand,Accommodation | Residence of Friends/ Relatives,%,7.0
2024,OCEANIA,New Zealand,Accommodation | Others,%,13.0
2024,AFRICA,South Africa (Rep of),Main Purpose of Visit | Holiday,%,85.0
2024,AFRICA,South Africa (Rep of),Main Purpose of Visit | Visit Friends / Relatives,%,6.0
2024,AFRICA,South Africa (Rep of),Main Purpose of Visit | General Business Purpose,%,1.0
2024,AFRICA,South Africa (Rep of),Main Purpose of Visit | MICE,%,6.0
2024,AFRICA,South Africa (Rep of),Main Purpose of Visit | Others,%,2.0
2024,AFRICA,South Africa (Rep of),Frequency of Visit | First,%,63.0
2024,AFRICA,South Africa (Rep of),Frequency of Visit | Repeat,%,37.0
2024,AFRICA,South Africa (Rep of),Accommodation | Hotel,%,37.0
2024,AFRICA,South Africa (Rep of),Accommodation | Residence of Friends/ Relatives,%,3.0
2024,AFRICA,South Africa (Rep of),Accommodation | Others,%,60.0
2024,REMAINING,Others,Main Purpose of Visit | Holiday,%,71.0
2024,REMAINING,Others,Main Purpose of Visit | Visit Friends / Relatives,%,11.0
2024,REMAINING,Others,Main Purpose of Visit | General Business Purpose,%,7.0
2024,REMAINING,Others,Main Purpose of Visit | MICE,%,5.0
2024,REMAINING,Others,Main Purpose of Visit | Others,%,6.0
2024,REMAINING,Others,Frequency of Visit | First,%,52.0
2024,REMAINING,Others,Frequency of Visit | Repeat,%,48.0
2024,REMAINING,Others,Accommodation | Hotel,%,64.0
2024,REMAINING,Others,Accommodation | Residence of Friends/ Relatives,%,12.0
2024,REMAINING,Others,Accommodation | Others,%,24.0
2023,SOUTHEAST ASIA,Indonesia,Main Purpose of Visit | Holiday,%,68.0
2023,SOUTHEAST ASIA,Indonesia,Main Purpose of Visit | Visit Friends / Relatives,%,9.0
2023,SOUTHEAST ASIA,Indonesia,Main Purpose of Visit | General Business Purpose,%,5.0
2023,SOUTHEAST ASIA,Indonesia,Main Purpose of Visit | MICE,%,5.0
2023,SOUTHEAST ASIA,Indonesia,Main Purpose of Visit | Others,%,12.0
2023,SOUTHEAST ASIA,Indonesia,Frequency of Visit | First,%,15.0
2023,SOUTHEAST ASIA,Indonesia,Frequency of Visit | Repeat,%,85.0
2023,SOUTHEAST ASIA,Indonesia,Accommodation | Hotel,%,35.0
2023,SOUTHEAST ASIA,Indonesia,Accommodation | Residence of Friends/ Relatives,%,14.0
2023,SOUTHEAST ASIA,Indonesia,Accommodation | Others,%,51.0
2023,SOUTHEAST ASIA,Malaysia,Main Purpose of Visit | Holiday,%,44.0
2023,SOUTHEAST ASIA,Malaysia,Main Purpose of Visit | Visit Friends / Relatives,%,21.0
2023,SOUTHEAST ASIA,Malaysia,Main Purpose of Visit | General Business Purpose,%,12.0
2023,SOUTHEAST ASIA,Malaysia,Main Purpose of Visit | MICE,%,13.0
2023,SOUTHEAST ASIA,Malaysia,Main Purpose of Visit | Others,%,10.0
2023,SOUTHEAST ASIA,Malaysia,Frequency of Visit | First,%,10.0
2023,SOUTHEAST ASIA,Malaysia,Frequency of Visit | Repeat,%,90.0
2023,SOUTHEAST ASIA,Malaysia,Accommodation | Hotel,%,33.0
2023,SOUTHEAST ASIA,Malaysia,Accommodation | Residence of Friends/ Relatives,%,22.0
2023,SOUTHEAST ASIA,Malaysia,Accommodation | Others,%,45.0
2023,SOUTHEAST ASIA,Philippines,Main Purpose of Visit | Holiday,%,72.0
2023,SOUTHEAST ASIA,Philippines,Main Purpose of Visit | Visit Friends / Relatives,%,13.0
2023,SOUTHEAST ASIA,Philippines,Main Purpose of Visit | General Business Purpose,%,4.0
2023,SOUTHEAST ASIA,Philippines,Main Purpose of Visit | MICE,%,4.0
2023,SOUTHEAST ASIA,Philippines,Main Purpose of Visit | Others,%,6.0
2023,SOUTHEAST ASIA,Philippines,Frequency of Visit | First,%,41.0
2023,SOUTHEAST ASIA,Philippines,Frequency of Visit | Repeat,%,59.0
2023,SOUTHEAST ASIA,Philippines,Accommodation | Hotel,%,49.0
2023,SOUTHEAST ASIA,Philippines,Accommodation | Residence of Friends/ Relatives,%,21.0
2023,SOUTHEAST ASIA,Philippines,Accommodation | Others,%,30.0
2023,SOUTHEAST ASIA,Thailand,Main Purpose of Visit | Holiday,%,61.0
2023,SOUTHEAST ASIA,Thailand,Main Purpose of Visit | Visit Friends / Relatives,%,11.0
2023,SOUTHEAST ASIA,Thailand,Main Purpose of Visit | General Business Purpose,%,9.0
2023,SOUTHEAST ASIA,Thailand,Main Purpose of Visit | MICE,%,12.0
2023,SOUTHEAST ASIA,Thailand,Main Purpose of Visit | Others,%,6.0
2023,SOUTHEAST ASIA,Thailand,Frequency of Visit | First,%,28.0
2023,SOUTHEAST ASIA,Thailand,Frequency of Visit | Repeat,%,72.0
2023,SOUTHEAST ASIA,Thailand,Accommodation | Hotel,%,57.0
2023,SOUTHEAST ASIA,Thailand,Accommodation | Residence of Friends/ Relatives,%,12.0
2023,SOUTHEAST ASIA,Thailand,Accommodation | Others,%,31.0
2023,SOUTHEAST ASIA,Vietnam,Main Purpose of Visit | Holiday,%,61.0
2023,SOUTHEAST ASIA,Vietnam,Main Purpose of Visit | Visit Friends / Relatives,%,12.0
2023,SOUTHEAST ASIA,Vietnam,Main Purpose of Visit | General Business Purpose,%,8.0
2023,SOUTHEAST ASIA,Vietnam,Main Purpose of Visit | MICE,%,11.0
2023,SOUTHEAST ASIA,Vietnam,Main Purpose of Visit | Others,%,7.0
2023,SOUTHEAST ASIA,Vietnam,Frequency of Visit | First,%,41.0
2023,SOUTHEAST ASIA,Vietnam,Frequency of Visit | Repeat,%,59.0
2023,SOUTHEAST ASIA,Vietnam,Accommodation | Hotel,%,60.0
2023,SOUTHEAST ASIA,Vietnam,Accommodation | Residence of Friends/ Relatives,%,13.0
2023,SOUTHEAST ASIA,Vietnam,Accommodation | Others,%,27.0
2023,GREATER CHINA,China,Main Purpose of Visit | Holiday,%,59.0
2023,GREATER CHINA,China,Main Purpose of Visit | Visit Friends / Relatives,%,15.0
2023,GREATER CHINA,China,Main Purpose of Visit | General Business Purpose,%,13.0
2023,GREATER CHINA,China,Main Purpose of Visit | MICE,%,6.0
2023,GREATER CHINA,China,Main Purpose of Visit | Others,%,7.0
2023,GREATER CHINA,China,Frequency of Visit | First,%,52.0
2023,GREATER CHINA,China,Frequency of Visit | Repeat,%,48.0
2023,GREATER CHINA,China,Accommodation | Hotel,%,63.0
2023,GREATER CHINA,China,Accommodation | Residence of Friends/ Relatives,%,16.0
2023,GREATER CHINA,China,Accommodation | Others,%,21.0
2023,GREATER CHINA,Hong Kong SAR,Main Purpose of Visit | Holiday,%,44.0
2023,GREATER CHINA,Hong Kong SAR,Main Purpose of Visit | Visit Friends / Relatives,%,20.0
2023,GREATER CHINA,Hong Kong SAR,Main Purpose of Visit | General Business Purpose,%,18.0
2023,GREATER CHINA,Hong Kong SAR,Main Purpose of Visit | MICE,%,13.0
2023,GREATER CHINA,Hong Kong SAR,Main Purpose of Visit | Others,%,5.0
2023,GREATER CHINA,Hong Kong SAR,Frequency of Visit | First,%,20.0
2023,GREATER CHINA,Hong Kong SAR,Frequency of Visit | Repeat,%,80.0
2023,GREATER CHINA,Hong Kong SAR,Accommodation | Hotel,%,63.0
2023,GREATER CHINA,Hong Kong SAR,Accommodation | Residence of Friends/ Relatives,%,17.0
2023,GREATER CHINA,Hong Kong SAR,Accommodation | Others,%,20.0
2023,GREATER CHINA,Taiwan,Main Purpose of Visit | Holiday,%,53.0
2023,GREATER CHINA,Taiwan,Main Purpose of Visit | Visit Friends / Relatives,%,16.0
2023,GREATER CHINA,Taiwan,Main Purpose of Visit | General Business Purpose,%,14.0
2023,GREATER CHINA,Taiwan,Main Purpose of Visit | MICE,%,11.0
2023,GREATER CHINA,Taiwan,Main Purpose of Visit | Others,%,6.0
2023,GREATER CHINA,Taiwan,Frequency of Visit | First,%,34.0
2023,GREATER CHINA,Taiwan,Frequency of Visit | Repeat,%,66.0
2023,GREATER CHINA,Taiwan,Accommodation | Hotel,%,60.0
2023,GREATER CHINA,Taiwan,Accommodation | Residence of Friends/ Relatives,%,12.0
2023,GREATER CHINA,Taiwan,Accommodation | Others,%,27.0
2023,NORTH ASIA,Japan,Main Purpose of Visit | Holiday,%,56.0
2023,NORTH ASIA,Japan,Main Purpose of Visit | Visit Friends / Relatives,%,9.0
2023,NORTH ASIA,Japan,Main Purpose of Visit | General Business Purpose,%,19.0
2023,NORTH ASIA,Japan,Main Purpose of Visit | MICE,%,8.0
2023,NORTH ASIA,Japan,Main Purpose of Visit | Others,%,7.0
2023,NORTH ASIA,Japan,Frequency of Visit | First,%,48.0
2023,NORTH ASIA,Japan,Frequency of Visit | Repeat,%,52.0
2023,NORTH ASIA,Japan,Accommodation | Hotel,%,58.0
2023,NORTH ASIA,Japan,Accommodation | Residence of Friends/ Relatives,%,11.0
2023,NORTH ASIA,Japan,Accommodation | Others,%,31.0
2023,NORTH ASIA,South Korea,Main Purpose of Visit | Holiday,%,68.0
2023,NORTH ASIA,South Korea,Main Purpose of Visit | Visit Friends / Relatives,%,9.0
2023,NORTH ASIA,South Korea,Main Purpose of Visit | General Business Purpose,%,10.0
2023,NORTH ASIA,South Korea,Main Purpose of Visit | MICE,%,7.0
2023,NORTH ASIA,South Korea,Main Purpose of Visit | Others,%,6.0
2023,NORTH ASIA,South Korea,Frequency of Visit | First,%,57.0
2023,NORTH ASIA,South Korea,Frequency of Visit | Repeat,%,43.0
2023,NORTH ASIA,South Korea,Accommodation | Hotel,%,58.0
2023,NORTH ASIA,South Korea,Accommodation | Residence of Friends/ Relatives,%,10.0
2023,NORTH ASIA,South Korea,Accommodation | Others,%,32.0
2023,SOUTH ASIA,India,Main Purpose of Visit | Holiday,%,69.0
2023,SOUTH ASIA,India,Main Purpose of Visit | Visit Friends / Relatives,%,12.0
2023,SOUTH ASIA,India,Main Purpose of Visit | General Business Purpose,%,8.0
2023,SOUTH ASIA,India,Main Purpose of Visit | MICE,%,6.0
2023,SOUTH ASIA,India,Main Purpose of Visit | Others,%,5.0
2023,SOUTH ASIA,India,Frequency of Visit | First,%,57.0
2023,SOUTH ASIA,India,Frequency of Visit | Repeat,%,43.0
2023,SOUTH ASIA,India,Accommodation | Hotel,%,46.0
2023,SOUTH ASIA,India,Accommodation | Residence of Friends/ Relatives,%,17.0
2023,SOUTH ASIA,India,Accommodation | Others,%,36.0
2023,EUROPE,France,Main Purpose of Visit | Holiday,%,80.0
2023,EUROPE,France,Main Purpose of Visit | Visit Friends / Relatives,%,8.0
2023,EUROPE,France,Main Purpose of Visit | General Business Purpose,%,4.0
2023,EUROPE,France,Main Purpose of Visit | MICE,%,4.0
2023,EUROPE,France,Main Purpose of Visit | Others,%,4.0
2023,EUROPE,France,Frequency of Visit | First,%,72.0
2023,EUROPE,France,Frequency of Visit | Repeat,%,28.0
2023,EUROPE,France,Accommodation | Hotel,%,48.0
2023,EUROPE,France,Accommodation | Residence of Friends/ Relatives,%,12.0
2023,EUROPE,France,Accommodation | Others,%,40.0
2023,EUROPE,Germany,Main Purpose of Visit | Holiday,%,90.0
2023,EUROPE,Germany,Main Purpose of Visit | Visit Friends / Relatives,%,4.0
2023,EUROPE,Germany,Main Purpose of Visit | General Business Purpose,%,3.0
2023,EUROPE,Germany,Main Purpose of Visit | MICE,%,3.0
2023,EUROPE,Germany,Main Purpose of Visit | Others,%,1.0
2023,EUROPE,Germany,Frequency of Visit | First,%,61.0
2023,EUROPE,Germany,Frequency of Visit | Repeat,%,39.0
2023,EUROPE,Germany,Accommodation | Hotel,%,47.0
2023,EUROPE,Germany,Accommodation | Residence of Friends/ Relatives,%,4.0
2023,EUROPE,Germany,Accommodation | Others,%,50.0
2023,EUROPE,Italy,Main Purpose of Visit | Holiday,%,80.0
2023,EUROPE,Italy,Main Purpose of Visit | Visit Friends / Relatives,%,2.0
2023,EUROPE,Italy,Main Purpose of Visit | General Business Purpose,%,8.0
2023,EUROPE,Italy,Main Purpose of Visit | MICE,%,9.0
2023,EUROPE,Italy,Main Purpose of Visit | Others,%,1.0
2023,EUROPE,Italy,Frequency of Visit | First,%,69.0
2023,EUROPE,Italy,Frequency of Visit | Repeat,%,31.0
2023,EUROPE,Italy,Accommodation | Hotel,%,53.0
2023,EUROPE,Italy,Accommodation | Residence of Friends/ Relatives,%,3.0
2023,EUROPE,Italy,Accommodation | Others,%,45.0
2023,EUROPE,Netherlands,Main Purpose of Visit | Holiday,%,73.0
2023,EUROPE,Netherlands,Main Purpose of Visit | Visit Friends / Relatives,%,6.0
2023,EUROPE,Netherlands,Main Purpose of Visit | General Business Purpose,%,4.0
2023,EUROPE,Netherlands,Main Purpose of Visit | MICE,%,10.0
2023,EUROPE,Netherlands,Main Purpose of Visit | Others,%,7.0
2023,EUROPE,Netherlands,Frequency of Visit | First,%,49.0
2023,EUROPE,Netherlands,Frequency of Visit | Repeat,%,51.0
2023,EUROPE,Netherlands,Accommodation | Hotel,%,44.0
2023,EUROPE,Netherlands,Accommodation | Residence of Friends/ Relatives,%,5.0
2023,EUROPE,Netherlands,Accommodation | Others,%,51.0
2023,EUROPE,Switzerland,Main Purpose of Visit | Holiday,%,80.0
2023,EUROPE,Switzerland,Main Purpose of Visit | Visit Friends / Relatives,%,4.0
2023,EUROPE,Switzerland,Main Purpose of Visit | General Business Purpose,%,6.0
2023,EUROPE,Switzerland,Main Purpose of Visit | MICE,%,5.0
2023,EUROPE,Switzerland,Main Purpose of Visit | Others,%,5.0
2023,EUROPE,Switzerland,Frequency of Visit | First,%,67.0
2023,EUROPE,Switzerland,Frequency of Visit | Repeat,%,33.0
2023,EUROPE,Switzerland,Accommodation | Hotel,%,64.0
2023,EUROPE,Switzerland,Accommodation | Residence of Friends/ Relatives,%,5.0
2023,EUROPE,Switzerland,Accommodation | Others,%,31.0
2023,EUROPE,UK,Main Purpose of Visit | Holiday,%,81.0
2023,EUROPE,UK,Main Purpose of Visit | Visit Friends / Relatives,%,8.0
2023,EUROPE,UK,Main Purpose of Visit | General Business Purpose,%,3.0
2023,EUROPE,UK,Main Purpose of Visit | MICE,%,5.0
2023,EUROPE,UK,Main Purpose of Visit | Others,%,3.0
2023,EUROPE,UK,Frequency of Visit | First,%,53.0
2023,EUROPE,UK,Frequency of Visit | Repeat,%,47.0
2023,EUROPE,UK,Accommodation | Hotel,%,52.0
2023,EUROPE,UK,Accommodation | Residence of Friends/ Relatives,%,9.0
2023,EUROPE,UK,Accommodation | Others,%,38.0
2023,AMERICAS,Canada,Main Purpose of Visit | Holiday,%,78.0
2023,AMERICAS,Canada,Main Purpose of Visit | Visit Friends / Relatives,%,12.0
2023,AMERICAS,Canada,Main Purpose of Visit | General Business Purpose,%,4.0
2023,AMERICAS,Canada,Main Purpose of Visit | MICE,%,2.0
2023,AMERICAS,Canada,Main Purpose of Visit | Others,%,3.0
2023,AMERICAS,Canada,Frequency of Visit | First,%,55.0
2023,AMERICAS,Canada,Frequency of Visit | Repeat,%,45.0
2023,AMERICAS,Canada,Accommodation | Hotel,%,38.0
2023,AMERICAS,Canada,Accommodation | Residence of Friends/ Relatives,%,9.0
2023,AMERICAS,Canada,Accommodation | Others,%,53.0
2023,AMERICAS,USA,Main Purpose of Visit | Holiday,%,73.0
2023,AMERICAS,USA,Main Purpose of Visit | Visit Friends / Relatives,%,8.0
2023,AMERICAS,USA,Main Purpose of Visit | General Business Purpose,%,9.0
2023,AMERICAS,USA,Main Purpose of Visit | MICE,%,6.0
2023,AMERICAS,USA,Main Purpose of Visit | Others,%,4.0
2023,AMERICAS,USA,Frequency of Visit | First,%,59.0
2023,AMERICAS,USA,Frequency of Visit | Repeat,%,41.0
2023,AMERICAS,USA,Accommodation | Hotel,%,55.0
2023,AMERICAS,USA,Accommodation | Residence of Friends/ Relatives,%,7.0
2023,AMERICAS,USA,Accommodation | Others,%,38.0
2023,OCEANIA,Australia,Main Purpose of Visit | Holiday,%,84.0
2023,OCEANIA,Australia,Main Purpose of Visit | Visit Friends / Relatives,%,7.0
2023,OCEANIA,Australia,Main Purpose of Visit | General Business Purpose,%,2.0
2023,OCEANIA,Australia,Main Purpose of Visit | MICE,%,4.0
2023,OCEANIA,Australia,Main Purpose of Visit | Others,%,2.0
2023,OCEANIA,Australia,Frequency of Visit | First,%,31.0
2023,OCEANIA,Australia,Frequency of Visit | Repeat,%,69.0
2023,OCEANIA,Australia,Accommodation | Hotel,%,53.0
2023,OCEANIA,Australia,Accommodation | Residence of Friends/ Relatives,%,9.0
2023,OCEANIA,Australia,Accommodation | Others,%,38.0
2023,OCEANIA,New Zealand,Main Purpose of Visit | Holiday,%,84.0
2023,OCEANIA,New Zealand,Main Purpose of Visit | Visit Friends / Relatives,%,7.0
2023,OCEANIA,New Zealand,Main Purpose of Visit | General Business Purpose,%,2.0
2023,OCEANIA,New Zealand,Main Purpose of Visit | MICE,%,2.0
2023,OCEANIA,New Zealand,Main Purpose of Visit | Others,%,4.0
2023,OCEANIA,New Zealand,Frequency of Visit | First,%,31.0
2023,OCEANIA,New Zealand,Frequency of Visit | Repeat,%,69.0
2023,OCEANIA,New Zealand,Accommodation | Hotel,%,58.0
2023,OCEANIA,New Zealand,Accommodation | Residence of Friends/ Relatives,%,10.0
2023,OCEANIA,New Zealand,Accommodation | Others,%,32.0
2023,AFRICA,South Africa (Rep of),Main Purpose of Visit | Holiday,%,68.0
2023,AFRICA,South Africa (Rep of),Main Purpose of Visit | Visit Friends / Relatives,%,3.0
2023,AFRICA,South Africa (Rep of),Main Purpose of Visit | General Business Purpose,%,5.0
2023,AFRICA,South Africa (Rep of),Main Purpose of Visit | MICE,%,10.0
2023,AFRICA,South Africa (Rep of),Main Purpose of Visit | Others,%,13.0
2023,AFRICA,South Africa (Rep of),Frequency of Visit | First,%,55.0
2023,AFRICA,South Africa (Rep of),Frequency of Visit | Repeat,%,45.0
2023,AFRICA,South Africa (Rep of),Accommodation | Hotel,%,44.0
2023,AFRICA,South Africa (Rep of),Accommodation | Residence of Friends/ Relatives,%,4.0
2023,AFRICA,South Africa (Rep of),Accommodation | Others,%,52.0
2023,REMAINING,Others,Main Purpose of Visit | Holiday,%,73.0
2023,REMAINING,Others,Main Purpose of Visit | Visit Friends / Relatives,%,7.0
2023,REMAINING,Others,Main Purpose of Visit | General Business Purpose,%,6.0
2023,REMAINING,Others,Main Purpose of Visit | MICE,%,6.0
2023,REMAINING,Others,Main Purpose of Visit | Others,%,8.0
2023,REMAINING,Others,Frequency of Visit | First,%,56.0
2023,REMAINING,Others,Frequency of Visit | Repeat,%,44.0
2023,REMAINING,Others,Accommodation | Hotel,%,52.0
2023,REMAINING,Others,Accommodation | Residence of Friends/ Relatives,%,9.0
2023,REMAINING,Others,Accommodation | Others,%,39.0
2019,SOUTHEAST ASIA,Indonesia,Main Purpose of Visit | Holiday,%,52.99840759148434
2019,SOUTHEAST ASIA,Indonesia,Main Purpose of Visit | Visit Friends / Relatives,%,17.4148168856918
2019,SOUTHEAST ASIA,Indonesia,Main Purpose of Visit | General Business Purpose,%,7.476974127544501
2019,SOUTHEAST ASIA,Indonesia,Main Purpose of Visit | MICE,%,3.024133992543627
2019,SOUTHEAST ASIA,Indonesia,Main Purpose of Visit | Others,%,10.79899922721599
2019,SOUTHEAST ASIA,Indonesia,Main Purpose of Visit | Not Stated,%,8.286668175519704
2019,SOUTHEAST ASIA,Indonesia,Frequency of Visit | First,%,12.05348760177874
2019,SOUTHEAST ASIA,Indonesia,Frequency of Visit | Repeat,%,79.65984422270151
2019,SOUTHEAST ASIA,Indonesia,Frequency of Visit | Not Stated,%,8.286668175519704
2019,SOUTHEAST ASIA,Indonesia,Accommodation | Hotel,%,41.06359403533121
2019,SOUTHEAST ASIA,Indonesia,Accommodation | Residence of Friends/ Relatives,%,19.69778246398866
2019,SOUTHEAST ASIA,Indonesia,Accommodation | Others,%,39.23862350068006
2019,SOUTHEAST ASIA,Malaysia,Main Purpose of Visit | Holiday,%,39.10545031969063
2019,SOUTHEAST ASIA,Malaysia,Main Purpose of Visit | Visit Friends / Relatives,%,28.73828682750452
2019,SOUTHEAST ASIA,Malaysia,Main Purpose of Visit | General Business Purpose,%,11.22531531503127
2019,SOUTHEAST ASIA,Malaysia,Main Purpose of Visit | MICE,%,5.465532272815244
2019,SOUTHEAST ASIA,Malaysia,Main Purpose of Visit | Others,%,5.426467895266661
2019,SOUTHEAST ASIA,Malaysia,Main Purpose of Visit | Not Stated,%,10.0389473696918
2019,SOUTHEAST ASIA,Malaysia,Frequency of Visit | First,%,6.463132362198267
2019,SOUTHEAST ASIA,Malaysia,Frequency of Visit | Repeat,%,83.49792026811001
2019,SOUTHEAST ASIA,Malaysia,Frequency of Visit | Not Stated,%,10.0389473696918
2019,SOUTHEAST ASIA,Malaysia,Accommodation | Hotel,%,29.57668792840967
2019,SOUTHEAST ASIA,Malaysia,Accommodation | Residence of Friends/ Relatives,%,30.58970631585574
2019,SOUTHEAST ASIA,Malaysia,Accommodation | Others,%,39.83360575573467
2019,SOUTHEAST ASIA,Philippines,Main Purpose of Visit | Holiday,%,53.34388837617605
2019,SOUTHEAST ASIA,Philippines,Main Purpose of Visit | Visit Friends / Relatives,%,24.31946765199878
2019,SOUTHEAST ASIA,Philippines,Main Purpose of Visit | General Business Purpose,%,4.410393503331366
2019,SOUTHEAST ASIA,Philippines,Main Purpose of Visit | MICE,%,2.66437222287126
2019,SOUTHEAST ASIA,Philippines,Main Purpose of Visit | Others,%,3.278725249041452
2019,SOUTHEAST ASIA,Philippines,Main Purpose of Visit | Not Stated,%,11.98315299658111
2019,SOUTHEAST ASIA,Philippines,Frequency of Visit | First,%,41.26300893835769
2019,SOUTHEAST ASIA,Philippines,Frequency of Visit | Repeat,%,46.7538380650612
2019,SOUTHEAST ASIA,Philippines,Frequency of Visit | Not Stated,%,11.98315299658111
2019,SOUTHEAST ASIA,Philippines,Accommodation | Hotel,%,38.72583607701252
2019,SOUTHEAST ASIA,Philippines,Accommodation | Residence of Friends/ Relatives,%,32.75394063725553
2019,SOUTHEAST ASIA,Philippines,Accommodation | Others,%,28.52022328573197
2019,SOUTHEAST ASIA,Thailand,Main Purpose of Visit | Holiday,%,51.31963109043103
2019,SOUTHEAST ASIA,Thailand,Main Purpose of Visit | Visit Friends / Relatives,%,15.42864440701887
2019,SOUTHEAST ASIA,Thailand,Main Purpose of Visit | General Business Purpose,%,15.96949188293122
2019,SOUTHEAST ASIA,Thailand,Main Purpose of Visit | MICE,%,4.614528598248559
2019,SOUTHEAST ASIA,Thailand,Main Purpose of Visit | Others,%,4.903330310399176
2019,SOUTHEAST ASIA,Thailand,Main Purpose of Visit | Not Stated,%,7.764373710971349
2019,SOUTHEAST ASIA,Thailand,Frequency of Visit | First,%,23.72131368047321
2019,SOUTHEAST ASIA,Thailand,Frequency of Visit | Repeat,%,68.51431260855563
2019,SOUTHEAST ASIA,Thailand,Frequency of Visit | Not Stated,%,7.764373710971349
2019,SOUTHEAST ASIA,Thailand,Accommodation | Hotel,%,62.06734420075503
2019,SOUTHEAST ASIA,Thailand,Accommodation | Residence of Friends/ Relatives,%,15.43465132456964
2019,SOUTHEAST ASIA,Thailand,Accommodation | Others,%,22.49800447467546
2019,SOUTHEAST ASIA,Vietnam,Main Purpose of Visit | Holiday,%,53.15347518637719
2019,SOUTHEAST ASIA,Vietnam,Main Purpose of Visit | Visit Friends / Relatives,%,15.44879769987498
2019,SOUTHEAST ASIA,Vietnam,Main Purpose of Visit | General Business Purpose,%,12.27393707692939
2019,SOUTHEAST ASIA,Vietnam,Main Purpose of Visit | MICE,%,3.417325597165634
2019,SOUTHEAST ASIA,Vietnam,Main Purpose of Visit | Others,%,5.480959561073145
2019,SOUTHEAST ASIA,Vietnam,Main Purpose of Visit | Not Stated,%,10.22550487857976
2019,SOUTHEAST ASIA,Vietnam,Frequency of Visit | First,%,40.63928905200311
2019,SOUTHEAST ASIA,Vietnam,Frequency of Visit | Repeat,%,49.13520606941729
2019,SOUTHEAST ASIA,Vietnam,Frequency of Visit | Not Stated,%,10.22550487857976
2019,SOUTHEAST ASIA,Vietnam,Accommodation | Hotel,%,59.17798811813838
2019,SOUTHEAST ASIA,Vietnam,Accommodation | Residence of Friends/ Relatives,%,17.59591116806448
2019,SOUTHEAST ASIA,Vietnam,Accommodation | Others,%,23.22610071379724
2019,GREATER CHINA,China,Main Purpose of Visit | Holiday,%,69.32703541826612
2019,GREATER CHINA,China,Main Purpose of Visit | Visit Friends / Relatives,%,11.73985755441711
2019,GREATER CHINA,China,Main Purpose of Visit | General Business Purpose,%,5.467397090350108
2019,GREATER CHINA,China,Main Purpose of Visit | MICE,%,2.581817056175066
2019,GREATER CHINA,China,Main Purpose of Visit | Others,%,1.334805632799166
2019,GREATER CHINA,China,Main Purpose of Visit | Not Stated,%,9.549087247992004
2019,GREATER CHINA,China,Frequency of Visit | First,%,60.17747636071786
2019,GREATER CHINA,China,Frequency of Visit | Repeat,%,30.27343639128958
2019,GREATER CHINA,China,Frequency of Visit | Not Stated,%,9.549087247992004
2019,GREATER CHINA,China,Accommodation | Hotel,%,54.51206273680814
2019,GREATER CHINA,China,Accommodation | Residence of Friends/ Relatives,%,12.42706698171705
2019,GREATER CHINA,China,Accommodation | Others,%,33.06087028147385
2019,GREATER CHINA,Hong Kong SAR,Main Purpose of Visit | Holiday,%,47.68474033034477
2019,GREATER CHINA,Hong Kong SAR,Main Purpose of Visit | Visit Friends / Relatives,%,16.38344445173001
2019,GREATER CHINA,Hong Kong SAR,Main Purpose of Visit | General Business Purpose,%,15.89462547898626
2019,GREATER CHINA,Hong Kong SAR,Main Purpose of Visit | MICE,%,5.151030114808184
2019,GREATER CHINA,Hong Kong SAR,Main Purpose of Visit | Others,%,2.832986252410779
2019,GREATER CHINA,Hong Kong SAR,Main Purpose of Visit | Not Stated,%,12.05317337172003
2019,GREATER CHINA,Hong Kong SAR,Frequency of Visit | First,%,24.64431367513682
2019,GREATER CHINA,Hong Kong SAR,Frequency of Visit | Repeat,%,63.30251295314318
2019,GREATER CHINA,Hong Kong SAR,Frequency of Visit | Not Stated,%,12.05317337172003
2019,GREATER CHINA,Hong Kong SAR,Accommodation | Hotel,%,60.33058023889215
2019,GREATER CHINA,Hong Kong SAR,Accommodation | Residence of Friends/ Relatives,%,15.84195024258834
2019,GREATER CHINA,Hong Kong SAR,Accommodation | Others,%,23.82746951851959
2019,GREATER CHINA,Taiwan,Main Purpose of Visit | Holiday,%,53.27548883986118
2019,GREATER CHINA,Taiwan,Main Purpose of Visit | Visit Friends / Relatives,%,16.42898609349487
2019,GREATER CHINA,Taiwan,Main Purpose of Visit | General Business Purpose,%,14.28923364949625
2019,GREATER CHINA,Taiwan,Main Purpose of Visit | MICE,%,4.033352137750718
2019,GREATER CHINA,Taiwan,Main Purpose of Visit | Others,%,1.785067085755907
2019,GREATER CHINA,Taiwan,Main Purpose of Visit | Not Stated,%,10.18787219364116
2019,GREATER CHINA,Taiwan,Frequency of Visit | First,%,33.53988830309538
2019,GREATER CHINA,Taiwan,Frequency of Visit | Repeat,%,56.27223950326356
2019,GREATER CHINA,Taiwan,Frequency of Visit | Not Stated,%,10.18787219364116
2019,GREATER CHINA,Taiwan,Accommodation | Hotel,%,55.91572018272073
2019,GREATER CHINA,Taiwan,Accommodation | Residence of Friends/ Relatives,%,16.76509706296595
2019,GREATER CHINA,Taiwan,Accommodation | Others,%,27.31918275431342
2019,NORTH ASIA,Japan,Main Purpose of Visit | Holiday,%,54.99823078002157
2019,NORTH ASIA,Japan,Main Purpose of Visit | Visit Friends / Relatives,%,6.521845470480667
2019,NORTH ASIA,Japan,Main Purpose of Visit | General Business Purpose,%,18.81253050321316
2019,NORTH ASIA,Japan,Main Purpose of Visit | MICE,%,7.258041913442957
2019,NORTH ASIA,Japan,Main Purpose of Visit | Others,%,3.19271297104796
2019,NORTH ASIA,Japan,Main Purpose of Visit | Not Stated,%,9.21663836179352
2019,NORTH ASIA,Japan,Frequency of Visit | First,%,47.78349406112786
2019,NORTH ASIA,Japan,Frequency of Visit | Repeat,%,42.99986757707844
2019,NORTH ASIA,Japan,Frequency of Visit | Not Stated,%,9.21663836179352
2019,NORTH ASIA,Japan,Accommodation | Hotel,%,73.76072148383531
2019,NORTH ASIA,Japan,Accommodation | Residence of Friends/ Relatives,%,7.00892161077698
2019,NORTH ASIA,Japan,Accommodation | Others,%,19.23035690538771
2019,NORTH ASIA,South Korea,Main Purpose of Visit | Holiday,%,61.83089012813307
2019,NORTH ASIA,South Korea,Main Purpose of Visit | Visit Friends / Relatives,%,6.67223469278863
2019,NORTH ASIA,South Korea,Main Purpose of Visit | General Business Purpose,%,9.429299798505314
2019,NORTH ASIA,South Korea,Main Purpose of Visit | MICE,%,6.980304457591783
2019,NORTH ASIA,South Korea,Main Purpose of Visit | Others,%,1.772773296591309
2019,NORTH ASIA,South Korea,Main Purpose of Visit | Not Stated,%,13.31449762638984
2019,NORTH ASIA,South Korea,Frequency of Visit | First,%,56.31831829163607
2019,NORTH ASIA,South Korea,Frequency of Visit | Repeat,%,30.36718408197406
2019,NORTH ASIA,South Korea,Frequency of Visit | Not Stated,%,13.31449762638984
2019,NORTH ASIA,South Korea,Accommodation | Hotel,%,72.23955773290821
2019,NORTH ASIA,South Korea,Accommodation | Residence of Friends/ Relatives,%,5.86998632756361
2019,NORTH ASIA,South Korea,Accommodation | Others,%,21.89045593952817
2019,SOUTH ASIA,India,Main Purpose of Visit | Holiday,%,55.03743068989905
2019,SOUTH ASIA,India,Main Purpose of Visit | Visit Friends / Relatives,%,17.13727862151098
2019,SOUTH ASIA,India,Main Purpose of Visit | General Business Purpose,%,9.206686798651484
2019,SOUTH ASIA,India,Main Purpose of Visit | MICE,%,5.739580376179586
2019,SOUTH ASIA,India,Main Purpose of Visit | Others,%,1.549251542145962
2019,SOUTH ASIA,India,Main Purpose of Visit | Not Stated,%,11.32977197161302
2019,SOUTH ASIA,India,Frequency of Visit | First,%,49.50838789979097
2019,SOUTH ASIA,India,Frequency of Visit | Repeat,%,39.16184012859605
2019,SOUTH ASIA,India,Frequency of Visit | Not Stated,%,11.32977197161302
2019,SOUTH ASIA,India,Accommodation | Hotel,%,53.71705905713169
2019,SOUTH ASIA,India,Accommodation | Residence of Friends/ Relatives,%,20.43013273138048
2019,SOUTH ASIA,India,Accommodation | Others,%,25.85280821148788
2019,EUROPE,France,Main Purpose of Visit | Holiday,%,67.08747602911282
2019,EUROPE,France,Main Purpose of Visit | Visit Friends / Relatives,%,12.40471241659752
2019,EUROPE,France,Main Purpose of Visit | General Business Purpose,%,6.367305471701032
2019,EUROPE,France,Main Purpose of Visit | MICE,%,5.323624338915701
2019,EUROPE,France,Main Purpose of Visit | Others,%,1.338374395316896
2019,EUROPE,France,Main Purpose of Visit | Not Stated,%,7.478507348356014
2019,EUROPE,France,Frequency of Visit | First,%,53.06599342532857
2019,EUROPE,France,Frequency of Visit | Repeat,%,39.45549922631542
2019,EUROPE,France,Frequency of Visit | Not Stated,%,7.478507348356014
2019,EUROPE,France,Accommodation | Hotel,%,50.50761810381361
2019,EUROPE,France,Accommodation | Residence of Friends/ Relatives,%,15.42809046638566
2019,EUROPE,France,Accommodation | Others,%,34.06429142980075
2019,EUROPE,Germany,Main Purpose of Visit | Holiday,%,77.17785909701654
2019,EUROPE,Germany,Main Purpose of Visit | Visit Friends / Relatives,%,7.933834087125539
2019,EUROPE,Germany,Main Purpose of Visit | General Business Purpose,%,6.160499525355199
2019,EUROPE,Germany,Main Purpose of Visit | MICE,%,4.123316922697722
2019,EUROPE,Germany,Main Purpose of Visit | Not Stated,%,4.239398157244017
2019,EUROPE,Germany,Frequency of Visit | First,%,56.88234151042412
2019,EUROPE,Germany,Frequency of Visit | Repeat,%,38.87826033233184
2019,EUROPE,Germany,Frequency of Visit | Not Stated,%,4.239398157244017
2019,EUROPE,Germany,Accommodation | Hotel,%,59.55310114993641
2019,EUROPE,Germany,Accommodation | Residence of Friends/ Relatives,%,9.688758668406637
2019,EUROPE,Germany,Accommodation | Others,%,30.75814018165692
2019,EUROPE,Italy,Main Purpose of Visit | Holiday,%,76.10499139348887
2019,EUROPE,Italy,Main Purpose of Visit | Visit Friends / Relatives,%,4.262790837574029
2019,EUROPE,Italy,Main Purpose of Visit | General Business Purpose,%,5.593440104177192
2019,EUROPE,Italy,Main Purpose of Visit | MICE,%,2.410662351612751
2019,EUROPE,Italy,Main Purpose of Visit | Not Stated,%,11.23163443300401
2019,EUROPE,Italy,Frequency of Visit | First,%,56.23141453768062
2019,EUROPE,Italy,Frequency of Visit | Repeat,%,32.53695102931535
2019,EUROPE,Italy,Frequency of Visit | Not Stated,%,11.23163443300401
2019,EUROPE,Italy,Accommodation | Hotel,%,64.25785480982506
2019,EUROPE,Italy,Accommodation | Residence of Friends/ Relatives,%,4.999358370401186
2019,EUROPE,Italy,Accommodation | Others,%,30.74278681977376
2019,EUROPE,Netherlands,Main Purpose of Visit | Holiday,%,71.81649540916331
2019,EUROPE,Netherlands,Main Purpose of Visit | Visit Friends / Relatives,%,8.101413583029526
2019,EUROPE,Netherlands,Main Purpose of Visit | General Business Purpose,%,2.972923200034488
2019,EUROPE,Netherlands,Main Purpose of Visit | MICE,%,7.673096155988152
2019,EUROPE,Netherlands,Main Purpose of Visit | Others,%,1.200750451389813
2019,EUROPE,Netherlands,Main Purpose of Visit | Not Stated,%,8.235321200394733
2019,EUROPE,Netherlands,Frequency of Visit | First,%,61.8516181861032
2019,EUROPE,Netherlands,Frequency of Visit | Repeat,%,29.91306061350208
2019,EUROPE,Netherlands,Frequency of Visit | Not Stated,%,8.235321200394733
2019,EUROPE,Netherlands,Accommodation | Hotel,%,64.06544949538183
2019,EUROPE,Netherlands,Accommodation | Residence of Friends/ Relatives,%,6.540117597831435
2019,EUROPE,Netherlands,Accommodation | Others,%,29.39443290678675
2019,EUROPE,Switzerland,Main Purpose of Visit | Holiday,%,66.15161773972174
2019,EUROPE,Switzerland,Main Purpose of Visit | Visit Friends / Relatives,%,9.219688157999377
2019,EUROPE,Switzerland,Main Purpose of Visit | General Business Purpose,%,7.590739956596124
2019,EUROPE,Switzerland,Main Purpose of Visit | MICE,%,6.730316279659232
2019,EUROPE,Switzerland,Main Purpose of Visit | Not Stated,%,10.30763786602352
2019,EUROPE,Switzerland,Frequency of Visit | First,%,56.32688609512963
2019,EUROPE,Switzerland,Frequency of Visit | Repeat,%,33.36547603884686
2019,EUROPE,Switzerland,Frequency of Visit | Not Stated,%,10.30763786602352
2019,EUROPE,Switzerland,Accommodation | Hotel,%,63.27529209457679
2019,EUROPE,Switzerland,Accommodation | Residence of Friends/ Relatives,%,10.52388228267054
2019,EUROPE,Switzerland,Accommodation | Others,%,26.20082562275266
2019,EUROPE,UK,Main Purpose of Visit | Holiday,%,72.6840082535926
2019,EUROPE,UK,Main Purpose of Visit | Visit Friends / Relatives,%,10.47457681615341
2019,EUROPE,UK,Main Purpose of Visit | General Business Purpose,%,7.607602567855673
2019,EUROPE,UK,Main Purpose of Visit | MICE,%,3.75340558139379
2019,EUROPE,UK,Main Purpose of Visit | Not Stated,%,5.055014195925917
2019,EUROPE,UK,Frequency of Visit | First,%,48.61565928176488
2019,EUROPE,UK,Frequency of Visit | Repeat,%,46.32932652230926
2019,EUROPE,UK,Frequency of Visit | Not Stated,%,5.055014195925917
2019,EUROPE,UK,Accommodation | Hotel,%,63.82699852645915
2019,EUROPE,UK,Accommodation | Residence of Friends/ Relatives,%,12.62742686140699
2019,EUROPE,UK,Accommodation | Others,%,23.54557461213385
2019,AMERICAS,Canada,Main Purpose of Visit | Holiday,%,59.72008448764136
2019,AMERICAS,Canada,Main Purpose of Visit | Visit Friends / Relatives,%,21.56657790774001
2019,AMERICAS,Canada,Main Purpose of Visit | General Business Purpose,%,8.76351657705155
2019,AMERICAS,Canada,Main Purpose of Visit | MICE,%,1.943106455103922
2019,AMERICAS,Canada,Main Purpose of Visit | Others,%,1.059120575625276
2019,AMERICAS,Canada,Main Purpose of Visit | Not Stated,%,6.947593996837877
2019,AMERICAS,Canada,Frequency of Visit | First,%,53.42555163098787
2019,AMERICAS,Canada,Frequency of Visit | Repeat,%,39.62685437217422
2019,AMERICAS,Canada,Frequency of Visit | Not Stated,%,6.947593996837877
2019,AMERICAS,Canada,Accommodation | Hotel,%,49.49144275628075
2019,AMERICAS,Canada,Accommodation | Residence of Friends/ Relatives,%,22.37328046901811
2019,AMERICAS,Canada,Accommodation | Others,%,28.1352767747011
2019,AMERICAS,USA,Main Purpose of Visit | Holiday,%,57.47842617932742
2019,AMERICAS,USA,Main Purpose of Visit | Visit Friends / Relatives,%,11.27386765175056
2019,AMERICAS,USA,Main Purpose of Visit | General Business Purpose,%,17.26461178844111
2019,AMERICAS,USA,Main Purpose of Visit | MICE,%,6.502196861076521
2019,AMERICAS,USA,Main Purpose of Visit | Others,%,0.7697798748770629
2019,AMERICAS,USA,Main Purpose of Visit | Not Stated,%,6.711117644527287
2019,AMERICAS,USA,Frequency of Visit | First,%,48.57317489405845
2019,AMERICAS,USA,Frequency of Visit | Repeat,%,44.71570746141423
2019,AMERICAS,USA,Frequency of Visit | Not Stated,%,6.711117644527287
2019,AMERICAS,USA,Accommodation | Hotel,%,64.94774270001153
2019,AMERICAS,USA,Accommodation | Residence of Friends/ Relatives,%,11.10014148616845
2019,AMERICAS,USA,Accommodation | Others,%,23.95211581381995
2019,OCEANIA,Australia,Main Purpose of Visit | Holiday,%,64.41756716408109
2019,OCEANIA,Australia,Main Purpose of Visit | Visit Friends / Relatives,%,12.67351660965807
2019,OCEANIA,Australia,Main Purpose of Visit | General Business Purpose,%,7.364623852614263
2019,OCEANIA,Australia,Main Purpose of Visit | MICE,%,2.679257457803476
2019,OCEANIA,Australia,Main Purpose of Visit | Others,%,1.094736139446166
2019,OCEANIA,Australia,Main Purpose of Visit | Not Stated,%,11.77029877639684
2019,OCEANIA,Australia,Frequency of Visit | First,%,26.91939641777577
2019,OCEANIA,Australia,Frequency of Visit | Repeat,%,61.3103048058273
2019,OCEANIA,Australia,Frequency of Visit | Not Stated,%,11.77029877639684
2019,OCEANIA,Australia,Accommodation | Hotel,%,60.07937860019168
2019,OCEANIA,Australia,Accommodation | Residence of Friends/ Relatives,%,14.30870134227183
2019,OCEANIA,Australia,Accommodation | Others,%,25.61192005753638
2019,OCEANIA,New Zealand,Main Purpose of Visit | Holiday,%,68.65100724186028
2019,OCEANIA,New Zealand,Main Purpose of Visit | Visit Friends / Relatives,%,7.606252500922392
2019,OCEANIA,New Zealand,Main Purpose of Visit | General Business Purpose,%,6.482336427526973
2019,OCEANIA,New Zealand,Main Purpose of Visit | MICE,%,4.339586842031544
2019,OCEANIA,New Zealand,Main Purpose of Visit | Not Stated,%,12.9201595066397
2019,OCEANIA,New Zealand,Frequency of Visit | First,%,40.12545885732947
2019,OCEANIA,New Zealand,Frequency of Visit | Repeat,%,46.95438163603085
2019,OCEANIA,New Zealand,Frequency of Visit | Not Stated,%,12.9201595066397
2019,OCEANIA,New Zealand,Accommodation | Hotel,%,65.60550929156204
2019,OCEANIA,New Zealand,Accommodation | Residence of Friends/ Relatives,%,6.758607620463129
2019,OCEANIA,New Zealand,Accommodation | Others,%,27.63588308797485
2019,AFRICA,South Africa (Rep of),Main Purpose of Visit | Holiday,%,49.52598434459518
2019,AFRICA,South Africa (Rep of),Main Purpose of Visit | Visit Friends / Relatives,%,2.415456110989634
2019,AFRICA,South Africa (Rep of),Main Purpose of Visit | General Business Purpose,%,0.922852656874632
2019,AFRICA,South Africa (Rep of),Main Purpose of Visit | MICE,%,2.257059005753971
2019,AFRICA,South Africa (Rep of),Main Purpose of Visit | Not Stated,%,44.87864788178658
2019,AFRICA,South Africa (Rep of),Frequency of Visit | First,%,25.16710470571795
2019,AFRICA,South Africa (Rep of),Frequency of Visit | Repeat,%,29.95424741249547
2019,AFRICA,South Africa (Rep of),Frequency of Visit | Not Stated,%,44.87864788178658
2019,AFRICA,South Africa (Rep of),Accommodation | Hotel,%,43.52285374558079
2019,AFRICA,South Africa (Rep of),Accommodation | Residence of Friends/ Relatives,%,6.397726914390284
2019,AFRICA,South Africa (Rep of),Accommodation | Others,%,50.07941934002893
2019,REMAINING,Others,Main Purpose of Visit | Holiday,%,47.63729378645127
2019,REMAINING,Others,Main Purpose of Visit | Visit Friends / Relatives,%,10.87845450876354
2019,REMAINING,Others,Main Purpose of Visit | General Business Purpose,%,7.353096376104247
2019,REMAINING,Others,Main Purpose of Visit | MICE,%,3.493638987621946
2019,REMAINING,Others,Main Purpose of Visit | Others,%,4.81933218146853
2019,REMAINING,Others,Main Purpose of Visit | Not Stated,%,25.81818415959056
2019,REMAINING,Others,Frequency of Visit | First,%,39.64197901451161
2019,REMAINING,Others,Frequency of Visit | Repeat,%,34.53983682589794
2019,REMAINING,Others,Frequency of Visit | Not Stated,%,25.81818415959056
2019,REMAINING,Others,Accommodation | Hotel,%,46.91087548611311
2019,REMAINING,Others,Accommodation | Residence of Friends/ Relatives,%,13.5783166681678
2019,REMAINING,Others,Accommodation | Others,%,39.51080784571911
2018,SOUTHEAST ASIA,Indonesia,Main Purpose of Visit | Holiday,%,51.72741588787987
2018,SOUTHEAST ASIA,Indonesia,Main Purpose of Visit | Visit Friends / Relatives,%,15.49282291660191
2018,SOUTHEAST ASIA,Indonesia,Main Purpose of Visit | General Business Purpose,%,9.026026548517462
2018,SOUTHEAST ASIA,Indonesia,Main Purpose of Visit | MICE,%,2.990004743753358
2018,SOUTHEAST ASIA,Indonesia,Main Purpose of Visit | Others,%,12.2060062898682
2018,SOUTHEAST ASIA,Indonesia,Main Purpose of Visit | Not Stated,%,8.557723613378302
2018,SOUTHEAST ASIA,Indonesia,Frequency of Visit | First,%,14.01294326748696
2018,SOUTHEAST ASIA,Indonesia,Frequency of Visit | Repeat,%,77.42933311913359
2018,SOUTHEAST ASIA,Indonesia,Frequency of Visit | Not Stated,%,8.557723613378302
2018,SOUTHEAST ASIA,Indonesia,Accommodation | Hotel,%,39.39008899435117
2018,SOUTHEAST ASIA,Indonesia,Accommodation | Residence of Friends/ Relatives,%,21.34465785737194
2018,SOUTHEAST ASIA,Indonesia,Accommodation | Others,%,39.26525314827745
2018,SOUTHEAST ASIA,Malaysia,Main Purpose of Visit | Holiday,%,37.03797838512987
2018,SOUTHEAST ASIA,Malaysia,Main Purpose of Visit | Visit Friends / Relatives,%,24.72793233186824
2018,SOUTHEAST ASIA,Malaysia,Main Purpose of Visit | General Business Purpose,%,17.24607971603783
2018,SOUTHEAST ASIA,Malaysia,Main Purpose of Visit | MICE,%,5.845695069488859
2018,SOUTHEAST ASIA,Malaysia,Main Purpose of Visit | Others,%,4.681546056602946
2018,SOUTHEAST ASIA,Malaysia,Main Purpose of Visit | Not Stated,%,10.46076844087244
2018,SOUTHEAST ASIA,Malaysia,Frequency of Visit | First,%,8.43464581145717
2018,SOUTHEAST ASIA,Malaysia,Frequency of Visit | Repeat,%,81.10458574767065
2018,SOUTHEAST ASIA,Malaysia,Frequency of Visit | Not Stated,%,10.46076844087244
2018,SOUTHEAST ASIA,Malaysia,Accommodation | Hotel,%,32.80917470887744
2018,SOUTHEAST ASIA,Malaysia,Accommodation | Residence of Friends/ Relatives,%,31.40878945439556
2018,SOUTHEAST ASIA,Malaysia,Accommodation | Others,%,35.78203583672688
2018,SOUTHEAST ASIA,Philippines,Main Purpose of Visit | Holiday,%,56.31890455481129
2018,SOUTHEAST ASIA,Philippines,Main Purpose of Visit | Visit Friends / Relatives,%,19.16185622813523
2018,SOUTHEAST ASIA,Philippines,Main Purpose of Visit | General Business Purpose,%,6.554361860240528
2018,SOUTHEAST ASIA,Philippines,Main Purpose of Visit | MICE,%,3.265970887040389
2018,SOUTHEAST ASIA,Philippines,Main Purpose of Visit | Others,%,2.973644118313487
2018,SOUTHEAST ASIA,Philippines,Main Purpose of Visit | Not Stated,%,11.72526235145889
2018,SOUTHEAST ASIA,Philippines,Frequency of Visit | First,%,36.45741754865773
2018,SOUTHEAST ASIA,Philippines,Frequency of Visit | Repeat,%,51.8173200998833
2018,SOUTHEAST ASIA,Philippines,Frequency of Visit | Not Stated,%,11.72526235145889
2018,SOUTHEAST ASIA,Philippines,Accommodation | Hotel,%,37.88027894978142
2018,SOUTHEAST ASIA,Philippines,Accommodation | Residence of Friends/ Relatives,%,32.660768768933
2018,SOUTHEAST ASIA,Philippines,Accommodation | Others,%,29.45895228128595
2018,SOUTHEAST ASIA,Thailand,Main Purpose of Visit | Holiday,%,51.8197272087032
2018,SOUTHEAST ASIA,Thailand,Main Purpose of Visit | Visit Friends / Relatives,%,10.82350776597803
2018,SOUTHEAST ASIA,Thailand,Main Purpose of Visit | General Business Purpose,%,17.41860992427546
2018,SOUTHEAST ASIA,Thailand,Main Purpose of Visit | MICE,%,7.697054240462814
2018,SOUTHEAST ASIA,Thailand,Main Purpose of Visit | Others,%,4.730423867080439
2018,SOUTHEAST ASIA,Thailand,Main Purpose of Visit | Not Stated,%,7.510676993499974
2018,SOUTHEAST ASIA,Thailand,Frequency of Visit | First,%,27.87477715011175
2018,SOUTHEAST ASIA,Thailand,Frequency of Visit | Repeat,%,64.61454585638818
2018,SOUTHEAST ASIA,Thailand,Frequency of Visit | Not Stated,%,7.510676993499974
2018,SOUTHEAST ASIA,Thailand,Accommodation | Hotel,%,59.17535501249392
2018,SOUTHEAST ASIA,Thailand,Accommodation | Residence of Friends/ Relatives,%,16.44329764078246
2018,SOUTHEAST ASIA,Thailand,Accommodation | Others,%,24.38134734672363
2018,SOUTHEAST ASIA,Vietnam,Main Purpose of Visit | Holiday,%,52.03740746896874
2018,SOUTHEAST ASIA,Vietnam,Main Purpose of Visit | Visit Friends / Relatives,%,16.87060069336207
2018,SOUTHEAST ASIA,Vietnam,Main Purpose of Visit | General Business Purpose,%,11.9317927477587
2018,SOUTHEAST ASIA,Vietnam,Main Purpose of Visit | MICE,%,3.601365714776255
2018,SOUTHEAST ASIA,Vietnam,Main Purpose of Visit | Others,%,6.742449985154573
2018,SOUTHEAST ASIA,Vietnam,Main Purpose of Visit | Not Stated,%,8.816383389979897
2018,SOUTHEAST ASIA,Vietnam,Frequency of Visit | First,%,39.33018359772031
2018,SOUTHEAST ASIA,Vietnam,Frequency of Visit | Repeat,%,51.85343301229997
2018,SOUTHEAST ASIA,Vietnam,Frequency of Visit | Not Stated,%,8.816383389979897
2018,SOUTHEAST ASIA,Vietnam,Accommodation | Hotel,%,50.86544746960551
2018,SOUTHEAST ASIA,Vietnam,Accommodation | Residence of Friends/ Relatives,%,23.79585543763213
2018,SOUTHEAST ASIA,Vietnam,Accommodation | Others,%,25.3386970927622
2018,GREATER CHINA,China,Main Purpose of Visit | Holiday,%,68.33658034029294
2018,GREATER CHINA,China,Main Purpose of Visit | Visit Friends / Relatives,%,12.41564413162526
2018,GREATER CHINA,China,Main Purpose of Visit | General Business Purpose,%,6.398437080849289
2018,GREATER CHINA,China,Main Purpose of Visit | MICE,%,1.188788960451602
2018,GREATER CHINA,China,Main Purpose of Visit | Others,%,1.758107745642891
2018,GREATER CHINA,China,Main Purpose of Visit | Not Stated,%,9.902441741137004
2018,GREATER CHINA,China,Frequency of Visit | First,%,58.74685684108437
2018,GREATER CHINA,China,Frequency of Visit | Repeat,%,31.35070141777786
2018,GREATER CHINA,China,Frequency of Visit | Not Stated,%,9.902441741137004
2018,GREATER CHINA,China,Accommodation | Hotel,%,51.279981422348
2018,GREATER CHINA,China,Accommodation | Residence of Friends/ Relatives,%,14.74489469770908
2018,GREATER CHINA,China,Accommodation | Others,%,33.97512387994272
2018,GREATER CHINA,Hong Kong SAR,Main Purpose of Visit | Holiday,%,50.77287121290472
2018,GREATER CHINA,Hong Kong SAR,Main Purpose of Visit | Visit Friends / Relatives,%,14.05857506388508
2018,GREATER CHINA,Hong Kong SAR,Main Purpose of Visit | General Business Purpose,%,16.1682985669434
2018,GREATER CHINA,Hong Kong SAR,Main Purpose of Visit | MICE,%,5.908738628600951
2018,GREATER CHINA,Hong Kong SAR,Main Purpose of Visit | Others,%,2.174587565906242
2018,GREATER CHINA,Hong Kong SAR,Main Purpose of Visit | Not Stated,%,10.91692896175944
2018,GREATER CHINA,Hong Kong SAR,Frequency of Visit | First,%,24.24178947836003
2018,GREATER CHINA,Hong Kong SAR,Frequency of Visit | Repeat,%,64.84128155988026
2018,GREATER CHINA,Hong Kong SAR,Frequency of Visit | Not Stated,%,10.91692896175944
2018,GREATER CHINA,Hong Kong SAR,Accommodation | Hotel,%,59.45150618387294
2018,GREATER CHINA,Hong Kong SAR,Accommodation | Residence of Friends/ Relatives,%,18.34983645758181
2018,GREATER CHINA,Hong Kong SAR,Accommodation | Others,%,22.19865735854518
2018,GREATER CHINA,Taiwan,Main Purpose of Visit | Holiday,%,49.73254527009637
2018,GREATER CHINA,Taiwan,Main Purpose of Visit | Visit Friends / Relatives,%,15.1451477274294
2018,GREATER CHINA,Taiwan,Main Purpose of Visit | General Business Purpose,%,15.92823485950227
2018,GREATER CHINA,Taiwan,Main Purpose of Visit | MICE,%,6.170341525073572
2018,GREATER CHINA,Taiwan,Main Purpose of Visit | Others,%,2.429495233496261
2018,GREATER CHINA,Taiwan,Main Purpose of Visit | Not Stated,%,10.59423538440182
2018,GREATER CHINA,Taiwan,Frequency of Visit | First,%,36.6243309273421
2018,GREATER CHINA,Taiwan,Frequency of Visit | Repeat,%,52.7814336882557
2018,GREATER CHINA,Taiwan,Frequency of Visit | Not Stated,%,10.59423538440182
2018,GREATER CHINA,Taiwan,Accommodation | Hotel,%,57.6167931367746
2018,GREATER CHINA,Taiwan,Accommodation | Residence of Friends/ Relatives,%,16.06670904844036
2018,GREATER CHINA,Taiwan,Accommodation | Others,%,26.31649781478511
2018,NORTH ASIA,Japan,Main Purpose of Visit | Holiday,%,49.15051801006262
2018,NORTH ASIA,Japan,Main Purpose of Visit | Visit Friends / Relatives,%,9.691361770653302
2018,NORTH ASIA,Japan,Main Purpose of Visit | General Business Purpose,%,20.29381656665568
2018,NORTH ASIA,Japan,Main Purpose of Visit | MICE,%,9.452914422922152
2018,NORTH ASIA,Japan,Main Purpose of Visit | Others,%,2.974999985517821
2018,NORTH ASIA,Japan,Main Purpose of Visit | Not Stated,%,8.436389244188275
2018,NORTH ASIA,Japan,Frequency of Visit | First,%,46.30905921766916
2018,NORTH ASIA,Japan,Frequency of Visit | Repeat,%,45.25455153814231
2018,NORTH ASIA,Japan,Frequency of Visit | Not Stated,%,8.436389244188275
2018,NORTH ASIA,Japan,Accommodation | Hotel,%,70.63796878372237
2018,NORTH ASIA,Japan,Accommodation | Residence of Friends/ Relatives,%,9.067768521971791
2018,NORTH ASIA,Japan,Accommodation | Others,%,20.29426269430587
2018,NORTH ASIA,South Korea,Main Purpose of Visit | Holiday,%,60.21755017067862
2018,NORTH ASIA,South Korea,Main Purpose of Visit | Visit Friends / Relatives,%,5.243629163021482
2018,NORTH ASIA,South Korea,Main Purpose of Visit | General Business Purpose,%,10.1951653371355
2018,NORTH ASIA,South Korea,Main Purpose of Visit | MICE,%,7.639240067157804
2018,NORTH ASIA,South Korea,Main Purpose of Visit | Others,%,1.744173330267355
2018,NORTH ASIA,South Korea,Main Purpose of Visit | Not Stated,%,14.96024193173891
2018,NORTH ASIA,South Korea,Frequency of Visit | First,%,55.6026352276989
2018,NORTH ASIA,South Korea,Frequency of Visit | Repeat,%,29.43712284056187
2018,NORTH ASIA,South Korea,Frequency of Visit | Not Stated,%,14.96024193173891
2018,NORTH ASIA,South Korea,Accommodation | Hotel,%,64.14187076399631
2018,NORTH ASIA,South Korea,Accommodation | Residence of Friends/ Relatives,%,5.783337683308731
2018,NORTH ASIA,South Korea,Accommodation | Others,%,30.07479155269484
2018,SOUTH ASIA,India,Main Purpose of Visit | Holiday,%,55.44181237536682
2018,SOUTH ASIA,India,Main Purpose of Visit | Visit Friends / Relatives,%,15.37986803097094
2018,SOUTH ASIA,India,Main Purpose of Visit | General Business Purpose,%,11.75814874568384
2018,SOUTH ASIA,India,Main Purpose of Visit | MICE,%,5.23378987101174
2018,SOUTH ASIA,India,Main Purpose of Visit | Others,%,2.136264273822249
2018,SOUTH ASIA,India,Main Purpose of Visit | Not Stated,%,10.05011670314373
2018,SOUTH ASIA,India,Frequency of Visit | First,%,48.24224811820294
2018,SOUTH ASIA,India,Frequency of Visit | Repeat,%,41.70763517865284
2018,SOUTH ASIA,India,Frequency of Visit | Not Stated,%,10.05011670314373
2018,SOUTH ASIA,India,Accommodation | Hotel,%,50.73699625884199
2018,SOUTH ASIA,India,Accommodation | Residence of Friends/ Relatives,%,22.59898034676485
2018,SOUTH ASIA,India,Accommodation | Others,%,26.6640233943927
2018,EUROPE,France,Main Purpose of Visit | Holiday,%,61.41741948804339
2018,EUROPE,France,Main Purpose of Visit | Visit Friends / Relatives,%,8.757717473959385
2018,EUROPE,France,Main Purpose of Visit | General Business Purpose,%,10.97661046562979
2018,EUROPE,France,Main Purpose of Visit | MICE,%,8.727488848416007
2018,EUROPE,France,Main Purpose of Visit | Others,%,0.9219689276418856
2018,EUROPE,France,Main Purpose of Visit | Not Stated,%,9.198794796309429
2018,EUROPE,France,Frequency of Visit | First,%,54.28845201167076
2018,EUROPE,France,Frequency of Visit | Repeat,%,36.51275319201967
2018,EUROPE,France,Frequency of Visit | Not Stated,%,9.198794796309429
2018,EUROPE,France,Accommodation | Hotel,%,56.70302168089109
2018,EUROPE,France,Accommodation | Residence of Friends/ Relatives,%,10.72688076648069
2018,EUROPE,France,Accommodation | Others,%,32.57009755262816
2018,EUROPE,Germany,Main Purpose of Visit | Holiday,%,75.91410844985127
2018,EUROPE,Germany,Main Purpose of Visit | Visit Friends / Relatives,%,6.023236364079285
2018,EUROPE,Germany,Main Purpose of Visit | General Business Purpose,%,7.317672761410085
2018,EUROPE,Germany,Main Purpose of Visit | MICE,%,5.397322912525965
2018,EUROPE,Germany,Main Purpose of Visit | Others,%,0.8124739677673948
2018,EUROPE,Germany,Main Purpose of Visit | Not Stated,%,4.535185544366175
2018,EUROPE,Germany,Frequency of Visit | First,%,59.18108909529248
2018,EUROPE,Germany,Frequency of Visit | Repeat,%,36.2837253603415
2018,EUROPE,Germany,Frequency of Visit | Not Stated,%,4.535185544366175
2018,EUROPE,Germany,Accommodation | Hotel,%,64.7251842513845
2018,EUROPE,Germany,Accommodation | Residence of Friends/ Relatives,%,9.510322692151677
2018,EUROPE,Germany,Accommodation | Others,%,25.76449305646375
2018,EUROPE,Italy,Main Purpose of Visit | Holiday,%,65.72067839666767
2018,EUROPE,Italy,Main Purpose of Visit | Visit Friends / Relatives,%,4.022173629472127
2018,EUROPE,Italy,Main Purpose of Visit | General Business Purpose,%,8.905697159857318
2018,EUROPE,Italy,Main Purpose of Visit | MICE,%,4.998233877007887
2018,EUROPE,Italy,Main Purpose of Visit | Not Stated,%,16.0372032627639
2018,EUROPE,Italy,Frequency of Visit | First,%,61.63670565222822
2018,EUROPE,Italy,Frequency of Visit | Repeat,%,22.32609108500784
2018,EUROPE,Italy,Frequency of Visit | Not Stated,%,16.0372032627639
2018,EUROPE,Italy,Accommodation | Hotel,%,55.35656620847089
2018,EUROPE,Italy,Accommodation | Residence of Friends/ Relatives,%,8.346489284571101
2018,EUROPE,Italy,Accommodation | Others,%,36.29694450695801
2018,EUROPE,Netherlands,Main Purpose of Visit | Holiday,%,63.59884600899183
2018,EUROPE,Netherlands,Main Purpose of Visit | Visit Friends / Relatives,%,12.87736902904828
2018,EUROPE,Netherlands,Main Purpose of Visit | General Business Purpose,%,6.599550607745204
2018,EUROPE,Netherlands,Main Purpose of Visit | MICE,%,2.948209248170117
2018,EUROPE,Netherlands,Main Purpose of Visit | Others,%,0.9974848194586576
2018,EUROPE,Netherlands,Main Purpose of Visit | Not Stated,%,12.9785402865859
2018,EUROPE,Netherlands,Frequency of Visit | First,%,51.30847242863014
2018,EUROPE,Netherlands,Frequency of Visit | Repeat,%,35.71298728478392
2018,EUROPE,Netherlands,Frequency of Visit | Not Stated,%,12.9785402865859
2018,EUROPE,Netherlands,Accommodation | Hotel,%,47.27315195365143
2018,EUROPE,Netherlands,Accommodation | Residence of Friends/ Relatives,%,14.70401736506002
2018,EUROPE,Netherlands,Accommodation | Others,%,38.02283068128856
2018,EUROPE,Switzerland,Main Purpose of Visit | Holiday,%,67.13172254896696
2018,EUROPE,Switzerland,Main Purpose of Visit | Visit Friends / Relatives,%,3.887554082264531
2018,EUROPE,Switzerland,Main Purpose of Visit | General Business Purpose,%,11.7470245289141
2018,EUROPE,Switzerland,Main Purpose of Visit | MICE,%,4.504312620105619
2018,EUROPE,Switzerland,Main Purpose of Visit | Others,%,1.346811727830498
2018,EUROPE,Switzerland,Main Purpose of Visit | Not Stated,%,11.38257449191836
2018,EUROPE,Switzerland,Frequency of Visit | First,%,56.74526559033191
2018,EUROPE,Switzerland,Frequency of Visit | Repeat,%,31.8721599177498
2018,EUROPE,Switzerland,Frequency of Visit | Not Stated,%,11.38257449191836
2018,EUROPE,Switzerland,Accommodation | Hotel,%,59.50647161799122
2018,EUROPE,Switzerland,Accommodation | Residence of Friends/ Relatives,%,6.091808769724767
2018,EUROPE,Switzerland,Accommodation | Others,%,34.401719612284
2018,EUROPE,UK,Main Purpose of Visit | Holiday,%,71.57301112837919
2018,EUROPE,UK,Main Purpose of Visit | Visit Friends / Relatives,%,7.269642176154281
2018,EUROPE,UK,Main Purpose of Visit | General Business Purpose,%,9.413908445568577
2018,EUROPE,UK,Main Purpose of Visit | MICE,%,5.005264723740011
2018,EUROPE,UK,Main Purpose of Visit | Others,%,0.9016486638634614
2018,EUROPE,UK,Main Purpose of Visit | Not Stated,%,5.836524862294655
2018,EUROPE,UK,Frequency of Visit | First,%,51.07459389587439
2018,EUROPE,UK,Frequency of Visit | Repeat,%,43.08888124183108
2018,EUROPE,UK,Frequency of Visit | Not Stated,%,5.836524862294655
2018,EUROPE,UK,Accommodation | Hotel,%,61.87354561917294
2018,EUROPE,UK,Accommodation | Residence of Friends/ Relatives,%,12.439071481873
2018,EUROPE,UK,Accommodation | Others,%,25.68738289895418
2018,AMERICAS,Canada,Main Purpose of Visit | Holiday,%,67.6189417125075
2018,AMERICAS,Canada,Main Purpose of Visit | Visit Friends / Relatives,%,15.937536943982
2018,AMERICAS,Canada,Main Purpose of Visit | General Business Purpose,%,7.310384044136618
2018,AMERICAS,Canada,Main Purpose of Visit | MICE,%,1.530954960266321
2018,AMERICAS,Canada,Main Purpose of Visit | Not Stated,%,7.393913976828291
2018,AMERICAS,Canada,Frequency of Visit | First,%,54.90745644649204
2018,AMERICAS,Canada,Frequency of Visit | Repeat,%,37.69862957667961
2018,AMERICAS,Canada,Frequency of Visit | Not Stated,%,7.393913976828291
2018,AMERICAS,Canada,Accommodation | Hotel,%,48.08631239695564
2018,AMERICAS,Canada,Accommodation | Residence of Friends/ Relatives,%,18.74492792638388
2018,AMERICAS,Canada,Accommodation | Others,%,33.16875967666041
2018,AMERICAS,USA,Main Purpose of Visit | Holiday,%,61.06614600967487
2018,AMERICAS,USA,Main Purpose of Visit | Visit Friends / Relatives,%,9.796875488793855
2018,AMERICAS,USA,Main Purpose of Visit | General Business Purpose,%,14.71475217208078
2018,AMERICAS,USA,Main Purpose of Visit | MICE,%,7.259052481433709
2018,AMERICAS,USA,Main Purpose of Visit | Others,%,1.568316983369718
2018,AMERICAS,USA,Main Purpose of Visit | Not Stated,%,5.594856864647072
2018,AMERICAS,USA,Frequency of Visit | First,%,49.18672503243577
2018,AMERICAS,USA,Frequency of Visit | Repeat,%,45.21841810291718
2018,AMERICAS,USA,Frequency of Visit | Not Stated,%,5.594856864647072
2018,AMERICAS,USA,Accommodation | Hotel,%,61.49103245742722
2018,AMERICAS,USA,Accommodation | Residence of Friends/ Relatives,%,11.8004266122533
2018,AMERICAS,USA,Accommodation | Others,%,26.70854093031936
2018,OCEANIA,Australia,Main Purpose of Visit | Holiday,%,69.33692046773734
2018,OCEANIA,Australia,Main Purpose of Visit | Visit Friends / Relatives,%,7.90695553189333
2018,OCEANIA,Australia,Main Purpose of Visit | General Business Purpose,%,6.799290501862858
2018,OCEANIA,Australia,Main Purpose of Visit | MICE,%,3.963414184131883
2018,OCEANIA,Australia,Main Purpose of Visit | Others,%,1.147546214278524
2018,OCEANIA,Australia,Main Purpose of Visit | Not Stated,%,10.84587310009644
2018,OCEANIA,Australia,Frequency of Visit | First,%,30.3915051551099
2018,OCEANIA,Australia,Frequency of Visit | Repeat,%,58.7626217447942
2018,OCEANIA,Australia,Frequency of Visit | Not Stated,%,10.84587310009644
2018,OCEANIA,Australia,Accommodation | Hotel,%,60.77192771547855
2018,OCEANIA,Australia,Accommodation | Residence of Friends/ Relatives,%,11.09976165635895
2018,OCEANIA,Australia,Accommodation | Others,%,28.12831062816259
2018,OCEANIA,New Zealand,Main Purpose of Visit | Holiday,%,73.62502194663672
2018,OCEANIA,New Zealand,Main Purpose of Visit | Visit Friends / Relatives,%,5.213759445957956
2018,OCEANIA,New Zealand,Main Purpose of Visit | General Business Purpose,%,6.040664904939678
2018,OCEANIA,New Zealand,Main Purpose of Visit | MICE,%,2.439560271957264
2018,OCEANIA,New Zealand,Main Purpose of Visit | Not Stated,%,12.26731459239734
2018,OCEANIA,New Zealand,Frequency of Visit | First,%,31.00591911029889
2018,OCEANIA,New Zealand,Frequency of Visit | Repeat,%,56.72676629730385
2018,OCEANIA,New Zealand,Frequency of Visit | Not Stated,%,12.26731459239734
2018,OCEANIA,New Zealand,Accommodation | Hotel,%,61.78273038349139
2018,OCEANIA,New Zealand,Accommodation | Residence of Friends/ Relatives,%,9.775376383840689
2018,OCEANIA,New Zealand,Accommodation | Others,%,28.44189323266789
2018,AFRICA,South Africa (Rep of),Main Purpose of Visit | Holiday,%,47.62049731456442
2018,AFRICA,South Africa (Rep of),Main Purpose of Visit | Visit Friends / Relatives,%,4.077845317421235
2018,AFRICA,South Africa (Rep of),Main Purpose of Visit | General Business Purpose,%,6.512743400895482
2018,AFRICA,South Africa (Rep of),Main Purpose of Visit | MICE,%,3.583494290933672
2018,AFRICA,South Africa (Rep of),Main Purpose of Visit | Others,%,2.375352332125894
2018,AFRICA,South Africa (Rep of),Main Purpose of Visit | Not Stated,%,35.83006734405927
2018,AFRICA,South Africa (Rep of),Frequency of Visit | First,%,36.38874014710229
2018,AFRICA,South Africa (Rep of),Frequency of Visit | Repeat,%,27.78119250883842
2018,AFRICA,South Africa (Rep of),Frequency of Visit | Not Stated,%,35.83006734405927
2018,AFRICA,South Africa (Rep of),Accommodation | Hotel,%,46.83472023100411
2018,AFRICA,South Africa (Rep of),Accommodation | Residence of Friends/ Relatives,%,5.657012293086921
2018,AFRICA,South Africa (Rep of),Accommodation | Others,%,47.50826747590894
2018,REMAINING,Others,Main Purpose of Visit | Holiday,%,50.39488137254595
2018,REMAINING,Others,Main Purpose of Visit | Visit Friends / Relatives,%,8.380162239867847
2018,REMAINING,Others,Main Purpose of Visit | General Business Purpose,%,8.45259416806277
2018,REMAINING,Others,Main Purpose of Visit | MICE,%,3.546945356515684
2018,REMAINING,Others,Main Purpose of Visit | Others,%,4.004944951177215
2018,REMAINING,Others,Main Purpose of Visit | Not Stated,%,25.22047191183067
2018,REMAINING,Others,Frequency of Visit | First,%,40.29688563846699
2018,REMAINING,Others,Frequency of Visit | Repeat,%,34.48264244970247
2018,REMAINING,Others,Frequency of Visit | Not Stated,%,25.22047191183067
2018,REMAINING,Others,Accommodation | Hotel,%,46.07809357418606
2018,REMAINING,Others,Accommodation | Residence of Friends/ Relatives,%,11.79301968092516
2018,REMAINING,Others,Accommodation | Others,%,42.12888674488882
2017,SOUTHEAST ASIA,Indonesia,Main Purpose of Visit | Holiday,%,53.88180705420864
2017,SOUTHEAST ASIA,Indonesia,Main Purpose of Visit | Visit Friends / Relatives,%,14.76842747034826
2017,SOUTHEAST ASIA,Indonesia,Main Purpose of Visit | General Business Purpose,%,8.706047989532022
2017,SOUTHEAST ASIA,Indonesia,Main Purpose of Visit | MICE,%,3.310694512771035
2017,SOUTHEAST ASIA,Indonesia,Main Purpose of Visit | Others,%,10.5850226201494
2017,SOUTHEAST ASIA,Indonesia,Main Purpose of Visit | Not Stated,%,8.74800035299133
2017,SOUTHEAST ASIA,Indonesia,Frequency of Visit | First,%,16.0679001065869
2017,SOUTHEAST ASIA,Indonesia,Frequency of Visit | Repeat,%,75.18409954042271
2017,SOUTHEAST ASIA,Indonesia,Frequency of Visit | Not Stated,%,8.74800035299133
2017,SOUTHEAST ASIA,Indonesia,Accommodation | Hotel,%,43.58227621946672
2017,SOUTHEAST ASIA,Indonesia,Accommodation | Residence of Friends/ Relatives,%,20.91418767812415
2017,SOUTHEAST ASIA,Indonesia,Accommodation | Others,%,35.50353610240984
2017,SOUTHEAST ASIA,Malaysia,Main Purpose of Visit | Holiday,%,38.0769014604082
2017,SOUTHEAST ASIA,Malaysia,Main Purpose of Visit | Visit Friends / Relatives,%,25.01201992018093
2017,SOUTHEAST ASIA,Malaysia,Main Purpose of Visit | General Business Purpose,%,15.87078307640541
2017,SOUTHEAST ASIA,Malaysia,Main Purpose of Visit | MICE,%,6.441087810286813
2017,SOUTHEAST ASIA,Malaysia,Main Purpose of Visit | Others,%,5.749013923727598
2017,SOUTHEAST ASIA,Malaysia,Main Purpose of Visit | Not Stated,%,8.850193808991063
2017,SOUTHEAST ASIA,Malaysia,Frequency of Visit | First,%,7.660794197085678
2017,SOUTHEAST ASIA,Malaysia,Frequency of Visit | Repeat,%,83.4890119939231
2017,SOUTHEAST ASIA,Malaysia,Frequency of Visit | Not Stated,%,8.850193808991063
2017,SOUTHEAST ASIA,Malaysia,Accommodation | Hotel,%,41.2609769729789
2017,SOUTHEAST ASIA,Malaysia,Accommodation | Residence of Friends/ Relatives,%,35.90169780949142
2017,SOUTHEAST ASIA,Malaysia,Accommodation | Others,%,22.83732521752985
2017,SOUTHEAST ASIA,Philippines,Main Purpose of Visit | Holiday,%,57.48514336671474
2017,SOUTHEAST ASIA,Philippines,Main Purpose of Visit | Visit Friends / Relatives,%,17.9492663881637
2017,SOUTHEAST ASIA,Philippines,Main Purpose of Visit | General Business Purpose,%,5.184099180767265
2017,SOUTHEAST ASIA,Philippines,Main Purpose of Visit | MICE,%,4.916134584880889
2017,SOUTHEAST ASIA,Philippines,Main Purpose of Visit | Others,%,3.420836224632892
2017,SOUTHEAST ASIA,Philippines,Main Purpose of Visit | Not Stated,%,11.04452025484059
2017,SOUTHEAST ASIA,Philippines,Frequency of Visit | First,%,37.76194651955522
2017,SOUTHEAST ASIA,Philippines,Frequency of Visit | Repeat,%,51.19353322560426
2017,SOUTHEAST ASIA,Philippines,Frequency of Visit | Not Stated,%,11.04452025484059
2017,SOUTHEAST ASIA,Philippines,Accommodation | Hotel,%,43.26948064540333
2017,SOUTHEAST ASIA,Philippines,Accommodation | Residence of Friends/ Relatives,%,34.90924683276775
2017,SOUTHEAST ASIA,Philippines,Accommodation | Others,%,21.82127252182902
2017,SOUTHEAST ASIA,Thailand,Main Purpose of Visit | Holiday,%,54.95453120706445
2017,SOUTHEAST ASIA,Thailand,Main Purpose of Visit | Visit Friends / Relatives,%,12.04104984813566
2017,SOUTHEAST ASIA,Thailand,Main Purpose of Visit | General Business Purpose,%,11.98808416694506
2017,SOUTHEAST ASIA,Thailand,Main Purpose of Visit | MICE,%,6.911959119097387
2017,SOUTHEAST ASIA,Thailand,Main Purpose of Visit | Others,%,5.929070671162574
2017,SOUTHEAST ASIA,Thailand,Main Purpose of Visit | Not Stated,%,8.175304987594668
2017,SOUTHEAST ASIA,Thailand,Frequency of Visit | First,%,32.44910009208894
2017,SOUTHEAST ASIA,Thailand,Frequency of Visit | Repeat,%,59.37559492031621
2017,SOUTHEAST ASIA,Thailand,Frequency of Visit | Not Stated,%,8.175304987594668
2017,SOUTHEAST ASIA,Thailand,Accommodation | Hotel,%,63.5584353488274
2017,SOUTHEAST ASIA,Thailand,Accommodation | Residence of Friends/ Relatives,%,18.83687042465844
2017,SOUTHEAST ASIA,Thailand,Accommodation | Others,%,17.60469422651404
2017,SOUTHEAST ASIA,Vietnam,Main Purpose of Visit | Holiday,%,56.07347259615017
2017,SOUTHEAST ASIA,Vietnam,Main Purpose of Visit | Visit Friends / Relatives,%,12.804390500349
2017,SOUTHEAST ASIA,Vietnam,Main Purpose of Visit | General Business Purpose,%,9.63599772569417
2017,SOUTHEAST ASIA,Vietnam,Main Purpose of Visit | MICE,%,4.2333276799744
2017,SOUTHEAST ASIA,Vietnam,Main Purpose of Visit | Others,%,6.682474597533767
2017,SOUTHEAST ASIA,Vietnam,Main Purpose of Visit | Not Stated,%,10.57033690029835
2017,SOUTHEAST ASIA,Vietnam,Frequency of Visit | First,%,38.02227846712479
2017,SOUTHEAST ASIA,Vietnam,Frequency of Visit | Repeat,%,51.40738463257681
2017,SOUTHEAST ASIA,Vietnam,Frequency of Visit | Not Stated,%,10.57033690029835
2017,SOUTHEAST ASIA,Vietnam,Accommodation | Hotel,%,47.57893902308825
2017,SOUTHEAST ASIA,Vietnam,Accommodation | Residence of Friends/ Relatives,%,25.61097432253541
2017,SOUTHEAST ASIA,Vietnam,Accommodation | Others,%,26.81008665437649
2017,GREATER CHINA,China,Main Purpose of Visit | Holiday,%,65.25018403169405
2017,GREATER CHINA,China,Main Purpose of Visit | Visit Friends / Relatives,%,13.73712249945471
2017,GREATER CHINA,China,Main Purpose of Visit | General Business Purpose,%,7.146954251399895
2017,GREATER CHINA,China,Main Purpose of Visit | MICE,%,3.156404216580355
2017,GREATER CHINA,China,Main Purpose of Visit | Others,%,1.991014978592792
2017,GREATER CHINA,China,Main Purpose of Visit | Not Stated,%,8.718320022277075
2017,GREATER CHINA,China,Frequency of Visit | First,%,55.91021103412838
2017,GREATER CHINA,China,Frequency of Visit | Repeat,%,35.37146894359363
2017,GREATER CHINA,China,Frequency of Visit | Not Stated,%,8.718320022277075
2017,GREATER CHINA,China,Accommodation | Hotel,%,60.12589767243498
2017,GREATER CHINA,China,Accommodation | Residence of Friends/ Relatives,%,18.44531183295135
2017,GREATER CHINA,China,Accommodation | Others,%,21.42879049461396
2017,GREATER CHINA,Hong Kong SAR,Main Purpose of Visit | Holiday,%,53.33617525107507
2017,GREATER CHINA,Hong Kong SAR,Main Purpose of Visit | Visit Friends / Relatives,%,12.81412663422791
2017,GREATER CHINA,Hong Kong SAR,Main Purpose of Visit | General Business Purpose,%,12.11165436037381
2017,GREATER CHINA,Hong Kong SAR,Main Purpose of Visit | MICE,%,8.023092962587222
2017,GREATER CHINA,Hong Kong SAR,Main Purpose of Visit | Others,%,2.394835936186565
2017,GREATER CHINA,Hong Kong SAR,Main Purpose of Visit | Not Stated,%,11.32011485554948
2017,GREATER CHINA,Hong Kong SAR,Frequency of Visit | First,%,27.81325860068585
2017,GREATER CHINA,Hong Kong SAR,Frequency of Visit | Repeat,%,60.86662654376467
2017,GREATER CHINA,Hong Kong SAR,Frequency of Visit | Not Stated,%,11.32011485554948
2017,GREATER CHINA,Hong Kong SAR,Accommodation | Hotel,%,60.79360356954845
2017,GREATER CHINA,Hong Kong SAR,Accommodation | Residence of Friends/ Relatives,%,19.1191512398786
2017,GREATER CHINA,Hong Kong SAR,Accommodation | Others,%,20.08724519057304
2017,GREATER CHINA,Taiwan,Main Purpose of Visit | Holiday,%,59.3707571309519
2017,GREATER CHINA,Taiwan,Main Purpose of Visit | Visit Friends / Relatives,%,11.28371329337422
2017,GREATER CHINA,Taiwan,Main Purpose of Visit | General Business Purpose,%,11.94301271284975
2017,GREATER CHINA,Taiwan,Main Purpose of Visit | MICE,%,5.097886149383984
2017,GREATER CHINA,Taiwan,Main Purpose of Visit | Others,%,2.762864748312972
2017,GREATER CHINA,Taiwan,Main Purpose of Visit | Not Stated,%,9.54176596512701
2017,GREATER CHINA,Taiwan,Frequency of Visit | First,%,41.12162423099486
2017,GREATER CHINA,Taiwan,Frequency of Visit | Repeat,%,49.33660980387793
2017,GREATER CHINA,Taiwan,Frequency of Visit | Not Stated,%,9.54176596512701
2017,GREATER CHINA,Taiwan,Accommodation | Hotel,%,58.89042380417438
2017,GREATER CHINA,Taiwan,Accommodation | Residence of Friends/ Relatives,%,17.38669943978905
2017,GREATER CHINA,Taiwan,Accommodation | Others,%,23.72287675603645
2017,NORTH ASIA,Japan,Main Purpose of Visit | Holiday,%,59.56511889889799
2017,NORTH ASIA,Japan,Main Purpose of Visit | Visit Friends / Relatives,%,5.103225216234585
2017,NORTH ASIA,Japan,Main Purpose of Visit | General Business Purpose,%,14.12295832443243
2017,NORTH ASIA,Japan,Main Purpose of Visit | MICE,%,8.93329526495443
2017,NORTH ASIA,Japan,Main Purpose of Visit | Others,%,4.111550809036165
2017,NORTH ASIA,Japan,Main Purpose of Visit | Not Stated,%,8.163851486444583
2017,NORTH ASIA,Japan,Frequency of Visit | First,%,48.02872781262484
2017,NORTH ASIA,Japan,Frequency of Visit | Repeat,%,43.80742070093067
2017,NORTH ASIA,Japan,Frequency of Visit | Not Stated,%,8.163851486444583
2017,NORTH ASIA,Japan,Accommodation | Hotel,%,73.74862356073908
2017,NORTH ASIA,Japan,Accommodation | Residence of Friends/ Relatives,%,8.419222104855992
2017,NORTH ASIA,Japan,Accommodation | Others,%,17.83215433440499
2017,NORTH ASIA,South Korea,Main Purpose of Visit | Holiday,%,53.64168629255912
2017,NORTH ASIA,South Korea,Main Purpose of Visit | Visit Friends / Relatives,%,4.777055313542997
2017,NORTH ASIA,South Korea,Main Purpose of Visit | General Business Purpose,%,9.777850377279693
2017,NORTH ASIA,South Korea,Main Purpose of Visit | MICE,%,9.497208022881797
2017,NORTH ASIA,South Korea,Main Purpose of Visit | Others,%,2.504240485883266
2017,NORTH ASIA,South Korea,Main Purpose of Visit | Not Stated,%,19.80195950785314
2017,NORTH ASIA,South Korea,Frequency of Visit | First,%,46.34312372379956
2017,NORTH ASIA,South Korea,Frequency of Visit | Repeat,%,33.85491676834731
2017,NORTH ASIA,South Korea,Frequency of Visit | Not Stated,%,19.80195950785314
2017,NORTH ASIA,South Korea,Accommodation | Hotel,%,62.20869997449023
2017,NORTH ASIA,South Korea,Accommodation | Residence of Friends/ Relatives,%,9.20870128589778
2017,NORTH ASIA,South Korea,Accommodation | Others,%,28.58259873961184
2017,SOUTH ASIA,India,Main Purpose of Visit | Holiday,%,58.27677219065411
2017,SOUTH ASIA,India,Main Purpose of Visit | Visit Friends / Relatives,%,14.61975265570625
2017,SOUTH ASIA,India,Main Purpose of Visit | General Business Purpose,%,8.903119717560807
2017,SOUTH ASIA,India,Main Purpose of Visit | MICE,%,4.867571162530991
2017,SOUTH ASIA,India,Main Purpose of Visit | Others,%,2.107859870308914
2017,SOUTH ASIA,India,Main Purpose of Visit | Not Stated,%,11.22492440323802
2017,SOUTH ASIA,India,Frequency of Visit | First,%,50.63509681028711
2017,SOUTH ASIA,India,Frequency of Visit | Repeat,%,38.13997878647392
2017,SOUTH ASIA,India,Frequency of Visit | Not Stated,%,11.22492440323802
2017,SOUTH ASIA,India,Accommodation | Hotel,%,52.13606452350681
2017,SOUTH ASIA,India,Accommodation | Residence of Friends/ Relatives,%,24.70963466642463
2017,SOUTH ASIA,India,Accommodation | Others,%,23.15430081006827
2017,EUROPE,France,Main Purpose of Visit | Holiday,%,62.52582318094913
2017,EUROPE,France,Main Purpose of Visit | Visit Friends / Relatives,%,7.062312217754608
2017,EUROPE,France,Main Purpose of Visit | General Business Purpose,%,8.035263063095082
2017,EUROPE,France,Main Purpose of Visit | MICE,%,10.2633225868593
2017,EUROPE,France,Main Purpose of Visit | Others,%,1.850021011633207
2017,EUROPE,France,Main Purpose of Visit | Not Stated,%,10.26325793970869
2017,EUROPE,France,Frequency of Visit | First,%,54.02065748587871
2017,EUROPE,France,Frequency of Visit | Repeat,%,35.71608457441261
2017,EUROPE,France,Frequency of Visit | Not Stated,%,10.26325793970869
2017,EUROPE,France,Accommodation | Hotel,%,60.50711556149725
2017,EUROPE,France,Accommodation | Residence of Friends/ Relatives,%,11.02484604952428
2017,EUROPE,France,Accommodation | Others,%,28.46803838897839
2017,EUROPE,Germany,Main Purpose of Visit | Holiday,%,78.90885322086021
2017,EUROPE,Germany,Main Purpose of Visit | Visit Friends / Relatives,%,5.174923854409138
2017,EUROPE,Germany,Main Purpose of Visit | General Business Purpose,%,7.965641257368829
2017,EUROPE,Germany,Main Purpose of Visit | MICE,%,3.978212827945155
2017,EUROPE,Germany,Main Purpose of Visit | Not Stated,%,3.770089612258448
2017,EUROPE,Germany,Frequency of Visit | First,%,51.44759810140959
2017,EUROPE,Germany,Frequency of Visit | Repeat,%,44.78231228633188
2017,EUROPE,Germany,Frequency of Visit | Not Stated,%,3.770089612258448
2017,EUROPE,Germany,Accommodation | Hotel,%,68.98136617229567
2017,EUROPE,Germany,Accommodation | Residence of Friends/ Relatives,%,7.860354351039516
2017,EUROPE,Germany,Accommodation | Others,%,23.15827947666477
2017,EUROPE,Italy,Main Purpose of Visit | Holiday,%,70.41948284612758
2017,EUROPE,Italy,Main Purpose of Visit | Visit Friends / Relatives,%,1.862402213190686
2017,EUROPE,Italy,Main Purpose of Visit | General Business Purpose,%,4.743882372187019
2017,EUROPE,Italy,Main Purpose of Visit | MICE,%,7.503217004074313
2017,EUROPE,Italy,Main Purpose of Visit | Others,%,0.6290833833394325
2017,EUROPE,Italy,Main Purpose of Visit | Not Stated,%,14.84193218108098
2017,EUROPE,Italy,Frequency of Visit | First,%,52.94746148881536
2017,EUROPE,Italy,Frequency of Visit | Repeat,%,32.21060633010369
2017,EUROPE,Italy,Frequency of Visit | Not Stated,%,14.84193218108098
2017,EUROPE,Italy,Accommodation | Hotel,%,65.22422584563932
2017,EUROPE,Italy,Accommodation | Residence of Friends/ Relatives,%,5.308500109774617
2017,EUROPE,Italy,Accommodation | Others,%,29.46727404458609
2017,EUROPE,Netherlands,Main Purpose of Visit | Holiday,%,57.51909415601713
2017,EUROPE,Netherlands,Main Purpose of Visit | Visit Friends / Relatives,%,8.280072114377534
2017,EUROPE,Netherlands,Main Purpose of Visit | General Business Purpose,%,10.96986587392776
2017,EUROPE,Netherlands,Main Purpose of Visit | MICE,%,2.659043621799764
2017,EUROPE,Netherlands,Main Purpose of Visit | Others,%,0.7137838690629944
2017,EUROPE,Netherlands,Main Purpose of Visit | Not Stated,%,19.85814036481488
2017,EUROPE,Netherlands,Frequency of Visit | First,%,45.48866328576185
2017,EUROPE,Netherlands,Frequency of Visit | Repeat,%,34.65319634942329
2017,EUROPE,Netherlands,Frequency of Visit | Not Stated,%,19.85814036481488
2017,EUROPE,Netherlands,Accommodation | Hotel,%,49.03166478587274
2017,EUROPE,Netherlands,Accommodation | Residence of Friends/ Relatives,%,10.33161666202235
2017,EUROPE,Netherlands,Accommodation | Others,%,40.63671855210492
2017,EUROPE,Switzerland,Main Purpose of Visit | Holiday,%,63.58290207773067
2017,EUROPE,Switzerland,Main Purpose of Visit | Visit Friends / Relatives,%,3.385662926622998
2017,EUROPE,Switzerland,Main Purpose of Visit | General Business Purpose,%,6.756092904764021
2017,EUROPE,Switzerland,Main Purpose of Visit | MICE,%,10.02727356439926
2017,EUROPE,Switzerland,Main Purpose of Visit | Not Stated,%,16.24806852648304
2017,EUROPE,Switzerland,Frequency of Visit | First,%,47.40646643230161
2017,EUROPE,Switzerland,Frequency of Visit | Repeat,%,36.34546504121536
2017,EUROPE,Switzerland,Frequency of Visit | Not Stated,%,16.24806852648304
2017,EUROPE,Switzerland,Accommodation | Hotel,%,67.82231263824501
2017,EUROPE,Switzerland,Accommodation | Residence of Friends/ Relatives,%,5.685495704379924
2017,EUROPE,Switzerland,Accommodation | Others,%,26.4921916573751
2017,EUROPE,UK,Main Purpose of Visit | Holiday,%,71.87928528042822
2017,EUROPE,UK,Main Purpose of Visit | Visit Friends / Relatives,%,9.107856707986825
2017,EUROPE,UK,Main Purpose of Visit | General Business Purpose,%,7.067543152171869
2017,EUROPE,UK,Main Purpose of Visit | MICE,%,5.266901915911331
2017,EUROPE,UK,Main Purpose of Visit | Others,%,0.565289705738934
2017,EUROPE,UK,Main Purpose of Visit | Not Stated,%,6.113123237762936
2017,EUROPE,UK,Frequency of Visit | First,%,48.5175052610051
2017,EUROPE,UK,Frequency of Visit | Repeat,%,45.36937150123202
2017,EUROPE,UK,Frequency of Visit | Not Stated,%,6.113123237762936
2017,EUROPE,UK,Accommodation | Hotel,%,68.27938135617052
2017,EUROPE,UK,Accommodation | Residence of Friends/ Relatives,%,11.7835659889923
2017,EUROPE,UK,Accommodation | Others,%,19.93705265483731
2017,AMERICAS,Canada,Main Purpose of Visit | Holiday,%,67.64404999845368
2017,AMERICAS,Canada,Main Purpose of Visit | Visit Friends / Relatives,%,15.98501873181915
2017,AMERICAS,Canada,Main Purpose of Visit | General Business Purpose,%,2.324243598774295
2017,AMERICAS,Canada,Main Purpose of Visit | MICE,%,2.577027369327811
2017,AMERICAS,Canada,Main Purpose of Visit | Others,%,0.6818061022962695
2017,AMERICAS,Canada,Main Purpose of Visit | Not Stated,%,10.78785419932886
2017,AMERICAS,Canada,Frequency of Visit | First,%,45.58749989841439
2017,AMERICAS,Canada,Frequency of Visit | Repeat,%,43.6246459022568
2017,AMERICAS,Canada,Frequency of Visit | Not Stated,%,10.78785419932886
2017,AMERICAS,Canada,Accommodation | Hotel,%,48.42986597800618
2017,AMERICAS,Canada,Accommodation | Residence of Friends/ Relatives,%,22.25652068566623
2017,AMERICAS,Canada,Accommodation | Others,%,29.3136133363276
2017,AMERICAS,USA,Main Purpose of Visit | Holiday,%,64.07902257741058
2017,AMERICAS,USA,Main Purpose of Visit | Visit Friends / Relatives,%,6.207396924392584
2017,AMERICAS,USA,Main Purpose of Visit | General Business Purpose,%,13.89174463265334
2017,AMERICAS,USA,Main Purpose of Visit | MICE,%,8.541220719601947
2017,AMERICAS,USA,Main Purpose of Visit | Others,%,1.403561972024427
2017,AMERICAS,USA,Main Purpose of Visit | Not Stated,%,5.877053173917209
2017,AMERICAS,USA,Frequency of Visit | First,%,48.73395446734045
2017,AMERICAS,USA,Frequency of Visit | Repeat,%,45.38899235874247
2017,AMERICAS,USA,Frequency of Visit | Not Stated,%,5.877053173917209
2017,AMERICAS,USA,Accommodation | Hotel,%,66.94539201809074
2017,AMERICAS,USA,Accommodation | Residence of Friends/ Relatives,%,9.105220398735216
2017,AMERICAS,USA,Accommodation | Others,%,23.94938758317398
2017,OCEANIA,Australia,Main Purpose of Visit | Holiday,%,70.89913898898239
2017,OCEANIA,Australia,Main Purpose of Visit | Visit Friends / Relatives,%,7.139863285144351
2017,OCEANIA,Australia,Main Purpose of Visit | General Business Purpose,%,5.053494798838423
2017,OCEANIA,Australia,Main Purpose of Visit | MICE,%,5.146988096690809
2017,OCEANIA,Australia,Main Purpose of Visit | Others,%,0.9603619920503746
2017,OCEANIA,Australia,Main Purpose of Visit | Not Stated,%,10.80015283829376
2017,OCEANIA,Australia,Frequency of Visit | First,%,35.27318155252584
2017,OCEANIA,Australia,Frequency of Visit | Repeat,%,53.92666560918085
2017,OCEANIA,Australia,Frequency of Visit | Not Stated,%,10.80015283829376
2017,OCEANIA,Australia,Accommodation | Hotel,%,64.96717608438762
2017,OCEANIA,Australia,Accommodation | Residence of Friends/ Relatives,%,10.18723847490165
2017,OCEANIA,Australia,Accommodation | Others,%,24.84558544071085
2017,OCEANIA,New Zealand,Main Purpose of Visit | Holiday,%,71.84374670482566
2017,OCEANIA,New Zealand,Main Purpose of Visit | Visit Friends / Relatives,%,2.775022830301724
2017,OCEANIA,New Zealand,Main Purpose of Visit | General Business Purpose,%,5.433007484386094
2017,OCEANIA,New Zealand,Main Purpose of Visit | MICE,%,4.112278487924363
2017,OCEANIA,New Zealand,Main Purpose of Visit | Not Stated,%,15.54765760626401
2017,OCEANIA,New Zealand,Frequency of Visit | First,%,37.6263183218648
2017,OCEANIA,New Zealand,Frequency of Visit | Repeat,%,46.8260240718712
2017,OCEANIA,New Zealand,Frequency of Visit | Not Stated,%,15.54765760626401
2017,OCEANIA,New Zealand,Accommodation | Hotel,%,62.26312089774883
2017,OCEANIA,New Zealand,Accommodation | Residence of Friends/ Relatives,%,6.177838690996598
2017,OCEANIA,New Zealand,Accommodation | Others,%,31.55904041125455
2017,AFRICA,South Africa (Rep of),Main Purpose of Visit | Holiday,%,55.40191695103417
2017,AFRICA,South Africa (Rep of),Main Purpose of Visit | Visit Friends / Relatives,%,1.3779288536926
2017,AFRICA,South Africa (Rep of),Main Purpose of Visit | General Business Purpose,%,5.735019377704109
2017,AFRICA,South Africa (Rep of),Main Purpose of Visit | MICE,%,1.115902601276711
2017,AFRICA,South Africa (Rep of),Main Purpose of Visit | Not Stated,%,36.36923221629246
2017,AFRICA,South Africa (Rep of),Frequency of Visit | First,%,41.78960392614913
2017,AFRICA,South Africa (Rep of),Frequency of Visit | Repeat,%,21.84116385755847
2017,AFRICA,South Africa (Rep of),Frequency of Visit | Not Stated,%,36.36923221629246
2017,AFRICA,South Africa (Rep of),Accommodation | Hotel,%,44.87820039849895
2017,AFRICA,South Africa (Rep of),Accommodation | Residence of Friends/ Relatives,%,1.961438852655902
2017,AFRICA,South Africa (Rep of),Accommodation | Others,%,53.16036074884515
2017,REMAINING,Others,Main Purpose of Visit | Holiday,%,49.17372562344892
2017,REMAINING,Others,Main Purpose of Visit | Visit Friends / Relatives,%,6.540615429882492
2017,REMAINING,Others,Main Purpose of Visit | General Business Purpose,%,8.017380081409947
2017,REMAINING,Others,Main Purpose of Visit | MICE,%,4.774241286898877
2017,REMAINING,Others,Main Purpose of Visit | Others,%,3.580732791573364
2017,REMAINING,Others,Main Purpose of Visit | Not Stated,%,27.91330478678637
2017,REMAINING,Others,Frequency of Visit | First,%,41.22978310726909
2017,REMAINING,Others,Frequency of Visit | Repeat,%,30.85691210594455
2017,REMAINING,Others,Frequency of Visit | Not Stated,%,27.91330478678637
2017,REMAINING,Others,Accommodation | Hotel,%,49.16597090578713
2017,REMAINING,Others,Accommodation | Residence of Friends/ Relatives,%,9.881688945285369
2017,REMAINING,Others,Accommodation | Others,%,40.95234014892768
2016,SOUTHEAST ASIA,Indonesia,Main Purpose of Visit | Holiday,%,43.84058934024385
2016,SOUTHEAST ASIA,Indonesia,Main Purpose of Visit | Visit Friends / Relatives,%,18.22771191073066
2016,SOUTHEAST ASIA,Indonesia,Main Purpose of Visit | General Business Purpose,%,11.60226482463075
2016,SOUTHEAST ASIA,Indonesia,Main Purpose of Visit | MICE,%,4.702160167163934
2016,SOUTHEAST ASIA,Indonesia,Main Purpose of Visit | Others,%,13.2507382653345
2016,SOUTHEAST ASIA,Indonesia,Main Purpose of Visit | Not Stated,%,8.376535491898105
2016,SOUTHEAST ASIA,Indonesia,Frequency of Visit | First,%,16.51389987877809
2016,SOUTHEAST ASIA,Indonesia,Frequency of Visit | Repeat,%,75.10956462932528
2016,SOUTHEAST ASIA,Indonesia,Frequency of Visit | Not Stated,%,8.376535491898105
2016,SOUTHEAST ASIA,Indonesia,Accommodation | Hotel,%,47.44971113068069
2016,SOUTHEAST ASIA,Indonesia,Accommodation | Residence of Friends/ Relatives,%,24.75784697288856
2016,SOUTHEAST ASIA,Indonesia,Accommodation | Others,%,27.79244189643239
2016,SOUTHEAST ASIA,Malaysia,Main Purpose of Visit | Holiday,%,36.67248948387987
2016,SOUTHEAST ASIA,Malaysia,Main Purpose of Visit | Visit Friends / Relatives,%,23.98291716769291
2016,SOUTHEAST ASIA,Malaysia,Main Purpose of Visit | General Business Purpose,%,17.17268223378802
2016,SOUTHEAST ASIA,Malaysia,Main Purpose of Visit | MICE,%,8.221037727323054
2016,SOUTHEAST ASIA,Malaysia,Main Purpose of Visit | Others,%,5.019508900332222
2016,SOUTHEAST ASIA,Malaysia,Main Purpose of Visit | Not Stated,%,8.931364486983492
2016,SOUTHEAST ASIA,Malaysia,Frequency of Visit | First,%,6.657893043346505
2016,SOUTHEAST ASIA,Malaysia,Frequency of Visit | Repeat,%,84.41074246967034
2016,SOUTHEAST ASIA,Malaysia,Frequency of Visit | Not Stated,%,8.931364486983492
2016,SOUTHEAST ASIA,Malaysia,Accommodation | Hotel,%,44.94803993726506
2016,SOUTHEAST ASIA,Malaysia,Accommodation | Residence of Friends/ Relatives,%,31.16586487304395
2016,SOUTHEAST ASIA,Malaysia,Accommodation | Others,%,23.88609518969063
2016,SOUTHEAST ASIA,Philippines,Main Purpose of Visit | Holiday,%,47.23516163494043
2016,SOUTHEAST ASIA,Philippines,Main Purpose of Visit | Visit Friends / Relatives,%,19.35693966077803
2016,SOUTHEAST ASIA,Philippines,Main Purpose of Visit | General Business Purpose,%,15.46470548624863
2016,SOUTHEAST ASIA,Philippines,Main Purpose of Visit | MICE,%,2.122659187398176
2016,SOUTHEAST ASIA,Philippines,Main Purpose of Visit | Others,%,2.79435031892868
2016,SOUTHEAST ASIA,Philippines,Main Purpose of Visit | Not Stated,%,13.02618371170587
2016,SOUTHEAST ASIA,Philippines,Frequency of Visit | First,%,41.67719824712163
2016,SOUTHEAST ASIA,Philippines,Frequency of Visit | Repeat,%,45.29661804117218
2016,SOUTHEAST ASIA,Philippines,Frequency of Visit | Not Stated,%,13.02618371170587
2016,SOUTHEAST ASIA,Philippines,Accommodation | Hotel,%,48.9112593879433
2016,SOUTHEAST ASIA,Philippines,Accommodation | Residence of Friends/ Relatives,%,30.21968016354945
2016,SOUTHEAST ASIA,Philippines,Accommodation | Others,%,20.86906044850703
2016,SOUTHEAST ASIA,Thailand,Main Purpose of Visit | Holiday,%,55.72984061035831
2016,SOUTHEAST ASIA,Thailand,Main Purpose of Visit | Visit Friends / Relatives,%,8.772225226785858
2016,SOUTHEAST ASIA,Thailand,Main Purpose of Visit | General Business Purpose,%,16.04221294990067
2016,SOUTHEAST ASIA,Thailand,Main Purpose of Visit | MICE,%,4.10429518818674
2016,SOUTHEAST ASIA,Thailand,Main Purpose of Visit | Others,%,4.430121781065755
2016,SOUTHEAST ASIA,Thailand,Main Purpose of Visit | Not Stated,%,10.92130424370251
2016,SOUTHEAST ASIA,Thailand,Frequency of Visit | First,%,31.42049793701294
2016,SOUTHEAST ASIA,Thailand,Frequency of Visit | Repeat,%,57.65819781928437
2016,SOUTHEAST ASIA,Thailand,Frequency of Visit | Not Stated,%,10.92130424370251
2016,SOUTHEAST ASIA,Thailand,Accommodation | Hotel,%,67.7973361113161
2016,SOUTHEAST ASIA,Thailand,Accommodation | Residence of Friends/ Relatives,%,14.68550145367903
2016,SOUTHEAST ASIA,Thailand,Accommodation | Others,%,17.51716243500472
2016,SOUTHEAST ASIA,Vietnam,Main Purpose of Visit | Holiday,%,46.57118877594123
2016,SOUTHEAST ASIA,Vietnam,Main Purpose of Visit | Visit Friends / Relatives,%,16.17588696564014
2016,SOUTHEAST ASIA,Vietnam,Main Purpose of Visit | General Business Purpose,%,13.42038210007574
2016,SOUTHEAST ASIA,Vietnam,Main Purpose of Visit | MICE,%,2.705444907989764
2016,SOUTHEAST ASIA,Vietnam,Main Purpose of Visit | Others,%,5.063833359942502
2016,SOUTHEAST ASIA,Vietnam,Main Purpose of Visit | Not Stated,%,16.06326389041079
2016,SOUTHEAST ASIA,Vietnam,Frequency of Visit | First,%,37.64565279089979
2016,SOUTHEAST ASIA,Vietnam,Frequency of Visit | Repeat,%,46.29108331868956
2016,SOUTHEAST ASIA,Vietnam,Frequency of Visit | Not Stated,%,16.06326389041079
2016,SOUTHEAST ASIA,Vietnam,Accommodation | Hotel,%,55.99881438736378
2016,SOUTHEAST ASIA,Vietnam,Accommodation | Residence of Friends/ Relatives,%,24.43787380682841
2016,SOUTHEAST ASIA,Vietnam,Accommodation | Others,%,19.56331180580791
2016,GREATER CHINA,China,Main Purpose of Visit | Holiday,%,57.66612522572659
2016,GREATER CHINA,China,Main Purpose of Visit | Visit Friends / Relatives,%,13.60421203735752
2016,GREATER CHINA,China,Main Purpose of Visit | General Business Purpose,%,11.50993357952964
2016,GREATER CHINA,China,Main Purpose of Visit | MICE,%,2.584226521069494
2016,GREATER CHINA,China,Main Purpose of Visit | Others,%,6.298089893608436
2016,GREATER CHINA,China,Main Purpose of Visit | Not Stated,%,8.337412742708732
2016,GREATER CHINA,China,Frequency of Visit | First,%,49.3525735997202
2016,GREATER CHINA,China,Frequency of Visit | Repeat,%,42.3100136575714
2016,GREATER CHINA,China,Frequency of Visit | Not Stated,%,8.337412742708732
2016,GREATER CHINA,China,Accommodation | Hotel,%,66.98100007617236
2016,GREATER CHINA,China,Accommodation | Residence of Friends/ Relatives,%,17.33282605461274
2016,GREATER CHINA,China,Accommodation | Others,%,15.68617386921489
2016,GREATER CHINA,Hong Kong SAR,Main Purpose of Visit | Holiday,%,49.32959346227191
2016,GREATER CHINA,Hong Kong SAR,Main Purpose of Visit | Visit Friends / Relatives,%,15.82923733948717
2016,GREATER CHINA,Hong Kong SAR,Main Purpose of Visit | General Business Purpose,%,8.969833982623328
2016,GREATER CHINA,Hong Kong SAR,Main Purpose of Visit | MICE,%,8.733355209429439
2016,GREATER CHINA,Hong Kong SAR,Main Purpose of Visit | Others,%,3.711967192452659
2016,GREATER CHINA,Hong Kong SAR,Main Purpose of Visit | Not Stated,%,13.4260128137356
2016,GREATER CHINA,Hong Kong SAR,Frequency of Visit | First,%,23.09945011354654
2016,GREATER CHINA,Hong Kong SAR,Frequency of Visit | Repeat,%,63.47453707271793
2016,GREATER CHINA,Hong Kong SAR,Frequency of Visit | Not Stated,%,13.4260128137356
2016,GREATER CHINA,Hong Kong SAR,Accommodation | Hotel,%,61.86701354201097
2016,GREATER CHINA,Hong Kong SAR,Accommodation | Residence of Friends/ Relatives,%,20.45335764817537
2016,GREATER CHINA,Hong Kong SAR,Accommodation | Others,%,17.6796288098136
2016,GREATER CHINA,Taiwan,Main Purpose of Visit | Holiday,%,63.16817333280321
2016,GREATER CHINA,Taiwan,Main Purpose of Visit | Visit Friends / Relatives,%,7.362369575607397
2016,GREATER CHINA,Taiwan,Main Purpose of Visit | General Business Purpose,%,11.91924486884834
2016,GREATER CHINA,Taiwan,Main Purpose of Visit | MICE,%,3.401702227093423
2016,GREATER CHINA,Taiwan,Main Purpose of Visit | Others,%,2.348248662509344
2016,GREATER CHINA,Taiwan,Main Purpose of Visit | Not Stated,%,11.80026133313841
2016,GREATER CHINA,Taiwan,Frequency of Visit | First,%,47.03204867299999
2016,GREATER CHINA,Taiwan,Frequency of Visit | Repeat,%,41.16768999386172
2016,GREATER CHINA,Taiwan,Frequency of Visit | Not Stated,%,11.80026133313841
2016,GREATER CHINA,Taiwan,Accommodation | Hotel,%,68.45054399355453
2016,GREATER CHINA,Taiwan,Accommodation | Residence of Friends/ Relatives,%,12.32862842019508
2016,GREATER CHINA,Taiwan,Accommodation | Others,%,19.22082758625049
2016,NORTH ASIA,Japan,Main Purpose of Visit | Holiday,%,57.36536258982738
2016,NORTH ASIA,Japan,Main Purpose of Visit | Visit Friends / Relatives,%,5.583964894307729
2016,NORTH ASIA,Japan,Main Purpose of Visit | General Business Purpose,%,19.96142109732171
2016,NORTH ASIA,Japan,Main Purpose of Visit | MICE,%,5.670415177952782
2016,NORTH ASIA,Japan,Main Purpose of Visit | Others,%,4.598594458085111
2016,NORTH ASIA,Japan,Main Purpose of Visit | Not Stated,%,6.820241782505917
2016,NORTH ASIA,Japan,Frequency of Visit | First,%,46.22945269666435
2016,NORTH ASIA,Japan,Frequency of Visit | Repeat,%,46.95030552083065
2016,NORTH ASIA,Japan,Frequency of Visit | Not Stated,%,6.820241782505917
2016,NORTH ASIA,Japan,Accommodation | Hotel,%,80.88702862045145
2016,NORTH ASIA,Japan,Accommodation | Residence of Friends/ Relatives,%,7.613258471601657
2016,NORTH ASIA,Japan,Accommodation | Others,%,11.49971290794695
2016,NORTH ASIA,South Korea,Main Purpose of Visit | Holiday,%,60.22808847760392
2016,NORTH ASIA,South Korea,Main Purpose of Visit | Visit Friends / Relatives,%,3.964881059005542
2016,NORTH ASIA,South Korea,Main Purpose of Visit | General Business Purpose,%,15.22606669014015
2016,NORTH ASIA,South Korea,Main Purpose of Visit | MICE,%,3.750697600025037
2016,NORTH ASIA,South Korea,Main Purpose of Visit | Others,%,2.38304652508937
2016,NORTH ASIA,South Korea,Main Purpose of Visit | Not Stated,%,14.44721964813601
2016,NORTH ASIA,South Korea,Frequency of Visit | First,%,47.41274695585728
2016,NORTH ASIA,South Korea,Frequency of Visit | Repeat,%,38.14003339600679
2016,NORTH ASIA,South Korea,Frequency of Visit | Not Stated,%,14.44721964813601
2016,NORTH ASIA,South Korea,Accommodation | Hotel,%,71.02130253332726
2016,NORTH ASIA,South Korea,Accommodation | Residence of Friends/ Relatives,%,7.377938278670454
2016,NORTH ASIA,South Korea,Accommodation | Others,%,21.60075918800234
2016,SOUTH ASIA,India,Main Purpose of Visit | Holiday,%,55.79473807814981
2016,SOUTH ASIA,India,Main Purpose of Visit | Visit Friends / Relatives,%,13.53401515712556
2016,SOUTH ASIA,India,Main Purpose of Visit | General Business Purpose,%,14.29723581285891
2016,SOUTH ASIA,India,Main Purpose of Visit | MICE,%,2.375718138758132
2016,SOUTH ASIA,India,Main Purpose of Visit | Others,%,2.012739011188433
2016,SOUTH ASIA,India,Main Purpose of Visit | Not Stated,%,11.98555380191833
2016,SOUTH ASIA,India,Frequency of Visit | First,%,49.54940924304593
2016,SOUTH ASIA,India,Frequency of Visit | Repeat,%,38.46503695503491
2016,SOUTH ASIA,India,Frequency of Visit | Not Stated,%,11.98555380191833
2016,SOUTH ASIA,India,Accommodation | Hotel,%,60.52777800637698
2016,SOUTH ASIA,India,Accommodation | Residence of Friends/ Relatives,%,20.24537986991127
2016,SOUTH ASIA,India,Accommodation | Others,%,19.22684212371088
2016,EUROPE,France,Main Purpose of Visit | Holiday,%,73.66621694669135
2016,EUROPE,France,Main Purpose of Visit | Visit Friends / Relatives,%,8.47310801375883
2016,EUROPE,France,Main Purpose of Visit | General Business Purpose,%,5.793060624592806
2016,EUROPE,France,Main Purpose of Visit | MICE,%,2.507514222073433
2016,EUROPE,France,Main Purpose of Visit | Others,%,2.003328314389996
2016,EUROPE,France,Main Purpose of Visit | Not Stated,%,7.55677187849358
2016,EUROPE,France,Frequency of Visit | First,%,56.71019542411257
2016,EUROPE,France,Frequency of Visit | Repeat,%,35.73303269739384
2016,EUROPE,France,Frequency of Visit | Not Stated,%,7.55677187849358
2016,EUROPE,France,Accommodation | Hotel,%,68.84210566417755
2016,EUROPE,France,Accommodation | Residence of Friends/ Relatives,%,11.48584530670518
2016,EUROPE,France,Accommodation | Others,%,19.67204902911724
2016,EUROPE,Germany,Main Purpose of Visit | Holiday,%,77.7732145441595
2016,EUROPE,Germany,Main Purpose of Visit | Visit Friends / Relatives,%,4.430088590298016
2016,EUROPE,Germany,Main Purpose of Visit | General Business Purpose,%,9.303892595355236
2016,EUROPE,Germany,Main Purpose of Visit | MICE,%,2.174899519600592
2016,EUROPE,Germany,Main Purpose of Visit | Others,%,1.901898586288463
2016,EUROPE,Germany,Main Purpose of Visit | Not Stated,%,4.416006164298296
2016,EUROPE,Germany,Frequency of Visit | First,%,56.16239035628562
2016,EUROPE,Germany,Frequency of Visit | Repeat,%,39.42160347941603
2016,EUROPE,Germany,Frequency of Visit | Not Stated,%,4.416006164298296
2016,EUROPE,Germany,Accommodation | Hotel,%,63.01048651522623
2016,EUROPE,Germany,Accommodation | Residence of Friends/ Relatives,%,10.3695325998777
2016,EUROPE,Germany,Accommodation | Others,%,26.61998088489606
2016,EUROPE,Italy,Main Purpose of Visit | Holiday,%,72.54034621417789
2016,EUROPE,Italy,Main Purpose of Visit | Visit Friends / Relatives,%,6.672347100803671
2016,EUROPE,Italy,Main Purpose of Visit | General Business Purpose,%,5.804519955326272
2016,EUROPE,Italy,Main Purpose of Visit | MICE,%,1.833478787239715
2016,EUROPE,Italy,Main Purpose of Visit | Others,%,1.213904837528352
2016,EUROPE,Italy,Main Purpose of Visit | Not Stated,%,11.93540310492408
2016,EUROPE,Italy,Frequency of Visit | First,%,69.48346782397584
2016,EUROPE,Italy,Frequency of Visit | Repeat,%,18.58112907110004
2016,EUROPE,Italy,Frequency of Visit | Not Stated,%,11.93540310492408
2016,EUROPE,Italy,Accommodation | Hotel,%,72.60187561017231
2016,EUROPE,Italy,Accommodation | Residence of Friends/ Relatives,%,6.86629497685056
2016,EUROPE,Italy,Accommodation | Others,%,20.53182941297707
2016,EUROPE,Netherlands,Main Purpose of Visit | Holiday,%,69.5426615813309
2016,EUROPE,Netherlands,Main Purpose of Visit | Visit Friends / Relatives,%,3.518099341110714
2016,EUROPE,Netherlands,Main Purpose of Visit | General Business Purpose,%,8.135342433736774
2016,EUROPE,Netherlands,Main Purpose of Visit | MICE,%,1.433819119630501
2016,EUROPE,Netherlands,Main Purpose of Visit | Others,%,1.005287714377577
2016,EUROPE,Netherlands,Main Purpose of Visit | Not Stated,%,16.36478980981358
2016,EUROPE,Netherlands,Frequency of Visit | First,%,57.44165978973692
2016,EUROPE,Netherlands,Frequency of Visit | Repeat,%,26.19355040044955
2016,EUROPE,Netherlands,Frequency of Visit | Not Stated,%,16.36478980981358
2016,EUROPE,Netherlands,Accommodation | Hotel,%,70.46541646374354
2016,EUROPE,Netherlands,Accommodation | Residence of Friends/ Relatives,%,5.242090316051226
2016,EUROPE,Netherlands,Accommodation | Others,%,24.29249322020529
2016,EUROPE,Switzerland,Main Purpose of Visit | Holiday,%,68.93225434619666
2016,EUROPE,Switzerland,Main Purpose of Visit | Visit Friends / Relatives,%,3.376882362172907
2016,EUROPE,Switzerland,Main Purpose of Visit | General Business Purpose,%,13.21748414574215
2016,EUROPE,Switzerland,Main Purpose of Visit | MICE,%,1.081079756569734
2016,EUROPE,Switzerland,Main Purpose of Visit | Not Stated,%,13.3922993893186
2016,EUROPE,Switzerland,Frequency of Visit | First,%,49.61393133056401
2016,EUROPE,Switzerland,Frequency of Visit | Repeat,%,36.99376928011741
2016,EUROPE,Switzerland,Frequency of Visit | Not Stated,%,13.3922993893186
2016,EUROPE,Switzerland,Accommodation | Hotel,%,71.38335351711807
2016,EUROPE,Switzerland,Accommodation | Residence of Friends/ Relatives,%,5.008298297133625
2016,EUROPE,Switzerland,Accommodation | Others,%,23.60834818574834
2016,EUROPE,UK,Main Purpose of Visit | Holiday,%,75.25217854763923
2016,EUROPE,UK,Main Purpose of Visit | Visit Friends / Relatives,%,6.863032722476822
2016,EUROPE,UK,Main Purpose of Visit | General Business Purpose,%,9.155217786714289
2016,EUROPE,UK,Main Purpose of Visit | MICE,%,1.805437721131426
2016,EUROPE,UK,Main Purpose of Visit | Others,%,1.211083146678316
2016,EUROPE,UK,Main Purpose of Visit | Not Stated,%,5.713050075360192
2016,EUROPE,UK,Frequency of Visit | First,%,48.36782934422162
2016,EUROPE,UK,Frequency of Visit | Repeat,%,45.91912058041864
2016,EUROPE,UK,Frequency of Visit | Not Stated,%,5.713050075360192
2016,EUROPE,UK,Accommodation | Hotel,%,72.95405790830672
2016,EUROPE,UK,Accommodation | Residence of Friends/ Relatives,%,10.26112873910813
2016,EUROPE,UK,Accommodation | Others,%,16.78481335258547
2016,AMERICAS,Canada,Main Purpose of Visit | Holiday,%,75.82794189305069
2016,AMERICAS,Canada,Main Purpose of Visit | Visit Friends / Relatives,%,2.766446770240657
2016,AMERICAS,Canada,Main Purpose of Visit | General Business Purpose,%,5.97838898995534
2016,AMERICAS,Canada,Main Purpose of Visit | Not Stated,%,15.42722234675333
2016,AMERICAS,Canada,Frequency of Visit | First,%,58.80003180019693
2016,AMERICAS,Canada,Frequency of Visit | Repeat,%,25.77274585304976
2016,AMERICAS,Canada,Frequency of Visit | Not Stated,%,15.42722234675333
2016,AMERICAS,Canada,Accommodation | Hotel,%,57.3757936540886
2016,AMERICAS,Canada,Accommodation | Residence of Friends/ Relatives,%,8.303264681519776
2016,AMERICAS,Canada,Accommodation | Others,%,34.32094166439162
2016,AMERICAS,USA,Main Purpose of Visit | Holiday,%,72.05202683858437
2016,AMERICAS,USA,Main Purpose of Visit | Visit Friends / Relatives,%,6.647397794415437
2016,AMERICAS,USA,Main Purpose of Visit | General Business Purpose,%,13.63690496316447
2016,AMERICAS,USA,Main Purpose of Visit | MICE,%,1.4212011781214131
2016,AMERICAS,USA,Main Purpose of Visit | Others,%,1.154182526324317
2016,AMERICAS,USA,Main Purpose of Visit | Not Stated,%,5.088286699390123
2016,AMERICAS,USA,Frequency of Visit | First,%,58.68174141854701
2016,AMERICAS,USA,Frequency of Visit | Repeat,%,36.229971882063
2016,AMERICAS,USA,Frequency of Visit | Not Stated,%,5.088286699390123
2016,AMERICAS,USA,Accommodation | Hotel,%,74.23901475279881
2016,AMERICAS,USA,Accommodation | Residence of Friends/ Relatives,%,9.194957815722336
2016,AMERICAS,USA,Accommodation | Others,%,16.56602743147899
2016,OCEANIA,Australia,Main Purpose of Visit | Holiday,%,70.9209089786289
2016,OCEANIA,Australia,Main Purpose of Visit | Visit Friends / Relatives,%,8.709616942104988
2016,OCEANIA,Australia,Main Purpose of Visit | General Business Purpose,%,6.941602375981974
2016,OCEANIA,Australia,Main Purpose of Visit | MICE,%,1.881475266013581
2016,OCEANIA,Australia,Main Purpose of Visit | Others,%,1.489451255229071
2016,OCEANIA,Australia,Main Purpose of Visit | Not Stated,%,10.05694518204032
2016,OCEANIA,Australia,Frequency of Visit | First,%,33.86830718897509
2016,OCEANIA,Australia,Frequency of Visit | Repeat,%,56.07474762898272
2016,OCEANIA,Australia,Frequency of Visit | Not Stated,%,10.05694518204032
2016,OCEANIA,Australia,Accommodation | Hotel,%,68.99537943983637
2016,OCEANIA,Australia,Accommodation | Residence of Friends/ Relatives,%,12.42718211522217
2016,OCEANIA,Australia,Accommodation | Others,%,18.57743844494052
2016,OCEANIA,New Zealand,Main Purpose of Visit | Holiday,%,58.76129316161929
2016,OCEANIA,New Zealand,Main Purpose of Visit | Visit Friends / Relatives,%,11.68778497921442
2016,OCEANIA,New Zealand,Main Purpose of Visit | General Business Purpose,%,12.71542445742389
2016,OCEANIA,New Zealand,Main Purpose of Visit | MICE,%,2.198741899576008
2016,OCEANIA,New Zealand,Main Purpose of Visit | Others,%,0.721600159032129
2016,OCEANIA,New Zealand,Main Purpose of Visit | Not Stated,%,13.91515534313427
2016,OCEANIA,New Zealand,Frequency of Visit | First,%,48.27999186551295
2016,OCEANIA,New Zealand,Frequency of Visit | Repeat,%,37.80485279135279
2016,OCEANIA,New Zealand,Frequency of Visit | Not Stated,%,13.91515534313427
2016,OCEANIA,New Zealand,Accommodation | Hotel,%,68.79808864189866
2016,OCEANIA,New Zealand,Accommodation | Residence of Friends/ Relatives,%,4.585304829459337
2016,OCEANIA,New Zealand,Accommodation | Others,%,26.61660652864201
2016,AFRICA,South Africa (Rep of),Main Purpose of Visit | Holiday,%,49.66569789112268
2016,AFRICA,South Africa (Rep of),Main Purpose of Visit | Visit Friends / Relatives,%,1.349269140376227
2016,AFRICA,South Africa (Rep of),Main Purpose of Visit | General Business Purpose,%,10.21529026175256
2016,AFRICA,South Africa (Rep of),Main Purpose of Visit | Others,%,0.6615511857807413
2016,AFRICA,South Africa (Rep of),Main Purpose of Visit | Not Stated,%,38.10819152096781
2016,AFRICA,South Africa (Rep of),Frequency of Visit | First,%,46.73835834314432
2016,AFRICA,South Africa (Rep of),Frequency of Visit | Repeat,%,15.15345013588789
2016,AFRICA,South Africa (Rep of),Frequency of Visit | Not Stated,%,38.10819152096781
2016,AFRICA,South Africa (Rep of),Accommodation | Hotel,%,55.15363088404318
2016,AFRICA,South Africa (Rep of),Accommodation | Residence of Friends/ Relatives,%,2.442774436889991
2016,AFRICA,South Africa (Rep of),Accommodation | Others,%,42.40359467906683
2016,REMAINING,Others,Main Purpose of Visit | Holiday,%,49.36129479685368
2016,REMAINING,Others,Main Purpose of Visit | Visit Friends / Relatives,%,8.831506133952333
2016,REMAINING,Others,Main Purpose of Visit | General Business Purpose,%,11.25895178538179
2016,REMAINING,Others,Main Purpose of Visit | MICE,%,1.883725945324074
2016,REMAINING,Others,Main Purpose of Visit | Others,%,3.114118063067285
2016,REMAINING,Others,Main Purpose of Visit | Not Stated,%,25.55040327542034
2016,REMAINING,Others,Frequency of Visit | First,%,42.34770116204059
2016,REMAINING,Others,Frequency of Visit | Repeat,%,32.10189556253867
2016,REMAINING,Others,Frequency of Visit | Not Stated,%,25.55040327542034
2016,REMAINING,Others,Accommodation | Hotel,%,55.49597322071793
2016,REMAINING,Others,Accommodation | Residence of Friends/ Relatives,%,12.34158110706366
2016,REMAINING,Others,Accommodation | Others,%,32.16244567221786
2015,SOUTHEAST ASIA,Indonesia,Main Purpose of Visit | Holiday,%,41.23084693537886
2015,SOUTHEAST ASIA,Indonesia,Main Purpose of Visit | Visit Friends / Relatives,%,17.77811708099897
2015,SOUTHEAST ASIA,Indonesia,Main Purpose of Visit | General Business Purpose,%,11.04179385094533
2015,SOUTHEAST ASIA,Indonesia,Main Purpose of Visit | MICE,%,2.016504446326812
2015,SOUTHEAST ASIA,Indonesia,Main Purpose of Visit | Others,%,19.65583819633751
2015,SOUTHEAST ASIA,Indonesia,Main Purpose of Visit | Not Stated,%,8.27689949001294
2015,SOUTHEAST ASIA,Indonesia,Frequency of Visit | First,%,12.12902087566967
2015,SOUTHEAST ASIA,Indonesia,Frequency of Visit | Repeat,%,79.59407963431735
2015,SOUTHEAST ASIA,Indonesia,Frequency of Visit | Not Stated,%,8.27689949001294
2015,SOUTHEAST ASIA,Indonesia,Accommodation | Hotel,%,37.3740723750902
2015,SOUTHEAST ASIA,Indonesia,Accommodation | Residence of Friends/ Relatives,%,23.58001292500984
2015,SOUTHEAST ASIA,Indonesia,Accommodation | Others,%,39.04591469990072
2015,SOUTHEAST ASIA,Malaysia,Main Purpose of Visit | Holiday,%,17.09147757813565
2015,SOUTHEAST ASIA,Malaysia,Main Purpose of Visit | Visit Friends / Relatives,%,26.38299611481348
2015,SOUTHEAST ASIA,Malaysia,Main Purpose of Visit | General Business Purpose,%,30.34118517796216
2015,SOUTHEAST ASIA,Malaysia,Main Purpose of Visit | MICE,%,2.942941473132163
2015,SOUTHEAST ASIA,Malaysia,Main Purpose of Visit | Others,%,14.9018955342954
2015,SOUTHEAST ASIA,Malaysia,Main Purpose of Visit | Not Stated,%,8.339504121661093
2015,SOUTHEAST ASIA,Malaysia,Frequency of Visit | First,%,5.420552289985088
2015,SOUTHEAST ASIA,Malaysia,Frequency of Visit | Repeat,%,86.23994358835381
2015,SOUTHEAST ASIA,Malaysia,Frequency of Visit | Not Stated,%,8.339504121661093
2015,SOUTHEAST ASIA,Malaysia,Accommodation | Hotel,%,30.19643660925293
2015,SOUTHEAST ASIA,Malaysia,Accommodation | Residence of Friends/ Relatives,%,32.85035080880416
2015,SOUTHEAST ASIA,Malaysia,Accommodation | Others,%,36.95321258194278
2015,SOUTHEAST ASIA,Philippines,Main Purpose of Visit | Holiday,%,36.46679716241818
2015,SOUTHEAST ASIA,Philippines,Main Purpose of Visit | Visit Friends / Relatives,%,21.99576515289169
2015,SOUTHEAST ASIA,Philippines,Main Purpose of Visit | General Business Purpose,%,15.34909768573015
2015,SOUTHEAST ASIA,Philippines,Main Purpose of Visit | MICE,%,4.205401622219724
2015,SOUTHEAST ASIA,Philippines,Main Purpose of Visit | Others,%,11.91143135143815
2015,SOUTHEAST ASIA,Philippines,Main Purpose of Visit | Not Stated,%,10.07150702530212
2015,SOUTHEAST ASIA,Philippines,Frequency of Visit | First,%,27.99055946391688
2015,SOUTHEAST ASIA,Philippines,Frequency of Visit | Repeat,%,61.93793351078099
2015,SOUTHEAST ASIA,Philippines,Frequency of Visit | Not Stated,%,10.07150702530212
2015,SOUTHEAST ASIA,Philippines,Accommodation | Hotel,%,39.37763965051019
2015,SOUTHEAST ASIA,Philippines,Accommodation | Residence of Friends/ Relatives,%,28.97095786196163
2015,SOUTHEAST ASIA,Philippines,Accommodation | Others,%,31.65140248752812
2015,SOUTHEAST ASIA,Thailand,Main Purpose of Visit | Holiday,%,35.00051409770376
2015,SOUTHEAST ASIA,Thailand,Main Purpose of Visit | Visit Friends / Relatives,%,9.3102342014447
2015,SOUTHEAST ASIA,Thailand,Main Purpose of Visit | General Business Purpose,%,32.89982923782004
2015,SOUTHEAST ASIA,Thailand,Main Purpose of Visit | MICE,%,7.394841530132305
2015,SOUTHEAST ASIA,Thailand,Main Purpose of Visit | Others,%,8.947620375480664
2015,SOUTHEAST ASIA,Thailand,Main Purpose of Visit | Not Stated,%,6.446960557418513
2015,SOUTHEAST ASIA,Thailand,Frequency of Visit | First,%,23.36808210361923
2015,SOUTHEAST ASIA,Thailand,Frequency of Visit | Repeat,%,70.18495733896214
2015,SOUTHEAST ASIA,Thailand,Frequency of Visit | Not Stated,%,6.446960557418513
2015,SOUTHEAST ASIA,Thailand,Accommodation | Hotel,%,64.48745696807029
2015,SOUTHEAST ASIA,Thailand,Accommodation | Residence of Friends/ Relatives,%,11.62744724008014
2015,SOUTHEAST ASIA,Thailand,Accommodation | Others,%,23.88509579184932
2015,SOUTHEAST ASIA,Vietnam,Main Purpose of Visit | Holiday,%,37.46989875682104
2015,SOUTHEAST ASIA,Vietnam,Main Purpose of Visit | Visit Friends / Relatives,%,20.26210785908554
2015,SOUTHEAST ASIA,Vietnam,Main Purpose of Visit | General Business Purpose,%,16.96222983726679
2015,SOUTHEAST ASIA,Vietnam,Main Purpose of Visit | MICE,%,4.48593914688813
2015,SOUTHEAST ASIA,Vietnam,Main Purpose of Visit | Others,%,6.434696449179366
2015,SOUTHEAST ASIA,Vietnam,Main Purpose of Visit | Not Stated,%,14.38512795075949
2015,SOUTHEAST ASIA,Vietnam,Frequency of Visit | First,%,32.43985779095757
2015,SOUTHEAST ASIA,Vietnam,Frequency of Visit | Repeat,%,53.17501425828327
2015,SOUTHEAST ASIA,Vietnam,Frequency of Visit | Not Stated,%,14.38512795075949
2015,SOUTHEAST ASIA,Vietnam,Accommodation | Hotel,%,48.42333558277976
2015,SOUTHEAST ASIA,Vietnam,Accommodation | Residence of Friends/ Relatives,%,22.32933264840059
2015,SOUTHEAST ASIA,Vietnam,Accommodation | Others,%,29.24733176881988
2015,GREATER CHINA,China,Main Purpose of Visit | Holiday,%,41.47521753569621
2015,GREATER CHINA,China,Main Purpose of Visit | Visit Friends / Relatives,%,14.64618440642016
2015,GREATER CHINA,China,Main Purpose of Visit | General Business Purpose,%,12.25792238840202
2015,GREATER CHINA,China,Main Purpose of Visit | MICE,%,0.8475637491533586
2015,GREATER CHINA,China,Main Purpose of Visit | Others,%,21.26096619757068
2015,GREATER CHINA,China,Main Purpose of Visit | Not Stated,%,9.512145722756864
2015,GREATER CHINA,China,Frequency of Visit | First,%,43.15218438200579
2015,GREATER CHINA,China,Frequency of Visit | Repeat,%,47.33566989523671
2015,GREATER CHINA,China,Frequency of Visit | Not Stated,%,9.512145722756864
2015,GREATER CHINA,China,Accommodation | Hotel,%,44.91158278861039
2015,GREATER CHINA,China,Accommodation | Residence of Friends/ Relatives,%,17.50743864929102
2015,GREATER CHINA,China,Accommodation | Others,%,37.58097856209848
2015,GREATER CHINA,Hong Kong SAR,Main Purpose of Visit | Holiday,%,42.73687194053647
2015,GREATER CHINA,Hong Kong SAR,Main Purpose of Visit | Visit Friends / Relatives,%,11.19451492371162
2015,GREATER CHINA,Hong Kong SAR,Main Purpose of Visit | General Business Purpose,%,25.90175807240802
2015,GREATER CHINA,Hong Kong SAR,Main Purpose of Visit | MICE,%,1.751418277697934
2015,GREATER CHINA,Hong Kong SAR,Main Purpose of Visit | Others,%,5.307051423100364
2015,GREATER CHINA,Hong Kong SAR,Main Purpose of Visit | Not Stated,%,13.10838536254604
2015,GREATER CHINA,Hong Kong SAR,Frequency of Visit | First,%,17.11596212414494
2015,GREATER CHINA,Hong Kong SAR,Frequency of Visit | Repeat,%,69.77565251330923
2015,GREATER CHINA,Hong Kong SAR,Frequency of Visit | Not Stated,%,13.10838536254604
2015,GREATER CHINA,Hong Kong SAR,Accommodation | Hotel,%,56.84880100116716
2015,GREATER CHINA,Hong Kong SAR,Accommodation | Residence of Friends/ Relatives,%,16.52452116968561
2015,GREATER CHINA,Hong Kong SAR,Accommodation | Others,%,26.62667782914768
2015,GREATER CHINA,Taiwan,Main Purpose of Visit | Holiday,%,46.74122567518182
2015,GREATER CHINA,Taiwan,Main Purpose of Visit | Visit Friends / Relatives,%,14.44139610810377
2015,GREATER CHINA,Taiwan,Main Purpose of Visit | General Business Purpose,%,21.27422133240698
2015,GREATER CHINA,Taiwan,Main Purpose of Visit | MICE,%,2.159904903034231
2015,GREATER CHINA,Taiwan,Main Purpose of Visit | Others,%,6.553365156192223
2015,GREATER CHINA,Taiwan,Main Purpose of Visit | Not Stated,%,8.829886825081177
2015,GREATER CHINA,Taiwan,Frequency of Visit | First,%,39.89454911705666
2015,GREATER CHINA,Taiwan,Frequency of Visit | Repeat,%,51.27556405786235
2015,GREATER CHINA,Taiwan,Frequency of Visit | Not Stated,%,8.829886825081177
2015,GREATER CHINA,Taiwan,Accommodation | Hotel,%,52.82113285673851
2015,GREATER CHINA,Taiwan,Accommodation | Residence of Friends/ Relatives,%,17.49969422451624
2015,GREATER CHINA,Taiwan,Accommodation | Others,%,29.67917291874532
2015,NORTH ASIA,Japan,Main Purpose of Visit | Holiday,%,35.84082038380533
2015,NORTH ASIA,Japan,Main Purpose of Visit | Visit Friends / Relatives,%,9.083476750757423
2015,NORTH ASIA,Japan,Main Purpose of Visit | General Business Purpose,%,32.10205281865766
2015,NORTH ASIA,Japan,Main Purpose of Visit | MICE,%,8.207318845343055
2015,NORTH ASIA,Japan,Main Purpose of Visit | Others,%,6.146075181506853
2015,NORTH ASIA,Japan,Main Purpose of Visit | Not Stated,%,8.620256019930341
2015,NORTH ASIA,Japan,Frequency of Visit | First,%,39.00738639286803
2015,NORTH ASIA,Japan,Frequency of Visit | Repeat,%,52.37235758720229
2015,NORTH ASIA,Japan,Frequency of Visit | Not Stated,%,8.620256019930341
2015,NORTH ASIA,Japan,Accommodation | Hotel,%,67.90239680554032
2015,NORTH ASIA,Japan,Accommodation | Residence of Friends/ Relatives,%,10.64239866258909
2015,NORTH ASIA,Japan,Accommodation | Others,%,21.45520453187066
2015,NORTH ASIA,South Korea,Main Purpose of Visit | Holiday,%,41.54879574019405
2015,NORTH ASIA,South Korea,Main Purpose of Visit | Visit Friends / Relatives,%,7.516760373006865
2015,NORTH ASIA,South Korea,Main Purpose of Visit | General Business Purpose,%,23.54168394858123
2015,NORTH ASIA,South Korea,Main Purpose of Visit | MICE,%,3.440811435994274
2015,NORTH ASIA,South Korea,Main Purpose of Visit | Others,%,8.207941758564486
2015,NORTH ASIA,South Korea,Main Purpose of Visit | Not Stated,%,15.74400674365906
2015,NORTH ASIA,South Korea,Frequency of Visit | First,%,43.03837790229178
2015,NORTH ASIA,South Korea,Frequency of Visit | Repeat,%,41.2176153540491
2015,NORTH ASIA,South Korea,Frequency of Visit | Not Stated,%,15.74400674365906
2015,NORTH ASIA,South Korea,Accommodation | Hotel,%,56.64290878518976
2015,NORTH ASIA,South Korea,Accommodation | Residence of Friends/ Relatives,%,7.744480457523743
2015,NORTH ASIA,South Korea,Accommodation | Others,%,35.61261075728669
2015,SOUTH ASIA,India,Main Purpose of Visit | Holiday,%,45.10067871194971
2015,SOUTH ASIA,India,Main Purpose of Visit | Visit Friends / Relatives,%,15.72613997552138
2015,SOUTH ASIA,India,Main Purpose of Visit | General Business Purpose,%,19.41930598036679
2015,SOUTH ASIA,India,Main Purpose of Visit | MICE,%,2.189853568476114
2015,SOUTH ASIA,India,Main Purpose of Visit | Others,%,5.30367735145881
2015,SOUTH ASIA,India,Main Purpose of Visit | Not Stated,%,12.26034441222728
2015,SOUTH ASIA,India,Frequency of Visit | First,%,37.13309638386083
2015,SOUTH ASIA,India,Frequency of Visit | Repeat,%,50.60655920391194
2015,SOUTH ASIA,India,Frequency of Visit | Not Stated,%,12.26034441222728
2015,SOUTH ASIA,India,Accommodation | Hotel,%,43.14461220687679
2015,SOUTH ASIA,India,Accommodation | Residence of Friends/ Relatives,%,24.7474651503893
2015,SOUTH ASIA,India,Accommodation | Others,%,32.10792264273424
2015,EUROPE,France,Main Purpose of Visit | Holiday,%,60.39750534558099
2015,EUROPE,France,Main Purpose of Visit | Visit Friends / Relatives,%,15.81023009422805
2015,EUROPE,France,Main Purpose of Visit | General Business Purpose,%,10.17349936393888
2015,EUROPE,France,Main Purpose of Visit | MICE,%,2.273670294828238
2015,EUROPE,France,Main Purpose of Visit | Others,%,2.228727457419169
2015,EUROPE,France,Main Purpose of Visit | Not Stated,%,9.116367444004622
2015,EUROPE,France,Frequency of Visit | First,%,43.39270038221611
2015,EUROPE,France,Frequency of Visit | Repeat,%,47.49093217377924
2015,EUROPE,France,Frequency of Visit | Not Stated,%,9.116367444004622
2015,EUROPE,France,Accommodation | Hotel,%,52.99354266070424
2015,EUROPE,France,Accommodation | Residence of Friends/ Relatives,%,22.09223327129519
2015,EUROPE,France,Accommodation | Others,%,24.91422406800049
2015,EUROPE,Germany,Main Purpose of Visit | Holiday,%,68.50171042608282
2015,EUROPE,Germany,Main Purpose of Visit | Visit Friends / Relatives,%,10.29883252162105
2015,EUROPE,Germany,Main Purpose of Visit | General Business Purpose,%,11.59787148770362
2015,EUROPE,Germany,Main Purpose of Visit | MICE,%,1.964486197369341
2015,EUROPE,Germany,Main Purpose of Visit | Others,%,3.276259352178357
2015,EUROPE,Germany,Main Purpose of Visit | Not Stated,%,4.360840015044825
2015,EUROPE,Germany,Frequency of Visit | First,%,46.79969401037383
2015,EUROPE,Germany,Frequency of Visit | Repeat,%,48.83946597458141
2015,EUROPE,Germany,Frequency of Visit | Not Stated,%,4.360840015044825
2015,EUROPE,Germany,Accommodation | Hotel,%,55.76125297231036
2015,EUROPE,Germany,Accommodation | Residence of Friends/ Relatives,%,17.19304647203973
2015,EUROPE,Germany,Accommodation | Others,%,27.04570055564989
2015,EUROPE,Italy,Main Purpose of Visit | Holiday,%,55.71045601387638
2015,EUROPE,Italy,Main Purpose of Visit | Visit Friends / Relatives,%,6.689153759721387
2015,EUROPE,Italy,Main Purpose of Visit | General Business Purpose,%,13.12652889942712
2015,EUROPE,Italy,Main Purpose of Visit | MICE,%,1.135609844430442
2015,EUROPE,Italy,Main Purpose of Visit | Others,%,3.578991067781078
2015,EUROPE,Italy,Main Purpose of Visit | Not Stated,%,19.75926041476362
2015,EUROPE,Italy,Frequency of Visit | First,%,47.85285418577892
2015,EUROPE,Italy,Frequency of Visit | Repeat,%,32.38788539945751
2015,EUROPE,Italy,Frequency of Visit | Not Stated,%,19.75926041476362
2015,EUROPE,Italy,Accommodation | Hotel,%,46.08841724554956
2015,EUROPE,Italy,Accommodation | Residence of Friends/ Relatives,%,15.13422592700736
2015,EUROPE,Italy,Accommodation | Others,%,38.77735682744308
2015,EUROPE,Netherlands,Main Purpose of Visit | Holiday,%,54.98610026007994
2015,EUROPE,Netherlands,Main Purpose of Visit | Visit Friends / Relatives,%,11.67812342351186
2015,EUROPE,Netherlands,Main Purpose of Visit | General Business Purpose,%,18.99755416821964
2015,EUROPE,Netherlands,Main Purpose of Visit | MICE,%,0.6162611090403826
2015,EUROPE,Netherlands,Main Purpose of Visit | Others,%,4.251423084862921
2015,EUROPE,Netherlands,Main Purpose of Visit | Not Stated,%,9.47053795428524
2015,EUROPE,Netherlands,Frequency of Visit | First,%,38.21638670662763
2015,EUROPE,Netherlands,Frequency of Visit | Repeat,%,52.31307533908711
2015,EUROPE,Netherlands,Frequency of Visit | Not Stated,%,9.47053795428524
2015,EUROPE,Netherlands,Accommodation | Hotel,%,47.86399563640623
2015,EUROPE,Netherlands,Accommodation | Residence of Friends/ Relatives,%,17.44938397429951
2015,EUROPE,Netherlands,Accommodation | Others,%,34.68662038929424
2015,EUROPE,Switzerland,Main Purpose of Visit | Holiday,%,62.49915472951061
2015,EUROPE,Switzerland,Main Purpose of Visit | Visit Friends / Relatives,%,8.434790162472748
2015,EUROPE,Switzerland,Main Purpose of Visit | General Business Purpose,%,4.867006247577347
2015,EUROPE,Switzerland,Main Purpose of Visit | MICE,%,3.25055350143802
2015,EUROPE,Switzerland,Main Purpose of Visit | Others,%,7.807959927656096
2015,EUROPE,Switzerland,Main Purpose of Visit | Not Stated,%,13.14053543134519
2015,EUROPE,Switzerland,Frequency of Visit | First,%,51.31239021784155
2015,EUROPE,Switzerland,Frequency of Visit | Repeat,%,35.54707435081325
2015,EUROPE,Switzerland,Frequency of Visit | Not Stated,%,13.14053543134519
2015,EUROPE,Switzerland,Accommodation | Hotel,%,58.81451720908844
2015,EUROPE,Switzerland,Accommodation | Residence of Friends/ Relatives,%,12.37700781948321
2015,EUROPE,Switzerland,Accommodation | Others,%,28.80847497142837
2015,EUROPE,UK,Main Purpose of Visit | Holiday,%,63.86619359117267
2015,EUROPE,UK,Main Purpose of Visit | Visit Friends / Relatives,%,13.86528498710607
2015,EUROPE,UK,Main Purpose of Visit | General Business Purpose,%,8.174808492386624
2015,EUROPE,UK,Main Purpose of Visit | MICE,%,3.241883775943504
2015,EUROPE,UK,Main Purpose of Visit | Others,%,5.44041827423005
2015,EUROPE,UK,Main Purpose of Visit | Not Stated,%,5.41141087916117
2015,EUROPE,UK,Frequency of Visit | First,%,39.98713327366242
2015,EUROPE,UK,Frequency of Visit | Repeat,%,54.60145584717648
2015,EUROPE,UK,Frequency of Visit | Not Stated,%,5.41141087916117
2015,EUROPE,UK,Accommodation | Hotel,%,53.34961721412657
2015,EUROPE,UK,Accommodation | Residence of Friends/ Relatives,%,22.11355634171714
2015,EUROPE,UK,Accommodation | Others,%,24.53682644415631
2015,AMERICAS,Canada,Main Purpose of Visit | Holiday,%,65.97838367464405
2015,AMERICAS,Canada,Main Purpose of Visit | Visit Friends / Relatives,%,10.67578302250842
2015,AMERICAS,Canada,Main Purpose of Visit | General Business Purpose,%,9.274248461922362
2015,AMERICAS,Canada,Main Purpose of Visit | MICE,%,2.184993044597604
2015,AMERICAS,Canada,Main Purpose of Visit | Others,%,3.708272836798661
2015,AMERICAS,Canada,Main Purpose of Visit | Not Stated,%,8.178318959528953
2015,AMERICAS,Canada,Frequency of Visit | First,%,49.22973918491862
2015,AMERICAS,Canada,Frequency of Visit | Repeat,%,42.59194185555246
2015,AMERICAS,Canada,Frequency of Visit | Not Stated,%,8.178318959528953
2015,AMERICAS,Canada,Accommodation | Hotel,%,45.96057460876348
2015,AMERICAS,Canada,Accommodation | Residence of Friends/ Relatives,%,17.9234094664382
2015,AMERICAS,Canada,Accommodation | Others,%,36.11601592479833
2015,AMERICAS,USA,Main Purpose of Visit | Holiday,%,54.44820298515726
2015,AMERICAS,USA,Main Purpose of Visit | Visit Friends / Relatives,%,11.75320002789331
2015,AMERICAS,USA,Main Purpose of Visit | General Business Purpose,%,19.33075898217643
2015,AMERICAS,USA,Main Purpose of Visit | MICE,%,2.762882566813301
2015,AMERICAS,USA,Main Purpose of Visit | Others,%,5.919891884184533
2015,AMERICAS,USA,Main Purpose of Visit | Not Stated,%,5.785063553774994
2015,AMERICAS,USA,Frequency of Visit | First,%,42.17899605658311
2015,AMERICAS,USA,Frequency of Visit | Repeat,%,52.03594038964167
2015,AMERICAS,USA,Frequency of Visit | Not Stated,%,5.785063553774994
2015,AMERICAS,USA,Accommodation | Hotel,%,57.84424597745095
2015,AMERICAS,USA,Accommodation | Residence of Friends/ Relatives,%,17.40875755880197
2015,AMERICAS,USA,Accommodation | Others,%,24.74699646374689
2015,OCEANIA,Australia,Main Purpose of Visit | Holiday,%,62.48263527743158
2015,OCEANIA,Australia,Main Purpose of Visit | Visit Friends / Relatives,%,14.70646103672855
2015,OCEANIA,Australia,Main Purpose of Visit | General Business Purpose,%,5.996425710116706
2015,OCEANIA,Australia,Main Purpose of Visit | MICE,%,1.544468029684818
2015,OCEANIA,Australia,Main Purpose of Visit | Others,%,5.51363665647853
2015,OCEANIA,Australia,Main Purpose of Visit | Not Stated,%,9.756373289560026
2015,OCEANIA,Australia,Frequency of Visit | First,%,25.39387000367825
2015,OCEANIA,Australia,Frequency of Visit | Repeat,%,64.84975670676194
2015,OCEANIA,Australia,Frequency of Visit | Not Stated,%,9.756373289560026
2015,OCEANIA,Australia,Accommodation | Hotel,%,53.46001265616196
2015,OCEANIA,Australia,Accommodation | Residence of Friends/ Relatives,%,19.43248770317627
2015,OCEANIA,Australia,Accommodation | Others,%,27.10749964066197
2015,OCEANIA,New Zealand,Main Purpose of Visit | Holiday,%,69.44299152628999
2015,OCEANIA,New Zealand,Main Purpose of Visit | Visit Friends / Relatives,%,6.860413119017289
2015,OCEANIA,New Zealand,Main Purpose of Visit | General Business Purpose,%,4.024530393656039
2015,OCEANIA,New Zealand,Main Purpose of Visit | MICE,%,3.235211391441507
2015,OCEANIA,New Zealand,Main Purpose of Visit | Others,%,4.469838516352134
2015,OCEANIA,New Zealand,Main Purpose of Visit | Not Stated,%,11.96701505324306
2015,OCEANIA,New Zealand,Frequency of Visit | First,%,22.24574505200555
2015,OCEANIA,New Zealand,Frequency of Visit | Repeat,%,65.78723989475138
2015,OCEANIA,New Zealand,Frequency of Visit | Not Stated,%,11.96701505324306
2015,OCEANIA,New Zealand,Accommodation | Hotel,%,61.86242245940458
2015,OCEANIA,New Zealand,Accommodation | Residence of Friends/ Relatives,%,13.17412290134737
2015,OCEANIA,New Zealand,Accommodation | Others,%,24.96345463924806
2015,AFRICA,South Africa (Rep of),Main Purpose of Visit | Holiday,%,39.61220061772307
2015,AFRICA,South Africa (Rep of),Main Purpose of Visit | Visit Friends / Relatives,%,7.347276430120899
2015,AFRICA,South Africa (Rep of),Main Purpose of Visit | General Business Purpose,%,18.78591965106368
2015,AFRICA,South Africa (Rep of),Main Purpose of Visit | MICE,%,3.054866854044393
2015,AFRICA,South Africa (Rep of),Main Purpose of Visit | Others,%,12.38001642723108
2015,AFRICA,South Africa (Rep of),Main Purpose of Visit | Not Stated,%,18.81972001981686
2015,AFRICA,South Africa (Rep of),Frequency of Visit | First,%,38.37033814839073
2015,AFRICA,South Africa (Rep of),Frequency of Visit | Repeat,%,42.80994183179237
2015,AFRICA,South Africa (Rep of),Frequency of Visit | Not Stated,%,18.81972001981686
2015,AFRICA,South Africa (Rep of),Accommodation | Hotel,%,49.8469438427266
2015,AFRICA,South Africa (Rep of),Accommodation | Residence of Friends/ Relatives,%,12.76151906090066
2015,AFRICA,South Africa (Rep of),Accommodation | Others,%,37.39153709637277
2015,REMAINING,Others,Main Purpose of Visit | Holiday,%,42.78109804523509
2015,REMAINING,Others,Main Purpose of Visit | Visit Friends / Relatives,%,8.62988184541399
2015,REMAINING,Others,Main Purpose of Visit | General Business Purpose,%,15.18284792976668
2015,REMAINING,Others,Main Purpose of Visit | MICE,%,2.270024159464904
2015,REMAINING,Others,Main Purpose of Visit | Others,%,10.36661748072451
2015,REMAINING,Others,Main Purpose of Visit | Not Stated,%,20.76953053939499
2015,REMAINING,Others,Frequency of Visit | First,%,36.95696680430441
2015,REMAINING,Others,Frequency of Visit | Repeat,%,42.27350265630076
2015,REMAINING,Others,Frequency of Visit | Not Stated,%,20.76953053939499
2015,REMAINING,Others,Accommodation | Hotel,%,49.98885867077772
2015,REMAINING,Others,Accommodation | Residence of Friends/ Relatives,%,12.886662679055
2015,REMAINING,Others,Accommodation | Others,%,37.12447865016726
2014,SOUTHEAST ASIA,Indonesia,Main Purpose of Visit | Holiday,%,40.78365663034163
2014,SOUTHEAST ASIA,Indonesia,Main Purpose of Visit | Visit Friends / Relatives,%,16.27757303193348
2014,SOUTHEAST ASIA,Indonesia,Main Purpose of Visit | General Business Purpose,%,10.31280535504262
2014,SOUTHEAST ASIA,Indonesia,Main Purpose of Visit | MICE,%,1.548591959879345
2014,SOUTHEAST ASIA,Indonesia,Main Purpose of Visit | Others,%,22.45730923691893
2014,SOUTHEAST ASIA,Indonesia,Main Purpose of Visit | Not Stated,%,8.620063785884165
2014,SOUTHEAST ASIA,Indonesia,Frequency of Visit | First,%,10.95987356085829
2014,SOUTHEAST ASIA,Indonesia,Frequency of Visit | Repeat,%,80.42006265325759
2014,SOUTHEAST ASIA,Indonesia,Frequency of Visit | Not Stated,%,8.620063785884165
2014,SOUTHEAST ASIA,Indonesia,Accommodation | Hotel,%,35.08745663508145
2014,SOUTHEAST ASIA,Indonesia,Accommodation | Residence of Friends/ Relatives,%,17.14105737057614
2014,SOUTHEAST ASIA,Indonesia,Accommodation | Others,%,47.77148599434258
2014,SOUTHEAST ASIA,Malaysia,Main Purpose of Visit | Holiday,%,23.9818114476323
2014,SOUTHEAST ASIA,Malaysia,Main Purpose of Visit | Visit Friends / Relatives,%,24.33030710923332
2014,SOUTHEAST ASIA,Malaysia,Main Purpose of Visit | General Business Purpose,%,29.59800949982758
2014,SOUTHEAST ASIA,Malaysia,Main Purpose of Visit | MICE,%,2.624742709399138
2014,SOUTHEAST ASIA,Malaysia,Main Purpose of Visit | Others,%,9.609736797755726
2014,SOUTHEAST ASIA,Malaysia,Main Purpose of Visit | Not Stated,%,9.855392436151982
2014,SOUTHEAST ASIA,Malaysia,Frequency of Visit | First,%,5.67863639519655
2014,SOUTHEAST ASIA,Malaysia,Frequency of Visit | Repeat,%,84.4659711686517
2014,SOUTHEAST ASIA,Malaysia,Frequency of Visit | Not Stated,%,9.855392436151982
2014,SOUTHEAST ASIA,Malaysia,Accommodation | Hotel,%,31.18301003164136
2014,SOUTHEAST ASIA,Malaysia,Accommodation | Residence of Friends/ Relatives,%,29.69055110968457
2014,SOUTHEAST ASIA,Malaysia,Accommodation | Others,%,39.12643885867377
2014,SOUTHEAST ASIA,Philippines,Main Purpose of Visit | Holiday,%,36.98864205060428
2014,SOUTHEAST ASIA,Philippines,Main Purpose of Visit | Visit Friends / Relatives,%,25.02412199606127
2014,SOUTHEAST ASIA,Philippines,Main Purpose of Visit | General Business Purpose,%,14.30550204005877
2014,SOUTHEAST ASIA,Philippines,Main Purpose of Visit | MICE,%,2.681145666595312
2014,SOUTHEAST ASIA,Philippines,Main Purpose of Visit | Others,%,10.3064435696325
2014,SOUTHEAST ASIA,Philippines,Main Purpose of Visit | Not Stated,%,10.69414467704806
2014,SOUTHEAST ASIA,Philippines,Frequency of Visit | First,%,28.12832077791922
2014,SOUTHEAST ASIA,Philippines,Frequency of Visit | Repeat,%,61.17753454503311
2014,SOUTHEAST ASIA,Philippines,Frequency of Visit | Not Stated,%,10.69414467704806
2014,SOUTHEAST ASIA,Philippines,Accommodation | Hotel,%,35.03263388480386
2014,SOUTHEAST ASIA,Philippines,Accommodation | Residence of Friends/ Relatives,%,30.5998778827923
2014,SOUTHEAST ASIA,Philippines,Accommodation | Others,%,34.36748823240342
2014,SOUTHEAST ASIA,Thailand,Main Purpose of Visit | Holiday,%,29.66348819625636
2014,SOUTHEAST ASIA,Thailand,Main Purpose of Visit | Visit Friends / Relatives,%,12.59788337277806
2014,SOUTHEAST ASIA,Thailand,Main Purpose of Visit | General Business Purpose,%,35.86628459290849
2014,SOUTHEAST ASIA,Thailand,Main Purpose of Visit | MICE,%,5.845076377301699
2014,SOUTHEAST ASIA,Thailand,Main Purpose of Visit | Others,%,10.5063221148265
2014,SOUTHEAST ASIA,Thailand,Main Purpose of Visit | Not Stated,%,5.520945345928696
2014,SOUTHEAST ASIA,Thailand,Frequency of Visit | First,%,22.56822715319375
2014,SOUTHEAST ASIA,Thailand,Frequency of Visit | Repeat,%,71.91082750087732
2014,SOUTHEAST ASIA,Thailand,Frequency of Visit | Not Stated,%,5.520945345928696
2014,SOUTHEAST ASIA,Thailand,Accommodation | Hotel,%,53.44922179072518
2014,SOUTHEAST ASIA,Thailand,Accommodation | Residence of Friends/ Relatives,%,14.90825459458583
2014,SOUTHEAST ASIA,Thailand,Accommodation | Others,%,31.64252361468912
2014,SOUTHEAST ASIA,Vietnam,Main Purpose of Visit | Holiday,%,37.93074492797246
2014,SOUTHEAST ASIA,Vietnam,Main Purpose of Visit | Visit Friends / Relatives,%,19.74752794066081
2014,SOUTHEAST ASIA,Vietnam,Main Purpose of Visit | General Business Purpose,%,21.72393716549874
2014,SOUTHEAST ASIA,Vietnam,Main Purpose of Visit | MICE,%,1.951273663723791
2014,SOUTHEAST ASIA,Vietnam,Main Purpose of Visit | Others,%,7.642471227464509
2014,SOUTHEAST ASIA,Vietnam,Main Purpose of Visit | Not Stated,%,11.00404507467984
2014,SOUTHEAST ASIA,Vietnam,Frequency of Visit | First,%,32.59737852250343
2014,SOUTHEAST ASIA,Vietnam,Frequency of Visit | Repeat,%,56.39857640281679
2014,SOUTHEAST ASIA,Vietnam,Frequency of Visit | Not Stated,%,11.00404507467984
2014,SOUTHEAST ASIA,Vietnam,Accommodation | Hotel,%,46.70476963438032
2014,SOUTHEAST ASIA,Vietnam,Accommodation | Residence of Friends/ Relatives,%,22.44718139740814
2014,SOUTHEAST ASIA,Vietnam,Accommodation | Others,%,30.84804896821163
2014,GREATER CHINA,China,Main Purpose of Visit | Holiday,%,43.48089109944842
2014,GREATER CHINA,China,Main Purpose of Visit | Visit Friends / Relatives,%,14.28645815883168
2014,GREATER CHINA,China,Main Purpose of Visit | General Business Purpose,%,17.58959972845045
2014,GREATER CHINA,China,Main Purpose of Visit | MICE,%,2.076028383415734
2014,GREATER CHINA,China,Main Purpose of Visit | Others,%,13.51648916120787
2014,GREATER CHINA,China,Main Purpose of Visit | Not Stated,%,9.050533468647004
2014,GREATER CHINA,China,Frequency of Visit | First,%,44.56221250309153
2014,GREATER CHINA,China,Frequency of Visit | Repeat,%,46.3872540282626
2014,GREATER CHINA,China,Frequency of Visit | Not Stated,%,9.050533468647004
2014,GREATER CHINA,China,Accommodation | Hotel,%,40.31351120623575
2014,GREATER CHINA,China,Accommodation | Residence of Friends/ Relatives,%,16.55564100279024
2014,GREATER CHINA,China,Accommodation | Others,%,43.13084779097551
2014,GREATER CHINA,Hong Kong SAR,Main Purpose of Visit | Holiday,%,38.13304499306997
2014,GREATER CHINA,Hong Kong SAR,Main Purpose of Visit | Visit Friends / Relatives,%,9.762106278804506
2014,GREATER CHINA,Hong Kong SAR,Main Purpose of Visit | General Business Purpose,%,31.14090967753426
2014,GREATER CHINA,Hong Kong SAR,Main Purpose of Visit | MICE,%,2.977949021701368
2014,GREATER CHINA,Hong Kong SAR,Main Purpose of Visit | Others,%,3.643824574068424
2014,GREATER CHINA,Hong Kong SAR,Main Purpose of Visit | Not Stated,%,14.3421654548213
2014,GREATER CHINA,Hong Kong SAR,Frequency of Visit | First,%,19.25754928393258
2014,GREATER CHINA,Hong Kong SAR,Frequency of Visit | Repeat,%,66.4002852612461
2014,GREATER CHINA,Hong Kong SAR,Frequency of Visit | Not Stated,%,14.3421654548213
2014,GREATER CHINA,Hong Kong SAR,Accommodation | Hotel,%,52.35457868991951
2014,GREATER CHINA,Hong Kong SAR,Accommodation | Residence of Friends/ Relatives,%,12.34600609913908
2014,GREATER CHINA,Hong Kong SAR,Accommodation | Others,%,35.29941521094131
2014,GREATER CHINA,Taiwan,Main Purpose of Visit | Holiday,%,35.96601489934463
2014,GREATER CHINA,Taiwan,Main Purpose of Visit | Visit Friends / Relatives,%,9.886395137458612
2014,GREATER CHINA,Taiwan,Main Purpose of Visit | General Business Purpose,%,26.02118182249526
2014,GREATER CHINA,Taiwan,Main Purpose of Visit | MICE,%,5.176935779708896
2014,GREATER CHINA,Taiwan,Main Purpose of Visit | Others,%,12.86679123538813
2014,GREATER CHINA,Taiwan,Main Purpose of Visit | Not Stated,%,10.0826811256044
2014,GREATER CHINA,Taiwan,Frequency of Visit | First,%,31.21969835195917
2014,GREATER CHINA,Taiwan,Frequency of Visit | Repeat,%,58.69762052243637
2014,GREATER CHINA,Taiwan,Frequency of Visit | Not Stated,%,10.0826811256044
2014,GREATER CHINA,Taiwan,Accommodation | Hotel,%,47.71052863986048
2014,GREATER CHINA,Taiwan,Accommodation | Residence of Friends/ Relatives,%,11.73739292195797
2014,GREATER CHINA,Taiwan,Accommodation | Others,%,40.55207843818154
2014,NORTH ASIA,Japan,Main Purpose of Visit | Holiday,%,41.97509561179252
2014,NORTH ASIA,Japan,Main Purpose of Visit | Visit Friends / Relatives,%,7.743072669313049
2014,NORTH ASIA,Japan,Main Purpose of Visit | General Business Purpose,%,28.20878151836746
2014,NORTH ASIA,Japan,Main Purpose of Visit | MICE,%,4.511076122608143
2014,NORTH ASIA,Japan,Main Purpose of Visit | Others,%,9.140180319361768
2014,NORTH ASIA,Japan,Main Purpose of Visit | Not Stated,%,8.421793758556872
2014,NORTH ASIA,Japan,Frequency of Visit | First,%,43.20029351654109
2014,NORTH ASIA,Japan,Frequency of Visit | Repeat,%,48.37791272490182
2014,NORTH ASIA,Japan,Frequency of Visit | Not Stated,%,8.421793758556872
2014,NORTH ASIA,Japan,Accommodation | Hotel,%,64.31466538075107
2014,NORTH ASIA,Japan,Accommodation | Residence of Friends/ Relatives,%,8.850232812706823
2014,NORTH ASIA,Japan,Accommodation | Others,%,26.83510180654194
2014,NORTH ASIA,South Korea,Main Purpose of Visit | Holiday,%,32.57689411011167
2014,NORTH ASIA,South Korea,Main Purpose of Visit | Visit Friends / Relatives,%,6.654499468394467
2014,NORTH ASIA,South Korea,Main Purpose of Visit | General Business Purpose,%,27.55035761703547
2014,NORTH ASIA,South Korea,Main Purpose of Visit | MICE,%,2.356186715178403
2014,NORTH ASIA,South Korea,Main Purpose of Visit | Others,%,11.96997831412638
2014,NORTH ASIA,South Korea,Main Purpose of Visit | Not Stated,%,18.89208377515365
2014,NORTH ASIA,South Korea,Frequency of Visit | First,%,41.50157594825309
2014,NORTH ASIA,South Korea,Frequency of Visit | Repeat,%,39.60634027659333
2014,NORTH ASIA,South Korea,Frequency of Visit | Not Stated,%,18.89208377515365
2014,NORTH ASIA,South Korea,Accommodation | Hotel,%,50.43629695250908
2014,NORTH ASIA,South Korea,Accommodation | Residence of Friends/ Relatives,%,6.950144533145717
2014,NORTH ASIA,South Korea,Accommodation | Others,%,42.61355851434521
2014,SOUTH ASIA,India,Main Purpose of Visit | Holiday,%,41.12088435656069
2014,SOUTH ASIA,India,Main Purpose of Visit | Visit Friends / Relatives,%,14.32521460087789
2014,SOUTH ASIA,India,Main Purpose of Visit | General Business Purpose,%,21.21808796487837
2014,SOUTH ASIA,India,Main Purpose of Visit | MICE,%,4.247852204326012
2014,SOUTH ASIA,India,Main Purpose of Visit | Others,%,8.16297616129295
2014,SOUTH ASIA,India,Main Purpose of Visit | Not Stated,%,10.92498471206487
2014,SOUTH ASIA,India,Frequency of Visit | First,%,43.40141429435162
2014,SOUTH ASIA,India,Frequency of Visit | Repeat,%,45.67360099358425
2014,SOUTH ASIA,India,Frequency of Visit | Not Stated,%,10.92498471206487
2014,SOUTH ASIA,India,Accommodation | Hotel,%,40.49892017971685
2014,SOUTH ASIA,India,Accommodation | Residence of Friends/ Relatives,%,23.27762755429143
2014,SOUTH ASIA,India,Accommodation | Others,%,36.22345226599211
2014,EUROPE,France,Main Purpose of Visit | Holiday,%,60.41148134563521
2014,EUROPE,France,Main Purpose of Visit | Visit Friends / Relatives,%,11.05062064368469
2014,EUROPE,France,Main Purpose of Visit | General Business Purpose,%,13.62054681372074
2014,EUROPE,France,Main Purpose of Visit | MICE,%,1.234477833146739
2014,EUROPE,France,Main Purpose of Visit | Others,%,2.157776779462566
2014,EUROPE,France,Main Purpose of Visit | Not Stated,%,11.52509658435002
2014,EUROPE,France,Frequency of Visit | First,%,47.20194364264097
2014,EUROPE,France,Frequency of Visit | Repeat,%,41.27295977300898
2014,EUROPE,France,Frequency of Visit | Not Stated,%,11.52509658435002
2014,EUROPE,France,Accommodation | Hotel,%,47.92883418376478
2014,EUROPE,France,Accommodation | Residence of Friends/ Relatives,%,16.98386600826112
2014,EUROPE,France,Accommodation | Others,%,35.08729980797408
2014,EUROPE,Germany,Main Purpose of Visit | Holiday,%,75.94909860152652
2014,EUROPE,Germany,Main Purpose of Visit | Visit Friends / Relatives,%,4.404336342103041
2014,EUROPE,Germany,Main Purpose of Visit | General Business Purpose,%,10.46506743327817
2014,EUROPE,Germany,Main Purpose of Visit | MICE,%,2.82585792829325
2014,EUROPE,Germany,Main Purpose of Visit | Others,%,2.419376555173485
2014,EUROPE,Germany,Main Purpose of Visit | Not Stated,%,3.936263139625511
2014,EUROPE,Germany,Frequency of Visit | First,%,51.52829459911009
2014,EUROPE,Germany,Frequency of Visit | Repeat,%,44.53544226126439
2014,EUROPE,Germany,Frequency of Visit | Not Stated,%,3.936263139625511
2014,EUROPE,Germany,Accommodation | Hotel,%,61.53477839513672
2014,EUROPE,Germany,Accommodation | Residence of Friends/ Relatives,%,7.680220892239677
2014,EUROPE,Germany,Accommodation | Others,%,30.78500071262357
2014,EUROPE,Italy,Main Purpose of Visit | Holiday,%,52.68621377080044
2014,EUROPE,Italy,Main Purpose of Visit | Visit Friends / Relatives,%,4.048153680576891
2014,EUROPE,Italy,Main Purpose of Visit | General Business Purpose,%,22.59181297542268
2014,EUROPE,Italy,Main Purpose of Visit | MICE,%,0.6058283399005646
2014,EUROPE,Italy,Main Purpose of Visit | Others,%,0.9172910490601626
2014,EUROPE,Italy,Main Purpose of Visit | Not Stated,%,19.15070018423937
2014,EUROPE,Italy,Frequency of Visit | First,%,40.48689631351808
2014,EUROPE,Italy,Frequency of Visit | Repeat,%,40.36240350224266
2014,EUROPE,Italy,Frequency of Visit | Not Stated,%,19.15070018423937
2014,EUROPE,Italy,Accommodation | Hotel,%,45.84776201213609
2014,EUROPE,Italy,Accommodation | Residence of Friends/ Relatives,%,6.102840019049063
2014,EUROPE,Italy,Accommodation | Others,%,48.04939796881489
2014,EUROPE,Netherlands,Main Purpose of Visit | Holiday,%,57.19783005595408
2014,EUROPE,Netherlands,Main Purpose of Visit | Visit Friends / Relatives,%,11.23132871027414
2014,EUROPE,Netherlands,Main Purpose of Visit | General Business Purpose,%,13.04334861008017
2014,EUROPE,Netherlands,Main Purpose of Visit | MICE,%,1.215646488229006
2014,EUROPE,Netherlands,Main Purpose of Visit | Others,%,2.807886922223089
2014,EUROPE,Netherlands,Main Purpose of Visit | Not Stated,%,14.50395921323949
2014,EUROPE,Netherlands,Frequency of Visit | First,%,36.64163819219225
2014,EUROPE,Netherlands,Frequency of Visit | Repeat,%,48.85440259456823
2014,EUROPE,Netherlands,Frequency of Visit | Not Stated,%,14.50395921323949
2014,EUROPE,Netherlands,Accommodation | Hotel,%,43.6517624210076
2014,EUROPE,Netherlands,Accommodation | Residence of Friends/ Relatives,%,16.59005360646156
2014,EUROPE,Netherlands,Accommodation | Others,%,39.75818397253085
2014,EUROPE,Switzerland,Main Purpose of Visit | Holiday,%,55.6270735277253
2014,EUROPE,Switzerland,Main Purpose of Visit | Visit Friends / Relatives,%,9.738250424776744
2014,EUROPE,Switzerland,Main Purpose of Visit | General Business Purpose,%,11.49333904324845
2014,EUROPE,Switzerland,Main Purpose of Visit | Others,%,2.484554352897037
2014,EUROPE,Switzerland,Main Purpose of Visit | Not Stated,%,20.65678265135241
2014,EUROPE,Switzerland,Frequency of Visit | First,%,42.1071554470534
2014,EUROPE,Switzerland,Frequency of Visit | Repeat,%,37.23606190159417
2014,EUROPE,Switzerland,Frequency of Visit | Not Stated,%,20.65678265135241
2014,EUROPE,Switzerland,Accommodation | Hotel,%,45.68883105154303
2014,EUROPE,Switzerland,Accommodation | Residence of Friends/ Relatives,%,15.86179098091955
2014,EUROPE,Switzerland,Accommodation | Others,%,38.44937796753752
2014,EUROPE,UK,Main Purpose of Visit | Holiday,%,63.4690363805046
2014,EUROPE,UK,Main Purpose of Visit | Visit Friends / Relatives,%,12.55539955182248
2014,EUROPE,UK,Main Purpose of Visit | General Business Purpose,%,14.88071668782272
2014,EUROPE,UK,Main Purpose of Visit | MICE,%,1.662403665050242
2014,EUROPE,UK,Main Purpose of Visit | Others,%,1.922594621358843
2014,EUROPE,UK,Main Purpose of Visit | Not Stated,%,5.509849093441446
2014,EUROPE,UK,Frequency of Visit | First,%,36.36540705352392
2014,EUROPE,UK,Frequency of Visit | Repeat,%,58.12474385303497
2014,EUROPE,UK,Frequency of Visit | Not Stated,%,5.509849093441446
2014,EUROPE,UK,Accommodation | Hotel,%,55.34737228135153
2014,EUROPE,UK,Accommodation | Residence of Friends/ Relatives,%,18.31335565130159
2014,EUROPE,UK,Accommodation | Others,%,26.33927206734715
2014,AMERICAS,Canada,Main Purpose of Visit | Holiday,%,61.32226534742347
2014,AMERICAS,Canada,Main Purpose of Visit | Visit Friends / Relatives,%,7.749214704503536
2014,AMERICAS,Canada,Main Purpose of Visit | General Business Purpose,%,9.442634477115131
2014,AMERICAS,Canada,Main Purpose of Visit | MICE,%,2.784739370182322
2014,AMERICAS,Canada,Main Purpose of Visit | Others,%,4.875366370098769
2014,AMERICAS,Canada,Main Purpose of Visit | Not Stated,%,13.82577973067673
2014,AMERICAS,Canada,Frequency of Visit | First,%,42.24118392618794
2014,AMERICAS,Canada,Frequency of Visit | Repeat,%,43.93303634313528
2014,AMERICAS,Canada,Frequency of Visit | Not Stated,%,13.82577973067673
2014,AMERICAS,Canada,Accommodation | Hotel,%,46.23306054201544
2014,AMERICAS,Canada,Accommodation | Residence of Friends/ Relatives,%,13.66162784733319
2014,AMERICAS,Canada,Accommodation | Others,%,40.10531161065136
2014,AMERICAS,USA,Main Purpose of Visit | Holiday,%,53.85571674192196
2014,AMERICAS,USA,Main Purpose of Visit | Visit Friends / Relatives,%,8.902181260451448
2014,AMERICAS,USA,Main Purpose of Visit | General Business Purpose,%,21.91658047774165
2014,AMERICAS,USA,Main Purpose of Visit | MICE,%,4.298361042976925
2014,AMERICAS,USA,Main Purpose of Visit | Others,%,6.220106626264706
2014,AMERICAS,USA,Main Purpose of Visit | Not Stated,%,4.807053850643229
2014,AMERICAS,USA,Frequency of Visit | First,%,43.45441859686374
2014,AMERICAS,USA,Frequency of Visit | Repeat,%,51.73852755249293
2014,AMERICAS,USA,Frequency of Visit | Not Stated,%,4.807053850643229
2014,AMERICAS,USA,Accommodation | Hotel,%,56.21851058908155
2014,AMERICAS,USA,Accommodation | Residence of Friends/ Relatives,%,14.65605178578691
2014,AMERICAS,USA,Accommodation | Others,%,29.12543762513138
2014,OCEANIA,Australia,Main Purpose of Visit | Holiday,%,68.73289207404912
2014,OCEANIA,Australia,Main Purpose of Visit | Visit Friends / Relatives,%,7.996912345430882
2014,OCEANIA,Australia,Main Purpose of Visit | General Business Purpose,%,8.61904160130003
2014,OCEANIA,Australia,Main Purpose of Visit | MICE,%,1.509698576365237
2014,OCEANIA,Australia,Main Purpose of Visit | Others,%,3.190589558351018
2014,OCEANIA,Australia,Main Purpose of Visit | Not Stated,%,9.950865844504
2014,OCEANIA,Australia,Frequency of Visit | First,%,29.80354870600413
2014,OCEANIA,Australia,Frequency of Visit | Repeat,%,60.24558544949231
2014,OCEANIA,Australia,Frequency of Visit | Not Stated,%,9.950865844504
2014,OCEANIA,Australia,Accommodation | Hotel,%,56.86658516232065
2014,OCEANIA,Australia,Accommodation | Residence of Friends/ Relatives,%,11.19414854993345
2014,OCEANIA,Australia,Accommodation | Others,%,31.93926628774636
2014,OCEANIA,New Zealand,Main Purpose of Visit | Holiday,%,68.872801231813
2014,OCEANIA,New Zealand,Main Purpose of Visit | Visit Friends / Relatives,%,4.817176996390317
2014,OCEANIA,New Zealand,Main Purpose of Visit | General Business Purpose,%,9.46194744066055
2014,OCEANIA,New Zealand,Main Purpose of Visit | Others,%,6.101812927633924
2014,OCEANIA,New Zealand,Main Purpose of Visit | Not Stated,%,10.74626140350219
2014,OCEANIA,New Zealand,Frequency of Visit | First,%,22.89007094808816
2014,OCEANIA,New Zealand,Frequency of Visit | Repeat,%,66.3636676484096
2014,OCEANIA,New Zealand,Frequency of Visit | Not Stated,%,10.74626140350219
2014,OCEANIA,New Zealand,Accommodation | Hotel,%,57.15812018909932
2014,OCEANIA,New Zealand,Accommodation | Residence of Friends/ Relatives,%,7.343955454939012
2014,OCEANIA,New Zealand,Accommodation | Others,%,35.4979243559616
2014,AFRICA,South Africa (Rep of),Main Purpose of Visit | Holiday,%,51.56925737210973
2014,AFRICA,South Africa (Rep of),Main Purpose of Visit | Visit Friends / Relatives,%,1.366545123934223
2014,AFRICA,South Africa (Rep of),Main Purpose of Visit | General Business Purpose,%,7.601666875655138
2014,AFRICA,South Africa (Rep of),Main Purpose of Visit | Others,%,7.216428045986147
2014,AFRICA,South Africa (Rep of),Main Purpose of Visit | Not Stated,%,32.24610258231472
2014,AFRICA,South Africa (Rep of),Frequency of Visit | First,%,36.44554483385087
2014,AFRICA,South Africa (Rep of),Frequency of Visit | Repeat,%,31.30835258383437
2014,AFRICA,South Africa (Rep of),Frequency of Visit | Not Stated,%,32.24610258231472
2014,AFRICA,South Africa (Rep of),Accommodation | Hotel,%,43.32418453795238
2014,AFRICA,South Africa (Rep of),Accommodation | Residence of Friends/ Relatives,%,5.070698979659038
2014,AFRICA,South Africa (Rep of),Accommodation | Others,%,51.60511648238857
2014,REMAINING,Others,Main Purpose of Visit | Holiday,%,42.29957126726745
2014,REMAINING,Others,Main Purpose of Visit | Visit Friends / Relatives,%,7.108240423386266
2014,REMAINING,Others,Main Purpose of Visit | General Business Purpose,%,15.51146426187458
2014,REMAINING,Others,Main Purpose of Visit | MICE,%,1.971694874147667
2014,REMAINING,Others,Main Purpose of Visit | Others,%,9.492300082469203
2014,REMAINING,Others,Main Purpose of Visit | Not Stated,%,23.61672909085464
2014,REMAINING,Others,Frequency of Visit | First,%,35.41090158555899
2014,REMAINING,Others,Frequency of Visit | Repeat,%,40.97236932358616
2014,REMAINING,Others,Frequency of Visit | Not Stated,%,23.61672909085464
2014,REMAINING,Others,Accommodation | Hotel,%,44.20802206466561
2014,REMAINING,Others,Accommodation | Residence of Friends/ Relatives,%,11.68691588760741
2014,REMAINING,Others,Accommodation | Others,%,44.10506204772685
2013,SOUTHEAST ASIA,Indonesia,Main Purpose of Visit | Holiday,%,35.71487020394797
2013,SOUTHEAST ASIA,Indonesia,Main Purpose of Visit | Visit Friends / Relatives,%,17.77377745844431
2013,SOUTHEAST ASIA,Indonesia,Main Purpose of Visit | General Business Purpose,%,12.5497084000631
2013,SOUTHEAST ASIA,Indonesia,Main Purpose of Visit | MICE,%,3.072141965514955
2013,SOUTHEAST ASIA,Indonesia,Main Purpose of Visit | Others,%,21.54421187513523
2013,SOUTHEAST ASIA,Indonesia,Main Purpose of Visit | Not Stated,%,8.954023957393607
2013,SOUTHEAST ASIA,Indonesia,Frequency of Visit | First,%,13.49422247428813
2013,SOUTHEAST ASIA,Indonesia,Frequency of Visit | Repeat,%,77.5517535683196
2013,SOUTHEAST ASIA,Indonesia,Frequency of Visit | Not Stated,%,8.954023957393607
2013,SOUTHEAST ASIA,Indonesia,Accommodation | Hotel,%,37.19767901043045
2013,SOUTHEAST ASIA,Indonesia,Accommodation | Residence of Friends/ Relatives,%,17.36107193534073
2013,SOUTHEAST ASIA,Indonesia,Accommodation | Others,%,45.44124905422878
2013,SOUTHEAST ASIA,Malaysia,Main Purpose of Visit | Holiday,%,20.64384048675381
2013,SOUTHEAST ASIA,Malaysia,Main Purpose of Visit | Visit Friends / Relatives,%,23.97845518093941
2013,SOUTHEAST ASIA,Malaysia,Main Purpose of Visit | General Business Purpose,%,31.80764351049989
2013,SOUTHEAST ASIA,Malaysia,Main Purpose of Visit | MICE,%,4.545690106050229
2013,SOUTHEAST ASIA,Malaysia,Main Purpose of Visit | Others,%,8.70850229962236
2013,SOUTHEAST ASIA,Malaysia,Main Purpose of Visit | Not Stated,%,10.27832526105358
2013,SOUTHEAST ASIA,Malaysia,Frequency of Visit | First,%,5.005468152776431
2013,SOUTHEAST ASIA,Malaysia,Frequency of Visit | Repeat,%,84.71620658617056
2013,SOUTHEAST ASIA,Malaysia,Frequency of Visit | Not Stated,%,10.27832526105358
2013,SOUTHEAST ASIA,Malaysia,Accommodation | Hotel,%,38.03786738374522
2013,SOUTHEAST ASIA,Malaysia,Accommodation | Residence of Friends/ Relatives,%,26.48192817388273
2013,SOUTHEAST ASIA,Malaysia,Accommodation | Others,%,35.48020444237192
2013,SOUTHEAST ASIA,Philippines,Main Purpose of Visit | Holiday,%,39.90443594237349
2013,SOUTHEAST ASIA,Philippines,Main Purpose of Visit | Visit Friends / Relatives,%,25.40138496356495
2013,SOUTHEAST ASIA,Philippines,Main Purpose of Visit | General Business Purpose,%,14.46675644022534
2013,SOUTHEAST ASIA,Philippines,Main Purpose of Visit | MICE,%,2.924536165413099
2013,SOUTHEAST ASIA,Philippines,Main Purpose of Visit | Others,%,6.758837763005391
2013,SOUTHEAST ASIA,Philippines,Main Purpose of Visit | Not Stated,%,10.54404872541782
2013,SOUTHEAST ASIA,Philippines,Frequency of Visit | First,%,35.30746454575753
2013,SOUTHEAST ASIA,Philippines,Frequency of Visit | Repeat,%,54.14848672882481
2013,SOUTHEAST ASIA,Philippines,Frequency of Visit | Not Stated,%,10.54404872541782
2013,SOUTHEAST ASIA,Philippines,Accommodation | Hotel,%,34.3773184564542
2013,SOUTHEAST ASIA,Philippines,Accommodation | Residence of Friends/ Relatives,%,32.29676316892486
2013,SOUTHEAST ASIA,Philippines,Accommodation | Others,%,33.32591837462076
2013,SOUTHEAST ASIA,Thailand,Main Purpose of Visit | Holiday,%,29.15692470239686
2013,SOUTHEAST ASIA,Thailand,Main Purpose of Visit | Visit Friends / Relatives,%,13.54913210478985
2013,SOUTHEAST ASIA,Thailand,Main Purpose of Visit | General Business Purpose,%,33.90398971471508
2013,SOUTHEAST ASIA,Thailand,Main Purpose of Visit | MICE,%,6.746405029136939
2013,SOUTHEAST ASIA,Thailand,Main Purpose of Visit | Others,%,8.769392000611504
2013,SOUTHEAST ASIA,Thailand,Main Purpose of Visit | Not Stated,%,7.874156448349499
2013,SOUTHEAST ASIA,Thailand,Frequency of Visit | First,%,17.77411507248153
2013,SOUTHEAST ASIA,Thailand,Frequency of Visit | Repeat,%,74.35172847916864
2013,SOUTHEAST ASIA,Thailand,Frequency of Visit | Not Stated,%,7.874156448349499
2013,SOUTHEAST ASIA,Thailand,Accommodation | Hotel,%,59.33468470033005
2013,SOUTHEAST ASIA,Thailand,Accommodation | Residence of Friends/ Relatives,%,15.7784913063323
2013,SOUTHEAST ASIA,Thailand,Accommodation | Others,%,24.88682399333749
2013,SOUTHEAST ASIA,Vietnam,Main Purpose of Visit | Holiday,%,33.98181110540389
2013,SOUTHEAST ASIA,Vietnam,Main Purpose of Visit | Visit Friends / Relatives,%,16.03248111981877
2013,SOUTHEAST ASIA,Vietnam,Main Purpose of Visit | General Business Purpose,%,25.71441489128143
2013,SOUTHEAST ASIA,Vietnam,Main Purpose of Visit | MICE,%,2.744338274210507
2013,SOUTHEAST ASIA,Vietnam,Main Purpose of Visit | Others,%,10.03186600404298
2013,SOUTHEAST ASIA,Vietnam,Main Purpose of Visit | Not Stated,%,11.4950886052424
2013,SOUTHEAST ASIA,Vietnam,Frequency of Visit | First,%,30.40229825776437
2013,SOUTHEAST ASIA,Vietnam,Frequency of Visit | Repeat,%,58.10261313699318
2013,SOUTHEAST ASIA,Vietnam,Frequency of Visit | Not Stated,%,11.4950886052424
2013,SOUTHEAST ASIA,Vietnam,Accommodation | Hotel,%,50.1127970177981
2013,SOUTHEAST ASIA,Vietnam,Accommodation | Residence of Friends/ Relatives,%,19.43684482158761
2013,SOUTHEAST ASIA,Vietnam,Accommodation | Others,%,30.45035816061428
2013,GREATER CHINA,China,Main Purpose of Visit | Holiday,%,41.58907366894199
2013,GREATER CHINA,China,Main Purpose of Visit | Visit Friends / Relatives,%,15.26570701814654
2013,GREATER CHINA,China,Main Purpose of Visit | General Business Purpose,%,22.43134462686939
2013,GREATER CHINA,China,Main Purpose of Visit | MICE,%,3.150055541338967
2013,GREATER CHINA,China,Main Purpose of Visit | Others,%,10.80676691234872
2013,GREATER CHINA,China,Main Purpose of Visit | Not Stated,%,6.757052232356381
2013,GREATER CHINA,China,Frequency of Visit | First,%,39.29569225144758
2013,GREATER CHINA,China,Frequency of Visit | Repeat,%,53.94725551619784
2013,GREATER CHINA,China,Frequency of Visit | Not Stated,%,6.757052232356381
2013,GREATER CHINA,China,Accommodation | Hotel,%,51.32685621595063
2013,GREATER CHINA,China,Accommodation | Residence of Friends/ Relatives,%,15.27702600313452
2013,GREATER CHINA,China,Accommodation | Others,%,33.39611778091512
2013,GREATER CHINA,Hong Kong SAR,Main Purpose of Visit | Holiday,%,35.81560318234101
2013,GREATER CHINA,Hong Kong SAR,Main Purpose of Visit | Visit Friends / Relatives,%,9.08715076088733
2013,GREATER CHINA,Hong Kong SAR,Main Purpose of Visit | General Business Purpose,%,34.63458417209445
2013,GREATER CHINA,Hong Kong SAR,Main Purpose of Visit | MICE,%,2.463008885275967
2013,GREATER CHINA,Hong Kong SAR,Main Purpose of Visit | Others,%,4.22064382461078
2013,GREATER CHINA,Hong Kong SAR,Main Purpose of Visit | Not Stated,%,13.77900917479042
2013,GREATER CHINA,Hong Kong SAR,Frequency of Visit | First,%,16.8969482735208
2013,GREATER CHINA,Hong Kong SAR,Frequency of Visit | Repeat,%,69.32404255168866
2013,GREATER CHINA,Hong Kong SAR,Frequency of Visit | Not Stated,%,13.77900917479042
2013,GREATER CHINA,Hong Kong SAR,Accommodation | Hotel,%,64.73065365005094
2013,GREATER CHINA,Hong Kong SAR,Accommodation | Residence of Friends/ Relatives,%,10.11664572681122
2013,GREATER CHINA,Hong Kong SAR,Accommodation | Others,%,25.15270062313782
2013,GREATER CHINA,Taiwan,Main Purpose of Visit | Holiday,%,41.20201220014992
2013,GREATER CHINA,Taiwan,Main Purpose of Visit | Visit Friends / Relatives,%,7.064041641934762
2013,GREATER CHINA,Taiwan,Main Purpose of Visit | General Business Purpose,%,26.0109796763678
2013,GREATER CHINA,Taiwan,Main Purpose of Visit | MICE,%,6.173581032295727
2013,GREATER CHINA,Taiwan,Main Purpose of Visit | Others,%,9.048404714379217
2013,GREATER CHINA,Taiwan,Main Purpose of Visit | Not Stated,%,10.50098073487248
2013,GREATER CHINA,Taiwan,Frequency of Visit | First,%,30.8407297970196
2013,GREATER CHINA,Taiwan,Frequency of Visit | Repeat,%,58.65828946810782
2013,GREATER CHINA,Taiwan,Frequency of Visit | Not Stated,%,10.50098073487248
2013,GREATER CHINA,Taiwan,Accommodation | Hotel,%,56.76586803744073
2013,GREATER CHINA,Taiwan,Accommodation | Residence of Friends/ Relatives,%,7.616972275711503
2013,GREATER CHINA,Taiwan,Accommodation | Others,%,35.61715968684781
2013,NORTH ASIA,Japan,Main Purpose of Visit | Holiday,%,46.11236946826524
2013,NORTH ASIA,Japan,Main Purpose of Visit | Visit Friends / Relatives,%,5.447955093053819
2013,NORTH ASIA,Japan,Main Purpose of Visit | General Business Purpose,%,32.93859406352517
2013,NORTH ASIA,Japan,Main Purpose of Visit | MICE,%,1.300625694221069
2013,NORTH ASIA,Japan,Main Purpose of Visit | Others,%,5.13179416851684
2013,NORTH ASIA,Japan,Main Purpose of Visit | Not Stated,%,9.0686615124176
2013,NORTH ASIA,Japan,Frequency of Visit | First,%,39.43299343425817
2013,NORTH ASIA,Japan,Frequency of Visit | Repeat,%,51.49834505332398
2013,NORTH ASIA,Japan,Frequency of Visit | Not Stated,%,9.0686615124176
2013,NORTH ASIA,Japan,Accommodation | Hotel,%,68.404613121596
2013,NORTH ASIA,Japan,Accommodation | Residence of Friends/ Relatives,%,8.229484857497857
2013,NORTH ASIA,Japan,Accommodation | Others,%,23.36590202090599
2013,NORTH ASIA,South Korea,Main Purpose of Visit | Holiday,%,30.4339025339929
2013,NORTH ASIA,South Korea,Main Purpose of Visit | Visit Friends / Relatives,%,2.790210980450189
2013,NORTH ASIA,South Korea,Main Purpose of Visit | General Business Purpose,%,26.0107032852052
2013,NORTH ASIA,South Korea,Main Purpose of Visit | MICE,%,1.543299282360902
2013,NORTH ASIA,South Korea,Main Purpose of Visit | Others,%,4.385995912660739
2013,NORTH ASIA,South Korea,Main Purpose of Visit | Not Stated,%,34.8358880053299
2013,NORTH ASIA,South Korea,Frequency of Visit | First,%,29.09785245272007
2013,NORTH ASIA,South Korea,Frequency of Visit | Repeat,%,36.06625954194988
2013,NORTH ASIA,South Korea,Frequency of Visit | Not Stated,%,34.8358880053299
2013,NORTH ASIA,South Korea,Accommodation | Hotel,%,50.53153570442041
2013,NORTH ASIA,South Korea,Accommodation | Residence of Friends/ Relatives,%,2.76071210083273
2013,NORTH ASIA,South Korea,Accommodation | Others,%,46.70775219474665
2013,SOUTH ASIA,India,Main Purpose of Visit | Holiday,%,39.09862945317025
2013,SOUTH ASIA,India,Main Purpose of Visit | Visit Friends / Relatives,%,17.58882323147908
2013,SOUTH ASIA,India,Main Purpose of Visit | General Business Purpose,%,20.61393427222842
2013,SOUTH ASIA,India,Main Purpose of Visit | MICE,%,6.072323658565974
2013,SOUTH ASIA,India,Main Purpose of Visit | Others,%,6.219903891434787
2013,SOUTH ASIA,India,Main Purpose of Visit | Not Stated,%,10.40638549312111
2013,SOUTH ASIA,India,Frequency of Visit | First,%,39.18008018118443
2013,SOUTH ASIA,India,Frequency of Visit | Repeat,%,50.41353432569401
2013,SOUTH ASIA,India,Frequency of Visit | Not Stated,%,10.40638549312111
2013,SOUTH ASIA,India,Accommodation | Hotel,%,43.38637324322174
2013,SOUTH ASIA,India,Accommodation | Residence of Friends/ Relatives,%,22.41078872251125
2013,SOUTH ASIA,India,Accommodation | Others,%,34.20283803426711
2013,EUROPE,France,Main Purpose of Visit | Holiday,%,67.4879475604198
2013,EUROPE,France,Main Purpose of Visit | Visit Friends / Relatives,%,11.16955499144909
2013,EUROPE,France,Main Purpose of Visit | General Business Purpose,%,8.41144673459264
2013,EUROPE,France,Main Purpose of Visit | MICE,%,1.007987386291082
2013,EUROPE,France,Main Purpose of Visit | Others,%,4.75850251552862
2013,EUROPE,France,Main Purpose of Visit | Not Stated,%,7.164560811718791
2013,EUROPE,France,Frequency of Visit | First,%,44.26778986855369
2013,EUROPE,France,Frequency of Visit | Repeat,%,48.56764931972759
2013,EUROPE,France,Frequency of Visit | Not Stated,%,7.164560811718791
2013,EUROPE,France,Accommodation | Hotel,%,53.60339385692559
2013,EUROPE,France,Accommodation | Residence of Friends/ Relatives,%,19.16926645608345
2013,EUROPE,France,Accommodation | Others,%,27.227339686991
2013,EUROPE,Germany,Main Purpose of Visit | Holiday,%,71.35363647833206
2013,EUROPE,Germany,Main Purpose of Visit | Visit Friends / Relatives,%,3.911010761045133
2013,EUROPE,Germany,Main Purpose of Visit | General Business Purpose,%,13.69269340791695
2013,EUROPE,Germany,Main Purpose of Visit | Others,%,7.349474538256918
2013,EUROPE,Germany,Main Purpose of Visit | Not Stated,%,3.693184814449066
2013,EUROPE,Germany,Frequency of Visit | First,%,48.82835054195107
2013,EUROPE,Germany,Frequency of Visit | Repeat,%,47.47846464359988
2013,EUROPE,Germany,Frequency of Visit | Not Stated,%,3.693184814449066
2013,EUROPE,Germany,Accommodation | Hotel,%,57.0532857865697
2013,EUROPE,Germany,Accommodation | Residence of Friends/ Relatives,%,8.101472722279103
2013,EUROPE,Germany,Accommodation | Others,%,34.84524149115121
2013,EUROPE,Italy,Main Purpose of Visit | Holiday,%,53.11310239311312
2013,EUROPE,Italy,Main Purpose of Visit | Visit Friends / Relatives,%,4.108117090650951
2013,EUROPE,Italy,Main Purpose of Visit | General Business Purpose,%,20.22415087584566
2013,EUROPE,Italy,Main Purpose of Visit | MICE,%,1.474879043577231
2013,EUROPE,Italy,Main Purpose of Visit | Others,%,4.667793733843177
2013,EUROPE,Italy,Main Purpose of Visit | Not Stated,%,16.41195686296977
2013,EUROPE,Italy,Frequency of Visit | First,%,46.467814600204
2013,EUROPE,Italy,Frequency of Visit | Repeat,%,37.12022853682613
2013,EUROPE,Italy,Frequency of Visit | Not Stated,%,16.41195686296977
2013,EUROPE,Italy,Accommodation | Hotel,%,60.44104401701165
2013,EUROPE,Italy,Accommodation | Residence of Friends/ Relatives,%,5.367245910455744
2013,EUROPE,Italy,Accommodation | Others,%,34.19171007253262
2013,EUROPE,Netherlands,Main Purpose of Visit | Holiday,%,58.10315824069019
2013,EUROPE,Netherlands,Main Purpose of Visit | Visit Friends / Relatives,%,2.347658570253986
2013,EUROPE,Netherlands,Main Purpose of Visit | General Business Purpose,%,17.8947848518249
2013,EUROPE,Netherlands,Main Purpose of Visit | MICE,%,5.034487479212124
2013,EUROPE,Netherlands,Main Purpose of Visit | Others,%,3.814939485116834
2013,EUROPE,Netherlands,Main Purpose of Visit | Not Stated,%,12.80497137290198
2013,EUROPE,Netherlands,Frequency of Visit | First,%,35.46692044424181
2013,EUROPE,Netherlands,Frequency of Visit | Repeat,%,51.7281081828562
2013,EUROPE,Netherlands,Frequency of Visit | Not Stated,%,12.80497137290198
2013,EUROPE,Netherlands,Accommodation | Hotel,%,56.41512854284112
2013,EUROPE,Netherlands,Accommodation | Residence of Friends/ Relatives,%,5.057724022874115
2013,EUROPE,Netherlands,Accommodation | Others,%,38.52714743428479
2013,EUROPE,Switzerland,Main Purpose of Visit | Holiday,%,58.46771065773083
2013,EUROPE,Switzerland,Main Purpose of Visit | Visit Friends / Relatives,%,7.720699522096764
2013,EUROPE,Switzerland,Main Purpose of Visit | General Business Purpose,%,11.14237515133148
2013,EUROPE,Switzerland,Main Purpose of Visit | MICE,%,0.9837261288075154
2013,EUROPE,Switzerland,Main Purpose of Visit | Others,%,1.951017776362275
2013,EUROPE,Switzerland,Main Purpose of Visit | Not Stated,%,19.73447076367112
2013,EUROPE,Switzerland,Frequency of Visit | First,%,32.05160010876278
2013,EUROPE,Switzerland,Frequency of Visit | Repeat,%,48.21392912756608
2013,EUROPE,Switzerland,Frequency of Visit | Not Stated,%,19.73447076367112
2013,EUROPE,Switzerland,Accommodation | Hotel,%,53.10020871060581
2013,EUROPE,Switzerland,Accommodation | Residence of Friends/ Relatives,%,10.84935168932729
2013,EUROPE,Switzerland,Accommodation | Others,%,36.05043960006692
2013,EUROPE,UK,Main Purpose of Visit | Holiday,%,63.94260199630178
2013,EUROPE,UK,Main Purpose of Visit | Visit Friends / Relatives,%,11.76424911877406
2013,EUROPE,UK,Main Purpose of Visit | General Business Purpose,%,12.58053909736375
2013,EUROPE,UK,Main Purpose of Visit | MICE,%,3.205268468467027
2013,EUROPE,UK,Main Purpose of Visit | Others,%,2.417840862558195
2013,EUROPE,UK,Main Purpose of Visit | Not Stated,%,6.089500456535267
2013,EUROPE,UK,Frequency of Visit | First,%,34.03976475802052
2013,EUROPE,UK,Frequency of Visit | Repeat,%,59.87073478544422
2013,EUROPE,UK,Frequency of Visit | Not Stated,%,6.089500456535267
2013,EUROPE,UK,Accommodation | Hotel,%,58.41132989361692
2013,EUROPE,UK,Accommodation | Residence of Friends/ Relatives,%,16.70557065700259
2013,EUROPE,UK,Accommodation | Others,%,24.88309944938052
2013,AMERICAS,Canada,Main Purpose of Visit | Holiday,%,56.18283108671131
2013,AMERICAS,Canada,Main Purpose of Visit | Visit Friends / Relatives,%,13.09959930317841
2013,AMERICAS,Canada,Main Purpose of Visit | General Business Purpose,%,9.344687141212198
2013,AMERICAS,Canada,Main Purpose of Visit | MICE,%,2.905887878917198
2013,AMERICAS,Canada,Main Purpose of Visit | Others,%,7.389935346212283
2013,AMERICAS,Canada,Main Purpose of Visit | Not Stated,%,11.0770592437686
2013,AMERICAS,Canada,Frequency of Visit | First,%,45.26628792230292
2013,AMERICAS,Canada,Frequency of Visit | Repeat,%,43.6566528339285
2013,AMERICAS,Canada,Frequency of Visit | Not Stated,%,11.0770592437686
2013,AMERICAS,Canada,Accommodation | Hotel,%,48.51720615289577
2013,AMERICAS,Canada,Accommodation | Residence of Friends/ Relatives,%,14.98830003038923
2013,AMERICAS,Canada,Accommodation | Others,%,36.49449381671501
2013,AMERICAS,USA,Main Purpose of Visit | Holiday,%,49.4343470709132
2013,AMERICAS,USA,Main Purpose of Visit | Visit Friends / Relatives,%,8.882398941877494
2013,AMERICAS,USA,Main Purpose of Visit | General Business Purpose,%,28.19381899100594
2013,AMERICAS,USA,Main Purpose of Visit | MICE,%,2.256932328632338
2013,AMERICAS,USA,Main Purpose of Visit | Others,%,5.000845485932459
2013,AMERICAS,USA,Main Purpose of Visit | Not Stated,%,6.139928369013982
2013,AMERICAS,USA,Frequency of Visit | First,%,43.83192162886984
2013,AMERICAS,USA,Frequency of Visit | Repeat,%,50.02815000211636
2013,AMERICAS,USA,Frequency of Visit | Not Stated,%,6.139928369013982
2013,AMERICAS,USA,Accommodation | Hotel,%,60.91864028499876
2013,AMERICAS,USA,Accommodation | Residence of Friends/ Relatives,%,13.11322911921601
2013,AMERICAS,USA,Accommodation | Others,%,25.96813059578536
2013,OCEANIA,Australia,Main Purpose of Visit | Holiday,%,69.95683169120103
2013,OCEANIA,Australia,Main Purpose of Visit | Visit Friends / Relatives,%,7.680967997843975
2013,OCEANIA,Australia,Main Purpose of Visit | General Business Purpose,%,6.534446174986701
2013,OCEANIA,Australia,Main Purpose of Visit | MICE,%,0.962622654550458
2013,OCEANIA,Australia,Main Purpose of Visit | Others,%,2.919190748182233
2013,OCEANIA,Australia,Main Purpose of Visit | Not Stated,%,11.94594073323478
2013,OCEANIA,Australia,Frequency of Visit | First,%,25.09835226746819
2013,OCEANIA,Australia,Frequency of Visit | Repeat,%,62.95570699929632
2013,OCEANIA,Australia,Frequency of Visit | Not Stated,%,11.94594073323478
2013,OCEANIA,Australia,Accommodation | Hotel,%,61.83339433909677
2013,OCEANIA,Australia,Accommodation | Residence of Friends/ Relatives,%,10.21669367335536
2013,OCEANIA,Australia,Accommodation | Others,%,27.94991198754769
2013,OCEANIA,New Zealand,Main Purpose of Visit | Holiday,%,67.05838074597534
2013,OCEANIA,New Zealand,Main Purpose of Visit | Visit Friends / Relatives,%,3.348724971961077
2013,OCEANIA,New Zealand,Main Purpose of Visit | General Business Purpose,%,11.57292030691807
2013,OCEANIA,New Zealand,Main Purpose of Visit | Others,%,3.947046592087391
2013,OCEANIA,New Zealand,Main Purpose of Visit | Not Stated,%,14.07292738305817
2013,OCEANIA,New Zealand,Frequency of Visit | First,%,22.78441429632074
2013,OCEANIA,New Zealand,Frequency of Visit | Repeat,%,63.14265832062113
2013,OCEANIA,New Zealand,Frequency of Visit | Not Stated,%,14.07292738305817
2013,OCEANIA,New Zealand,Accommodation | Hotel,%,62.64280190906221
2013,OCEANIA,New Zealand,Accommodation | Residence of Friends/ Relatives,%,5.912157566816897
2013,OCEANIA,New Zealand,Accommodation | Others,%,31.44504052412092
2013,AFRICA,South Africa (Rep of),Main Purpose of Visit | Holiday,%,52.5422392140002
2013,AFRICA,South Africa (Rep of),Main Purpose of Visit | Visit Friends / Relatives,%,1.279208789938089
2013,AFRICA,South Africa (Rep of),Main Purpose of Visit | General Business Purpose,%,18.84067904626656
2013,AFRICA,South Africa (Rep of),Main Purpose of Visit | Others,%,2.26534678753721
2013,AFRICA,South Africa (Rep of),Main Purpose of Visit | Not Stated,%,25.07252616225793
2013,AFRICA,South Africa (Rep of),Frequency of Visit | First,%,27.11309002656636
2013,AFRICA,South Africa (Rep of),Frequency of Visit | Repeat,%,47.81438381117568
2013,AFRICA,South Africa (Rep of),Frequency of Visit | Not Stated,%,25.07252616225793
2013,AFRICA,South Africa (Rep of),Accommodation | Hotel,%,64.50422473839035
2013,AFRICA,South Africa (Rep of),Accommodation | Residence of Friends/ Relatives,%,5.82398415470024
2013,AFRICA,South Africa (Rep of),Accommodation | Others,%,29.67179110690941
2013,REMAINING,Others,Main Purpose of Visit | Holiday,%,44.04702191853468
2013,REMAINING,Others,Main Purpose of Visit | Visit Friends / Relatives,%,7.813830575300718
2013,REMAINING,Others,Main Purpose of Visit | General Business Purpose,%,15.1459071202751
2013,REMAINING,Others,Main Purpose of Visit | MICE,%,2.150816638706828
2013,REMAINING,Others,Main Purpose of Visit | Others,%,8.90326179196649
2013,REMAINING,Others,Main Purpose of Visit | Not Stated,%,21.87391255603872
2013,REMAINING,Others,Frequency of Visit | First,%,36.78224097327073
2013,REMAINING,Others,Frequency of Visit | Repeat,%,41.34384647069058
2013,REMAINING,Others,Frequency of Visit | Not Stated,%,21.87391255603872
2013,REMAINING,Others,Accommodation | Hotel,%,51.78770612252473
2013,REMAINING,Others,Accommodation | Residence of Friends/ Relatives,%,10.54467607277841
2013,REMAINING,Others,Accommodation | Others,%,37.6676178046968
2012,SOUTHEAST ASIA,Indonesia,Main Purpose of Visit | Holiday,%,38.39222987940143
2012,SOUTHEAST ASIA,Indonesia,Main Purpose of Visit | Visit Friends / Relatives,%,17.06034714055308
2012,SOUTHEAST ASIA,Indonesia,Main Purpose of Visit | General Business Purpose,%,11.50268279588007
2012,SOUTHEAST ASIA,Indonesia,Main Purpose of Visit | MICE,%,4.568980109413127
2012,SOUTHEAST ASIA,Indonesia,Main Purpose of Visit | Others,%,19.90735732471743
2012,SOUTHEAST ASIA,Indonesia,Main Purpose of Visit | Not Stated,%,8.568402750035514
2012,SOUTHEAST ASIA,Indonesia,Frequency of Visit | First,%,15.07116243456019
2012,SOUTHEAST ASIA,Indonesia,Frequency of Visit | Repeat,%,76.36043481540473
2012,SOUTHEAST ASIA,Indonesia,Frequency of Visit | Not Stated,%,8.568402750035514
2012,SOUTHEAST ASIA,Indonesia,Accommodation | Hotel,%,39.2490775274753
2012,SOUTHEAST ASIA,Indonesia,Accommodation | Residence of Friends/ Relatives,%,18.43520138194836
2012,SOUTHEAST ASIA,Indonesia,Accommodation | Others,%,42.3157210905765
2012,SOUTHEAST ASIA,Malaysia,Main Purpose of Visit | Holiday,%,21.50147961587403
2012,SOUTHEAST ASIA,Malaysia,Main Purpose of Visit | Visit Friends / Relatives,%,22.42435910459776
2012,SOUTHEAST ASIA,Malaysia,Main Purpose of Visit | General Business Purpose,%,29.37377550429025
2012,SOUTHEAST ASIA,Malaysia,Main Purpose of Visit | MICE,%,7.849028719292473
2012,SOUTHEAST ASIA,Malaysia,Main Purpose of Visit | Others,%,9.053291641672905
2012,SOUTHEAST ASIA,Malaysia,Main Purpose of Visit | Not Stated,%,9.798065414272273
2012,SOUTHEAST ASIA,Malaysia,Frequency of Visit | First,%,6.736672808788699
2012,SOUTHEAST ASIA,Malaysia,Frequency of Visit | Repeat,%,83.43399553471839
2012,SOUTHEAST ASIA,Malaysia,Frequency of Visit | Not Stated,%,9.829331656492656
2012,SOUTHEAST ASIA,Malaysia,Accommodation | Hotel,%,37.69399343078709
2012,SOUTHEAST ASIA,Malaysia,Accommodation | Residence of Friends/ Relatives,%,27.14938052962821
2012,SOUTHEAST ASIA,Malaysia,Accommodation | Others,%,35.15662603958452
2012,SOUTHEAST ASIA,Philippines,Main Purpose of Visit | Holiday,%,36.27609927935837
2012,SOUTHEAST ASIA,Philippines,Main Purpose of Visit | Visit Friends / Relatives,%,30.17669873076079
2012,SOUTHEAST ASIA,Philippines,Main Purpose of Visit | General Business Purpose,%,13.92807549487494
2012,SOUTHEAST ASIA,Philippines,Main Purpose of Visit | MICE,%,3.889281613503161
2012,SOUTHEAST ASIA,Philippines,Main Purpose of Visit | Others,%,6.487332063873894
2012,SOUTHEAST ASIA,Philippines,Main Purpose of Visit | Not Stated,%,9.242512817629027
2012,SOUTHEAST ASIA,Philippines,Frequency of Visit | First,%,32.68729462098364
2012,SOUTHEAST ASIA,Philippines,Frequency of Visit | Repeat,%,58.07019256138759
2012,SOUTHEAST ASIA,Philippines,Frequency of Visit | Not Stated,%,9.242512817629027
2012,SOUTHEAST ASIA,Philippines,Accommodation | Hotel,%,36.86615627234362
2012,SOUTHEAST ASIA,Philippines,Accommodation | Residence of Friends/ Relatives,%,35.95643267699194
2012,SOUTHEAST ASIA,Philippines,Accommodation | Others,%,27.17741105066476
2012,SOUTHEAST ASIA,Thailand,Main Purpose of Visit | Holiday,%,29.41115788404958
2012,SOUTHEAST ASIA,Thailand,Main Purpose of Visit | Visit Friends / Relatives,%,10.24665295788694
2012,SOUTHEAST ASIA,Thailand,Main Purpose of Visit | General Business Purpose,%,33.37257502078386
2012,SOUTHEAST ASIA,Thailand,Main Purpose of Visit | MICE,%,9.80953839824698
2012,SOUTHEAST ASIA,Thailand,Main Purpose of Visit | Others,%,9.771358088509905
2012,SOUTHEAST ASIA,Thailand,Main Purpose of Visit | Not Stated,%,7.38871765052271
2012,SOUTHEAST ASIA,Thailand,Frequency of Visit | First,%,20.8135312246306
2012,SOUTHEAST ASIA,Thailand,Frequency of Visit | Repeat,%,71.79775112484657
2012,SOUTHEAST ASIA,Thailand,Frequency of Visit | Not Stated,%,7.38871765052271
2012,SOUTHEAST ASIA,Thailand,Accommodation | Hotel,%,57.57719043449794
2012,SOUTHEAST ASIA,Thailand,Accommodation | Residence of Friends/ Relatives,%,12.24236482608659
2012,SOUTHEAST ASIA,Thailand,Accommodation | Others,%,30.1804447394154
2012,SOUTHEAST ASIA,Vietnam,Main Purpose of Visit | Holiday,%,34.54724663389528
2012,SOUTHEAST ASIA,Vietnam,Main Purpose of Visit | Visit Friends / Relatives,%,16.49130102150465
2012,SOUTHEAST ASIA,Vietnam,Main Purpose of Visit | General Business Purpose,%,23.64692525071418
2012,SOUTHEAST ASIA,Vietnam,Main Purpose of Visit | MICE,%,4.908913395157646
2012,SOUTHEAST ASIA,Vietnam,Main Purpose of Visit | Others,%,10.20116506349567
2012,SOUTHEAST ASIA,Vietnam,Main Purpose of Visit | Not Stated,%,10.20444863523254
2012,SOUTHEAST ASIA,Vietnam,Frequency of Visit | First,%,28.6697825522381
2012,SOUTHEAST ASIA,Vietnam,Frequency of Visit | Repeat,%,61.12576881252927
2012,SOUTHEAST ASIA,Vietnam,Frequency of Visit | Not Stated,%,10.20444863523254
2012,SOUTHEAST ASIA,Vietnam,Accommodation | Hotel,%,49.49321428820324
2012,SOUTHEAST ASIA,Vietnam,Accommodation | Residence of Friends/ Relatives,%,20.77157453238803
2012,SOUTHEAST ASIA,Vietnam,Accommodation | Others,%,29.73521117940886
2012,GREATER CHINA,China,Main Purpose of Visit | Holiday,%,43.08613089219819
2012,GREATER CHINA,China,Main Purpose of Visit | Visit Friends / Relatives,%,12.06273989840622
2012,GREATER CHINA,China,Main Purpose of Visit | General Business Purpose,%,16.72244804459032
2012,GREATER CHINA,China,Main Purpose of Visit | MICE,%,4.373049559960207
2012,GREATER CHINA,China,Main Purpose of Visit | Others,%,17.83126352738616
2012,GREATER CHINA,China,Main Purpose of Visit | Not Stated,%,5.924368077458084
2012,GREATER CHINA,China,Frequency of Visit | First,%,43.93141622903865
2012,GREATER CHINA,China,Frequency of Visit | Repeat,%,50.14421569350249
2012,GREATER CHINA,China,Frequency of Visit | Not Stated,%,5.924368077458084
2012,GREATER CHINA,China,Accommodation | Hotel,%,43.37453445902799
2012,GREATER CHINA,China,Accommodation | Residence of Friends/ Relatives,%,13.47413693113941
2012,GREATER CHINA,China,Accommodation | Others,%,43.1513286098325
2012,GREATER CHINA,Hong Kong SAR,Main Purpose of Visit | Holiday,%,36.18490363221092
2012,GREATER CHINA,Hong Kong SAR,Main Purpose of Visit | Visit Friends / Relatives,%,10.10664852326926
2012,GREATER CHINA,Hong Kong SAR,Main Purpose of Visit | General Business Purpose,%,35.75416758806408
2012,GREATER CHINA,Hong Kong SAR,Main Purpose of Visit | MICE,%,3.987943027915906
2012,GREATER CHINA,Hong Kong SAR,Main Purpose of Visit | Others,%,2.628151595708105
2012,GREATER CHINA,Hong Kong SAR,Main Purpose of Visit | Not Stated,%,11.33818563283188
2012,GREATER CHINA,Hong Kong SAR,Frequency of Visit | First,%,19.75001744221166
2012,GREATER CHINA,Hong Kong SAR,Frequency of Visit | Repeat,%,68.91179692495646
2012,GREATER CHINA,Hong Kong SAR,Frequency of Visit | Not Stated,%,11.33818563283188
2012,GREATER CHINA,Hong Kong SAR,Accommodation | Hotel,%,60.13868792485383
2012,GREATER CHINA,Hong Kong SAR,Accommodation | Residence of Friends/ Relatives,%,13.99439439533579
2012,GREATER CHINA,Hong Kong SAR,Accommodation | Others,%,25.8669176798103
2012,GREATER CHINA,Taiwan,Main Purpose of Visit | Holiday,%,34.71263425057676
2012,GREATER CHINA,Taiwan,Main Purpose of Visit | Visit Friends / Relatives,%,8.098604595290412
2012,GREATER CHINA,Taiwan,Main Purpose of Visit | General Business Purpose,%,33.19815041468385
2012,GREATER CHINA,Taiwan,Main Purpose of Visit | MICE,%,4.506859647557466
2012,GREATER CHINA,Taiwan,Main Purpose of Visit | Others,%,9.556781098228242
2012,GREATER CHINA,Taiwan,Main Purpose of Visit | Not Stated,%,9.926969993663224
2012,GREATER CHINA,Taiwan,Frequency of Visit | First,%,26.6992645852694
2012,GREATER CHINA,Taiwan,Frequency of Visit | Repeat,%,63.37376542106732
2012,GREATER CHINA,Taiwan,Frequency of Visit | Not Stated,%,9.926969993663224
2012,GREATER CHINA,Taiwan,Accommodation | Hotel,%,50.72411944365411
2012,GREATER CHINA,Taiwan,Accommodation | Residence of Friends/ Relatives,%,11.37227703110552
2012,GREATER CHINA,Taiwan,Accommodation | Others,%,37.90360352524035
2012,NORTH ASIA,Japan,Main Purpose of Visit | Holiday,%,41.20804614574904
2012,NORTH ASIA,Japan,Main Purpose of Visit | Visit Friends / Relatives,%,5.194630007257708
2012,NORTH ASIA,Japan,Main Purpose of Visit | General Business Purpose,%,37.17775996110166
2012,NORTH ASIA,Japan,Main Purpose of Visit | MICE,%,3.154992545678858
2012,NORTH ASIA,Japan,Main Purpose of Visit | Others,%,5.190966680341193
2012,NORTH ASIA,Japan,Main Purpose of Visit | Not Stated,%,8.073604659871751
2012,NORTH ASIA,Japan,Frequency of Visit | First,%,36.05994714191993
2012,NORTH ASIA,Japan,Frequency of Visit | Repeat,%,55.86644819820844
2012,NORTH ASIA,Japan,Frequency of Visit | Not Stated,%,8.073604659871751
2012,NORTH ASIA,Japan,Accommodation | Hotel,%,75.11066203876344
2012,NORTH ASIA,Japan,Accommodation | Residence of Friends/ Relatives,%,4.482343169796287
2012,NORTH ASIA,Japan,Accommodation | Others,%,20.40699479144043
2012,NORTH ASIA,South Korea,Main Purpose of Visit | Holiday,%,38.04263402844251
2012,NORTH ASIA,South Korea,Main Purpose of Visit | Visit Friends / Relatives,%,8.175859901783953
2012,NORTH ASIA,South Korea,Main Purpose of Visit | General Business Purpose,%,25.52733641216088
2012,NORTH ASIA,South Korea,Main Purpose of Visit | MICE,%,2.600559958448101
2012,NORTH ASIA,South Korea,Main Purpose of Visit | Others,%,2.358018557629669
2012,NORTH ASIA,South Korea,Main Purpose of Visit | Not Stated,%,23.29559114153506
2012,NORTH ASIA,South Korea,Frequency of Visit | First,%,35.9653988930527
2012,NORTH ASIA,South Korea,Frequency of Visit | Repeat,%,40.73900996541244
2012,NORTH ASIA,South Korea,Frequency of Visit | Not Stated,%,23.29559114153506
2012,NORTH ASIA,South Korea,Accommodation | Hotel,%,49.73005201404191
2012,NORTH ASIA,South Korea,Accommodation | Residence of Friends/ Relatives,%,8.930615406445602
2012,NORTH ASIA,South Korea,Accommodation | Others,%,41.33933257951265
2012,SOUTH ASIA,India,Main Purpose of Visit | Holiday,%,45.84696641742561
2012,SOUTH ASIA,India,Main Purpose of Visit | Visit Friends / Relatives,%,14.71081460577541
2012,SOUTH ASIA,India,Main Purpose of Visit | General Business Purpose,%,17.42607677479933
2012,SOUTH ASIA,India,Main Purpose of Visit | MICE,%,5.6525824672727
2012,SOUTH ASIA,India,Main Purpose of Visit | Others,%,5.330682217861712
2012,SOUTH ASIA,India,Main Purpose of Visit | Not Stated,%,11.03287751686544
2012,SOUTH ASIA,India,Frequency of Visit | First,%,43.08387123252416
2012,SOUTH ASIA,India,Frequency of Visit | Repeat,%,45.88325125061066
2012,SOUTH ASIA,India,Frequency of Visit | Not Stated,%,11.03287751686544
2012,SOUTH ASIA,India,Accommodation | Hotel,%,45.20403732366252
2012,SOUTH ASIA,India,Accommodation | Residence of Friends/ Relatives,%,19.26103835108337
2012,SOUTH ASIA,India,Accommodation | Others,%,35.53492432525382
2012,EUROPE,France,Main Purpose of Visit | Holiday,%,62.69885236290706
2012,EUROPE,France,Main Purpose of Visit | Visit Friends / Relatives,%,12.95813143417066
2012,EUROPE,France,Main Purpose of Visit | General Business Purpose,%,11.65304453547346
2012,EUROPE,France,Main Purpose of Visit | MICE,%,0.5798158243221626
2012,EUROPE,France,Main Purpose of Visit | Others,%,1.692354434796939
2012,EUROPE,France,Main Purpose of Visit | Not Stated,%,10.41780140832968
2012,EUROPE,France,Frequency of Visit | First,%,48.485669850069
2012,EUROPE,France,Frequency of Visit | Repeat,%,41.09652874160124
2012,EUROPE,France,Frequency of Visit | Not Stated,%,10.41780140832968
2012,EUROPE,France,Accommodation | Hotel,%,53.38017149292584
2012,EUROPE,France,Accommodation | Residence of Friends/ Relatives,%,14.38225362242954
2012,EUROPE,France,Accommodation | Others,%,32.23757488464461
2012,EUROPE,Germany,Main Purpose of Visit | Holiday,%,69.51651249649194
2012,EUROPE,Germany,Main Purpose of Visit | Visit Friends / Relatives,%,6.711027280347457
2012,EUROPE,Germany,Main Purpose of Visit | General Business Purpose,%,13.76006455465537
2012,EUROPE,Germany,Main Purpose of Visit | MICE,%,1.794590369895252
2012,EUROPE,Germany,Main Purpose of Visit | Others,%,3.062586008657133
2012,EUROPE,Germany,Main Purpose of Visit | Not Stated,%,5.155219289952962
2012,EUROPE,Germany,Frequency of Visit | First,%,47.49620893494318
2012,EUROPE,Germany,Frequency of Visit | Repeat,%,47.34857177510401
2012,EUROPE,Germany,Frequency of Visit | Not Stated,%,5.155219289952962
2012,EUROPE,Germany,Accommodation | Hotel,%,56.87881592109192
2012,EUROPE,Germany,Accommodation | Residence of Friends/ Relatives,%,11.92348479586974
2012,EUROPE,Germany,Accommodation | Others,%,31.19769928303849
2012,EUROPE,Italy,Main Purpose of Visit | Holiday,%,50.409064986405824
2012,EUROPE,Italy,Main Purpose of Visit | Visit Friends / Relatives,%,4.350685294285182
2012,EUROPE,Italy,Main Purpose of Visit | General Business Purpose,%,23.93538743673822
2012,EUROPE,Italy,Main Purpose of Visit | Others,%,3.089790452053244
2012,EUROPE,Italy,Main Purpose of Visit | Not Stated,%,18.2150718305176
2012,EUROPE,Italy,Frequency of Visit | First,%,49.67475771092875
2012,EUROPE,Italy,Frequency of Visit | Repeat,%,32.11017045855371
2012,EUROPE,Italy,Frequency of Visit | Not Stated,%,18.2150718305176
2012,EUROPE,Italy,Accommodation | Hotel,%,53.92366668236968
2012,EUROPE,Italy,Accommodation | Residence of Friends/ Relatives,%,8.885155920179404
2012,EUROPE,Italy,Accommodation | Others,%,37.19117739745096
2012,EUROPE,Netherlands,Main Purpose of Visit | Holiday,%,49.62724488547192
2012,EUROPE,Netherlands,Main Purpose of Visit | Visit Friends / Relatives,%,7.674432352790978
2012,EUROPE,Netherlands,Main Purpose of Visit | General Business Purpose,%,17.88127481162051
2012,EUROPE,Netherlands,Main Purpose of Visit | MICE,%,3.397274004812088
2012,EUROPE,Netherlands,Main Purpose of Visit | Others,%,2.07060396919309
2012,EUROPE,Netherlands,Main Purpose of Visit | Not Stated,%,19.34916997611132
2012,EUROPE,Netherlands,Frequency of Visit | First,%,32.52215026969541
2012,EUROPE,Netherlands,Frequency of Visit | Repeat,%,48.12867975419317
2012,EUROPE,Netherlands,Frequency of Visit | Not Stated,%,19.34916997611132
2012,EUROPE,Netherlands,Accommodation | Hotel,%,51.6005095369935
2012,EUROPE,Netherlands,Accommodation | Residence of Friends/ Relatives,%,10.54804238726089
2012,EUROPE,Netherlands,Accommodation | Others,%,37.85144807574559
2012,EUROPE,Switzerland,Main Purpose of Visit | Holiday,%,61.50152526468645
2012,EUROPE,Switzerland,Main Purpose of Visit | Visit Friends / Relatives,%,7.17515427118538
2012,EUROPE,Switzerland,Main Purpose of Visit | General Business Purpose,%,17.30385489730485
2012,EUROPE,Switzerland,Main Purpose of Visit | MICE,%,0.9959947328465462
2012,EUROPE,Switzerland,Main Purpose of Visit | Others,%,1.163761638206108
2012,EUROPE,Switzerland,Main Purpose of Visit | Not Stated,%,11.85970919577063
2012,EUROPE,Switzerland,Frequency of Visit | First,%,38.06860324501321
2012,EUROPE,Switzerland,Frequency of Visit | Repeat,%,50.07168755921612
2012,EUROPE,Switzerland,Frequency of Visit | Not Stated,%,11.85970919577063
2012,EUROPE,Switzerland,Accommodation | Hotel,%,55.94759250205031
2012,EUROPE,Switzerland,Accommodation | Residence of Friends/ Relatives,%,16.98188784271898
2012,EUROPE,Switzerland,Accommodation | Others,%,27.0705196552307
2012,EUROPE,UK,Main Purpose of Visit | Holiday,%,66.17436101235968
2012,EUROPE,UK,Main Purpose of Visit | Visit Friends / Relatives,%,11.08351360959764
2012,EUROPE,UK,Main Purpose of Visit | General Business Purpose,%,12.44399880875701
2012,EUROPE,UK,Main Purpose of Visit | MICE,%,1.08944640809048
2012,EUROPE,UK,Main Purpose of Visit | Others,%,3.539134191431757
2012,EUROPE,UK,Main Purpose of Visit | Not Stated,%,5.669545969763916
2012,EUROPE,UK,Frequency of Visit | First,%,34.48178508342873
2012,EUROPE,UK,Frequency of Visit | Repeat,%,59.84866894680781
2012,EUROPE,UK,Frequency of Visit | Not Stated,%,5.669545969763916
2012,EUROPE,UK,Accommodation | Hotel,%,55.84278109804117
2012,EUROPE,UK,Accommodation | Residence of Friends/ Relatives,%,16.43756884459042
2012,EUROPE,UK,Accommodation | Others,%,27.71965005736856
2012,AMERICAS,Canada,Main Purpose of Visit | Holiday,%,58.13181217025264
2012,AMERICAS,Canada,Main Purpose of Visit | Visit Friends / Relatives,%,17.62556001146914
2012,AMERICAS,Canada,Main Purpose of Visit | General Business Purpose,%,9.785788123304624
2012,AMERICAS,Canada,Main Purpose of Visit | MICE,%,0.8295723141878154
2012,AMERICAS,Canada,Main Purpose of Visit | Others,%,3.47088516478868
2012,AMERICAS,Canada,Main Purpose of Visit | Not Stated,%,10.15638221599706
2012,AMERICAS,Canada,Frequency of Visit | First,%,39.09332376798812
2012,AMERICAS,Canada,Frequency of Visit | Repeat,%,50.75029401601475
2012,AMERICAS,Canada,Frequency of Visit | Not Stated,%,10.15638221599706
2012,AMERICAS,Canada,Accommodation | Hotel,%,38.8191916666818
2012,AMERICAS,Canada,Accommodation | Residence of Friends/ Relatives,%,23.32076975187846
2012,AMERICAS,Canada,Accommodation | Others,%,37.86003858143965
2012,AMERICAS,USA,Main Purpose of Visit | Holiday,%,47.83279217988689
2012,AMERICAS,USA,Main Purpose of Visit | Visit Friends / Relatives,%,8.075326917653541
2012,AMERICAS,USA,Main Purpose of Visit | General Business Purpose,%,31.83985912972237
2012,AMERICAS,USA,Main Purpose of Visit | MICE,%,2.43002287611042
2012,AMERICAS,USA,Main Purpose of Visit | Others,%,4.03134018783502
2012,AMERICAS,USA,Main Purpose of Visit | Not Stated,%,5.790658708791698
2012,AMERICAS,USA,Frequency of Visit | First,%,39.46867334306858
2012,AMERICAS,USA,Frequency of Visit | Repeat,%,54.74066794813967
2012,AMERICAS,USA,Frequency of Visit | Not Stated,%,5.790658708791698
2012,AMERICAS,USA,Accommodation | Hotel,%,59.51874611972656
2012,AMERICAS,USA,Accommodation | Residence of Friends/ Relatives,%,14.12873495701167
2012,AMERICAS,USA,Accommodation | Others,%,26.35251892326172
2012,OCEANIA,Australia,Main Purpose of Visit | Holiday,%,65.70532300376843
2012,OCEANIA,Australia,Main Purpose of Visit | Visit Friends / Relatives,%,8.334990395199721
2012,OCEANIA,Australia,Main Purpose of Visit | General Business Purpose,%,9.546784446838355
2012,OCEANIA,Australia,Main Purpose of Visit | MICE,%,1.626956950880488
2012,OCEANIA,Australia,Main Purpose of Visit | Others,%,4.757493142762839
2012,OCEANIA,Australia,Main Purpose of Visit | Not Stated,%,10.02845206054947
2012,OCEANIA,Australia,Frequency of Visit | First,%,24.20886321835751
2012,OCEANIA,Australia,Frequency of Visit | Repeat,%,65.76268472109228
2012,OCEANIA,Australia,Frequency of Visit | Not Stated,%,10.02845206054947
2012,OCEANIA,Australia,Accommodation | Hotel,%,57.00075622761211
2012,OCEANIA,Australia,Accommodation | Residence of Friends/ Relatives,%,11.60427004838171
2012,OCEANIA,Australia,Accommodation | Others,%,31.394973724006
2012,OCEANIA,New Zealand,Main Purpose of Visit | Holiday,%,65.58518146566685
2012,OCEANIA,New Zealand,Main Purpose of Visit | Visit Friends / Relatives,%,10.30064818705518
2012,OCEANIA,New Zealand,Main Purpose of Visit | General Business Purpose,%,6.287251663223651
2012,OCEANIA,New Zealand,Main Purpose of Visit | MICE,%,1.148065532090496
2012,OCEANIA,New Zealand,Main Purpose of Visit | Others,%,4.46905480666978
2012,OCEANIA,New Zealand,Main Purpose of Visit | Not Stated,%,12.20979834529401
2012,OCEANIA,New Zealand,Frequency of Visit | First,%,23.17352275623801
2012,OCEANIA,New Zealand,Frequency of Visit | Repeat,%,64.61667889846795
2012,OCEANIA,New Zealand,Frequency of Visit | Not Stated,%,12.20979834529401
2012,OCEANIA,New Zealand,Accommodation | Hotel,%,50.42463069345573
2012,OCEANIA,New Zealand,Accommodation | Residence of Friends/ Relatives,%,15.91840434135009
2012,OCEANIA,New Zealand,Accommodation | Others,%,33.65696496519416
2012,AFRICA,South Africa (Rep of),Main Purpose of Visit | Holiday,%,44.5114427982209
2012,AFRICA,South Africa (Rep of),Main Purpose of Visit | Visit Friends / Relatives,%,4.384746859319748
2012,AFRICA,South Africa (Rep of),Main Purpose of Visit | General Business Purpose,%,24.2436055759372
2012,AFRICA,South Africa (Rep of),Main Purpose of Visit | MICE,%,3.524970245436803
2012,AFRICA,South Africa (Rep of),Main Purpose of Visit | Others,%,3.686641044379458
2012,AFRICA,South Africa (Rep of),Main Purpose of Visit | Not Stated,%,19.64859347670587
2012,AFRICA,South Africa (Rep of),Frequency of Visit | First,%,29.05134432487413
2012,AFRICA,South Africa (Rep of),Frequency of Visit | Repeat,%,51.30006219841997
2012,AFRICA,South Africa (Rep of),Frequency of Visit | Not Stated,%,19.64859347670587
2012,AFRICA,South Africa (Rep of),Accommodation | Hotel,%,61.16043099189014
2012,AFRICA,South Africa (Rep of),Accommodation | Residence of Friends/ Relatives,%,6.251491155646
2012,AFRICA,South Africa (Rep of),Accommodation | Others,%,32.58807785246384
2012,REMAINING,Others,Main Purpose of Visit | Holiday,%,43.51127965482944
2012,REMAINING,Others,Main Purpose of Visit | Visit Friends / Relatives,%,6.280408033571273
2012,REMAINING,Others,Main Purpose of Visit | General Business Purpose,%,18.28855671772599
2012,REMAINING,Others,Main Purpose of Visit | MICE,%,2.19758423402836
2012,REMAINING,Others,Main Purpose of Visit | Others,%,8.98842488345479
2012,REMAINING,Others,Main Purpose of Visit | Not Stated,%,20.73374647638998
2012,REMAINING,Others,Frequency of Visit | First,%,35.8022103929908
2012,REMAINING,Others,Frequency of Visit | Repeat,%,43.464043130619054
2012,REMAINING,Others,Frequency of Visit | Not Stated,%,20.73374647638998
2012,REMAINING,Others,Accommodation | Hotel,%,50.17604844759574
2012,REMAINING,Others,Accommodation | Residence of Friends/ Relatives,%,9.751645542523354
2012,REMAINING,Others,Accommodation | Others,%,40.07230600988085
2011,SOUTHEAST ASIA,Indonesia,Main Purpose of Visit | Holiday,%,37.73517851636121
2011,SOUTHEAST ASIA,Indonesia,Main Purpose of Visit | Visit Friends / Relatives,%,18.24479775450879
2011,SOUTHEAST ASIA,Indonesia,Main Purpose of Visit | General Business Purpose,%,14.02521631917305
2011,SOUTHEAST ASIA,Indonesia,Main Purpose of Visit | MICE,%,3.599508004727143
2011,SOUTHEAST ASIA,Indonesia,Main Purpose of Visit | Others,%,17.45334011346263
2011,SOUTHEAST ASIA,Indonesia,Main Purpose of Visit | Not Stated,%,8.94195929176697
2011,SOUTHEAST ASIA,Indonesia,Frequency of Visit | First,%,15.61875405865061
2011,SOUTHEAST ASIA,Indonesia,Frequency of Visit | Repeat,%,75.43928664958217
2011,SOUTHEAST ASIA,Indonesia,Frequency of Visit | Not Stated,%,8.94195929176697
2011,SOUTHEAST ASIA,Indonesia,Accommodation | Hotel,%,37.55653005824786
2011,SOUTHEAST ASIA,Indonesia,Accommodation | Residence of Friends/ Relatives,%,22.29587273671001
2011,SOUTHEAST ASIA,Indonesia,Accommodation | Others,%,40.14759720504243
2011,SOUTHEAST ASIA,Malaysia,Main Purpose of Visit | Holiday,%,25.55402056705796
2011,SOUTHEAST ASIA,Malaysia,Main Purpose of Visit | Visit Friends / Relatives,%,16.8151045858164
2011,SOUTHEAST ASIA,Malaysia,Main Purpose of Visit | General Business Purpose,%,32.09564890131588
2011,SOUTHEAST ASIA,Malaysia,Main Purpose of Visit | MICE,%,5.488915932092834
2011,SOUTHEAST ASIA,Malaysia,Main Purpose of Visit | Others,%,9.357142623230295
2011,SOUTHEAST ASIA,Malaysia,Main Purpose of Visit | Not Stated,%,10.68916739048569
2011,SOUTHEAST ASIA,Malaysia,Frequency of Visit | First,%,6.117064313243366
2011,SOUTHEAST ASIA,Malaysia,Frequency of Visit | Repeat,%,83.19376829627058
2011,SOUTHEAST ASIA,Malaysia,Frequency of Visit | Not Stated,%,10.68916739048569
2011,SOUTHEAST ASIA,Malaysia,Accommodation | Hotel,%,47.80852266361406
2011,SOUTHEAST ASIA,Malaysia,Accommodation | Residence of Friends/ Relatives,%,23.3772969817896
2011,SOUTHEAST ASIA,Malaysia,Accommodation | Others,%,28.81418035459563
2011,SOUTHEAST ASIA,Philippines,Main Purpose of Visit | Holiday,%,42.9716616012818
2011,SOUTHEAST ASIA,Philippines,Main Purpose of Visit | Visit Friends / Relatives,%,25.60840247918203
2011,SOUTHEAST ASIA,Philippines,Main Purpose of Visit | General Business Purpose,%,15.7053366509207
2011,SOUTHEAST ASIA,Philippines,Main Purpose of Visit | MICE,%,3.053954253801267
2011,SOUTHEAST ASIA,Philippines,Main Purpose of Visit | Others,%,3.311147002657956
2011,SOUTHEAST ASIA,Philippines,Main Purpose of Visit | Not Stated,%,9.349498012156207
2011,SOUTHEAST ASIA,Philippines,Frequency of Visit | First,%,38.52404387016361
2011,SOUTHEAST ASIA,Philippines,Frequency of Visit | Repeat,%,52.12645811768011
2011,SOUTHEAST ASIA,Philippines,Frequency of Visit | Not Stated,%,9.349498012156207
2011,SOUTHEAST ASIA,Philippines,Accommodation | Hotel,%,43.35120709126815
2011,SOUTHEAST ASIA,Philippines,Accommodation | Residence of Friends/ Relatives,%,33.19104408358923
2011,SOUTHEAST ASIA,Philippines,Accommodation | Others,%,23.45774882514266
2011,SOUTHEAST ASIA,Thailand,Main Purpose of Visit | Holiday,%,31.10981971811951
2011,SOUTHEAST ASIA,Thailand,Main Purpose of Visit | Visit Friends / Relatives,%,18.91362248354693
2011,SOUTHEAST ASIA,Thailand,Main Purpose of Visit | General Business Purpose,%,29.12551380457416
2011,SOUTHEAST ASIA,Thailand,Main Purpose of Visit | MICE,%,1.833393579537623
2011,SOUTHEAST ASIA,Thailand,Main Purpose of Visit | Others,%,12.43334433676618
2011,SOUTHEAST ASIA,Thailand,Main Purpose of Visit | Not Stated,%,6.584306077455849
2011,SOUTHEAST ASIA,Thailand,Frequency of Visit | First,%,22.51986176271955
2011,SOUTHEAST ASIA,Thailand,Frequency of Visit | Repeat,%,70.89583215982478
2011,SOUTHEAST ASIA,Thailand,Frequency of Visit | Not Stated,%,6.584306077455849
2011,SOUTHEAST ASIA,Thailand,Accommodation | Hotel,%,54.20609730518481
2011,SOUTHEAST ASIA,Thailand,Accommodation | Residence of Friends/ Relatives,%,23.49221647557218
2011,SOUTHEAST ASIA,Thailand,Accommodation | Others,%,22.30168621924311
2011,SOUTHEAST ASIA,Vietnam,Main Purpose of Visit | Holiday,%,39.07832120551689
2011,SOUTHEAST ASIA,Vietnam,Main Purpose of Visit | Visit Friends / Relatives,%,14.58151680498407
2011,SOUTHEAST ASIA,Vietnam,Main Purpose of Visit | General Business Purpose,%,26.40868392614304
2011,SOUTHEAST ASIA,Vietnam,Main Purpose of Visit | MICE,%,1.867145020325607
2011,SOUTHEAST ASIA,Vietnam,Main Purpose of Visit | Others,%,8.748881511356563
2011,SOUTHEAST ASIA,Vietnam,Main Purpose of Visit | Not Stated,%,9.315451531673752
2011,SOUTHEAST ASIA,Vietnam,Frequency of Visit | First,%,34.80967922032194
2011,SOUTHEAST ASIA,Vietnam,Frequency of Visit | Repeat,%,55.8748692480042
2011,SOUTHEAST ASIA,Vietnam,Frequency of Visit | Not Stated,%,9.315451531673752
2011,SOUTHEAST ASIA,Vietnam,Accommodation | Hotel,%,64.1411834716313
2011,SOUTHEAST ASIA,Vietnam,Accommodation | Residence of Friends/ Relatives,%,19.03128109312744
2011,SOUTHEAST ASIA,Vietnam,Accommodation | Others,%,16.82753543524131
2011,GREATER CHINA,China,Main Purpose of Visit | Holiday,%,46.6934690311611
2011,GREATER CHINA,China,Main Purpose of Visit | Visit Friends / Relatives,%,14.72791111906471
2011,GREATER CHINA,China,Main Purpose of Visit | General Business Purpose,%,21.86835769255453
2011,GREATER CHINA,China,Main Purpose of Visit | MICE,%,1.322844911474624
2011,GREATER CHINA,China,Main Purpose of Visit | Others,%,10.40888282482586
2011,GREATER CHINA,China,Main Purpose of Visit | Not Stated,%,4.978534420919525
2011,GREATER CHINA,China,Frequency of Visit | First,%,51.87107393995749
2011,GREATER CHINA,China,Frequency of Visit | Repeat,%,43.15039163912355
2011,GREATER CHINA,China,Frequency of Visit | Not Stated,%,4.978534420919525
2011,GREATER CHINA,China,Accommodation | Hotel,%,55.90303025941716
2011,GREATER CHINA,China,Accommodation | Residence of Friends/ Relatives,%,16.30165963984488
2011,GREATER CHINA,China,Accommodation | Others,%,27.79531010073792
2011,GREATER CHINA,Hong Kong SAR,Main Purpose of Visit | Holiday,%,40.42650078352109
2011,GREATER CHINA,Hong Kong SAR,Main Purpose of Visit | Visit Friends / Relatives,%,8.576066673379087
2011,GREATER CHINA,Hong Kong SAR,Main Purpose of Visit | General Business Purpose,%,35.92785563980374
2011,GREATER CHINA,Hong Kong SAR,Main Purpose of Visit | MICE,%,2.2682655708049
2011,GREATER CHINA,Hong Kong SAR,Main Purpose of Visit | Others,%,2.920895011512717
2011,GREATER CHINA,Hong Kong SAR,Main Purpose of Visit | Not Stated,%,9.88041632097855
2011,GREATER CHINA,Hong Kong SAR,Frequency of Visit | First,%,24.80934302889
2011,GREATER CHINA,Hong Kong SAR,Frequency of Visit | Repeat,%,65.31024065013148
2011,GREATER CHINA,Hong Kong SAR,Frequency of Visit | Not Stated,%,9.88041632097855
2011,GREATER CHINA,Hong Kong SAR,Accommodation | Hotel,%,67.32600965862159
2011,GREATER CHINA,Hong Kong SAR,Accommodation | Residence of Friends/ Relatives,%,11.27361695610092
2011,GREATER CHINA,Hong Kong SAR,Accommodation | Others,%,21.40037338527749
2011,GREATER CHINA,Taiwan,Main Purpose of Visit | Holiday,%,29.78326571097831
2011,GREATER CHINA,Taiwan,Main Purpose of Visit | Visit Friends / Relatives,%,12.27495702742385
2011,GREATER CHINA,Taiwan,Main Purpose of Visit | General Business Purpose,%,37.97486410224119
2011,GREATER CHINA,Taiwan,Main Purpose of Visit | MICE,%,3.081925388040301
2011,GREATER CHINA,Taiwan,Main Purpose of Visit | Others,%,6.199159993190882
2011,GREATER CHINA,Taiwan,Main Purpose of Visit | Not Stated,%,10.68582777812554
2011,GREATER CHINA,Taiwan,Frequency of Visit | First,%,24.09205489046742
2011,GREATER CHINA,Taiwan,Frequency of Visit | Repeat,%,65.22211733140708
2011,GREATER CHINA,Taiwan,Frequency of Visit | Not Stated,%,10.68582777812554
2011,GREATER CHINA,Taiwan,Accommodation | Hotel,%,61.10363502117962
2011,GREATER CHINA,Taiwan,Accommodation | Residence of Friends/ Relatives,%,15.85462537792933
2011,GREATER CHINA,Taiwan,Accommodation | Others,%,23.04173960089103
2011,NORTH ASIA,Japan,Main Purpose of Visit | Holiday,%,39.32902750351573
2011,NORTH ASIA,Japan,Main Purpose of Visit | Visit Friends / Relatives,%,6.835826918524224
2011,NORTH ASIA,Japan,Main Purpose of Visit | General Business Purpose,%,40.87086877395396
2011,NORTH ASIA,Japan,Main Purpose of Visit | MICE,%,0.8412508289972516
2011,NORTH ASIA,Japan,Main Purpose of Visit | Others,%,2.330202958166016
2011,NORTH ASIA,Japan,Main Purpose of Visit | Not Stated,%,9.792823016842888
2011,NORTH ASIA,Japan,Frequency of Visit | First,%,34.95352453113688
2011,NORTH ASIA,Japan,Frequency of Visit | Repeat,%,55.25365245202024
2011,NORTH ASIA,Japan,Frequency of Visit | Not Stated,%,9.792823016842888
2011,NORTH ASIA,Japan,Accommodation | Hotel,%,71.98522206543848
2011,NORTH ASIA,Japan,Accommodation | Residence of Friends/ Relatives,%,10.32108980877844
2011,NORTH ASIA,Japan,Accommodation | Others,%,17.69368812578325
2011,NORTH ASIA,South Korea,Main Purpose of Visit | Holiday,%,33.38640849354583
2011,NORTH ASIA,South Korea,Main Purpose of Visit | Visit Friends / Relatives,%,6.478057823369402
2011,NORTH ASIA,South Korea,Main Purpose of Visit | General Business Purpose,%,34.6060560684143
2011,NORTH ASIA,South Korea,Main Purpose of Visit | MICE,%,2.082168469540334
2011,NORTH ASIA,South Korea,Main Purpose of Visit | Others,%,2.362122852246406
2011,NORTH ASIA,South Korea,Main Purpose of Visit | Not Stated,%,21.08518629288368
2011,NORTH ASIA,South Korea,Frequency of Visit | First,%,36.85326594074578
2011,NORTH ASIA,South Korea,Frequency of Visit | Repeat,%,42.06154776637048
2011,NORTH ASIA,South Korea,Frequency of Visit | Not Stated,%,21.08518629288368
2011,NORTH ASIA,South Korea,Accommodation | Hotel,%,57.13521806346676
2011,NORTH ASIA,South Korea,Accommodation | Residence of Friends/ Relatives,%,8.511825202056327
2011,NORTH ASIA,South Korea,Accommodation | Others,%,34.35295673447673
2011,SOUTH ASIA,India,Main Purpose of Visit | Holiday,%,49.54707338276844
2011,SOUTH ASIA,India,Main Purpose of Visit | Visit Friends / Relatives,%,10.94576232782948
2011,SOUTH ASIA,India,Main Purpose of Visit | General Business Purpose,%,19.85582486606705
2011,SOUTH ASIA,India,Main Purpose of Visit | MICE,%,4.337498405565698
2011,SOUTH ASIA,India,Main Purpose of Visit | Others,%,4.058986109554636
2011,SOUTH ASIA,India,Main Purpose of Visit | Not Stated,%,11.25485490821516
2011,SOUTH ASIA,India,Frequency of Visit | First,%,47.91577364107718
2011,SOUTH ASIA,India,Frequency of Visit | Repeat,%,40.82937145070819
2011,SOUTH ASIA,India,Frequency of Visit | Not Stated,%,11.25485490821516
2011,SOUTH ASIA,India,Accommodation | Hotel,%,57.11540737983349
2011,SOUTH ASIA,India,Accommodation | Residence of Friends/ Relatives,%,16.43235270015859
2011,SOUTH ASIA,India,Accommodation | Others,%,26.45223992000777
2011,EUROPE,France,Main Purpose of Visit | Holiday,%,58.33263877800001
2011,EUROPE,France,Main Purpose of Visit | Visit Friends / Relatives,%,12.98046247533149
2011,EUROPE,France,Main Purpose of Visit | General Business Purpose,%,13.86757101391177
2011,EUROPE,France,Main Purpose of Visit | MICE,%,2.184509879611299
2011,EUROPE,France,Main Purpose of Visit | Others,%,1.221808500359804
2011,EUROPE,France,Main Purpose of Visit | Not Stated,%,11.41300935278564
2011,EUROPE,France,Frequency of Visit | First,%,42.89407268820779
2011,EUROPE,France,Frequency of Visit | Repeat,%,45.6929179590066
2011,EUROPE,France,Frequency of Visit | Not Stated,%,11.41300935278564
2011,EUROPE,France,Accommodation | Hotel,%,52.97086866157365
2011,EUROPE,France,Accommodation | Residence of Friends/ Relatives,%,24.79164019932113
2011,EUROPE,France,Accommodation | Others,%,22.23749113910522
2011,EUROPE,Germany,Main Purpose of Visit | Holiday,%,65.45436302282948
2011,EUROPE,Germany,Main Purpose of Visit | Visit Friends / Relatives,%,10.71863206624362
2011,EUROPE,Germany,Main Purpose of Visit | General Business Purpose,%,16.93186604395284
2011,EUROPE,Germany,Main Purpose of Visit | Others,%,2.668677892419502
2011,EUROPE,Germany,Main Purpose of Visit | Not Stated,%,3.820105696793127
2011,EUROPE,Germany,Frequency of Visit | First,%,49.83863695271245
2011,EUROPE,Germany,Frequency of Visit | Repeat,%,46.34125735049436
2011,EUROPE,Germany,Frequency of Visit | Not Stated,%,3.820105696793127
2011,EUROPE,Germany,Accommodation | Hotel,%,63.09322868448973
2011,EUROPE,Germany,Accommodation | Residence of Friends/ Relatives,%,15.01390269690392
2011,EUROPE,Germany,Accommodation | Others,%,21.89286861860633
2011,EUROPE,Italy,Main Purpose of Visit | Holiday,%,45.05043848656923
2011,EUROPE,Italy,Main Purpose of Visit | Visit Friends / Relatives,%,4.012542477820872
2011,EUROPE,Italy,Main Purpose of Visit | General Business Purpose,%,30.45669787776243
2011,EUROPE,Italy,Main Purpose of Visit | MICE,%,3.157189252147102
2011,EUROPE,Italy,Main Purpose of Visit | Others,%,6.138294678453266
2011,EUROPE,Italy,Main Purpose of Visit | Not Stated,%,11.18483722724708
2011,EUROPE,Italy,Frequency of Visit | First,%,44.56332148059153
2011,EUROPE,Italy,Frequency of Visit | Repeat,%,44.25184129216137
2011,EUROPE,Italy,Frequency of Visit | Not Stated,%,11.18483722724708
2011,EUROPE,Italy,Accommodation | Hotel,%,62.28556314043854
2011,EUROPE,Italy,Accommodation | Residence of Friends/ Relatives,%,5.394210578667525
2011,EUROPE,Italy,Accommodation | Others,%,32.32022628089393
2011,EUROPE,Netherlands,Main Purpose of Visit | Holiday,%,60.22510385618494
2011,EUROPE,Netherlands,Main Purpose of Visit | Visit Friends / Relatives,%,9.942119807722992
2011,EUROPE,Netherlands,Main Purpose of Visit | General Business Purpose,%,17.61090831814455
2011,EUROPE,Netherlands,Main Purpose of Visit | MICE,%,0.95249836177502
2011,EUROPE,Netherlands,Main Purpose of Visit | Others,%,0.5508194510581275
2011,EUROPE,Netherlands,Main Purpose of Visit | Not Stated,%,10.71855020511434
2011,EUROPE,Netherlands,Frequency of Visit | First,%,37.87713932263434
2011,EUROPE,Netherlands,Frequency of Visit | Repeat,%,51.4043104722513
2011,EUROPE,Netherlands,Frequency of Visit | Not Stated,%,10.71855020511434
2011,EUROPE,Netherlands,Accommodation | Hotel,%,53.60160568826871
2011,EUROPE,Netherlands,Accommodation | Residence of Friends/ Relatives,%,18.83891738596864
2011,EUROPE,Netherlands,Accommodation | Others,%,27.55947692576262
2011,EUROPE,Switzerland,Main Purpose of Visit | Holiday,%,59.99350107946271
2011,EUROPE,Switzerland,Main Purpose of Visit | Visit Friends / Relatives,%,4.879829659878203
2011,EUROPE,Switzerland,Main Purpose of Visit | General Business Purpose,%,22.13940277774309
2011,EUROPE,Switzerland,Main Purpose of Visit | Others,%,1.011073200108471
2011,EUROPE,Switzerland,Main Purpose of Visit | Not Stated,%,11.56698394512619
2011,EUROPE,Switzerland,Frequency of Visit | First,%,33.51621482283143
2011,EUROPE,Switzerland,Frequency of Visit | Repeat,%,54.91680123204245
2011,EUROPE,Switzerland,Frequency of Visit | Not Stated,%,11.56698394512619
2011,EUROPE,Switzerland,Accommodation | Hotel,%,63.16227350851035
2011,EUROPE,Switzerland,Accommodation | Residence of Friends/ Relatives,%,10.85759060272972
2011,EUROPE,Switzerland,Accommodation | Others,%,25.98013588875993
2011,EUROPE,UK,Main Purpose of Visit | Holiday,%,63.68203370109059
2011,EUROPE,UK,Main Purpose of Visit | Visit Friends / Relatives,%,11.95098297105539
2011,EUROPE,UK,Main Purpose of Visit | General Business Purpose,%,15.36435026573883
2011,EUROPE,UK,Main Purpose of Visit | MICE,%,0.7992579557865118
2011,EUROPE,UK,Main Purpose of Visit | Others,%,2.781374514777174
2011,EUROPE,UK,Main Purpose of Visit | Not Stated,%,5.422000591551501
2011,EUROPE,UK,Frequency of Visit | First,%,35.89616080600644
2011,EUROPE,UK,Frequency of Visit | Repeat,%,58.68183860244205
2011,EUROPE,UK,Frequency of Visit | Not Stated,%,5.422000591551501
2011,EUROPE,UK,Accommodation | Hotel,%,63.57529642824176
2011,EUROPE,UK,Accommodation | Residence of Friends/ Relatives,%,19.29768611005773
2011,EUROPE,UK,Accommodation | Others,%,17.1270174617006
2011,AMERICAS,Canada,Main Purpose of Visit | Holiday,%,56.39871556241215
2011,AMERICAS,Canada,Main Purpose of Visit | Visit Friends / Relatives,%,20.78916028241884
2011,AMERICAS,Canada,Main Purpose of Visit | General Business Purpose,%,14.27824500307347
2011,AMERICAS,Canada,Main Purpose of Visit | Others,%,0.5345668388963648
2011,AMERICAS,Canada,Main Purpose of Visit | Not Stated,%,7.999312313199228
2011,AMERICAS,Canada,Frequency of Visit | First,%,45.25117658180955
2011,AMERICAS,Canada,Frequency of Visit | Repeat,%,46.74951110499129
2011,AMERICAS,Canada,Frequency of Visit | Not Stated,%,7.999312313199228
2011,AMERICAS,Canada,Accommodation | Hotel,%,44.71963230573539
2011,AMERICAS,Canada,Accommodation | Residence of Friends/ Relatives,%,32.32820958568926
2011,AMERICAS,Canada,Accommodation | Others,%,22.95215810857533
2011,AMERICAS,USA,Main Purpose of Visit | Holiday,%,41.12412157025082
2011,AMERICAS,USA,Main Purpose of Visit | Visit Friends / Relatives,%,10.86979707669054
2011,AMERICAS,USA,Main Purpose of Visit | General Business Purpose,%,34.20973898186665
2011,AMERICAS,USA,Main Purpose of Visit | MICE,%,2.13229041420229
2011,AMERICAS,USA,Main Purpose of Visit | Others,%,5.27538861538963
2011,AMERICAS,USA,Main Purpose of Visit | Not Stated,%,6.388663341600024
2011,AMERICAS,USA,Frequency of Visit | First,%,38.67042785613591
2011,AMERICAS,USA,Frequency of Visit | Repeat,%,54.94090880226403
2011,AMERICAS,USA,Frequency of Visit | Not Stated,%,6.388663341600024
2011,AMERICAS,USA,Accommodation | Hotel,%,61.9846922568679
2011,AMERICAS,USA,Accommodation | Residence of Friends/ Relatives,%,18.84762082549182
2011,AMERICAS,USA,Accommodation | Others,%,19.16768691764025
2011,OCEANIA,Australia,Main Purpose of Visit | Holiday,%,64.58671301133424
2011,OCEANIA,Australia,Main Purpose of Visit | Visit Friends / Relatives,%,8.476130466944559
2011,OCEANIA,Australia,Main Purpose of Visit | General Business Purpose,%,11.48861519608263
2011,OCEANIA,Australia,Main Purpose of Visit | MICE,%,1.763188318766644
2011,OCEANIA,Australia,Main Purpose of Visit | Others,%,3.42029273155938
2011,OCEANIA,Australia,Main Purpose of Visit | Not Stated,%,10.26506027531273
2011,OCEANIA,Australia,Frequency of Visit | First,%,26.12753533096254
2011,OCEANIA,Australia,Frequency of Visit | Repeat,%,63.60740439372498
2011,OCEANIA,Australia,Frequency of Visit | Not Stated,%,10.26506027531273
2011,OCEANIA,Australia,Accommodation | Hotel,%,63.87866027401997
2011,OCEANIA,Australia,Accommodation | Residence of Friends/ Relatives,%,13.84039155724315
2011,OCEANIA,Australia,Accommodation | Others,%,22.28094816873696
2011,OCEANIA,New Zealand,Main Purpose of Visit | Holiday,%,69.88184348393735
2011,OCEANIA,New Zealand,Main Purpose of Visit | Visit Friends / Relatives,%,9.173240292565913
2011,OCEANIA,New Zealand,Main Purpose of Visit | General Business Purpose,%,5.778359151330883
2011,OCEANIA,New Zealand,Main Purpose of Visit | Others,%,3.30900684030049
2011,OCEANIA,New Zealand,Main Purpose of Visit | Not Stated,%,11.53603816408761
2011,OCEANIA,New Zealand,Frequency of Visit | First,%,27.50373977283443
2011,OCEANIA,New Zealand,Frequency of Visit | Repeat,%,60.96022206307794
2011,OCEANIA,New Zealand,Frequency of Visit | Not Stated,%,11.53603816408761
2011,OCEANIA,New Zealand,Accommodation | Hotel,%,60.57768504421829
2011,OCEANIA,New Zealand,Accommodation | Residence of Friends/ Relatives,%,17.02615450470606
2011,OCEANIA,New Zealand,Accommodation | Others,%,22.39616045107561
2011,AFRICA,South Africa (Rep of),Main Purpose of Visit | Holiday,%,53.25888993081414
2011,AFRICA,South Africa (Rep of),Main Purpose of Visit | Visit Friends / Relatives,%,1.701199980430242
2011,AFRICA,South Africa (Rep of),Main Purpose of Visit | General Business Purpose,%,23.75359913732721
2011,AFRICA,South Africa (Rep of),Main Purpose of Visit | MICE,%,1.788886787704294
2011,AFRICA,South Africa (Rep of),Main Purpose of Visit | Others,%,3.22639686071584
2011,AFRICA,South Africa (Rep of),Main Purpose of Visit | Not Stated,%,16.27102730300828
2011,AFRICA,South Africa (Rep of),Frequency of Visit | First,%,40.11769638550049
2011,AFRICA,South Africa (Rep of),Frequency of Visit | Repeat,%,43.61127631149125
2011,AFRICA,South Africa (Rep of),Frequency of Visit | Not Stated,%,16.27102730300828
2011,AFRICA,South Africa (Rep of),Accommodation | Hotel,%,63.43702494565161
2011,AFRICA,South Africa (Rep of),Accommodation | Residence of Friends/ Relatives,%,8.654274391909938
2011,AFRICA,South Africa (Rep of),Accommodation | Others,%,27.90870066243845
2011,REMAINING,Others,Main Purpose of Visit | Holiday,%,41.06475381387564
2011,REMAINING,Others,Main Purpose of Visit | Visit Friends / Relatives,%,8.529100262953722
2011,REMAINING,Others,Main Purpose of Visit | General Business Purpose,%,22.15305410051916
2011,REMAINING,Others,Main Purpose of Visit | MICE,%,2.483368313060724
2011,REMAINING,Others,Main Purpose of Visit | Others,%,7.565522403739966
2011,REMAINING,Others,Main Purpose of Visit | Not Stated,%,18.20420110585132
2011,REMAINING,Others,Frequency of Visit | First,%,35.16026729618209
2011,REMAINING,Others,Frequency of Visit | Repeat,%,46.63553159796713
2011,REMAINING,Others,Frequency of Visit | Not Stated,%,18.20420110585132
2011,REMAINING,Others,Accommodation | Hotel,%,55.56543100975288
2011,REMAINING,Others,Accommodation | Residence of Friends/ Relatives,%,13.52618251161472
2011,REMAINING,Others,Accommodation | Others,%,30.90838647863237
2010,SOUTHEAST ASIA,Indonesia,Main Purpose of Visit | Holiday,%,33.91366977931919
2010,SOUTHEAST ASIA,Indonesia,Main Purpose of Visit | Visit Friends / Relatives,%,19.37038224657887
2010,SOUTHEAST ASIA,Indonesia,Main Purpose of Visit | General Business Purpose,%,15.08460127269429
2010,SOUTHEAST ASIA,Indonesia,Main Purpose of Visit | MICE,%,3.175310032830153
2010,SOUTHEAST ASIA,Indonesia,Main Purpose of Visit | Others,%,19.82496111380657
2010,SOUTHEAST ASIA,Indonesia,Main Purpose of Visit | Not Stated,%,8.631075554771673
2010,SOUTHEAST ASIA,Indonesia,Frequency of Visit | First,%,11.94664288660753
2010,SOUTHEAST ASIA,Indonesia,Frequency of Visit | Repeat,%,79.42228155862183
2010,SOUTHEAST ASIA,Indonesia,Frequency of Visit | Not Stated,%,8.631075554771673
2010,SOUTHEAST ASIA,Indonesia,Accommodation | Hotel,%,33.94758665451909
2010,SOUTHEAST ASIA,Indonesia,Accommodation | Residence of Friends/ Relatives,%,26.68178054423926
2010,SOUTHEAST ASIA,Indonesia,Accommodation | Others,%,39.37063280124213
2010,SOUTHEAST ASIA,Malaysia,Main Purpose of Visit | Holiday,%,20.24584804550986
2010,SOUTHEAST ASIA,Malaysia,Main Purpose of Visit | Visit Friends / Relatives,%,16.41582065188902
2010,SOUTHEAST ASIA,Malaysia,Main Purpose of Visit | General Business Purpose,%,38.92441648486038
2010,SOUTHEAST ASIA,Malaysia,Main Purpose of Visit | MICE,%,2.723524726628864
2010,SOUTHEAST ASIA,Malaysia,Main Purpose of Visit | Others,%,9.774217279917934
2010,SOUTHEAST ASIA,Malaysia,Main Purpose of Visit | Not Stated,%,11.91617281119511
2010,SOUTHEAST ASIA,Malaysia,Frequency of Visit | First,%,5.971299004406709
2010,SOUTHEAST ASIA,Malaysia,Frequency of Visit | Repeat,%,82.11252818439851
2010,SOUTHEAST ASIA,Malaysia,Frequency of Visit | Not Stated,%,11.91617281119511
2010,SOUTHEAST ASIA,Malaysia,Accommodation | Hotel,%,41.3932392188995
2010,SOUTHEAST ASIA,Malaysia,Accommodation | Residence of Friends/ Relatives,%,25.69937950504626
2010,SOUTHEAST ASIA,Malaysia,Accommodation | Others,%,32.90738127605496
2010,SOUTHEAST ASIA,Philippines,Main Purpose of Visit | Holiday,%,32.49484903388368
2010,SOUTHEAST ASIA,Philippines,Main Purpose of Visit | Visit Friends / Relatives,%,36.56577732683556
2010,SOUTHEAST ASIA,Philippines,Main Purpose of Visit | General Business Purpose,%,15.55238529326467
2010,SOUTHEAST ASIA,Philippines,Main Purpose of Visit | MICE,%,2.076740399826427
2010,SOUTHEAST ASIA,Philippines,Main Purpose of Visit | Others,%,3.644154774229936
2010,SOUTHEAST ASIA,Philippines,Main Purpose of Visit | Not Stated,%,9.666093171960089
2010,SOUTHEAST ASIA,Philippines,Frequency of Visit | First,%,43.5028583512015
2010,SOUTHEAST ASIA,Philippines,Frequency of Visit | Repeat,%,46.83104847683875
2010,SOUTHEAST ASIA,Philippines,Frequency of Visit | Not Stated,%,9.666093171960089
2010,SOUTHEAST ASIA,Philippines,Accommodation | Hotel,%,33.12651246866717
2010,SOUTHEAST ASIA,Philippines,Accommodation | Residence of Friends/ Relatives,%,48.74298812803293
2010,SOUTHEAST ASIA,Philippines,Accommodation | Others,%,18.13049940329984
2010,SOUTHEAST ASIA,Thailand,Main Purpose of Visit | Holiday,%,33.50577051592992
2010,SOUTHEAST ASIA,Thailand,Main Purpose of Visit | Visit Friends / Relatives,%,13.04569833878073
2010,SOUTHEAST ASIA,Thailand,Main Purpose of Visit | General Business Purpose,%,37.76415863146536
2010,SOUTHEAST ASIA,Thailand,Main Purpose of Visit | MICE,%,2.543770357813905
2010,SOUTHEAST ASIA,Thailand,Main Purpose of Visit | Others,%,5.581935846470613
2010,SOUTHEAST ASIA,Thailand,Main Purpose of Visit | Not Stated,%,7.558666309539264
2010,SOUTHEAST ASIA,Thailand,Frequency of Visit | First,%,19.31275015143287
2010,SOUTHEAST ASIA,Thailand,Frequency of Visit | Repeat,%,73.1285835390277
2010,SOUTHEAST ASIA,Thailand,Frequency of Visit | Not Stated,%,7.558666309539264
2010,SOUTHEAST ASIA,Thailand,Accommodation | Hotel,%,63.26772133264366
2010,SOUTHEAST ASIA,Thailand,Accommodation | Residence of Friends/ Relatives,%,19.13832571007557
2010,SOUTHEAST ASIA,Thailand,Accommodation | Others,%,17.59395295728059
2010,SOUTHEAST ASIA,Vietnam,Main Purpose of Visit | Holiday,%,37.34977729151278
2010,SOUTHEAST ASIA,Vietnam,Main Purpose of Visit | Visit Friends / Relatives,%,19.78285313185265
2010,SOUTHEAST ASIA,Vietnam,Main Purpose of Visit | General Business Purpose,%,28.36775601789078
2010,SOUTHEAST ASIA,Vietnam,Main Purpose of Visit | MICE,%,1.53941663831925
2010,SOUTHEAST ASIA,Vietnam,Main Purpose of Visit | Others,%,6.598845377233623
2010,SOUTHEAST ASIA,Vietnam,Main Purpose of Visit | Not Stated,%,6.361351543190841
2010,SOUTHEAST ASIA,Vietnam,Frequency of Visit | First,%,34.04946249976381
2010,SOUTHEAST ASIA,Vietnam,Frequency of Visit | Repeat,%,59.58918595704532
2010,SOUTHEAST ASIA,Vietnam,Frequency of Visit | Not Stated,%,6.361351543190841
2010,SOUTHEAST ASIA,Vietnam,Accommodation | Hotel,%,60.58445520640711
2010,SOUTHEAST ASIA,Vietnam,Accommodation | Residence of Friends/ Relatives,%,25.93041470014435
2010,SOUTHEAST ASIA,Vietnam,Accommodation | Others,%,13.4851300934486
2010,GREATER CHINA,China,Main Purpose of Visit | Holiday,%,32.01007090452958
2010,GREATER CHINA,China,Main Purpose of Visit | Visit Friends / Relatives,%,18.36817308944708
2010,GREATER CHINA,China,Main Purpose of Visit | General Business Purpose,%,27.28903662370096
2010,GREATER CHINA,China,Main Purpose of Visit | MICE,%,2.553107621408643
2010,GREATER CHINA,China,Main Purpose of Visit | Others,%,15.38526885393691
2010,GREATER CHINA,China,Main Purpose of Visit | Not Stated,%,4.39434290697654
2010,GREATER CHINA,China,Frequency of Visit | First,%,45.14766219905618
2010,GREATER CHINA,China,Frequency of Visit | Repeat,%,50.45799489396708
2010,GREATER CHINA,China,Frequency of Visit | Not Stated,%,4.39434290697654
2010,GREATER CHINA,China,Accommodation | Hotel,%,49.92251205722701
2010,GREATER CHINA,China,Accommodation | Residence of Friends/ Relatives,%,21.7884868829132
2010,GREATER CHINA,China,Accommodation | Others,%,28.28900105986004
2010,GREATER CHINA,Hong Kong SAR,Main Purpose of Visit | Holiday,%,35.62215046849709
2010,GREATER CHINA,Hong Kong SAR,Main Purpose of Visit | Visit Friends / Relatives,%,5.730749985035184
2010,GREATER CHINA,Hong Kong SAR,Main Purpose of Visit | General Business Purpose,%,44.62202792916318
2010,GREATER CHINA,Hong Kong SAR,Main Purpose of Visit | MICE,%,2.247154526230712
2010,GREATER CHINA,Hong Kong SAR,Main Purpose of Visit | Others,%,2.400641760880568
2010,GREATER CHINA,Hong Kong SAR,Main Purpose of Visit | Not Stated,%,9.377275330193326
2010,GREATER CHINA,Hong Kong SAR,Frequency of Visit | First,%,23.5451057067129
2010,GREATER CHINA,Hong Kong SAR,Frequency of Visit | Repeat,%,67.07761896309384
2010,GREATER CHINA,Hong Kong SAR,Frequency of Visit | Not Stated,%,9.377275330193326
2010,GREATER CHINA,Hong Kong SAR,Accommodation | Hotel,%,72.29736196797842
2010,GREATER CHINA,Hong Kong SAR,Accommodation | Residence of Friends/ Relatives,%,6.705682553358634
2010,GREATER CHINA,Hong Kong SAR,Accommodation | Others,%,20.99695547866282
2010,GREATER CHINA,Taiwan,Main Purpose of Visit | Holiday,%,27.70664565645089
2010,GREATER CHINA,Taiwan,Main Purpose of Visit | Visit Friends / Relatives,%,10.84818400664586
2010,GREATER CHINA,Taiwan,Main Purpose of Visit | General Business Purpose,%,43.13894870451556
2010,GREATER CHINA,Taiwan,Main Purpose of Visit | MICE,%,2.76385652019978
2010,GREATER CHINA,Taiwan,Main Purpose of Visit | Others,%,5.235668831185627
2010,GREATER CHINA,Taiwan,Main Purpose of Visit | Not Stated,%,10.30669628100234
2010,GREATER CHINA,Taiwan,Frequency of Visit | First,%,28.73606142472511
2010,GREATER CHINA,Taiwan,Frequency of Visit | Repeat,%,60.9572422942726
2010,GREATER CHINA,Taiwan,Frequency of Visit | Not Stated,%,10.30669628100234
2010,GREATER CHINA,Taiwan,Accommodation | Hotel,%,67.19587525754613
2010,GREATER CHINA,Taiwan,Accommodation | Residence of Friends/ Relatives,%,13.44109252050093
2010,GREATER CHINA,Taiwan,Accommodation | Others,%,19.363032221953
2010,NORTH ASIA,Japan,Main Purpose of Visit | Holiday,%,32.44933726653108
2010,NORTH ASIA,Japan,Main Purpose of Visit | Visit Friends / Relatives,%,8.162190802879083
2010,NORTH ASIA,Japan,Main Purpose of Visit | General Business Purpose,%,43.56050998784354
2010,NORTH ASIA,Japan,Main Purpose of Visit | MICE,%,1.007032395001131
2010,NORTH ASIA,Japan,Main Purpose of Visit | Others,%,5.381361662454569
2010,NORTH ASIA,Japan,Main Purpose of Visit | Not Stated,%,9.439567885290788
2010,NORTH ASIA,Japan,Frequency of Visit | First,%,32.82295371171109
2010,NORTH ASIA,Japan,Frequency of Visit | Repeat,%,57.73747840299832
2010,NORTH ASIA,Japan,Frequency of Visit | Not Stated,%,9.439567885290788
2010,NORTH ASIA,Japan,Accommodation | Hotel,%,72.13290253861165
2010,NORTH ASIA,Japan,Accommodation | Residence of Friends/ Relatives,%,10.78445277858022
2010,NORTH ASIA,Japan,Accommodation | Others,%,17.08264468280843
2010,NORTH ASIA,South Korea,Main Purpose of Visit | Holiday,%,26.08825734004041
2010,NORTH ASIA,South Korea,Main Purpose of Visit | Visit Friends / Relatives,%,4.816627271486662
2010,NORTH ASIA,South Korea,Main Purpose of Visit | General Business Purpose,%,43.93881851173337
2010,NORTH ASIA,South Korea,Main Purpose of Visit | MICE,%,2.870748997985719
2010,NORTH ASIA,South Korea,Main Purpose of Visit | Others,%,5.360700721607477
2010,NORTH ASIA,South Korea,Main Purpose of Visit | Not Stated,%,16.9248471571467
2010,NORTH ASIA,South Korea,Frequency of Visit | First,%,36.2972967370686
2010,NORTH ASIA,South Korea,Frequency of Visit | Repeat,%,46.72929232987157
2010,NORTH ASIA,South Korea,Frequency of Visit | Not Stated,%,16.97341093306009
2010,NORTH ASIA,South Korea,Accommodation | Hotel,%,59.6202348425867
2010,NORTH ASIA,South Korea,Accommodation | Residence of Friends/ Relatives,%,8.501995547602313
2010,NORTH ASIA,South Korea,Accommodation | Others,%,31.87776960981101
2010,SOUTH ASIA,India,Main Purpose of Visit | Holiday,%,50.12939674879912
2010,SOUTH ASIA,India,Main Purpose of Visit | Visit Friends / Relatives,%,15.30625012342159
2010,SOUTH ASIA,India,Main Purpose of Visit | General Business Purpose,%,17.89821897317081
2010,SOUTH ASIA,India,Main Purpose of Visit | MICE,%,1.809386680808655
2010,SOUTH ASIA,India,Main Purpose of Visit | Others,%,3.007213979297575
2010,SOUTH ASIA,India,Main Purpose of Visit | Not Stated,%,11.84953349450182
2010,SOUTH ASIA,India,Frequency of Visit | First,%,49.62468327647497
2010,SOUTH ASIA,India,Frequency of Visit | Repeat,%,38.52578322902288
2010,SOUTH ASIA,India,Frequency of Visit | Not Stated,%,11.84953349450182
2010,SOUTH ASIA,India,Accommodation | Hotel,%,52.47332671055517
2010,SOUTH ASIA,India,Accommodation | Residence of Friends/ Relatives,%,20.99501234768046
2010,SOUTH ASIA,India,Accommodation | Others,%,26.53166094176431
2010,EUROPE,France,Main Purpose of Visit | Holiday,%,55.90201541150663
2010,EUROPE,France,Main Purpose of Visit | Visit Friends / Relatives,%,14.59026519634246
2010,EUROPE,France,Main Purpose of Visit | General Business Purpose,%,17.56629675300516
2010,EUROPE,France,Main Purpose of Visit | MICE,%,1.015947489000399
2010,EUROPE,France,Main Purpose of Visit | Others,%,2.732592697392272
2010,EUROPE,France,Main Purpose of Visit | Not Stated,%,8.192882452752922
2010,EUROPE,France,Frequency of Visit | First,%,43.1320186140522
2010,EUROPE,France,Frequency of Visit | Repeat,%,48.67509893319471
2010,EUROPE,France,Frequency of Visit | Not Stated,%,8.192882452752922
2010,EUROPE,France,Accommodation | Hotel,%,52.20461867966721
2010,EUROPE,France,Accommodation | Residence of Friends/ Relatives,%,25.27043609613725
2010,EUROPE,France,Accommodation | Others,%,22.5249452241954
2010,EUROPE,Germany,Main Purpose of Visit | Holiday,%,67.91772928133423
2010,EUROPE,Germany,Main Purpose of Visit | Visit Friends / Relatives,%,7.190788027611369
2010,EUROPE,Germany,Main Purpose of Visit | General Business Purpose,%,16.92079725808632
2010,EUROPE,Germany,Main Purpose of Visit | MICE,%,0.9386415091318918
2010,EUROPE,Germany,Main Purpose of Visit | Others,%,2.490374248851837
2010,EUROPE,Germany,Main Purpose of Visit | Not Stated,%,4.541669674984548
2010,EUROPE,Germany,Frequency of Visit | First,%,45.9701512968713
2010,EUROPE,Germany,Frequency of Visit | Repeat,%,49.48817902814435
2010,EUROPE,Germany,Frequency of Visit | Not Stated,%,4.541669674984548
2010,EUROPE,Germany,Accommodation | Hotel,%,67.20717832369631
2010,EUROPE,Germany,Accommodation | Residence of Friends/ Relatives,%,13.28755305079185
2010,EUROPE,Germany,Accommodation | Others,%,19.5052686255119
2010,EUROPE,Italy,Main Purpose of Visit | Holiday,%,52.41360634778012
2010,EUROPE,Italy,Main Purpose of Visit | Visit Friends / Relatives,%,7.450865241562915
2010,EUROPE,Italy,Main Purpose of Visit | General Business Purpose,%,20.76791820002349
2010,EUROPE,Italy,Main Purpose of Visit | Others,%,3.955739566204682
2010,EUROPE,Italy,Main Purpose of Visit | Not Stated,%,15.41187064442878
2010,EUROPE,Italy,Frequency of Visit | First,%,46.12670633994988
2010,EUROPE,Italy,Frequency of Visit | Repeat,%,38.46142301562131
2010,EUROPE,Italy,Frequency of Visit | Not Stated,%,15.41187064442878
2010,EUROPE,Italy,Accommodation | Hotel,%,61.27890663749901
2010,EUROPE,Italy,Accommodation | Residence of Friends/ Relatives,%,9.394396157896798
2010,EUROPE,Italy,Accommodation | Others,%,29.32669720460419
2010,EUROPE,Netherlands,Main Purpose of Visit | Holiday,%,49.9018491513981
2010,EUROPE,Netherlands,Main Purpose of Visit | Visit Friends / Relatives,%,9.702202465718829
2010,EUROPE,Netherlands,Main Purpose of Visit | General Business Purpose,%,28.02949182335238
2010,EUROPE,Netherlands,Main Purpose of Visit | Others,%,2.249981968287784
2010,EUROPE,Netherlands,Main Purpose of Visit | Not Stated,%,9.92953572617622
2010,EUROPE,Netherlands,Frequency of Visit | First,%,44.34933021803555
2010,EUROPE,Netherlands,Frequency of Visit | Repeat,%,45.72113405578821
2010,EUROPE,Netherlands,Frequency of Visit | Not Stated,%,9.92953572617622
2010,EUROPE,Netherlands,Accommodation | Hotel,%,55.60988444129879
2010,EUROPE,Netherlands,Accommodation | Residence of Friends/ Relatives,%,17.02289278784357
2010,EUROPE,Netherlands,Accommodation | Others,%,27.36722277085764
2010,EUROPE,Switzerland,Main Purpose of Visit | Holiday,%,58.07458104837504
2010,EUROPE,Switzerland,Main Purpose of Visit | Visit Friends / Relatives,%,5.782144611591053
2010,EUROPE,Switzerland,Main Purpose of Visit | General Business Purpose,%,20.02305206684408
2010,EUROPE,Switzerland,Main Purpose of Visit | MICE,%,2.81356894661646
2010,EUROPE,Switzerland,Main Purpose of Visit | Not Stated,%,13.30665332657338
2010,EUROPE,Switzerland,Frequency of Visit | First,%,34.0480439704038
2010,EUROPE,Switzerland,Frequency of Visit | Repeat,%,52.64530270302283
2010,EUROPE,Switzerland,Frequency of Visit | Not Stated,%,13.30665332657338
2010,EUROPE,Switzerland,Accommodation | Hotel,%,69.11503048842587
2010,EUROPE,Switzerland,Accommodation | Residence of Friends/ Relatives,%,10.2032322468653
2010,EUROPE,Switzerland,Accommodation | Others,%,20.68173726470883
2010,EUROPE,UK,Main Purpose of Visit | Holiday,%,62.19740523126609
2010,EUROPE,UK,Main Purpose of Visit | Visit Friends / Relatives,%,11.9523172717942
2010,EUROPE,UK,Main Purpose of Visit | General Business Purpose,%,17.58322557221128
2010,EUROPE,UK,Main Purpose of Visit | Others,%,2.573486319635669
2010,EUROPE,UK,Main Purpose of Visit | Not Stated,%,5.532205910631408
2010,EUROPE,UK,Frequency of Visit | First,%,40.48368420445114
2010,EUROPE,UK,Frequency of Visit | Repeat,%,53.98410988491767
2010,EUROPE,UK,Frequency of Visit | Not Stated,%,5.532205910631408
2010,EUROPE,UK,Accommodation | Hotel,%,63.35814915468444
2010,EUROPE,UK,Accommodation | Residence of Friends/ Relatives,%,19.790404338184
2010,EUROPE,UK,Accommodation | Others,%,16.85144650713162
2010,AMERICAS,Canada,Main Purpose of Visit | Holiday,%,54.951287582026
2010,AMERICAS,Canada,Main Purpose of Visit | Visit Friends / Relatives,%,17.24829207497898
2010,AMERICAS,Canada,Main Purpose of Visit | General Business Purpose,%,8.03307039062769
2010,AMERICAS,Canada,Main Purpose of Visit | Others,%,4.556842831741803
2010,AMERICAS,Canada,Main Purpose of Visit | Not Stated,%,14.89472420132564
2010,AMERICAS,Canada,Frequency of Visit | First,%,40.59278409174205
2010,AMERICAS,Canada,Frequency of Visit | Repeat,%,44.51249170693217
2010,AMERICAS,Canada,Frequency of Visit | Not Stated,%,14.89472420132564
2010,AMERICAS,Canada,Accommodation | Hotel,%,35.65292811667295
2010,AMERICAS,Canada,Accommodation | Residence of Friends/ Relatives,%,36.12665043794112
2010,AMERICAS,Canada,Accommodation | Others,%,28.22042144538586
2010,AMERICAS,USA,Main Purpose of Visit | Holiday,%,35.83038360802791
2010,AMERICAS,USA,Main Purpose of Visit | Visit Friends / Relatives,%,9.8874816836247
2010,AMERICAS,USA,Main Purpose of Visit | General Business Purpose,%,44.42264155447126
2010,AMERICAS,USA,Main Purpose of Visit | MICE,%,2.049960660930914
2010,AMERICAS,USA,Main Purpose of Visit | Others,%,1.386835461291782
2010,AMERICAS,USA,Main Purpose of Visit | Not Stated,%,6.42269703165312
2010,AMERICAS,USA,Frequency of Visit | First,%,34.53626126654337
2010,AMERICAS,USA,Frequency of Visit | Repeat,%,59.0410417018032
2010,AMERICAS,USA,Frequency of Visit | Not Stated,%,6.42269703165312
2010,AMERICAS,USA,Accommodation | Hotel,%,67.4638466549934
2010,AMERICAS,USA,Accommodation | Residence of Friends/ Relatives,%,16.25203036581896
2010,AMERICAS,USA,Accommodation | Others,%,16.28412297918778
2010,OCEANIA,Australia,Main Purpose of Visit | Holiday,%,61.1993231535632
2010,OCEANIA,Australia,Main Purpose of Visit | Visit Friends / Relatives,%,10.58442671121418
2010,OCEANIA,Australia,Main Purpose of Visit | General Business Purpose,%,14.33061113273442
2010,OCEANIA,Australia,Main Purpose of Visit | MICE,%,0.777724258218077
2010,OCEANIA,Australia,Main Purpose of Visit | Others,%,2.360132133584968
2010,OCEANIA,Australia,Main Purpose of Visit | Not Stated,%,10.74778261068575
2010,OCEANIA,Australia,Frequency of Visit | First,%,23.53578208395252
2010,OCEANIA,Australia,Frequency of Visit | Repeat,%,65.71643530536248
2010,OCEANIA,Australia,Frequency of Visit | Not Stated,%,10.74778261068575
2010,OCEANIA,Australia,Accommodation | Hotel,%,65.33313121830676
2010,OCEANIA,Australia,Accommodation | Residence of Friends/ Relatives,%,16.45028120260306
2010,OCEANIA,Australia,Accommodation | Others,%,18.21658757909056
2010,OCEANIA,New Zealand,Main Purpose of Visit | Holiday,%,62.5313981630123
2010,OCEANIA,New Zealand,Main Purpose of Visit | Visit Friends / Relatives,%,9.330876528238823
2010,OCEANIA,New Zealand,Main Purpose of Visit | General Business Purpose,%,16.09206492462034
2010,OCEANIA,New Zealand,Main Purpose of Visit | MICE,%,0.8003122867726078
2010,OCEANIA,New Zealand,Main Purpose of Visit | Others,%,2.191509362102722
2010,OCEANIA,New Zealand,Main Purpose of Visit | Not Stated,%,9.053838735253375
2010,OCEANIA,New Zealand,Frequency of Visit | First,%,23.54784726455396
2010,OCEANIA,New Zealand,Frequency of Visit | Repeat,%,67.39831400019283
2010,OCEANIA,New Zealand,Frequency of Visit | Not Stated,%,9.053838735253375
2010,OCEANIA,New Zealand,Accommodation | Hotel,%,60.90988348464104
2010,OCEANIA,New Zealand,Accommodation | Residence of Friends/ Relatives,%,15.96554832581287
2010,OCEANIA,New Zealand,Accommodation | Others,%,23.12456818954606
2010,AFRICA,South Africa (Rep of),Main Purpose of Visit | Holiday,%,53.83315467514187
2010,AFRICA,South Africa (Rep of),Main Purpose of Visit | Visit Friends / Relatives,%,9.432341257419436
2010,AFRICA,South Africa (Rep of),Main Purpose of Visit | General Business Purpose,%,15.45452634670018
2010,AFRICA,South Africa (Rep of),Main Purpose of Visit | MICE,%,0.653414464978751
2010,AFRICA,South Africa (Rep of),Main Purpose of Visit | Others,%,0.8806776385731825
2010,AFRICA,South Africa (Rep of),Main Purpose of Visit | Not Stated,%,19.74588561718657
2010,AFRICA,South Africa (Rep of),Frequency of Visit | First,%,38.75312651055003
2010,AFRICA,South Africa (Rep of),Frequency of Visit | Repeat,%,41.50098787226339
2010,AFRICA,South Africa (Rep of),Frequency of Visit | Not Stated,%,19.74588561718657
2010,AFRICA,South Africa (Rep of),Accommodation | Hotel,%,56.98788280021111
2010,AFRICA,South Africa (Rep of),Accommodation | Residence of Friends/ Relatives,%,20.43503163302007
2010,AFRICA,South Africa (Rep of),Accommodation | Others,%,22.57708556676881
2010,REMAINING,Others,Main Purpose of Visit | Holiday,%,41.40078221701224
2010,REMAINING,Others,Main Purpose of Visit | Visit Friends / Relatives,%,8.995634246195953
2010,REMAINING,Others,Main Purpose of Visit | General Business Purpose,%,22.02180219060805
2010,REMAINING,Others,Main Purpose of Visit | MICE,%,1.444499082023666
2010,REMAINING,Others,Main Purpose of Visit | Others,%,6.283891081216193
2010,REMAINING,Others,Main Purpose of Visit | Not Stated,%,19.85339118294404
2010,REMAINING,Others,Frequency of Visit | First,%,34.17419624796494
2010,REMAINING,Others,Frequency of Visit | Repeat,%,45.97241256909118
2010,REMAINING,Others,Frequency of Visit | Not Stated,%,19.85339118294404
2010,REMAINING,Others,Accommodation | Hotel,%,53.48184170038878
2010,REMAINING,Others,Accommodation | Residence of Friends/ Relatives,%,14.89610710821201
2010,REMAINING,Others,Accommodation | Others,%,31.62205119139924
2009,SOUTHEAST ASIA,Indonesia,Main Purpose of Visit | Holiday,%,28.43341125081016
2009,SOUTHEAST ASIA,Indonesia,Main Purpose of Visit | Visit Friends / Relatives,%,25.02396924083449
2009,SOUTHEAST ASIA,Indonesia,Main Purpose of Visit | General Business Purpose,%,15.20089612481339
2009,SOUTHEAST ASIA,Indonesia,Main Purpose of Visit | MICE,%,3.179349082510023
2009,SOUTHEAST ASIA,Indonesia,Main Purpose of Visit | Others,%,20.06107796964938
2009,SOUTHEAST ASIA,Indonesia,Main Purpose of Visit | Not Stated,%,8.10129633138372
2009,SOUTHEAST ASIA,Indonesia,Frequency of Visit | First,%,11.34585540657154
2009,SOUTHEAST ASIA,Indonesia,Frequency of Visit | Repeat,%,80.55284826204546
2009,SOUTHEAST ASIA,Indonesia,Frequency of Visit | Not Stated,%,8.10129633138372
2009,SOUTHEAST ASIA,Indonesia,Accommodation | Hotel,%,29.4229846239768
2009,SOUTHEAST ASIA,Indonesia,Accommodation | Residence of Friends/ Relatives,%,27.29692021761583
2009,SOUTHEAST ASIA,Indonesia,Accommodation | Others,%,43.28009515840809
2009,SOUTHEAST ASIA,Malaysia,Main Purpose of Visit | Holiday,%,16.58023415976944
2009,SOUTHEAST ASIA,Malaysia,Main Purpose of Visit | Visit Friends / Relatives,%,18.00682634083888
2009,SOUTHEAST ASIA,Malaysia,Main Purpose of Visit | General Business Purpose,%,39.84940335051715
2009,SOUTHEAST ASIA,Malaysia,Main Purpose of Visit | MICE,%,3.608844344769824
2009,SOUTHEAST ASIA,Malaysia,Main Purpose of Visit | Others,%,9.987032439213216
2009,SOUTHEAST ASIA,Malaysia,Main Purpose of Visit | Not Stated,%,11.96765936489103
2009,SOUTHEAST ASIA,Malaysia,Frequency of Visit | First,%,5.88005627876642
2009,SOUTHEAST ASIA,Malaysia,Frequency of Visit | Repeat,%,82.15228435634238
2009,SOUTHEAST ASIA,Malaysia,Frequency of Visit | Not Stated,%,11.96765936489103
2009,SOUTHEAST ASIA,Malaysia,Accommodation | Hotel,%,41.28669887664438
2009,SOUTHEAST ASIA,Malaysia,Accommodation | Residence of Friends/ Relatives,%,23.28781409273558
2009,SOUTHEAST ASIA,Malaysia,Accommodation | Others,%,35.42548703061998
2009,SOUTHEAST ASIA,Philippines,Main Purpose of Visit | Holiday,%,32.32858635467647
2009,SOUTHEAST ASIA,Philippines,Main Purpose of Visit | Visit Friends / Relatives,%,33.98954742910293
2009,SOUTHEAST ASIA,Philippines,Main Purpose of Visit | General Business Purpose,%,19.41092150164994
2009,SOUTHEAST ASIA,Philippines,Main Purpose of Visit | MICE,%,2.568042004290647
2009,SOUTHEAST ASIA,Philippines,Main Purpose of Visit | Others,%,2.592601631006917
2009,SOUTHEAST ASIA,Philippines,Main Purpose of Visit | Not Stated,%,9.110301079273404
2009,SOUTHEAST ASIA,Philippines,Frequency of Visit | First,%,36.3730607234271
2009,SOUTHEAST ASIA,Philippines,Frequency of Visit | Repeat,%,54.5166381972996
2009,SOUTHEAST ASIA,Philippines,Frequency of Visit | Not Stated,%,9.110301079273404
2009,SOUTHEAST ASIA,Philippines,Accommodation | Hotel,%,36.9834687487324
2009,SOUTHEAST ASIA,Philippines,Accommodation | Residence of Friends/ Relatives,%,43.58155747173981
2009,SOUTHEAST ASIA,Philippines,Accommodation | Others,%,19.43497377952802
2009,SOUTHEAST ASIA,Thailand,Main Purpose of Visit | Holiday,%,30.0569868367845
2009,SOUTHEAST ASIA,Thailand,Main Purpose of Visit | Visit Friends / Relatives,%,15.36920869766883
2009,SOUTHEAST ASIA,Thailand,Main Purpose of Visit | General Business Purpose,%,40.05573895230954
2009,SOUTHEAST ASIA,Thailand,Main Purpose of Visit | MICE,%,3.317097123688035
2009,SOUTHEAST ASIA,Thailand,Main Purpose of Visit | Others,%,5.688553865612278
2009,SOUTHEAST ASIA,Thailand,Main Purpose of Visit | Not Stated,%,5.512414523936807
2009,SOUTHEAST ASIA,Thailand,Frequency of Visit | First,%,20.11248344760321
2009,SOUTHEAST ASIA,Thailand,Frequency of Visit | Repeat,%,74.3751020284601
2009,SOUTHEAST ASIA,Thailand,Frequency of Visit | Not Stated,%,5.512414523936807
2009,SOUTHEAST ASIA,Thailand,Accommodation | Hotel,%,61.36829969239449
2009,SOUTHEAST ASIA,Thailand,Accommodation | Residence of Friends/ Relatives,%,20.3469444813248
2009,SOUTHEAST ASIA,Thailand,Accommodation | Others,%,18.28475582628064
2009,SOUTHEAST ASIA,Vietnam,Main Purpose of Visit | Holiday,%,43.60239992153409
2009,SOUTHEAST ASIA,Vietnam,Main Purpose of Visit | Visit Friends / Relatives,%,17.81435793478758
2009,SOUTHEAST ASIA,Vietnam,Main Purpose of Visit | General Business Purpose,%,19.84595891993384
2009,SOUTHEAST ASIA,Vietnam,Main Purpose of Visit | MICE,%,2.790650661612586
2009,SOUTHEAST ASIA,Vietnam,Main Purpose of Visit | Others,%,8.439641162942548
2009,SOUTHEAST ASIA,Vietnam,Main Purpose of Visit | Not Stated,%,7.506991399189022
2009,SOUTHEAST ASIA,Vietnam,Frequency of Visit | First,%,35.2676440856222
2009,SOUTHEAST ASIA,Vietnam,Frequency of Visit | Repeat,%,57.2253645151884
2009,SOUTHEAST ASIA,Vietnam,Frequency of Visit | Not Stated,%,7.506991399189022
2009,SOUTHEAST ASIA,Vietnam,Accommodation | Hotel,%,50.19746516445611
2009,SOUTHEAST ASIA,Vietnam,Accommodation | Residence of Friends/ Relatives,%,24.26792289179847
2009,SOUTHEAST ASIA,Vietnam,Accommodation | Others,%,25.53461194374528
2009,GREATER CHINA,China,Main Purpose of Visit | Holiday,%,33.94219225882723
2009,GREATER CHINA,China,Main Purpose of Visit | Visit Friends / Relatives,%,19.80049174654442
2009,GREATER CHINA,China,Main Purpose of Visit | General Business Purpose,%,25.88725045224525
2009,GREATER CHINA,China,Main Purpose of Visit | MICE,%,2.484832062519343
2009,GREATER CHINA,China,Main Purpose of Visit | Others,%,14.05807153562467
2009,GREATER CHINA,China,Main Purpose of Visit | Not Stated,%,3.827161944238893
2009,GREATER CHINA,China,Frequency of Visit | First,%,44.69934421436255
2009,GREATER CHINA,China,Frequency of Visit | Repeat,%,51.47349384139857
2009,GREATER CHINA,China,Frequency of Visit | Not Stated,%,3.827161944238893
2009,GREATER CHINA,China,Accommodation | Hotel,%,45.9474726010022
2009,GREATER CHINA,China,Accommodation | Residence of Friends/ Relatives,%,21.57100549274383
2009,GREATER CHINA,China,Accommodation | Others,%,32.48152190625435
2009,GREATER CHINA,Hong Kong SAR,Main Purpose of Visit | Holiday,%,30.94596736462981
2009,GREATER CHINA,Hong Kong SAR,Main Purpose of Visit | Visit Friends / Relatives,%,9.647125850736495
2009,GREATER CHINA,Hong Kong SAR,Main Purpose of Visit | General Business Purpose,%,45.2238288840932
2009,GREATER CHINA,Hong Kong SAR,Main Purpose of Visit | MICE,%,2.262979608043762
2009,GREATER CHINA,Hong Kong SAR,Main Purpose of Visit | Others,%,1.616606549841666
2009,GREATER CHINA,Hong Kong SAR,Main Purpose of Visit | Not Stated,%,10.30349174265488
2009,GREATER CHINA,Hong Kong SAR,Frequency of Visit | First,%,20.74067269402556
2009,GREATER CHINA,Hong Kong SAR,Frequency of Visit | Repeat,%,68.95583556331945
2009,GREATER CHINA,Hong Kong SAR,Frequency of Visit | Not Stated,%,10.30349174265488
2009,GREATER CHINA,Hong Kong SAR,Accommodation | Hotel,%,61.23387987537267
2009,GREATER CHINA,Hong Kong SAR,Accommodation | Residence of Friends/ Relatives,%,10.96309067901645
2009,GREATER CHINA,Hong Kong SAR,Accommodation | Others,%,27.80302944561096
2009,GREATER CHINA,Taiwan,Main Purpose of Visit | Holiday,%,33.06848967391647
2009,GREATER CHINA,Taiwan,Main Purpose of Visit | Visit Friends / Relatives,%,14.17291336683803
2009,GREATER CHINA,Taiwan,Main Purpose of Visit | General Business Purpose,%,33.98853544629772
2009,GREATER CHINA,Taiwan,Main Purpose of Visit | MICE,%,4.336933609899045
2009,GREATER CHINA,Taiwan,Main Purpose of Visit | Others,%,4.43204152309059
2009,GREATER CHINA,Taiwan,Main Purpose of Visit | Not Stated,%,10.00108637995821
2009,GREATER CHINA,Taiwan,Frequency of Visit | First,%,28.3795497671045
2009,GREATER CHINA,Taiwan,Frequency of Visit | Repeat,%,61.61936385293735
2009,GREATER CHINA,Taiwan,Frequency of Visit | Not Stated,%,10.00108637995821
2009,GREATER CHINA,Taiwan,Accommodation | Hotel,%,58.2612142197611
2009,GREATER CHINA,Taiwan,Accommodation | Residence of Friends/ Relatives,%,16.33189862816941
2009,GREATER CHINA,Taiwan,Accommodation | Others,%,25.40688715206955
2009,NORTH ASIA,Japan,Main Purpose of Visit | Holiday,%,38.50435696845782
2009,NORTH ASIA,Japan,Main Purpose of Visit | Visit Friends / Relatives,%,5.448662303478126
2009,NORTH ASIA,Japan,Main Purpose of Visit | General Business Purpose,%,41.40990426473108
2009,NORTH ASIA,Japan,Main Purpose of Visit | MICE,%,2.047437120226492
2009,NORTH ASIA,Japan,Main Purpose of Visit | Others,%,2.503546044197389
2009,NORTH ASIA,Japan,Main Purpose of Visit | Not Stated,%,10.08609329890905
2009,NORTH ASIA,Japan,Frequency of Visit | First,%,32.98985091720524
2009,NORTH ASIA,Japan,Frequency of Visit | Repeat,%,56.92405578388566
2009,NORTH ASIA,Japan,Frequency of Visit | Not Stated,%,10.08609329890905
2009,NORTH ASIA,Japan,Accommodation | Hotel,%,71.42101713682897
2009,NORTH ASIA,Japan,Accommodation | Residence of Friends/ Relatives,%,9.48626565082279
2009,NORTH ASIA,Japan,Accommodation | Others,%,19.09271721234813
2009,NORTH ASIA,South Korea,Main Purpose of Visit | Holiday,%,30.6391461150943
2009,NORTH ASIA,South Korea,Main Purpose of Visit | Visit Friends / Relatives,%,7.956438495436859
2009,NORTH ASIA,South Korea,Main Purpose of Visit | General Business Purpose,%,43.07720504624809
2009,NORTH ASIA,South Korea,Main Purpose of Visit | MICE,%,1.427673873048475
2009,NORTH ASIA,South Korea,Main Purpose of Visit | Others,%,2.222000824161392
2009,NORTH ASIA,South Korea,Main Purpose of Visit | Not Stated,%,14.6775356460106
2009,NORTH ASIA,South Korea,Frequency of Visit | First,%,38.65573247026188
2009,NORTH ASIA,South Korea,Frequency of Visit | Repeat,%,46.66673188372732
2009,NORTH ASIA,South Korea,Frequency of Visit | Not Stated,%,14.6775356460106
2009,NORTH ASIA,South Korea,Accommodation | Hotel,%,59.86525974050744
2009,NORTH ASIA,South Korea,Accommodation | Residence of Friends/ Relatives,%,9.601404501555326
2009,NORTH ASIA,South Korea,Accommodation | Others,%,30.53333575793683
2009,SOUTH ASIA,India,Main Purpose of Visit | Holiday,%,56.27762421150118
2009,SOUTH ASIA,India,Main Purpose of Visit | Visit Friends / Relatives,%,9.299993635740638
2009,SOUTH ASIA,India,Main Purpose of Visit | General Business Purpose,%,18.50826241393623
2009,SOUTH ASIA,India,Main Purpose of Visit | MICE,%,1.733781303870625
2009,SOUTH ASIA,India,Main Purpose of Visit | Others,%,3.082907531939149
2009,SOUTH ASIA,India,Main Purpose of Visit | Not Stated,%,11.09743090301211
2009,SOUTH ASIA,India,Frequency of Visit | First,%,51.11022116446757
2009,SOUTH ASIA,India,Frequency of Visit | Repeat,%,37.79234793252022
2009,SOUTH ASIA,India,Frequency of Visit | Not Stated,%,11.09743090301211
2009,SOUTH ASIA,India,Accommodation | Hotel,%,57.31662761083837
2009,SOUTH ASIA,India,Accommodation | Residence of Friends/ Relatives,%,13.25340972225473
2009,SOUTH ASIA,India,Accommodation | Others,%,29.42996266690676
2009,EUROPE,France,Main Purpose of Visit | Holiday,%,51.82542391233621
2009,EUROPE,France,Main Purpose of Visit | Visit Friends / Relatives,%,8.314643156772794
2009,EUROPE,France,Main Purpose of Visit | General Business Purpose,%,23.6729120911914
2009,EUROPE,France,Main Purpose of Visit | MICE,%,0.549940920627457
2009,EUROPE,France,Main Purpose of Visit | Others,%,4.256969134887979
2009,EUROPE,France,Main Purpose of Visit | Not Stated,%,11.38011078418418
2009,EUROPE,France,Frequency of Visit | First,%,42.66538537716995
2009,EUROPE,France,Frequency of Visit | Repeat,%,45.95450383864588
2009,EUROPE,France,Frequency of Visit | Not Stated,%,11.38011078418418
2009,EUROPE,France,Accommodation | Hotel,%,56.80514225161539
2009,EUROPE,France,Accommodation | Residence of Friends/ Relatives,%,14.61855883101558
2009,EUROPE,France,Accommodation | Others,%,28.57629891736905
2009,EUROPE,Germany,Main Purpose of Visit | Holiday,%,66.81666687355762
2009,EUROPE,Germany,Main Purpose of Visit | Visit Friends / Relatives,%,8.113637703878787
2009,EUROPE,Germany,Main Purpose of Visit | General Business Purpose,%,19.60762832230349
2009,EUROPE,Germany,Main Purpose of Visit | Others,%,1.666423328909147
2009,EUROPE,Germany,Main Purpose of Visit | Not Stated,%,3.690774980618838
2009,EUROPE,Germany,Frequency of Visit | First,%,47.37696882964104
2009,EUROPE,Germany,Frequency of Visit | Repeat,%,48.93225618974012
2009,EUROPE,Germany,Frequency of Visit | Not Stated,%,3.690774980618838
2009,EUROPE,Germany,Accommodation | Hotel,%,67.74231957685619
2009,EUROPE,Germany,Accommodation | Residence of Friends/ Relatives,%,12.32729074004217
2009,EUROPE,Germany,Accommodation | Others,%,19.9303896831016
2009,EUROPE,Italy,Main Purpose of Visit | Holiday,%,54.01978181495701
2009,EUROPE,Italy,Main Purpose of Visit | Visit Friends / Relatives,%,3.806833670401107
2009,EUROPE,Italy,Main Purpose of Visit | General Business Purpose,%,19.12984926127191
2009,EUROPE,Italy,Main Purpose of Visit | MICE,%,1.161781374115513
2009,EUROPE,Italy,Main Purpose of Visit | Others,%,3.227253814811512
2009,EUROPE,Italy,Main Purpose of Visit | Not Stated,%,18.65450006444289
2009,EUROPE,Italy,Frequency of Visit | First,%,52.58080525447045
2009,EUROPE,Italy,Frequency of Visit | Repeat,%,28.76469468108661
2009,EUROPE,Italy,Frequency of Visit | Not Stated,%,18.65450006444289
2009,EUROPE,Italy,Accommodation | Hotel,%,59.71634685021491
2009,EUROPE,Italy,Accommodation | Residence of Friends/ Relatives,%,9.340182264391125
2009,EUROPE,Italy,Accommodation | Others,%,30.94347088539399
2009,EUROPE,Netherlands,Main Purpose of Visit | Holiday,%,57.25793457929843
2009,EUROPE,Netherlands,Main Purpose of Visit | Visit Friends / Relatives,%,8.843591696910472
2009,EUROPE,Netherlands,Main Purpose of Visit | General Business Purpose,%,18.74385395757261
2009,EUROPE,Netherlands,Main Purpose of Visit | Others,%,3.528912122999923
2009,EUROPE,Netherlands,Main Purpose of Visit | Not Stated,%,11.62570764321862
2009,EUROPE,Netherlands,Frequency of Visit | First,%,41.77184444727227
2009,EUROPE,Netherlands,Frequency of Visit | Repeat,%,46.60244790950919
2009,EUROPE,Netherlands,Frequency of Visit | Not Stated,%,11.62570764321862
2009,EUROPE,Netherlands,Accommodation | Hotel,%,58.04713461975497
2009,EUROPE,Netherlands,Accommodation | Residence of Friends/ Relatives,%,10.47774946476624
2009,EUROPE,Netherlands,Accommodation | Others,%,31.4751159154788
2009,EUROPE,Switzerland,Main Purpose of Visit | Holiday,%,54.78732806671073
2009,EUROPE,Switzerland,Main Purpose of Visit | Visit Friends / Relatives,%,7.147712597877095
2009,EUROPE,Switzerland,Main Purpose of Visit | General Business Purpose,%,21.46750028882798
2009,EUROPE,Switzerland,Main Purpose of Visit | Others,%,2.702533222148727
2009,EUROPE,Switzerland,Main Purpose of Visit | Not Stated,%,13.89492582443541
2009,EUROPE,Switzerland,Frequency of Visit | First,%,36.42562113609875
2009,EUROPE,Switzerland,Frequency of Visit | Repeat,%,49.67945303946577
2009,EUROPE,Switzerland,Frequency of Visit | Not Stated,%,13.89492582443541
2009,EUROPE,Switzerland,Accommodation | Hotel,%,69.38938902406373
2009,EUROPE,Switzerland,Accommodation | Residence of Friends/ Relatives,%,8.440430478755232
2009,EUROPE,Switzerland,Accommodation | Others,%,22.17018049718101
2009,EUROPE,UK,Main Purpose of Visit | Holiday,%,68.04569832103554
2009,EUROPE,UK,Main Purpose of Visit | Visit Friends / Relatives,%,9.11320127157096
2009,EUROPE,UK,Main Purpose of Visit | General Business Purpose,%,15.28195856080657
2009,EUROPE,UK,Main Purpose of Visit | MICE,%,0.5639793366362086
2009,EUROPE,UK,Main Purpose of Visit | Others,%,1.707016099547785
2009,EUROPE,UK,Main Purpose of Visit | Not Stated,%,5.288146410402859
2009,EUROPE,UK,Frequency of Visit | First,%,43.54475301737052
2009,EUROPE,UK,Frequency of Visit | Repeat,%,51.16710057222677
2009,EUROPE,UK,Frequency of Visit | Not Stated,%,5.288146410402859
2009,EUROPE,UK,Accommodation | Hotel,%,66.75233758485743
2009,EUROPE,UK,Accommodation | Residence of Friends/ Relatives,%,14.55861000475905
2009,EUROPE,UK,Accommodation | Others,%,18.68905241038345
2009,AMERICAS,Canada,Main Purpose of Visit | Holiday,%,55.44934116652588
2009,AMERICAS,Canada,Main Purpose of Visit | Visit Friends / Relatives,%,12.57600736416982
2009,AMERICAS,Canada,Main Purpose of Visit | General Business Purpose,%,18.86949444560392
2009,AMERICAS,Canada,Main Purpose of Visit | MICE,%,1.386977464312099
2009,AMERICAS,Canada,Main Purpose of Visit | Others,%,1.479633771153618
2009,AMERICAS,Canada,Main Purpose of Visit | Not Stated,%,10.23854578823464
2009,AMERICAS,Canada,Frequency of Visit | First,%,39.90255209940306
2009,AMERICAS,Canada,Frequency of Visit | Repeat,%,49.85890211236227
2009,AMERICAS,Canada,Frequency of Visit | Not Stated,%,10.23854578823464
2009,AMERICAS,Canada,Accommodation | Hotel,%,54.35775047926695
2009,AMERICAS,Canada,Accommodation | Residence of Friends/ Relatives,%,21.81378119744144
2009,AMERICAS,Canada,Accommodation | Others,%,23.82846832329164
2009,AMERICAS,USA,Main Purpose of Visit | Holiday,%,35.92104184764884
2009,AMERICAS,USA,Main Purpose of Visit | Visit Friends / Relatives,%,10.15130666405477
2009,AMERICAS,USA,Main Purpose of Visit | General Business Purpose,%,44.35400955058154
2009,AMERICAS,USA,Main Purpose of Visit | MICE,%,1.085549000956076
2009,AMERICAS,USA,Main Purpose of Visit | Others,%,2.148880145804627
2009,AMERICAS,USA,Main Purpose of Visit | Not Stated,%,6.339212790954399
2009,AMERICAS,USA,Frequency of Visit | First,%,39.12723122782992
2009,AMERICAS,USA,Frequency of Visit | Repeat,%,54.53355598121603
2009,AMERICAS,USA,Frequency of Visit | Not Stated,%,6.339212790954399
2009,AMERICAS,USA,Accommodation | Hotel,%,69.87607067045222
2009,AMERICAS,USA,Accommodation | Residence of Friends/ Relatives,%,14.00863853551638
2009,AMERICAS,USA,Accommodation | Others,%,16.11529079403119
2009,OCEANIA,Australia,Main Purpose of Visit | Holiday,%,63.03933790783329
2009,OCEANIA,Australia,Main Purpose of Visit | Visit Friends / Relatives,%,10.01910372955838
2009,OCEANIA,Australia,Main Purpose of Visit | General Business Purpose,%,11.92531895858281
2009,OCEANIA,Australia,Main Purpose of Visit | MICE,%,0.6790809491836044
2009,OCEANIA,Australia,Main Purpose of Visit | Others,%,1.769196144979697
2009,OCEANIA,Australia,Main Purpose of Visit | Not Stated,%,12.56796230986184
2009,OCEANIA,Australia,Frequency of Visit | First,%,23.33029734741983
2009,OCEANIA,Australia,Frequency of Visit | Repeat,%,64.101740342718
2009,OCEANIA,Australia,Frequency of Visit | Not Stated,%,12.56796230986184
2009,OCEANIA,Australia,Accommodation | Hotel,%,62.16111282423379
2009,OCEANIA,Australia,Accommodation | Residence of Friends/ Relatives,%,13.73224581061199
2009,OCEANIA,Australia,Accommodation | Others,%,24.10664136515427
2009,OCEANIA,New Zealand,Main Purpose of Visit | Holiday,%,61.97997419962007
2009,OCEANIA,New Zealand,Main Purpose of Visit | Visit Friends / Relatives,%,10.19042908358695
2009,OCEANIA,New Zealand,Main Purpose of Visit | General Business Purpose,%,12.97203218454225
2009,OCEANIA,New Zealand,Main Purpose of Visit | MICE,%,0.8572282597055435
2009,OCEANIA,New Zealand,Main Purpose of Visit | Others,%,1.651125178804573
2009,OCEANIA,New Zealand,Main Purpose of Visit | Not Stated,%,12.34921109374063
2009,OCEANIA,New Zealand,Frequency of Visit | First,%,24.74028003608367
2009,OCEANIA,New Zealand,Frequency of Visit | Repeat,%,62.91050887017568
2009,OCEANIA,New Zealand,Frequency of Visit | Not Stated,%,12.34921109374063
2009,OCEANIA,New Zealand,Accommodation | Hotel,%,59.9049430461605
2009,OCEANIA,New Zealand,Accommodation | Residence of Friends/ Relatives,%,15.6920475809053
2009,OCEANIA,New Zealand,Accommodation | Others,%,24.4030093729342
2009,AFRICA,South Africa (Rep of),Main Purpose of Visit | Holiday,%,50.88813430456815
2009,AFRICA,South Africa (Rep of),Main Purpose of Visit | Visit Friends / Relatives,%,3.080012696445707
2009,AFRICA,South Africa (Rep of),Main Purpose of Visit | General Business Purpose,%,20.17176621617295
2009,AFRICA,South Africa (Rep of),Main Purpose of Visit | MICE,%,1.39759742161911
2009,AFRICA,South Africa (Rep of),Main Purpose of Visit | Others,%,4.711537119822117
2009,AFRICA,South Africa (Rep of),Main Purpose of Visit | Not Stated,%,19.75095224137196
2009,AFRICA,South Africa (Rep of),Frequency of Visit | First,%,48.19157493071143
2009,AFRICA,South Africa (Rep of),Frequency of Visit | Repeat,%,32.05747282791661
2009,AFRICA,South Africa (Rep of),Frequency of Visit | Not Stated,%,19.75095224137196
2009,AFRICA,South Africa (Rep of),Accommodation | Hotel,%,60.62331700949129
2009,AFRICA,South Africa (Rep of),Accommodation | Residence of Friends/ Relatives,%,9.16996288687615
2009,AFRICA,South Africa (Rep of),Accommodation | Others,%,30.20672010363256
2009,REMAINING,Others,Main Purpose of Visit | Holiday,%,40.06161382131506
2009,REMAINING,Others,Main Purpose of Visit | Visit Friends / Relatives,%,9.34230255390614
2009,REMAINING,Others,Main Purpose of Visit | General Business Purpose,%,23.84390565627284
2009,REMAINING,Others,Main Purpose of Visit | MICE,%,1.846385337923376
2009,REMAINING,Others,Main Purpose of Visit | Others,%,6.0517962123725
2009,REMAINING,Others,Main Purpose of Visit | Not Stated,%,18.85399641821013
2009,REMAINING,Others,Frequency of Visit | First,%,35.93629072637377
2009,REMAINING,Others,Frequency of Visit | Repeat,%,45.20971285541622
2009,REMAINING,Others,Frequency of Visit | Not Stated,%,18.85399641821013
2009,REMAINING,Others,Accommodation | Hotel,%,54.05263004341278
2009,REMAINING,Others,Accommodation | Residence of Friends/ Relatives,%,13.64825789871219
2009,REMAINING,Others,Accommodation | Others,%,32.29911205787505
2008,SOUTHEAST ASIA,Indonesia,Main Purpose of Visit | Holiday,%,33.80685486585832
2008,SOUTHEAST ASIA,Indonesia,Main Purpose of Visit | Visit Friends / Relatives,%,19.47403894842144
2008,SOUTHEAST ASIA,Indonesia,Main Purpose of Visit | General Business Purpose,%,17.5764657810407
2008,SOUTHEAST ASIA,Indonesia,Main Purpose of Visit | MICE,%,2.765623427258135
2008,SOUTHEAST ASIA,Indonesia,Main Purpose of Visit | Others,%,18.73940345153122
2008,SOUTHEAST ASIA,Indonesia,Main Purpose of Visit | Not Stated,%,7.637613525889645
2008,SOUTHEAST ASIA,Indonesia,Frequency of Visit | First,%,6.815602179943913
2008,SOUTHEAST ASIA,Indonesia,Frequency of Visit | Repeat,%,85.54678429416582
2008,SOUTHEAST ASIA,Indonesia,Frequency of Visit | Not Stated,%,7.637613525889645
2008,SOUTHEAST ASIA,Indonesia,Accommodation | Hotel,%,29.40346010414472
2008,SOUTHEAST ASIA,Indonesia,Accommodation | Residence of Friends/ Relatives,%,33.51419915809473
2008,SOUTHEAST ASIA,Indonesia,Accommodation | Others,%,37.08234073776013
2008,SOUTHEAST ASIA,Malaysia,Main Purpose of Visit | Holiday,%,21.86543633290962
2008,SOUTHEAST ASIA,Malaysia,Main Purpose of Visit | Visit Friends / Relatives,%,12.07052020844045
2008,SOUTHEAST ASIA,Malaysia,Main Purpose of Visit | General Business Purpose,%,33.84363950408821
2008,SOUTHEAST ASIA,Malaysia,Main Purpose of Visit | MICE,%,7.163089354739415
2008,SOUTHEAST ASIA,Malaysia,Main Purpose of Visit | Others,%,11.88766026906666
2008,SOUTHEAST ASIA,Malaysia,Main Purpose of Visit | Not Stated,%,13.16965433075571
2008,SOUTHEAST ASIA,Malaysia,Frequency of Visit | First,%,5.354961447280283
2008,SOUTHEAST ASIA,Malaysia,Frequency of Visit | Repeat,%,81.47538422196425
2008,SOUTHEAST ASIA,Malaysia,Frequency of Visit | Not Stated,%,13.16965433075571
2008,SOUTHEAST ASIA,Malaysia,Accommodation | Hotel,%,42.2537309906867
2008,SOUTHEAST ASIA,Malaysia,Accommodation | Residence of Friends/ Relatives,%,21.30713764525431
2008,SOUTHEAST ASIA,Malaysia,Accommodation | Others,%,36.43913136405919
2008,SOUTHEAST ASIA,Philippines,Main Purpose of Visit | Holiday,%,37.709923978158
2008,SOUTHEAST ASIA,Philippines,Main Purpose of Visit | Visit Friends / Relatives,%,17.96094445935012
2008,SOUTHEAST ASIA,Philippines,Main Purpose of Visit | General Business Purpose,%,28.46258207344314
2008,SOUTHEAST ASIA,Philippines,Main Purpose of Visit | MICE,%,3.454464292432939
2008,SOUTHEAST ASIA,Philippines,Main Purpose of Visit | Others,%,4.487667693452281
2008,SOUTHEAST ASIA,Philippines,Main Purpose of Visit | Not Stated,%,7.924417503163609
2008,SOUTHEAST ASIA,Philippines,Frequency of Visit | First,%,31.38547051989517
2008,SOUTHEAST ASIA,Philippines,Frequency of Visit | Repeat,%,60.6901119769413
2008,SOUTHEAST ASIA,Philippines,Frequency of Visit | Not Stated,%,7.924417503163609
2008,SOUTHEAST ASIA,Philippines,Accommodation | Hotel,%,51.56218440694263
2008,SOUTHEAST ASIA,Philippines,Accommodation | Residence of Friends/ Relatives,%,30.94374665384284
2008,SOUTHEAST ASIA,Philippines,Accommodation | Others,%,17.4940689392144
2008,SOUTHEAST ASIA,Thailand,Main Purpose of Visit | Holiday,%,30.05424048901595
2008,SOUTHEAST ASIA,Thailand,Main Purpose of Visit | Visit Friends / Relatives,%,12.43545284885909
2008,SOUTHEAST ASIA,Thailand,Main Purpose of Visit | General Business Purpose,%,41.02736802362357
2008,SOUTHEAST ASIA,Thailand,Main Purpose of Visit | MICE,%,4.712228419386186
2008,SOUTHEAST ASIA,Thailand,Main Purpose of Visit | Others,%,5.792481036372778
2008,SOUTHEAST ASIA,Thailand,Main Purpose of Visit | Not Stated,%,5.978229182742433
2008,SOUTHEAST ASIA,Thailand,Frequency of Visit | First,%,19.24836357289317
2008,SOUTHEAST ASIA,Thailand,Frequency of Visit | Repeat,%,74.77340724436444
2008,SOUTHEAST ASIA,Thailand,Frequency of Visit | Not Stated,%,5.978229182742433
2008,SOUTHEAST ASIA,Thailand,Accommodation | Hotel,%,64.29936272474966
2008,SOUTHEAST ASIA,Thailand,Accommodation | Residence of Friends/ Relatives,%,17.15147616053825
2008,SOUTHEAST ASIA,Thailand,Accommodation | Others,%,18.54916111471213
2008,SOUTHEAST ASIA,Vietnam,Main Purpose of Visit | Holiday,%,40.07314163437259
2008,SOUTHEAST ASIA,Vietnam,Main Purpose of Visit | Visit Friends / Relatives,%,15.98371637146289
2008,SOUTHEAST ASIA,Vietnam,Main Purpose of Visit | General Business Purpose,%,23.8053441971473
2008,SOUTHEAST ASIA,Vietnam,Main Purpose of Visit | MICE,%,3.60893123163409
2008,SOUTHEAST ASIA,Vietnam,Main Purpose of Visit | Others,%,8.438727949841228
2008,SOUTHEAST ASIA,Vietnam,Main Purpose of Visit | Not Stated,%,8.09013861554178
2008,SOUTHEAST ASIA,Vietnam,Frequency of Visit | First,%,35.19983211918743
2008,SOUTHEAST ASIA,Vietnam,Frequency of Visit | Repeat,%,56.71002926527063
2008,SOUTHEAST ASIA,Vietnam,Frequency of Visit | Not Stated,%,8.09013861554178
2008,SOUTHEAST ASIA,Vietnam,Accommodation | Hotel,%,59.44824641874689
2008,SOUTHEAST ASIA,Vietnam,Accommodation | Residence of Friends/ Relatives,%,21.07788773339392
2008,SOUTHEAST ASIA,Vietnam,Accommodation | Others,%,19.47386584785918
2008,GREATER CHINA,China,Main Purpose of Visit | Holiday,%,40.50347246469408
2008,GREATER CHINA,China,Main Purpose of Visit | Visit Friends / Relatives,%,14.54163168442686
2008,GREATER CHINA,China,Main Purpose of Visit | General Business Purpose,%,26.69863935384119
2008,GREATER CHINA,China,Main Purpose of Visit | MICE,%,1.990152592059669
2008,GREATER CHINA,China,Main Purpose of Visit | Others,%,12.73465141701536
2008,GREATER CHINA,China,Main Purpose of Visit | Not Stated,%,3.531452487963094
2008,GREATER CHINA,China,Frequency of Visit | First,%,48.04854398221212
2008,GREATER CHINA,China,Frequency of Visit | Repeat,%,48.42000352982514
2008,GREATER CHINA,China,Frequency of Visit | Not Stated,%,3.531452487963094
2008,GREATER CHINA,China,Accommodation | Hotel,%,50.45394815217826
2008,GREATER CHINA,China,Accommodation | Residence of Friends/ Relatives,%,19.48888703982873
2008,GREATER CHINA,China,Accommodation | Others,%,30.05716480799348
2008,GREATER CHINA,Hong Kong SAR,Main Purpose of Visit | Holiday,%,27.80006600199683
2008,GREATER CHINA,Hong Kong SAR,Main Purpose of Visit | Visit Friends / Relatives,%,11.72538818103248
2008,GREATER CHINA,Hong Kong SAR,Main Purpose of Visit | General Business Purpose,%,47.40222045389498
2008,GREATER CHINA,Hong Kong SAR,Main Purpose of Visit | MICE,%,3.236399942894745
2008,GREATER CHINA,Hong Kong SAR,Main Purpose of Visit | Others,%,1.620636136739137
2008,GREATER CHINA,Hong Kong SAR,Main Purpose of Visit | Not Stated,%,8.215289283441537
2008,GREATER CHINA,Hong Kong SAR,Frequency of Visit | First,%,17.28045793099703
2008,GREATER CHINA,Hong Kong SAR,Frequency of Visit | Repeat,%,74.50425278556115
2008,GREATER CHINA,Hong Kong SAR,Frequency of Visit | Not Stated,%,8.215289283441537
2008,GREATER CHINA,Hong Kong SAR,Accommodation | Hotel,%,67.3174890563624
2008,GREATER CHINA,Hong Kong SAR,Accommodation | Residence of Friends/ Relatives,%,15.17021005448133
2008,GREATER CHINA,Hong Kong SAR,Accommodation | Others,%,17.51230088915609
2008,GREATER CHINA,Taiwan,Main Purpose of Visit | Holiday,%,30.99362262699857
2008,GREATER CHINA,Taiwan,Main Purpose of Visit | Visit Friends / Relatives,%,15.73333439301604
2008,GREATER CHINA,Taiwan,Main Purpose of Visit | General Business Purpose,%,36.02712288655273
2008,GREATER CHINA,Taiwan,Main Purpose of Visit | MICE,%,5.356589022543078
2008,GREATER CHINA,Taiwan,Main Purpose of Visit | Others,%,4.957291304325463
2008,GREATER CHINA,Taiwan,Main Purpose of Visit | Not Stated,%,6.932039766564077
2008,GREATER CHINA,Taiwan,Frequency of Visit | First,%,30.43894062752987
2008,GREATER CHINA,Taiwan,Frequency of Visit | Repeat,%,62.62901960590604
2008,GREATER CHINA,Taiwan,Frequency of Visit | Not Stated,%,6.932039766564077
2008,GREATER CHINA,Taiwan,Accommodation | Hotel,%,65.06382017199972
2008,GREATER CHINA,Taiwan,Accommodation | Residence of Friends/ Relatives,%,17.00304880260113
2008,GREATER CHINA,Taiwan,Accommodation | Others,%,17.93313102539907
2008,NORTH ASIA,Japan,Main Purpose of Visit | Holiday,%,34.4482128349952
2008,NORTH ASIA,Japan,Main Purpose of Visit | Visit Friends / Relatives,%,8.372268355005064
2008,NORTH ASIA,Japan,Main Purpose of Visit | General Business Purpose,%,44.4981379481663
2008,NORTH ASIA,Japan,Main Purpose of Visit | MICE,%,1.640187740423119
2008,NORTH ASIA,Japan,Main Purpose of Visit | Others,%,0.5902682559182433
2008,NORTH ASIA,Japan,Main Purpose of Visit | Not Stated,%,10.45092486549194
2008,NORTH ASIA,Japan,Frequency of Visit | First,%,32.1357307561929
2008,NORTH ASIA,Japan,Frequency of Visit | Repeat,%,57.41334437831509
2008,NORTH ASIA,Japan,Frequency of Visit | Not Stated,%,10.45092486549194
2008,NORTH ASIA,Japan,Accommodation | Hotel,%,72.56563417153843
2008,NORTH ASIA,Japan,Accommodation | Residence of Friends/ Relatives,%,12.13193501420311
2008,NORTH ASIA,Japan,Accommodation | Others,%,15.30243081425862
2008,NORTH ASIA,South Korea,Main Purpose of Visit | Holiday,%,32.305205187471
2008,NORTH ASIA,South Korea,Main Purpose of Visit | Visit Friends / Relatives,%,5.929845641468297
2008,NORTH ASIA,South Korea,Main Purpose of Visit | General Business Purpose,%,35.5158449897465
2008,NORTH ASIA,South Korea,Main Purpose of Visit | MICE,%,2.348575788959457
2008,NORTH ASIA,South Korea,Main Purpose of Visit | Others,%,3.052821129058411
2008,NORTH ASIA,South Korea,Main Purpose of Visit | Not Stated,%,20.84770726329628
2008,NORTH ASIA,South Korea,Frequency of Visit | First,%,38.70716561278203
2008,NORTH ASIA,South Korea,Frequency of Visit | Repeat,%,40.44512712392167
2008,NORTH ASIA,South Korea,Frequency of Visit | Not Stated,%,20.84770726329628
2008,NORTH ASIA,South Korea,Accommodation | Hotel,%,58.95638632306592
2008,NORTH ASIA,South Korea,Accommodation | Residence of Friends/ Relatives,%,8.413142807232836
2008,NORTH ASIA,South Korea,Accommodation | Others,%,32.63047086970121
2008,SOUTH ASIA,India,Main Purpose of Visit | Holiday,%,51.75641607128809
2008,SOUTH ASIA,India,Main Purpose of Visit | Visit Friends / Relatives,%,9.198111922170286
2008,SOUTH ASIA,India,Main Purpose of Visit | General Business Purpose,%,24.83755661433073
2008,SOUTH ASIA,India,Main Purpose of Visit | MICE,%,1.358410193642851
2008,SOUTH ASIA,India,Main Purpose of Visit | Others,%,1.852751962008272
2008,SOUTH ASIA,India,Main Purpose of Visit | Not Stated,%,10.99675323655958
2008,SOUTH ASIA,India,Frequency of Visit | First,%,47.97196218994182
2008,SOUTH ASIA,India,Frequency of Visit | Repeat,%,41.0312845734982
2008,SOUTH ASIA,India,Frequency of Visit | Not Stated,%,10.99675323655958
2008,SOUTH ASIA,India,Accommodation | Hotel,%,53.75195812550495
2008,SOUTH ASIA,India,Accommodation | Residence of Friends/ Relatives,%,20.037358800647
2008,SOUTH ASIA,India,Accommodation | Others,%,26.21068307384808
2008,EUROPE,France,Main Purpose of Visit | Holiday,%,49.98622409225396
2008,EUROPE,France,Main Purpose of Visit | Visit Friends / Relatives,%,13.21884839040621
2008,EUROPE,France,Main Purpose of Visit | General Business Purpose,%,27.13533233826469
2008,EUROPE,France,Main Purpose of Visit | MICE,%,0.5344571306700436
2008,EUROPE,France,Main Purpose of Visit | Others,%,0.7689646737643205
2008,EUROPE,France,Main Purpose of Visit | Not Stated,%,8.35617337464074
2008,EUROPE,France,Frequency of Visit | First,%,41.19360766443673
2008,EUROPE,France,Frequency of Visit | Repeat,%,50.45021896092248
2008,EUROPE,France,Frequency of Visit | Not Stated,%,8.35617337464074
2008,EUROPE,France,Accommodation | Hotel,%,65.96409728949662
2008,EUROPE,France,Accommodation | Residence of Friends/ Relatives,%,19.4557066509636
2008,EUROPE,France,Accommodation | Others,%,14.58019605953978
2008,EUROPE,Germany,Main Purpose of Visit | Holiday,%,61.21841323467259
2008,EUROPE,Germany,Main Purpose of Visit | Visit Friends / Relatives,%,3.144757124754689
2008,EUROPE,Germany,Main Purpose of Visit | General Business Purpose,%,27.61737351137157
2008,EUROPE,Germany,Main Purpose of Visit | MICE,%,0.811989200853391
2008,EUROPE,Germany,Main Purpose of Visit | Others,%,1.40035719363671
2008,EUROPE,Germany,Main Purpose of Visit | Not Stated,%,5.807109734711084
2008,EUROPE,Germany,Frequency of Visit | First,%,43.60084922683216
2008,EUROPE,Germany,Frequency of Visit | Repeat,%,50.5920410384568
2008,EUROPE,Germany,Frequency of Visit | Not Stated,%,5.807109734711084
2008,EUROPE,Germany,Accommodation | Hotel,%,71.19619004587017
2008,EUROPE,Germany,Accommodation | Residence of Friends/ Relatives,%,12.23377517552428
2008,EUROPE,Germany,Accommodation | Others,%,16.57003477860558
2008,EUROPE,Italy,Main Purpose of Visit | Holiday,%,50.14219168880986
2008,EUROPE,Italy,Main Purpose of Visit | Visit Friends / Relatives,%,3.709462071480933
2008,EUROPE,Italy,Main Purpose of Visit | General Business Purpose,%,33.26998790173637
2008,EUROPE,Italy,Main Purpose of Visit | MICE,%,0.8288271758697562
2008,EUROPE,Italy,Main Purpose of Visit | Not Stated,%,12.04953116210313
2008,EUROPE,Italy,Frequency of Visit | First,%,41.83800508271057
2008,EUROPE,Italy,Frequency of Visit | Repeat,%,46.11246375518634
2008,EUROPE,Italy,Frequency of Visit | Not Stated,%,12.04953116210313
2008,EUROPE,Italy,Accommodation | Hotel,%,64.06417487555824
2008,EUROPE,Italy,Accommodation | Residence of Friends/ Relatives,%,11.08848925788009
2008,EUROPE,Italy,Accommodation | Others,%,24.84733586656169
2008,EUROPE,Netherlands,Main Purpose of Visit | Holiday,%,36.55865130855521
2008,EUROPE,Netherlands,Main Purpose of Visit | Visit Friends / Relatives,%,8.002538782639327
2008,EUROPE,Netherlands,Main Purpose of Visit | General Business Purpose,%,45.14199519467643
2008,EUROPE,Netherlands,Main Purpose of Visit | MICE,%,0.844360386143485
2008,EUROPE,Netherlands,Main Purpose of Visit | Others,%,0.6722140349409887
2008,EUROPE,Netherlands,Main Purpose of Visit | Not Stated,%,8.780240293044665
2008,EUROPE,Netherlands,Frequency of Visit | First,%,37.89187875312425
2008,EUROPE,Netherlands,Frequency of Visit | Repeat,%,53.32788095383121
2008,EUROPE,Netherlands,Frequency of Visit | Not Stated,%,8.780240293044665
2008,EUROPE,Netherlands,Accommodation | Hotel,%,66.34649537184363
2008,EUROPE,Netherlands,Accommodation | Residence of Friends/ Relatives,%,9.96842329784624
2008,EUROPE,Netherlands,Accommodation | Others,%,23.68508133031015
2008,EUROPE,Switzerland,Main Purpose of Visit | Holiday,%,52.43349368780709
2008,EUROPE,Switzerland,Main Purpose of Visit | Visit Friends / Relatives,%,7.715265275787909
2008,EUROPE,Switzerland,Main Purpose of Visit | General Business Purpose,%,27.35095865602328
2008,EUROPE,Switzerland,Main Purpose of Visit | MICE,%,0.8261996785266854
2008,EUROPE,Switzerland,Main Purpose of Visit | Others,%,1.015062821071996
2008,EUROPE,Switzerland,Main Purpose of Visit | Not Stated,%,10.65901988078304
2008,EUROPE,Switzerland,Frequency of Visit | First,%,31.44658871983413
2008,EUROPE,Switzerland,Frequency of Visit | Repeat,%,57.89439139938285
2008,EUROPE,Switzerland,Frequency of Visit | Not Stated,%,10.65901988078304
2008,EUROPE,Switzerland,Accommodation | Hotel,%,68.30551084916566
2008,EUROPE,Switzerland,Accommodation | Residence of Friends/ Relatives,%,14.46366215827646
2008,EUROPE,Switzerland,Accommodation | Others,%,17.23082699255787
2008,EUROPE,UK,Main Purpose of Visit | Holiday,%,66.72702253136644
2008,EUROPE,UK,Main Purpose of Visit | Visit Friends / Relatives,%,7.646373003805331
2008,EUROPE,UK,Main Purpose of Visit | General Business Purpose,%,17.75167708196355
2008,EUROPE,UK,Main Purpose of Visit | Others,%,1.578783564542902
2008,EUROPE,UK,Main Purpose of Visit | Not Stated,%,5.999127013642761
2008,EUROPE,UK,Frequency of Visit | First,%,44.34673233968264
2008,EUROPE,UK,Frequency of Visit | Repeat,%,49.65414064667535
2008,EUROPE,UK,Frequency of Visit | Not Stated,%,5.999127013642761
2008,EUROPE,UK,Accommodation | Hotel,%,70.28678084643221
2008,EUROPE,UK,Accommodation | Residence of Friends/ Relatives,%,13.53259666338779
2008,EUROPE,UK,Accommodation | Others,%,16.18062249018006
2008,AMERICAS,Canada,Main Purpose of Visit | Holiday,%,53.7178505891781
2008,AMERICAS,Canada,Main Purpose of Visit | Visit Friends / Relatives,%,8.757338338825113
2008,AMERICAS,Canada,Main Purpose of Visit | General Business Purpose,%,23.93787946673628
2008,AMERICAS,Canada,Main Purpose of Visit | MICE,%,0.679843483482819
2008,AMERICAS,Canada,Main Purpose of Visit | Others,%,1.534789660871349
2008,AMERICAS,Canada,Main Purpose of Visit | Not Stated,%,11.37229846090632
2008,AMERICAS,Canada,Frequency of Visit | First,%,42.52693278582823
2008,AMERICAS,Canada,Frequency of Visit | Repeat,%,46.10076875326542
2008,AMERICAS,Canada,Frequency of Visit | Not Stated,%,11.37229846090632
2008,AMERICAS,Canada,Accommodation | Hotel,%,60.27589794819338
2008,AMERICAS,Canada,Accommodation | Residence of Friends/ Relatives,%,17.73204456292976
2008,AMERICAS,Canada,Accommodation | Others,%,21.99205748887685
2008,AMERICAS,USA,Main Purpose of Visit | Holiday,%,39.33664839250856
2008,AMERICAS,USA,Main Purpose of Visit | Visit Friends / Relatives,%,9.223400085506755
2008,AMERICAS,USA,Main Purpose of Visit | General Business Purpose,%,42.69824066261832
2008,AMERICAS,USA,Main Purpose of Visit | MICE,%,1.117399029124062
2008,AMERICAS,USA,Main Purpose of Visit | Others,%,1.833931122203746
2008,AMERICAS,USA,Main Purpose of Visit | Not Stated,%,5.790380708039027
2008,AMERICAS,USA,Frequency of Visit | First,%,40.2913575359602
2008,AMERICAS,USA,Frequency of Visit | Repeat,%,53.9182617560012
2008,AMERICAS,USA,Frequency of Visit | Not Stated,%,5.790380708039027
2008,AMERICAS,USA,Accommodation | Hotel,%,70.23157343212756
2008,AMERICAS,USA,Accommodation | Residence of Friends/ Relatives,%,15.95710634230101
2008,AMERICAS,USA,Accommodation | Others,%,13.81132022557136
2008,OCEANIA,Australia,Main Purpose of Visit | Holiday,%,67.76767732823416
2008,OCEANIA,Australia,Main Purpose of Visit | Visit Friends / Relatives,%,6.610375989539976
2008,OCEANIA,Australia,Main Purpose of Visit | General Business Purpose,%,13.53541795392422
2008,OCEANIA,Australia,Main Purpose of Visit | Others,%,0.6787998674354563
2008,OCEANIA,Australia,Main Purpose of Visit | Not Stated,%,10.94862988231286
2008,OCEANIA,Australia,Frequency of Visit | First,%,27.70061797193897
2008,OCEANIA,Australia,Frequency of Visit | Repeat,%,61.35075214574787
2008,OCEANIA,Australia,Frequency of Visit | Not Stated,%,10.94862988231286
2008,OCEANIA,Australia,Accommodation | Hotel,%,70.97872583938864
2008,OCEANIA,Australia,Accommodation | Residence of Friends/ Relatives,%,11.75524201064091
2008,OCEANIA,Australia,Accommodation | Others,%,17.26603214997036
2008,OCEANIA,New Zealand,Main Purpose of Visit | Holiday,%,68.40753843100266
2008,OCEANIA,New Zealand,Main Purpose of Visit | Visit Friends / Relatives,%,6.156094105043521
2008,OCEANIA,New Zealand,Main Purpose of Visit | General Business Purpose,%,13.41318653278823
2008,OCEANIA,New Zealand,Main Purpose of Visit | MICE,%,0.7836694532578166
2008,OCEANIA,New Zealand,Main Purpose of Visit | Others,%,1.049823861157859
2008,OCEANIA,New Zealand,Main Purpose of Visit | Not Stated,%,10.18968761674997
2008,OCEANIA,New Zealand,Frequency of Visit | First,%,28.46835100356022
2008,OCEANIA,New Zealand,Frequency of Visit | Repeat,%,61.34196137968989
2008,OCEANIA,New Zealand,Frequency of Visit | Not Stated,%,10.18968761674997
2008,OCEANIA,New Zealand,Accommodation | Hotel,%,70.52453637641585
2008,OCEANIA,New Zealand,Accommodation | Residence of Friends/ Relatives,%,13.71463572963933
2008,OCEANIA,New Zealand,Accommodation | Others,%,15.76082789394478
2008,AFRICA,South Africa (Rep of),Main Purpose of Visit | Holiday,%,39.54870803385293
2008,AFRICA,South Africa (Rep of),Main Purpose of Visit | Visit Friends / Relatives,%,5.843896494808086
2008,AFRICA,South Africa (Rep of),Main Purpose of Visit | General Business Purpose,%,17.7451304127367
2008,AFRICA,South Africa (Rep of),Main Purpose of Visit | Others,%,1.540535619024581
2008,AFRICA,South Africa (Rep of),Main Purpose of Visit | Not Stated,%,35.3217294395777
2008,AFRICA,South Africa (Rep of),Frequency of Visit | First,%,32.14718733330136
2008,AFRICA,South Africa (Rep of),Frequency of Visit | Repeat,%,32.53108322712095
2008,AFRICA,South Africa (Rep of),Frequency of Visit | Not Stated,%,35.3217294395777
2008,AFRICA,South Africa (Rep of),Accommodation | Hotel,%,48.52305760774041
2008,AFRICA,South Africa (Rep of),Accommodation | Residence of Friends/ Relatives,%,8.714357668779654
2008,AFRICA,South Africa (Rep of),Accommodation | Others,%,42.76258472347993
2008,REMAINING,Others,Main Purpose of Visit | Holiday,%,38.47544365177794
2008,REMAINING,Others,Main Purpose of Visit | Visit Friends / Relatives,%,8.932749831550504
2008,REMAINING,Others,Main Purpose of Visit | General Business Purpose,%,23.76382258138076
2008,REMAINING,Others,Main Purpose of Visit | MICE,%,1.856988416232032
2008,REMAINING,Others,Main Purpose of Visit | Others,%,4.387712794769535
2008,REMAINING,Others,Main Purpose of Visit | Not Stated,%,22.58328272428961
2008,REMAINING,Others,Frequency of Visit | First,%,33.32762839245994
2008,REMAINING,Others,Frequency of Visit | Repeat,%,44.08908888325085
2008,REMAINING,Others,Frequency of Visit | Not Stated,%,22.58328272428961
2008,REMAINING,Others,Accommodation | Hotel,%,51.60418354218247
2008,REMAINING,Others,Accommodation | Residence of Friends/ Relatives,%,14.98183880942507
2008,REMAINING,Others,Accommodation | Others,%,33.4139776483925
