year,region,residence,metric,unit,value
2025,TOTAL,TOTAL,Major Attractions and Sites | Integrated Resort (MBS/RWS),%,47.0
2025,TOTAL,TOTAL,Major Attractions and Sites | Gardens by the Bay,%,49.0
2025,TOTAL,TOTAL,Major Attractions and Sites | Sentosa,%,19.0
2025,TOTAL,TOTAL,Major Attractions and Sites | Singapore Flyer/ Flight Experience,%,8.0
2025,TOTAL,TOTAL,Major Attractions and Sites | Singapore Zoo,%,6.0
2025,TOTAL,TOTAL,Major Attractions and Sites | Night Safari,%,6.0
2025,TOTAL,TOTAL,Major Attractions and Sites | River Wonders (formerly River Safari),%,3.0
2025,TOTAL,TOTAL,Major Attractions and Sites | Bird Paradise (formerly Jurong Bird Park),%,3.0
2025,TOTAL,TOTAL,Major Attractions and Sites | National Orchid Gardens,%,5.0
2025,TOTAL,TOTAL,Free Access Attractions and Sites | Orchard Road,%,38.0
2025,TOTAL,TOTAL,Free Access Attractions and Sites | Chinatown,%,46.0
2025,TOTAL,TOTAL,Free Access Attractions and Sites | Merlion Park,%,45.0
2025,TOTAL,TOTAL,Free Access Attractions and Sites | Little India,%,29.0
2025,TOTAL,TOTAL,Free Access Attractions and Sites | Esplanade Theatres by the Bay,%,7.0
2025,TOTAL,TOTAL,Free Access Attractions and Sites | Singapore River,%,24.0
2025,TOTAL,TOTAL,Free Access Attractions and Sites | Singapore Botanic Gardens,%,12.0
2025,TOTAL,TOTAL,Free Access Attractions and Sites | Raffles Hotel,%,10.0
2024,TOTAL,TOTAL,Major Attractions and Sites | Integrated Resort (MBS/RWS),%,48.0
2024,TOTAL,TOTAL,Major Attractions and Sites | Gardens by the Bay,%,46.0
2024,TOTAL,TOTAL,Major Attractions and Sites | Sentosa,%,19.0
2024,TOTAL,TOTAL,Major Attractions and Sites | Singapore Flyer/ Flight Experience,%,8.0
2024,TOTAL,TOTAL,Major Attractions and Sites | Singapore Zoo,%,6.0
2024,TOTAL,TOTAL,Major Attractions and Sites | Night Safari,%,5.0
2024,TOTAL,TOTAL,Major Attractions and Sites | River Wonders (formerly River Safari),%,3.0
2024,TOTAL,TOTAL,Major Attractions and Sites | Bird Paradise (formerly Jurong Bird Park),%,2.0
2024,TOTAL,TOTAL,Major Attractions and Sites | National Orchid Gardens,%,4.0
2024,TOTAL,TOTAL,Free Access Attractions and Sites | Orchard Road,%,39.0
2024,TOTAL,TOTAL,Free Access Attractions and Sites | Chinatown,%,44.0
2024,TOTAL,TOTAL,Free Access Attractions and Sites | Merlion Park,%,41.0
2024,TOTAL,TOTAL,Free Access Attractions and Sites | Little India,%,28.0
2024,TOTAL,TOTAL,Free Access Attractions and Sites | Esplanade Theatres by the Bay,%,9.0
2024,TOTAL,TOTAL,Free Access Attractions and Sites | Singapore River/ Clarke Quay/ Boat Quay,%,27.0
2024,TOTAL,TOTAL,Free Access Attractions and Sites | Singapore Botanic Gardens,%,11.0
2024,TOTAL,TOTAL,Free Access Attractions and Sites | Raffles Hotel,%,9.0
2023,TOTAL,TOTAL,Major Attractions and Sites | Integrated Resort (MBS/RWS),%,48.0
2023,TOTAL,TOTAL,Major Attractions and Sites | Gardens by the Bay,%,46.0
2023,TOTAL,TOTAL,Major Attractions and Sites | Sentosa,%,19.0
2023,TOTAL,TOTAL,Major Attractions and Sites | Singapore Flyer/ Flight Experience,%,10.0
2023,TOTAL,TOTAL,Major Attractions and Sites | Singapore Zoo,%,7.0
2023,TOTAL,TOTAL,Major Attractions and Sites | Night Safari,%,6.0
2023,TOTAL,TOTAL,Major Attractions and Sites | River Wonders (formerly River Safari),%,3.0
2023,TOTAL,TOTAL,Major Attractions and Sites | Bird Paradise (formerly Jurong Bird Park),%,2.0
2023,TOTAL,TOTAL,Major Attractions and Sites | National Orchid Gardens,%,6.0
2023,TOTAL,TOTAL,Free Access Attractions and Sites | Orchard Road,%,33.0
2023,TOTAL,TOTAL,Free Access Attractions and Sites | Chinatown,%,45.0
2023,TOTAL,TOTAL,Free Access Attractions and Sites | Merlion Park,%,35.0
2023,TOTAL,TOTAL,Free Access Attractions and Sites | Little India,%,30.0
2023,TOTAL,TOTAL,Free Access Attractions and Sites | Esplanade Theatres by the Bay,%,10.0
2023,TOTAL,TOTAL,Free Access Attractions and Sites | Singapore River/ Clarke Quay/ Boat Quay,%,26.0
2023,TOTAL,TOTAL,Free Access Attractions and Sites | Singapore Botanic Gardens,%,12.0
2023,TOTAL,TOTAL,Free Access Attractions and Sites | Raffles Hotel,%,11.0
2019,TOTAL,TOTAL,Major Attractions and Sites | Integrated Resort (MBS/RWS),%,48.20750317353553
2019,TOTAL,TOTAL,Major Attractions and Sites | Gardens by the Bay,%,50.25876875229807
2019,TOTAL,TOTAL,Major Attractions and Sites | Sentosa,%,26.452819014097308
2019,TOTAL,TOTAL,Major Attractions and Sites | Singapore Flyer/ Flight Experience,%,12.145988159152486
2019,TOTAL,TOTAL,Major Attractions and Sites | Singapore Zoo,%,8.718182766819183
2019,TOTAL,TOTAL,Major Attractions and Sites | Night Safari,%,6.483957885561842
2019,TOTAL,TOTAL,Major Attractions and Sites | River Wonders (formerly River Safari),%,4.184373989707808
2019,TOTAL,TOTAL,Major Attractions and Sites | Bird Paradise (formerly Jurong Bird Park),%,3.325595283914049
2019,TOTAL,TOTAL,Major Attractions and Sites | National Orchid Gardens,%,5.192268080573815
2019,TOTAL,TOTAL,Free Access Attractions and Sites | Orchard Road,%,39.69677533106201
2019,TOTAL,TOTAL,Free Access Attractions and Sites | Chinatown,%,43.05457738963649
2019,TOTAL,TOTAL,Free Access Attractions and Sites | Merlion Park,%,38.43846548434178
2019,TOTAL,TOTAL,Free Access Attractions and Sites | Little India,%,31.091977592271054
2019,TOTAL,TOTAL,Free Access Attractions and Sites | Esplanade Theatres by the Bay,%,10.30170304771804
2019,TOTAL,TOTAL,Free Access Attractions and Sites | Singapore River/ Clarke Quay/ Boat Quay,%,22.100795161151627
2019,TOTAL,TOTAL,Free Access Attractions and Sites | Singapore Botanic Gardens,%,15.09437280817156
2019,TOTAL,TOTAL,Free Access Attractions and Sites | Raffles Hotel,%,6.59634224020802
2018,TOTAL,TOTAL,Major Attractions and Sites | Integrated Resort (MBS/RWS),%,38.0
2018,TOTAL,TOTAL,Major Attractions and Sites | Gardens by the Bay,%,36.0
2018,TOTAL,TOTAL,Major Attractions and Sites | Sentosa,%,26.0
2018,TOTAL,TOTAL,Major Attractions and Sites | Singapore Flyer/ Flight Experience,%,8.0
2018,TOTAL,TOTAL,Major Attractions and Sites | Singapore Zoo,%,8.0
2018,TOTAL,TOTAL,Major Attractions and Sites | Night Safari,%,7.0
2018,TOTAL,TOTAL,Major Attractions and Sites | River Wonders (formerly River Safari),%,3.0
2018,TOTAL,TOTAL,Major Attractions and Sites | Bird Paradise (formerly Jurong Bird Park),%,3.0
2018,TOTAL,TOTAL,Major Attractions and Sites | National Orchid Gardens,%,4.0
2018,TOTAL,TOTAL,Free Access Attractions and Sites | Orchard Road,%,39.0
2018,TOTAL,TOTAL,Free Access Attractions and Sites | Chinatown,%,26.0
2018,TOTAL,TOTAL,Free Access Attractions and Sites | Merlion Park,%,27.0
2018,TOTAL,TOTAL,Free Access Attractions and Sites | Little India,%,20.0
2018,TOTAL,TOTAL,Free Access Attractions and Sites | Esplanade Theatres by the Bay,%,9.0
2018,TOTAL,TOTAL,Free Access Attractions and Sites | Singapore River/ Clarke Quay/ Boat Quay,%,9.0
2018,TOTAL,TOTAL,Free Access Attractions and Sites | Singapore Botanic Gardens,%,11.0
2018,TOTAL,TOTAL,Free Access Attractions and Sites | Raffles Hotel,%,3.0
2017,TOTAL,TOTAL,Major Attractions and Sites | Integrated Resort (MBS/RWS),%,41.0
2017,TOTAL,TOTAL,Major Attractions and Sites | Gardens by the Bay,%,33.0
2017,TOTAL,TOTAL,Major Attractions and Sites | Sentosa,%,24.0
2017,TOTAL,TOTAL,Major Attractions and Sites | Singapore Flyer/ Flight Experience,%,14.0
2017,TOTAL,TOTAL,Major Attractions and Sites | Singapore Zoo,%,11.0
2017,TOTAL,TOTAL,Major Attractions and Sites | Night Safari,%,8.0
2017,TOTAL,TOTAL,Major Attractions and Sites | River Wonders (formerly River Safari),%,5.0
2017,TOTAL,TOTAL,Major Attractions and Sites | Bird Paradise (formerly Jurong Bird Park),%,5.0
2017,TOTAL,TOTAL,Major Attractions and Sites | National Orchid Gardens,%,4.0
2017,TOTAL,TOTAL,Free Access Attractions and Sites | Orchard Road,%,42.0
2017,TOTAL,TOTAL,Free Access Attractions and Sites | Chinatown,%,27.0
2017,TOTAL,TOTAL,Free Access Attractions and Sites | Merlion Park,%,24.0
2017,TOTAL,TOTAL,Free Access Attractions and Sites | Little India,%,19.0
2017,TOTAL,TOTAL,Free Access Attractions and Sites | Esplanade Theatres by the Bay,%,12.0
2017,TOTAL,TOTAL,Free Access Attractions and Sites | Singapore River/ Clarke Quay/ Boat Quay,%,11.0
2017,TOTAL,TOTAL,Free Access Attractions and Sites | Singapore Botanic Gardens,%,10.0
2017,TOTAL,TOTAL,Free Access Attractions and Sites | Raffles Hotel,%,4.0
2016,TOTAL,TOTAL,Major Attractions and Sites | Integrated Resort (MBS/RWS),%,47.0
2016,TOTAL,TOTAL,Major Attractions and Sites | Gardens by the Bay,%,35.0
2016,TOTAL,TOTAL,Major Attractions and Sites | Sentosa,%,23.0
2016,TOTAL,TOTAL,Major Attractions and Sites | Singapore Flyer/ Flight Experience,%,16.0
2016,TOTAL,TOTAL,Major Attractions and Sites | Singapore Zoo,%,13.0
2016,TOTAL,TOTAL,Major Attractions and Sites | Night Safari,%,9.0
2016,TOTAL,TOTAL,Major Attractions and Sites | River Wonders (formerly River Safari),%,8.0
2016,TOTAL,TOTAL,Major Attractions and Sites | Bird Paradise (formerly Jurong Bird Park),%,6.0
2016,TOTAL,TOTAL,Major Attractions and Sites | National Orchid Gardens,%,4.0
2016,TOTAL,TOTAL,Free Access Attractions and Sites | Orchard Road,%,48.0
2016,TOTAL,TOTAL,Free Access Attractions and Sites | Chinatown,%,29.0
2016,TOTAL,TOTAL,Free Access Attractions and Sites | Merlion Park,%,26.0
2016,TOTAL,TOTAL,Free Access Attractions and Sites | Little India,%,19.0
2016,TOTAL,TOTAL,Free Access Attractions and Sites | Esplanade Theatres by the Bay,%,14.0
2016,TOTAL,TOTAL,Free Access Attractions and Sites | Singapore River/ Clarke Quay/ Boat Quay,%,16.0
2016,TOTAL,TOTAL,Free Access Attractions and Sites | Singapore Botanic Gardens,%,10.0
2016,TOTAL,TOTAL,Free Access Attractions and Sites | Raffles Hotel,%,7.0
2015,TOTAL,TOTAL,Major Attractions and Sites | Integrated Resort (MBS/RWS),%,38.0
2015,TOTAL,TOTAL,Major Attractions and Sites | Gardens by the Bay,%,26.0
2015,TOTAL,TOTAL,Major Attractions and Sites | Sentosa,%,17.0
2015,TOTAL,TOTAL,Major Attractions and Sites | Singapore Flyer/ Flight Experience,%,9.0
2015,TOTAL,TOTAL,Major Attractions and Sites | Singapore Zoo,%,7.0
2015,TOTAL,TOTAL,Major Attractions and Sites | Night Safari,%,7.0
2015,TOTAL,TOTAL,Major Attractions and Sites | River Wonders (formerly River Safari),%,2.0
2015,TOTAL,TOTAL,Major Attractions and Sites | Bird Paradise (formerly Jurong Bird Park),%,3.0
2015,TOTAL,TOTAL,Major Attractions and Sites | National Orchid Gardens,%,4.0
2015,TOTAL,TOTAL,Free Access Attractions and Sites | Orchard Road,%,42.0
2015,TOTAL,TOTAL,Free Access Attractions and Sites | Chinatown,%,41.0
2015,TOTAL,TOTAL,Free Access Attractions and Sites | Merlion Park,%,22.0
2015,TOTAL,TOTAL,Free Access Attractions and Sites | Little India,%,27.0
2015,TOTAL,TOTAL,Free Access Attractions and Sites | Esplanade Theatres by the Bay,%,5.0
2015,TOTAL,TOTAL,Free Access Attractions and Sites | Singapore River/ Clarke Quay/ Boat Quay,%,16.0
2015,TOTAL,TOTAL,Free Access Attractions and Sites | Singapore Botanic Gardens,%,8.0
2015,TOTAL,TOTAL,Free Access Attractions and Sites | Raffles Hotel,%,7.0
2014,TOTAL,TOTAL,Major Attractions and Sites | Integrated Resort (MBS/RWS),%,38.0
2014,TOTAL,TOTAL,Major Attractions and Sites | Gardens by the Bay,%,21.0
2014,TOTAL,TOTAL,Major Attractions and Sites | Sentosa,%,18.0
2014,TOTAL,TOTAL,Major Attractions and Sites | Singapore Flyer/ Flight Experience,%,9.0
2014,TOTAL,TOTAL,Major Attractions and Sites | Singapore Zoo,%,7.0
2014,TOTAL,TOTAL,Major Attractions and Sites | Night Safari,%,7.0
2014,TOTAL,TOTAL,Major Attractions and Sites | River Wonders (formerly River Safari),%,3.0
2014,TOTAL,TOTAL,Major Attractions and Sites | Bird Paradise (formerly Jurong Bird Park),%,3.0
2014,TOTAL,TOTAL,Major Attractions and Sites | National Orchid Gardens,%,4.0
2014,TOTAL,TOTAL,Free Access Attractions and Sites | Orchard Road,%,41.0
2014,TOTAL,TOTAL,Free Access Attractions and Sites | Chinatown,%,36.0
2014,TOTAL,TOTAL,Free Access Attractions and Sites | Merlion Park,%,20.0
2014,TOTAL,TOTAL,Free Access Attractions and Sites | Little India,%,24.0
2014,TOTAL,TOTAL,Free Access Attractions and Sites | Esplanade Theatres by the Bay,%,4.0
2014,TOTAL,TOTAL,Free Access Attractions and Sites | Singapore River/ Clarke Quay/ Boat Quay,%,14.0
2014,TOTAL,TOTAL,Free Access Attractions and Sites | Singapore Botanic Gardens,%,7.0
2014,TOTAL,TOTAL,Free Access Attractions and Sites | Raffles Hotel,%,8.0
2013,TOTAL,TOTAL,Major Attractions and Sites | Integrated Resort (MBS/RWS),%,33.0
2013,TOTAL,TOTAL,Major Attractions and Sites | Gardens by the Bay,%,12.0
2013,TOTAL,TOTAL,Major Attractions and Sites | Sentosa,%,17.0
2013,TOTAL,TOTAL,Major Attractions and Sites | Singapore Flyer/ Flight Experience,%,8.0
2013,TOTAL,TOTAL,Major Attractions and Sites | Singapore Zoo,%,7.0
2013,TOTAL,TOTAL,Major Attractions and Sites | Night Safari,%,8.0
2013,TOTAL,TOTAL,Major Attractions and Sites | Bird Paradise (formerly Jurong Bird Park),%,3.0
2013,TOTAL,TOTAL,Major Attractions and Sites | National Orchid Gardens,%,5.0
2013,TOTAL,TOTAL,Free Access Attractions and Sites | Orchard Road,%,41.0
2013,TOTAL,TOTAL,Free Access Attractions and Sites | Chinatown,%,30.0
2013,TOTAL,TOTAL,Free Access Attractions and Sites | Merlion Park,%,19.0
2013,TOTAL,TOTAL,Free Access Attractions and Sites | Little India,%,23.0
2013,TOTAL,TOTAL,Free Access Attractions and Sites | Esplanade Theatres by the Bay,%,5.0
2013,TOTAL,TOTAL,Free Access Attractions and Sites | Singapore River/ Clarke Quay/ Boat Quay,%,17.0
2013,TOTAL,TOTAL,Free Access Attractions and Sites | Singapore Botanic Gardens,%,10.0
2013,TOTAL,TOTAL,Free Access Attractions and Sites | Raffles Hotel,%,11.0
2012,TOTAL,TOTAL,Major Attractions and Sites | Integrated Resort (MBS/RWS),%,31.0
2012,TOTAL,TOTAL,Major Attractions and Sites | Gardens by the Bay,%,5.0
2012,TOTAL,TOTAL,Major Attractions and Sites | Sentosa,%,20.0
2012,TOTAL,TOTAL,Major Attractions and Sites | Singapore Flyer/ Flight Experience,%,9.0
2012,TOTAL,TOTAL,Major Attractions and Sites | Singapore Zoo,%,6.0
2012,TOTAL,TOTAL,Major Attractions and Sites | Night Safari,%,8.0
2012,TOTAL,TOTAL,Major Attractions and Sites | Bird Paradise (formerly Jurong Bird Park),%,4.0
2012,TOTAL,TOTAL,Major Attractions and Sites | National Orchid Gardens,%,5.0
2012,TOTAL,TOTAL,Free Access Attractions and Sites | Orchard Road,%,43.0
2012,TOTAL,TOTAL,Free Access Attractions and Sites | Chinatown,%,29.0
2012,TOTAL,TOTAL,Free Access Attractions and Sites | Merlion Park,%,19.0
2012,TOTAL,TOTAL,Free Access Attractions and Sites | Little India,%,22.0
2012,TOTAL,TOTAL,Free Access Attractions and Sites | Esplanade Theatres by the Bay,%,7.0
2012,TOTAL,TOTAL,Free Access Attractions and Sites | Singapore River/ Clarke Quay/ Boat Quay,%,15.0
2012,TOTAL,TOTAL,Free Access Attractions and Sites | Singapore Botanic Gardens,%,9.0
2012,TOTAL,TOTAL,Free Access Attractions and Sites | Raffles Hotel,%,9.0
2011,TOTAL,TOTAL,Major Attractions and Sites | Integrated Resort (MBS/RWS),%,24.0
2011,TOTAL,TOTAL,Major Attractions and Sites | Sentosa,%,31.0
2011,TOTAL,TOTAL,Major Attractions and Sites | Singapore Flyer/ Flight Experience,%,10.0
2011,TOTAL,TOTAL,Major Attractions and Sites | Singapore Zoo,%,6.0
2011,TOTAL,TOTAL,Major Attractions and Sites | Night Safari,%,8.0
2011,TOTAL,TOTAL,Major Attractions and Sites | Bird Paradise (formerly Jurong Bird Park),%,5.0
2011,TOTAL,TOTAL,Major Attractions and Sites | National Orchid Gardens,%,3.0
2011,TOTAL,TOTAL,Free Access Attractions and Sites | Orchard Road,%,45.0
2011,TOTAL,TOTAL,Free Access Attractions and Sites | Chinatown,%,30.0
2011,TOTAL,TOTAL,Free Access Attractions and Sites | Merlion Park,%,18.0
2011,TOTAL,TOTAL,Free Access Attractions and Sites | Little India,%,23.0
2011,TOTAL,TOTAL,Free Access Attractions and Sites | Esplanade Theatres by the Bay,%,8.0
2011,TOTAL,TOTAL,Free Access Attractions and Sites | Singapore River/ Clarke Quay/ Boat Quay,%,19.0
2011,TOTAL,TOTAL,Free Access Attractions and Sites | Singapore Botanic Gardens,%,6.0
2011,TOTAL,TOTAL,Free Access Attractions and Sites | Raffles Hotel,%,11.0
2010,TOTAL,TOTAL,Major Attractions and Sites | Integrated Resort (MBS/RWS),%,12.0
2010,TOTAL,TOTAL,Major Attractions and Sites | Sentosa,%,29.0
2010,TOTAL,TOTAL,Major Attractions and Sites | Singapore Flyer/ Flight Experience,%,10.0
2010,TOTAL,TOTAL,Major Attractions and Sites | Singapore Zoo,%,7.0
2010,TOTAL,TOTAL,Major Attractions and Sites | Night Safari,%,8.0
2010,TOTAL,TOTAL,Major Attractions and Sites | Bird Paradise (formerly Jurong Bird Park),%,6.0
2010,TOTAL,TOTAL,Major Attractions and Sites | National Orchid Gardens,%,4.0
2010,TOTAL,TOTAL,Free Access Attractions and Sites | Orchard Road,%,46.0
2010,TOTAL,TOTAL,Free Access Attractions and Sites | Chinatown,%,31.0
2010,TOTAL,TOTAL,Free Access Attractions and Sites | Merlion Park,%,18.0
2010,TOTAL,TOTAL,Free Access Attractions and Sites | Little India,%,25.0
2010,TOTAL,TOTAL,Free Access Attractions and Sites | Esplanade Theatres by the Bay,%,9.0
2010,TOTAL,TOTAL,Free Access Attractions and Sites | Singapore River/ Clarke Quay/ Boat Quay,%,19.0
2010,TOTAL,TOTAL,Free Access Attractions and Sites | Singapore Botanic Gardens,%,7.0
2010,TOTAL,TOTAL,Free Access Attractions and Sites | Raffles Hotel,%,11.0
2009,TOTAL,TOTAL,Major Attractions and Sites | Sentosa,%,26.0
2009,TOTAL,TOTAL,Major Attractions and Sites | Singapore Flyer/ Flight Experience,%,10.0
2009,TOTAL,TOTAL,Major Attractions and Sites | Singapore Zoo,%,8.0
2009,TOTAL,TOTAL,Major Attractions and Sites | Night Safari,%,10.0
2009,TOTAL,TOTAL,Major Attractions and Sites | Bird Paradise (formerly Jurong Bird Park),%,6.0
2009,TOTAL,TOTAL,Major Attractions and Sites | National Orchid Gardens,%,4.0
2009,TOTAL,TOTAL,Free Access Attractions and Sites | Orchard Road,%,49.0
2009,TOTAL,TOTAL,Free Access Attractions and Sites | Chinatown,%,29.0
2009,TOTAL,TOTAL,Free Access Attractions and Sites | Merlion Park,%,17.0
2009,TOTAL,TOTAL,Free Access Attractions and Sites | Little India,%,25.0
2009,TOTAL,TOTAL,Free Access Attractions and Sites | Esplanade Theatres by the Bay,%,9.0
2009,TOTAL,TOTAL,Free Access Attractions and Sites | Singapore River/ Clarke Quay/ Boat Quay,%,18.0
2009,TOTAL,TOTAL,Free Access Attractions and Sites | Singapore Botanic Gardens,%,8.0
2009,TOTAL,TOTAL,Free Access Attractions and Sites | Raffles Hotel,%,9.0
2025,SOUTHEAST ASIA,Indonesia,Major Attractions and Sites | Integrated Resort (MBS/RWS),%,30.0
2025,SOUTHEAST ASIA,Indonesia,Major Attractions and Sites | Gardens by the Bay,%,25.0
2025,SOUTHEAST ASIA,Indonesia,Major Attractions and Sites | Sentosa,%,10.0
2025,SOUTHEAST ASIA,Indonesia,Major Attractions and Sites | Singapore Flyer/ Flight Experience,%,3.0
2025,SOUTHEAST ASIA,Indonesia,Major Attractions and Sites | Singapore Zoo,%,2.0
2025,SOUTHEAST ASIA,Indonesia,Major Attractions and Sites | Night Safari,%,1.0
2025,SOUTHEAST ASIA,Indonesia,Major Attractions and Sites | River Wonders (formerly River Safari),%,1.0
2025,SOUTHEAST ASIA,Indonesia,Major Attractions and Sites | Bird Paradise (formerly Jurong Bird Park),%,1.0
2025,SOUTHEAST ASIA,Indonesia,Major Attractions and Sites | National Orchid Gardens,%,1.0
2025,SOUTHEAST ASIA,Indonesia,Free Access Attractions and Sites | Orchard Road,%,39.0
2025,SOUTHEAST ASIA,Indonesia,Free Access Attractions and Sites | Chinatown,%,24.0
2025,SOUTHEAST ASIA,Indonesia,Free Access Attractions and Sites | Merlion Park,%,30.0
2025,SOUTHEAST ASIA,Indonesia,Free Access Attractions and Sites | Little India,%,15.0
2025,SOUTHEAST ASIA,Indonesia,Free Access Attractions and Sites | Esplanade Theatres by the Bay,%,4.0
2025,SOUTHEAST ASIA,Indonesia,Free Access Attractions and Sites | Singapore River,%,10.0
2025,SOUTHEAST ASIA,Indonesia,Free Access Attractions and Sites | Singapore Botanic Gardens,%,4.0
2025,SOUTHEAST ASIA,Indonesia,Free Access Attractions and Sites | Raffles Hotel,%,2.0
2025,SOUTHEAST ASIA,Malaysia,Major Attractions and Sites | Integrated Resort (MBS/RWS),%,23.0
2025,SOUTHEAST ASIA,Malaysia,Major Attractions and Sites | Gardens by the Bay,%,19.0
2025,SOUTHEAST ASIA,Malaysia,Major Attractions and Sites | Sentosa,%,6.0
2025,SOUTHEAST ASIA,Malaysia,Major Attractions and Sites | Singapore Flyer/ Flight Experience,%,2.0
2025,SOUTHEAST ASIA,Malaysia,Major Attractions and Sites | Singapore Zoo,%,2.0
2025,SOUTHEAST ASIA,Malaysia,Major Attractions and Sites | Night Safari,%,1.0
2025,SOUTHEAST ASIA,Malaysia,Major Attractions and Sites | River Wonders (formerly River Safari),%,2.0
2025,SOUTHEAST ASIA,Malaysia,Major Attractions and Sites | Bird Paradise (formerly Jurong Bird Park),%,1.0
2025,SOUTHEAST ASIA,Malaysia,Major Attractions and Sites | National Orchid Gardens,%,2.0
2025,SOUTHEAST ASIA,Malaysia,Free Access Attractions and Sites | Orchard Road,%,25.0
2025,SOUTHEAST ASIA,Malaysia,Free Access Attractions and Sites | Chinatown,%,25.0
2025,SOUTHEAST ASIA,Malaysia,Free Access Attractions and Sites | Merlion Park,%,19.0
2025,SOUTHEAST ASIA,Malaysia,Free Access Attractions and Sites | Little India,%,13.0
2025,SOUTHEAST ASIA,Malaysia,Free Access Attractions and Sites | Esplanade Theatres by the Bay,%,3.0
2025,SOUTHEAST ASIA,Malaysia,Free Access Attractions and Sites | Singapore River,%,12.0
2025,SOUTHEAST ASIA,Malaysia,Free Access Attractions and Sites | Singapore Botanic Gardens,%,3.0
2025,SOUTHEAST ASIA,Malaysia,Free Access Attractions and Sites | Raffles Hotel,%,4.0
2025,SOUTHEAST ASIA,Philippines,Major Attractions and Sites | Integrated Resort (MBS/RWS),%,58.0
2025,SOUTHEAST ASIA,Philippines,Major Attractions and Sites | Gardens by the Bay,%,58.0
2025,SOUTHEAST ASIA,Philippines,Major Attractions and Sites | Sentosa,%,25.0
2025,SOUTHEAST ASIA,Philippines,Major Attractions and Sites | Singapore Flyer/ Flight Experience,%,11.0
2025,SOUTHEAST ASIA,Philippines,Major Attractions and Sites | Singapore Zoo,%,5.0
2025,SOUTHEAST ASIA,Philippines,Major Attractions and Sites | Night Safari,%,2.0
2025,SOUTHEAST ASIA,Philippines,Major Attractions and Sites | River Wonders (formerly River Safari),%,2.0
2025,SOUTHEAST ASIA,Philippines,Major Attractions and Sites | Bird Paradise (formerly Jurong Bird Park),%,2.0
2025,SOUTHEAST ASIA,Philippines,Major Attractions and Sites | National Orchid Gardens,%,5.0
2025,SOUTHEAST ASIA,Philippines,Free Access Attractions and Sites | Orchard Road,%,45.0
2025,SOUTHEAST ASIA,Philippines,Free Access Attractions and Sites | Chinatown,%,42.0
2025,SOUTHEAST ASIA,Philippines,Free Access Attractions and Sites | Merlion Park,%,58.0
2025,SOUTHEAST ASIA,Philippines,Free Access Attractions and Sites | Little India,%,28.0
2025,SOUTHEAST ASIA,Philippines,Free Access Attractions and Sites | Esplanade Theatres by the Bay,%,12.0
2025,SOUTHEAST ASIA,Philippines,Free Access Attractions and Sites | Singapore River,%,22.0
2025,SOUTHEAST ASIA,Philippines,Free Access Attractions and Sites | Singapore Botanic Gardens,%,11.0
2025,SOUTHEAST ASIA,Philippines,Free Access Attractions and Sites | Raffles Hotel,%,9.0
2025,SOUTHEAST ASIA,Thailand,Major Attractions and Sites | Integrated Resort (MBS/RWS),%,51.0
2025,SOUTHEAST ASIA,Thailand,Major Attractions and Sites | Gardens by the Bay,%,42.0
2025,SOUTHEAST ASIA,Thailand,Major Attractions and Sites | Sentosa,%,18.0
2025,SOUTHEAST ASIA,Thailand,Major Attractions and Sites | Singapore Flyer/ Flight Experience,%,9.0
2025,SOUTHEAST ASIA,Thailand,Major Attractions and Sites | Singapore Zoo,%,3.0
2025,SOUTHEAST ASIA,Thailand,Major Attractions and Sites | Night Safari,%,1.0
2025,SOUTHEAST ASIA,Thailand,Major Attractions and Sites | River Wonders (formerly River Safari),%,2.0
2025,SOUTHEAST ASIA,Thailand,Major Attractions and Sites | Bird Paradise (formerly Jurong Bird Park),%,2.0
2025,SOUTHEAST ASIA,Thailand,Major Attractions and Sites | National Orchid Gardens,%,3.0
2025,SOUTHEAST ASIA,Thailand,Free Access Attractions and Sites | Orchard Road,%,46.0
2025,SOUTHEAST ASIA,Thailand,Free Access Attractions and Sites | Chinatown,%,59.0
2025,SOUTHEAST ASIA,Thailand,Free Access Attractions and Sites | Merlion Park,%,53.0
2025,SOUTHEAST ASIA,Thailand,Free Access Attractions and Sites | Little India,%,26.0
2025,SOUTHEAST ASIA,Thailand,Free Access Attractions and Sites | Esplanade Theatres by the Bay,%,5.0
2025,SOUTHEAST ASIA,Thailand,Free Access Attractions and Sites | Singapore River,%,30.0
2025,SOUTHEAST ASIA,Thailand,Free Access Attractions and Sites | Singapore Botanic Gardens,%,8.0
2025,SOUTHEAST ASIA,Thailand,Free Access Attractions and Sites | Raffles Hotel,%,8.0
2025,SOUTHEAST ASIA,Vietnam,Major Attractions and Sites | Integrated Resort (MBS/RWS),%,46.0
2025,SOUTHEAST ASIA,Vietnam,Major Attractions and Sites | Gardens by the Bay,%,44.0
2025,SOUTHEAST ASIA,Vietnam,Major Attractions and Sites | Sentosa,%,16.0
2025,SOUTHEAST ASIA,Vietnam,Major Attractions and Sites | Singapore Flyer/ Flight Experience,%,6.0
2025,SOUTHEAST ASIA,Vietnam,Major Attractions and Sites | Singapore Zoo,%,6.0
2025,SOUTHEAST ASIA,Vietnam,Major Attractions and Sites | Night Safari,%,2.0
2025,SOUTHEAST ASIA,Vietnam,Major Attractions and Sites | River Wonders (formerly River Safari),%,2.0
2025,SOUTHEAST ASIA,Vietnam,Major Attractions and Sites | Bird Paradise (formerly Jurong Bird Park),%,2.0
2025,SOUTHEAST ASIA,Vietnam,Major Attractions and Sites | National Orchid Gardens,%,4.0
2025,SOUTHEAST ASIA,Vietnam,Free Access Attractions and Sites | Orchard Road,%,43.0
2025,SOUTHEAST ASIA,Vietnam,Free Access Attractions and Sites | Chinatown,%,53.0
2025,SOUTHEAST ASIA,Vietnam,Free Access Attractions and Sites | Merlion Park,%,42.0
2025,SOUTHEAST ASIA,Vietnam,Free Access Attractions and Sites | Little India,%,19.0
2025,SOUTHEAST ASIA,Vietnam,Free Access Attractions and Sites | Esplanade Theatres by the Bay,%,9.0
2025,SOUTHEAST ASIA,Vietnam,Free Access Attractions and Sites | Singapore River,%,20.0
2025,SOUTHEAST ASIA,Vietnam,Free Access Attractions and Sites | Singapore Botanic Gardens,%,8.0
2025,SOUTHEAST ASIA,Vietnam,Free Access Attractions and Sites | Raffles Hotel,%,5.0
2025,GREATER CHINA,China,Major Attractions and Sites | Integrated Resort (MBS/RWS),%,56.0
2025,GREATER CHINA,China,Major Attractions and Sites | Gardens by the Bay,%,55.0
2025,GREATER CHINA,China,Major Attractions and Sites | Sentosa,%,26.0
2025,GREATER CHINA,China,Major Attractions and Sites | Singapore Flyer/ Flight Experience,%,12.0
2025,GREATER CHINA,China,Major Attractions and Sites | Singapore Zoo,%,9.0
2025,GREATER CHINA,China,Major Attractions and Sites | Night Safari,%,8.0
2025,GREATER CHINA,China,Major Attractions and Sites | River Wonders (formerly River Safari),%,4.0
2025,GREATER CHINA,China,Major Attractions and Sites | Bird Paradise (formerly Jurong Bird Park),%,4.0
2025,GREATER CHINA,China,Major Attractions and Sites | National Orchid Gardens,%,3.0
2025,GREATER CHINA,China,Free Access Attractions and Sites | Orchard Road,%,42.0
2025,GREATER CHINA,China,Free Access Attractions and Sites | Chinatown,%,51.0
2025,GREATER CHINA,China,Free Access Attractions and Sites | Merlion Park,%,66.0
2025,GREATER CHINA,China,Free Access Attractions and Sites | Little India,%,21.0
2025,GREATER CHINA,China,Free Access Attractions and Sites | Esplanade Theatres by the Bay,%,9.0
2025,GREATER CHINA,China,Free Access Attractions and Sites | Singapore River,%,27.0
2025,GREATER CHINA,China,Free Access Attractions and Sites | Singapore Botanic Gardens,%,11.0
2025,GREATER CHINA,China,Free Access Attractions and Sites | Raffles Hotel,%,8.0
2025,GREATER CHINA,Hong Kong SAR,Major Attractions and Sites | Integrated Resort (MBS/RWS),%,43.0
2025,GREATER CHINA,Hong Kong SAR,Major Attractions and Sites | Gardens by the Bay,%,41.0
2025,GREATER CHINA,Hong Kong SAR,Major Attractions and Sites | Sentosa,%,14.0
2025,GREATER CHINA,Hong Kong SAR,Major Attractions and Sites | Singapore Flyer/ Flight Experience,%,5.0
2025,GREATER CHINA,Hong Kong SAR,Major Attractions and Sites | Singapore Zoo,%,5.0
2025,GREATER CHINA,Hong Kong SAR,Major Attractions and Sites | Night Safari,%,5.0
2025,GREATER CHINA,Hong Kong SAR,Major Attractions and Sites | River Wonders (formerly River Safari),%,2.0
2025,GREATER CHINA,Hong Kong SAR,Major Attractions and Sites | Bird Paradise (formerly Jurong Bird Park),%,3.0
2025,GREATER CHINA,Hong Kong SAR,Major Attractions and Sites | National Orchid Gardens,%,2.0
2025,GREATER CHINA,Hong Kong SAR,Free Access Attractions and Sites | Orchard Road,%,43.0
2025,GREATER CHINA,Hong Kong SAR,Free Access Attractions and Sites | Chinatown,%,55.0
2025,GREATER CHINA,Hong Kong SAR,Free Access Attractions and Sites | Merlion Park,%,41.0
2025,GREATER CHINA,Hong Kong SAR,Free Access Attractions and Sites | Little India,%,20.0
2025,GREATER CHINA,Hong Kong SAR,Free Access Attractions and Sites | Esplanade Theatres by the Bay,%,6.0
2025,GREATER CHINA,Hong Kong SAR,Free Access Attractions and Sites | Singapore River,%,22.0
2025,GREATER CHINA,Hong Kong SAR,Free Access Attractions and Sites | Singapore Botanic Gardens,%,8.0
2025,GREATER CHINA,Hong Kong SAR,Free Access Attractions and Sites | Raffles Hotel,%,7.0
2025,GREATER CHINA,Taiwan,Major Attractions and Sites | Integrated Resort (MBS/RWS),%,41.0
2025,GREATER CHINA,Taiwan,Major Attractions and Sites | Gardens by the Bay,%,44.0
2025,GREATER CHINA,Taiwan,Major Attractions and Sites | Sentosa,%,14.0
2025,GREATER CHINA,Taiwan,Major Attractions and Sites | Singapore Flyer/ Flight Experience,%,6.0
2025,GREATER CHINA,Taiwan,Major Attractions and Sites | Singapore Zoo,%,6.0
2025,GREATER CHINA,Taiwan,Major Attractions and Sites | Night Safari,%,6.0
2025,GREATER CHINA,Taiwan,Major Attractions and Sites | River Wonders (formerly River Safari),%,3.0
2025,GREATER CHINA,Taiwan,Major Attractions and Sites | Bird Paradise (formerly Jurong Bird Park),%,2.0
2025,GREATER CHINA,Taiwan,Major Attractions and Sites | National Orchid Gardens,%,2.0
2025,GREATER CHINA,Taiwan,Free Access Attractions and Sites | Orchard Road,%,29.0
2025,GREATER CHINA,Taiwan,Free Access Attractions and Sites | Chinatown,%,45.0
2025,GREATER CHINA,Taiwan,Free Access Attractions and Sites | Merlion Park,%,48.0
2025,GREATER CHINA,Taiwan,Free Access Attractions and Sites | Little India,%,22.0
2025,GREATER CHINA,Taiwan,Free Access Attractions and Sites | Esplanade Theatres by the Bay,%,6.0
2025,GREATER CHINA,Taiwan,Free Access Attractions and Sites | Singapore River,%,28.0
2025,GREATER CHINA,Taiwan,Free Access Attractions and Sites | Singapore Botanic Gardens,%,7.0
2025,GREATER CHINA,Taiwan,Free Access Attractions and Sites | Raffles Hotel,%,6.0
2025,NORTH ASIA,Japan,Major Attractions and Sites | Integrated Resort (MBS/RWS),%,50.0
2025,NORTH ASIA,Japan,Major Attractions and Sites | Gardens by the Bay,%,39.0
2025,NORTH ASIA,Japan,Major Attractions and Sites | Sentosa,%,16.0
2025,NORTH ASIA,Japan,Major Attractions and Sites | Singapore Flyer/ Flight Experience,%,7.0
2025,NORTH ASIA,Japan,Major Attractions and Sites | Singapore Zoo,%,6.0
2025,NORTH ASIA,Japan,Major Attractions and Sites | Night Safari,%,12.0
2025,NORTH ASIA,Japan,Major Attractions and Sites | River Wonders (formerly River Safari),%,4.0
2025,NORTH ASIA,Japan,Major Attractions and Sites | Bird Paradise (formerly Jurong Bird Park),%,4.0
2025,NORTH ASIA,Japan,Major Attractions and Sites | National Orchid Gardens,%,4.0
2025,NORTH ASIA,Japan,Free Access Attractions and Sites | Orchard Road,%,38.0
2025,NORTH ASIA,Japan,Free Access Attractions and Sites | Chinatown,%,42.0
2025,NORTH ASIA,Japan,Free Access Attractions and Sites | Merlion Park,%,51.0
2025,NORTH ASIA,Japan,Free Access Attractions and Sites | Little India,%,23.0
2025,NORTH ASIA,Japan,Free Access Attractions and Sites | Esplanade Theatres by the Bay,%,5.0
2025,NORTH ASIA,Japan,Free Access Attractions and Sites | Singapore River,%,15.0
2025,NORTH ASIA,Japan,Free Access Attractions and Sites | Singapore Botanic Gardens,%,12.0
2025,NORTH ASIA,Japan,Free Access Attractions and Sites | Raffles Hotel,%,14.0
2025,NORTH ASIA,South Korea,Major Attractions and Sites | Integrated Resort (MBS/RWS),%,66.0
2025,NORTH ASIA,South Korea,Major Attractions and Sites | Gardens by the Bay,%,61.0
2025,NORTH ASIA,South Korea,Major Attractions and Sites | Sentosa,%,29.0
2025,NORTH ASIA,South Korea,Major Attractions and Sites | Singapore Flyer/ Flight Experience,%,14.0
2025,NORTH ASIA,South Korea,Major Attractions and Sites | Singapore Zoo,%,10.0
2025,NORTH ASIA,South Korea,Major Attractions and Sites | Night Safari,%,11.0
2025,NORTH ASIA,South Korea,Major Attractions and Sites | River Wonders (formerly River Safari),%,9.0
2025,NORTH ASIA,South Korea,Major Attractions and Sites | Bird Paradise (formerly Jurong Bird Park),%,7.0
2025,NORTH ASIA,South Korea,Major Attractions and Sites | National Orchid Gardens,%,8.0
2025,NORTH ASIA,South Korea,Free Access Attractions and Sites | Orchard Road,%,51.0
2025,NORTH ASIA,South Korea,Free Access Attractions and Sites | Chinatown,%,52.0
2025,NORTH ASIA,South Korea,Free Access Attractions and Sites | Merlion Park,%,55.0
2025,NORTH ASIA,South Korea,Free Access Attractions and Sites | Little India,%,26.0
2025,NORTH ASIA,South Korea,Free Access Attractions and Sites | Esplanade Theatres by the Bay,%,8.0
2025,NORTH ASIA,South Korea,Free Access Attractions and Sites | Singapore River,%,27.0
2025,NORTH ASIA,South Korea,Free Access Attractions and Sites | Singapore Botanic Gardens,%,24.0
2025,NORTH ASIA,South Korea,Free Access Attractions and Sites | Raffles Hotel,%,14.0
2025,SOUTH ASIA,India,Major Attractions and Sites | Integrated Resort (MBS/RWS),%,60.0
2025,SOUTH ASIA,India,Major Attractions and Sites | Gardens by the Bay,%,61.0
2025,SOUTH ASIA,India,Major Attractions and Sites | Sentosa,%,48.0
2025,SOUTH ASIA,India,Major Attractions and Sites | Singapore Flyer/ Flight Experience,%,27.0
2025,SOUTH ASIA,India,Major Attractions and Sites | Singapore Zoo,%,18.0
2025,SOUTH ASIA,India,Major Attractions and Sites | Night Safari,%,24.0
2025,SOUTH ASIA,India,Major Attractions and Sites | River Wonders (formerly River Safari),%,10.0
2025,SOUTH ASIA,India,Major Attractions and Sites | Bird Paradise (formerly Jurong Bird Park),%,12.0
2025,SOUTH ASIA,India,Major Attractions and Sites | National Orchid Gardens,%,5.0
2025,SOUTH ASIA,India,Free Access Attractions and Sites | Orchard Road,%,36.0
2025,SOUTH ASIA,India,Free Access Attractions and Sites | Chinatown,%,46.0
2025,SOUTH ASIA,India,Free Access Attractions and Sites | Merlion Park,%,51.0
2025,SOUTH ASIA,India,Free Access Attractions and Sites | Little India,%,68.0
2025,SOUTH ASIA,India,Free Access Attractions and Sites | Esplanade Theatres by the Bay,%,8.0
2025,SOUTH ASIA,India,Free Access Attractions and Sites | Singapore River,%,21.0
2025,SOUTH ASIA,India,Free Access Attractions and Sites | Singapore Botanic Gardens,%,10.0
2025,SOUTH ASIA,India,Free Access Attractions and Sites | Raffles Hotel,%,10.0
2025,EUROPE,France,Major Attractions and Sites | Integrated Resort (MBS/RWS),%,47.0
2025,EUROPE,France,Major Attractions and Sites | Gardens by the Bay,%,69.0
2025,EUROPE,France,Major Attractions and Sites | Sentosa,%,13.0
2025,EUROPE,France,Major Attractions and Sites | Singapore Flyer/ Flight Experience,%,5.0
2025,EUROPE,France,Major Attractions and Sites | Singapore Zoo,%,2.0
2025,EUROPE,France,Major Attractions and Sites | Night Safari,%,2.0
2025,EUROPE,France,Major Attractions and Sites | River Wonders (formerly River Safari),%,1.0
2025,EUROPE,France,Major Attractions and Sites | National Orchid Gardens,%,12.0
2025,EUROPE,France,Free Access Attractions and Sites | Orchard Road,%,30.0
2025,EUROPE,France,Free Access Attractions and Sites | Chinatown,%,61.0
2025,EUROPE,France,Free Access Attractions and Sites | Merlion Park,%,42.0
2025,EUROPE,France,Free Access Attractions and Sites | Little India,%,51.0
2025,EUROPE,France,Free Access Attractions and Sites | Esplanade Theatres by the Bay,%,12.0
2025,EUROPE,France,Free Access Attractions and Sites | Singapore River,%,34.0
2025,EUROPE,France,Free Access Attractions and Sites | Singapore Botanic Gardens,%,28.0
2025,EUROPE,France,Free Access Attractions and Sites | Raffles Hotel,%,17.0
2025,EUROPE,Germany,Major Attractions and Sites | Integrated Resort (MBS/RWS),%,52.0
2025,EUROPE,Germany,Major Attractions and Sites | Gardens by the Bay,%,75.0
2025,EUROPE,Germany,Major Attractions and Sites | Sentosa,%,16.0
2025,EUROPE,Germany,Major Attractions and Sites | Singapore Flyer/ Flight Experience,%,9.0
2025,EUROPE,Germany,Major Attractions and Sites | Singapore Zoo,%,3.0
2025,EUROPE,Germany,Major Attractions and Sites | Night Safari,%,2.0
2025,EUROPE,Germany,Major Attractions and Sites | River Wonders (formerly River Safari),%,1.0
2025,EUROPE,Germany,Major Attractions and Sites | Bird Paradise (formerly Jurong Bird Park),%,1.0
2025,EUROPE,Germany,Major Attractions and Sites | National Orchid Gardens,%,11.0
2025,EUROPE,Germany,Free Access Attractions and Sites | Orchard Road,%,34.0
2025,EUROPE,Germany,Free Access Attractions and Sites | Chinatown,%,71.0
2025,EUROPE,Germany,Free Access Attractions and Sites | Merlion Park,%,49.0
2025,EUROPE,Germany,Free Access Attractions and Sites | Little India,%,53.0
2025,EUROPE,Germany,Free Access Attractions and Sites | Esplanade Theatres by the Bay,%,12.0
2025,EUROPE,Germany,Free Access Attractions and Sites | Singapore River,%,44.0
2025,EUROPE,Germany,Free Access Attractions and Sites | Singapore Botanic Gardens,%,30.0
2025,EUROPE,Germany,Free Access Attractions and Sites | Raffles Hotel,%,17.0
2025,EUROPE,Italy,Major Attractions and Sites | Integrated Resort (MBS/RWS),%,62.0
2025,EUROPE,Italy,Major Attractions and Sites | Gardens by the Bay,%,68.0
2025,EUROPE,Italy,Major Attractions and Sites | Sentosa,%,15.0
2025,EUROPE,Italy,Major Attractions and Sites | Singapore Flyer/ Flight Experience,%,7.0
2025,EUROPE,Italy,Major Attractions and Sites | Singapore Zoo,%,2.0
2025,EUROPE,Italy,Major Attractions and Sites | Night Safari,%,1.0
2025,EUROPE,Italy,Major Attractions and Sites | River Wonders (formerly River Safari),%,3.0
2025,EUROPE,Italy,Major Attractions and Sites | Bird Paradise (formerly Jurong Bird Park),%,2.0
2025,EUROPE,Italy,Major Attractions and Sites | National Orchid Gardens,%,12.0
2025,EUROPE,Italy,Free Access Attractions and Sites | Orchard Road,%,39.0
2025,EUROPE,Italy,Free Access Attractions and Sites | Chinatown,%,73.0
2025,EUROPE,Italy,Free Access Attractions and Sites | Merlion Park,%,49.0
2025,EUROPE,Italy,Free Access Attractions and Sites | Little India,%,56.0
2025,EUROPE,Italy,Free Access Attractions and Sites | Esplanade Theatres by the Bay,%,7.0
2025,EUROPE,Italy,Free Access Attractions and Sites | Singapore River,%,39.0
2025,EUROPE,Italy,Free Access Attractions and Sites | Singapore Botanic Gardens,%,26.0
2025,EUROPE,Italy,Free Access Attractions and Sites | Raffles Hotel,%,11.0
2025,EUROPE,Netherlands,Major Attractions and Sites | Integrated Resort (MBS/RWS),%,47.0
2025,EUROPE,Netherlands,Major Attractions and Sites | Gardens by the Bay,%,67.0
2025,EUROPE,Netherlands,Major Attractions and Sites | Sentosa,%,11.0
2025,EUROPE,Netherlands,Major Attractions and Sites | Singapore Flyer/ Flight Experience,%,5.0
2025,EUROPE,Netherlands,Major Attractions and Sites | Singapore Zoo,%,2.0
2025,EUROPE,Netherlands,Major Attractions and Sites | Night Safari,%,2.0
2025,EUROPE,Netherlands,Major Attractions and Sites | River Wonders (formerly River Safari),%,2.0
2025,EUROPE,Netherlands,Major Attractions and Sites | Bird Paradise (formerly Jurong Bird Park),%,1.0
2025,EUROPE,Netherlands,Major Attractions and Sites | National Orchid Gardens,%,8.0
2025,EUROPE,Netherlands,Free Access Attractions and Sites | Orchard Road,%,30.0
2025,EUROPE,Netherlands,Free Access Attractions and Sites | Chinatown,%,63.0
2025,EUROPE,Netherlands,Free Access Attractions and Sites | Merlion Park,%,32.0
2025,EUROPE,Netherlands,Free Access Attractions and Sites | Little India,%,44.0
2025,EUROPE,Netherlands,Free Access Attractions and Sites | Esplanade Theatres by the Bay,%,6.0
2025,EUROPE,Netherlands,Free Access Attractions and Sites | Singapore River,%,26.0
2025,EUROPE,Netherlands,Free Access Attractions and Sites | Singapore Botanic Gardens,%,23.0
2025,EUROPE,Netherlands,Free Access Attractions and Sites | Raffles Hotel,%,14.0
2025,EUROPE,Switzerland,Major Attractions and Sites | Integrated Resort (MBS/RWS),%,51.0
2025,EUROPE,Switzerland,Major Attractions and Sites | Gardens by the Bay,%,68.0
2025,EUROPE,Switzerland,Major Attractions and Sites | Sentosa,%,13.0
2025,EUROPE,Switzerland,Major Attractions and Sites | Singapore Flyer/ Flight Experience,%,6.0
2025,EUROPE,Switzerland,Major Attractions and Sites | Singapore Zoo,%,5.0
2025,EUROPE,Switzerland,Major Attractions and Sites | Night Safari,%,2.0
2025,EUROPE,Switzerland,Major Attractions and Sites | River Wonders (formerly River Safari),%,1.0
2025,EUROPE,Switzerland,Major Attractions and Sites | Bird Paradise (formerly Jurong Bird Park),%,2.0
2025,EUROPE,Switzerland,Major Attractions and Sites | National Orchid Gardens,%,11.0
2025,EUROPE,Switzerland,Free Access Attractions and Sites | Orchard Road,%,43.0
2025,EUROPE,Switzerland,Free Access Attractions and Sites | Chinatown,%,65.0
2025,EUROPE,Switzerland,Free Access Attractions and Sites | Merlion Park,%,43.0
2025,EUROPE,Switzerland,Free Access Attractions and Sites | Little India,%,52.0
2025,EUROPE,Switzerland,Free Access Attractions and Sites | Esplanade Theatres by the Bay,%,8.0
2025,EUROPE,Switzerland,Free Access Attractions and Sites | Singapore River,%,44.0
2025,EUROPE,Switzerland,Free Access Attractions and Sites | Singapore Botanic Gardens,%,23.0
2025,EUROPE,Switzerland,Free Access Attractions and Sites | Raffles Hotel,%,13.0
2025,EUROPE,UK,Major Attractions and Sites | Integrated Resort (MBS/RWS),%,48.0
2025,EUROPE,UK,Major Attractions and Sites | Gardens by the Bay,%,67.0
2025,EUROPE,UK,Major Attractions and Sites | Sentosa,%,16.0
2025,EUROPE,UK,Major Attractions and Sites | Singapore Flyer/ Flight Experience,%,7.0
2025,EUROPE,UK,Major Attractions and Sites | Singapore Zoo,%,4.0
2025,EUROPE,UK,Major Attractions and Sites | Night Safari,%,4.0
2025,EUROPE,UK,Major Attractions and Sites | River Wonders (formerly River Safari),%,2.0
2025,EUROPE,UK,Major Attractions and Sites | Bird Paradise (formerly Jurong Bird Park),%,1.0
2025,EUROPE,UK,Major Attractions and Sites | National Orchid Gardens,%,11.0
2025,EUROPE,UK,Free Access Attractions and Sites | Orchard Road,%,33.0
2025,EUROPE,UK,Free Access Attractions and Sites | Chinatown,%,60.0
2025,EUROPE,UK,Free Access Attractions and Sites | Merlion Park,%,40.0
2025,EUROPE,UK,Free Access Attractions and Sites | Little India,%,36.0
2025,EUROPE,UK,Free Access Attractions and Sites | Esplanade Theatres by the Bay,%,7.0
2025,EUROPE,UK,Free Access Attractions and Sites | Singapore River,%,36.0
2025,EUROPE,UK,Free Access Attractions and Sites | Singapore Botanic Gardens,%,25.0
2025,EUROPE,UK,Free Access Attractions and Sites | Raffles Hotel,%,33.0
2025,AMERICAS,Canada,Major Attractions and Sites | Integrated Resort (MBS/RWS),%,51.0
2025,AMERICAS,Canada,Major Attractions and Sites | Gardens by the Bay,%,60.0
2025,AMERICAS,Canada,Major Attractions and Sites | Sentosa,%,16.0
2025,AMERICAS,Canada,Major Attractions and Sites | Singapore Flyer/ Flight Experience,%,7.0
2025,AMERICAS,Canada,Major Attractions and Sites | Singapore Zoo,%,5.0
2025,AMERICAS,Canada,Major Attractions and Sites | Night Safari,%,6.0
2025,AMERICAS,Canada,Major Attractions and Sites | River Wonders (formerly River Safari),%,4.0
2025,AMERICAS,Canada,Major Attractions and Sites | Bird Paradise (formerly Jurong Bird Park),%,2.0
2025,AMERICAS,Canada,Major Attractions and Sites | National Orchid Gardens,%,10.0
2025,AMERICAS,Canada,Free Access Attractions and Sites | Orchard Road,%,36.0
2025,AMERICAS,Canada,Free Access Attractions and Sites | Chinatown,%,55.0
2025,AMERICAS,Canada,Free Access Attractions and Sites | Merlion Park,%,43.0
2025,AMERICAS,Canada,Free Access Attractions and Sites | Little India,%,41.0
2025,AMERICAS,Canada,Free Access Attractions and Sites | Esplanade Theatres by the Bay,%,10.0
2025,AMERICAS,Canada,Free Access Attractions and Sites | Singapore River,%,34.0
2025,AMERICAS,Canada,Free Access Attractions and Sites | Singapore Botanic Gardens,%,23.0
2025,AMERICAS,Canada,Free Access Attractions and Sites | Raffles Hotel,%,16.0
2025,AMERICAS,USA,Major Attractions and Sites | Integrated Resort (MBS/RWS),%,49.0
2025,AMERICAS,USA,Major Attractions and Sites | Gardens by the Bay,%,59.0
2025,AMERICAS,USA,Major Attractions and Sites | Sentosa,%,12.0
2025,AMERICAS,USA,Major Attractions and Sites | Singapore Flyer/ Flight Experience,%,6.0
2025,AMERICAS,USA,Major Attractions and Sites | Singapore Zoo,%,6.0
2025,AMERICAS,USA,Major Attractions and Sites | Night Safari,%,4.0
2025,AMERICAS,USA,Major Attractions and Sites | River Wonders (formerly River Safari),%,2.0
2025,AMERICAS,USA,Major Attractions and Sites | Bird Paradise (formerly Jurong Bird Park),%,2.0
2025,AMERICAS,USA,Major Attractions and Sites | National Orchid Gardens,%,9.0
2025,AMERICAS,USA,Free Access Attractions and Sites | Orchard Road,%,35.0
2025,AMERICAS,USA,Free Access Attractions and Sites | Chinatown,%,54.0
2025,AMERICAS,USA,Free Access Attractions and Sites | Merlion Park,%,40.0
2025,AMERICAS,USA,Free Access Attractions and Sites | Little India,%,31.0
2025,AMERICAS,USA,Free Access Attractions and Sites | Esplanade Theatres by the Bay,%,8.0
2025,AMERICAS,USA,Free Access Attractions and Sites | Singapore River,%,26.0
2025,AMERICAS,USA,Free Access Attractions and Sites | Singapore Botanic Gardens,%,20.0
2025,AMERICAS,USA,Free Access Attractions and Sites | Raffles Hotel,%,13.0
2025,OCEANIA,Australia,Major Attractions and Sites | Integrated Resort (MBS/RWS),%,42.0
2025,OCEANIA,Australia,Major Attractions and Sites | Gardens by the Bay,%,52.0
2025,OCEANIA,Australia,Major Attractions and Sites | Sentosa,%,16.0
2025,OCEANIA,Australia,Major Attractions and Sites | Singapore Flyer/ Flight Experience,%,5.0
2025,OCEANIA,Australia,Major Attractions and Sites | Singapore Zoo,%,6.0
2025,OCEANIA,Australia,Major Attractions and Sites | Night Safari,%,4.0
2025,OCEANIA,Australia,Major Attractions and Sites | River Wonders (formerly River Safari),%,3.0
2025,OCEANIA,Australia,Major Attractions and Sites | Bird Paradise (formerly Jurong Bird Park),%,3.0
2025,OCEANIA,Australia,Major Attractions and Sites | National Orchid Gardens,%,5.0
2025,OCEANIA,Australia,Free Access Attractions and Sites | Orchard Road,%,36.0
2025,OCEANIA,Australia,Free Access Attractions and Sites | Chinatown,%,50.0
2025,OCEANIA,Australia,Free Access Attractions and Sites | Merlion Park,%,37.0
2025,OCEANIA,Australia,Free Access Attractions and Sites | Little India,%,28.0
2025,OCEANIA,Australia,Free Access Attractions and Sites | Esplanade Theatres by the Bay,%,6.0
2025,OCEANIA,Australia,Free Access Attractions and Sites | Singapore River,%,28.0
2025,OCEANIA,Australia,Free Access Attractions and Sites | Singapore Botanic Gardens,%,16.0
2025,OCEANIA,Australia,Free Access Attractions and Sites | Raffles Hotel,%,16.0
2025,OCEANIA,New Zealand,Major Attractions and Sites | Integrated Resort (MBS/RWS),%,46.0
2025,OCEANIA,New Zealand,Major Attractions and Sites | Gardens by the Bay,%,54.0
2025,OCEANIA,New Zealand,Major Attractions and Sites | Sentosa,%,13.0
2025,OCEANIA,New Zealand,Major Attractions and Sites | Singapore Flyer/ Flight Experience,%,3.0
2025,OCEANIA,New Zealand,Major Attractions and Sites | Singapore Zoo,%,6.0
2025,OCEANIA,New Zealand,Major Attractions and Sites | Night Safari,%,3.0
2025,OCEANIA,New Zealand,Major Attractions and Sites | River Wonders (formerly River Safari),%,2.0
2025,OCEANIA,New Zealand,Major Attractions and Sites | Bird Paradise (formerly Jurong Bird Park),%,3.0
2025,OCEANIA,New Zealand,Major Attractions and Sites | National Orchid Gardens,%,5.0
2025,OCEANIA,New Zealand,Free Access Attractions and Sites | Orchard Road,%,35.0
2025,OCEANIA,New Zealand,Free Access Attractions and Sites | Chinatown,%,51.0
2025,OCEANIA,New Zealand,Free Access Attractions and Sites | Merlion Park,%,44.0
2025,OCEANIA,New Zealand,Free Access Attractions and Sites | Little India,%,24.0
2025,OCEANIA,New Zealand,Free Access Attractions and Sites | Esplanade Theatres by the Bay,%,7.0
2025,OCEANIA,New Zealand,Free Access Attractions and Sites | Singapore River,%,31.0
2025,OCEANIA,New Zealand,Free Access Attractions and Sites | Singapore Botanic Gardens,%,12.0
2025,OCEANIA,New Zealand,Free Access Attractions and Sites | Raffles Hotel,%,15.0
2025,AFRICA,South Africa (Rep of),Major Attractions and Sites | Integrated Resort (MBS/RWS),%,40.0
2025,AFRICA,South Africa (Rep of),Major Attractions and Sites | Gardens by the Bay,%,53.0
2025,AFRICA,South Africa (Rep of),Major Attractions and Sites | Sentosa,%,11.0
2025,AFRICA,South Africa (Rep of),Major Attractions and Sites | Singapore Flyer/ Flight Experience,%,5.0
2025,AFRICA,South Africa (Rep of),Major Attractions and Sites | Singapore Zoo,%,6.0
2025,AFRICA,South Africa (Rep of),Major Attractions and Sites | Night Safari,%,1.0
2025,AFRICA,South Africa (Rep of),Major Attractions and Sites | Bird Paradise (formerly Jurong Bird Park),%,3.0
2025,AFRICA,South Africa (Rep of),Major Attractions and Sites | National Orchid Gardens,%,6.0
2025,AFRICA,South Africa (Rep of),Free Access Attractions and Sites | Orchard Road,%,40.0
2025,AFRICA,South Africa (Rep of),Free Access Attractions and Sites | Chinatown,%,58.0
2025,AFRICA,South Africa (Rep of),Free Access Attractions and Sites | Merlion Park,%,58.0
2025,AFRICA,South Africa (Rep of),Free Access Attractions and Sites | Little India,%,31.0
2025,AFRICA,South Africa (Rep of),Free Access Attractions and Sites | Esplanade Theatres by the Bay,%,9.0
2025,AFRICA,South Africa (Rep of),Free Access Attractions and Sites | Singapore River,%,20.0
2025,AFRICA,South Africa (Rep of),Free Access Attractions and Sites | Singapore Botanic Gardens,%,12.0
2025,AFRICA,South Africa (Rep of),Free Access Attractions and Sites | Raffles Hotel,%,25.0
2025,REMAINING,Others,Major Attractions and Sites | Integrated Resort (MBS/RWS),%,52.0
2025,REMAINING,Others,Major Attractions and Sites | Gardens by the Bay,%,62.0
2025,REMAINING,Others,Major Attractions and Sites | Sentosa,%,22.0
2025,REMAINING,Others,Major Attractions and Sites | Singapore Flyer/ Flight Experience,%,9.0
2025,REMAINING,Others,Major Attractions and Sites | Singapore Zoo,%,6.0
2025,REMAINING,Others,Major Attractions and Sites | Night Safari,%,3.0
2025,REMAINING,Others,Major Attractions and Sites | River Wonders (formerly River Safari),%,3.0
2025,REMAINING,Others,Major Attractions and Sites | Bird Paradise (formerly Jurong Bird Park),%,2.0
2025,REMAINING,Others,Major Attractions and Sites | National Orchid Gardens,%,9.0
2025,REMAINING,Others,Free Access Attractions and Sites | Orchard Road,%,36.0
2025,REMAINING,Others,Free Access Attractions and Sites | Chinatown,%,58.0
2025,REMAINING,Others,Free Access Attractions and Sites | Merlion Park,%,47.0
2025,REMAINING,Others,Free Access Attractions and Sites | Little India,%,42.0
2025,REMAINING,Others,Free Access Attractions and Sites | Esplanade Theatres by the Bay,%,10.0
2025,REMAINING,Others,Free Access Attractions and Sites | Singapore River,%,34.0
2025,REMAINING,Others,Free Access Attractions and Sites | Singapore Botanic Gardens,%,18.0
2025,REMAINING,Others,Free Access Attractions and Sites | Raffles Hotel,%,11.0
2024,SOUTHEAST ASIA,Indonesia,Major Attractions and Sites | Integrated Resort (MBS/RWS),%,29.0
2024,SOUTHEAST ASIA,Indonesia,Major Attractions and Sites | Gardens by the Bay,%,22.0
2024,SOUTHEAST ASIA,Indonesia,Major Attractions and Sites | Sentosa,%,9.0
2024,SOUTHEAST ASIA,Indonesia,Major Attractions and Sites | Singapore Flyer/ Flight Experience,%,2.0
2024,SOUTHEAST ASIA,Indonesia,Major Attractions and Sites | Singapore Zoo,%,1.0
2024,SOUTHEAST ASIA,Indonesia,Major Attractions and Sites | Night Safari,%,1.0
2024,SOUTHEAST ASIA,Indonesia,Major Attractions and Sites | River Wonders (formerly River Safari),%,1.0
2024,SOUTHEAST ASIA,Indonesia,Major Attractions and Sites | National Orchid Gardens,%,1.0
2024,SOUTHEAST ASIA,Indonesia,Free Access Attractions and Sites | Orchard Road,%,41.0
2024,SOUTHEAST ASIA,Indonesia,Free Access Attractions and Sites | Chinatown,%,23.0
2024,SOUTHEAST ASIA,Indonesia,Free Access Attractions and Sites | Merlion Park,%,24.0
2024,SOUTHEAST ASIA,Indonesia,Free Access Attractions and Sites | Little India,%,14.0
2024,SOUTHEAST ASIA,Indonesia,Free Access Attractions and Sites | Esplanade Theatres by the Bay,%,4.0
2024,SOUTHEAST ASIA,Indonesia,Free Access Attractions and Sites | Singapore River/ Clarke Quay/ Boat Quay,%,10.0
2024,SOUTHEAST ASIA,Indonesia,Free Access Attractions and Sites | Singapore Botanic Gardens,%,3.0
2024,SOUTHEAST ASIA,Indonesia,Free Access Attractions and Sites | Raffles Hotel,%,2.0
2024,SOUTHEAST ASIA,Malaysia,Major Attractions and Sites | Integrated Resort (MBS/RWS),%,23.0
2024,SOUTHEAST ASIA,Malaysia,Major Attractions and Sites | Gardens by the Bay,%,16.0
2024,SOUTHEAST ASIA,Malaysia,Major Attractions and Sites | Sentosa,%,5.0
2024,SOUTHEAST ASIA,Malaysia,Major Attractions and Sites | Singapore Flyer/ Flight Experience,%,2.0
2024,SOUTHEAST ASIA,Malaysia,Major Attractions and Sites | Singapore Zoo,%,2.0
2024,SOUTHEAST ASIA,Malaysia,Major Attractions and Sites | Night Safari,%,1.0
2024,SOUTHEAST ASIA,Malaysia,Major Attractions and Sites | Bird Paradise (formerly Jurong Bird Park),%,1.0
2024,SOUTHEAST ASIA,Malaysia,Major Attractions and Sites | National Orchid Gardens,%,1.0
2024,SOUTHEAST ASIA,Malaysia,Free Access Attractions and Sites | Orchard Road,%,27.0
2024,SOUTHEAST ASIA,Malaysia,Free Access Attractions and Sites | Chinatown,%,23.0
2024,SOUTHEAST ASIA,Malaysia,Free Access Attractions and Sites | Merlion Park,%,13.0
2024,SOUTHEAST ASIA,Malaysia,Free Access Attractions and Sites | Little India,%,11.0
2024,SOUTHEAST ASIA,Malaysia,Free Access Attractions and Sites | Esplanade Theatres by the Bay,%,4.0
2024,SOUTHEAST ASIA,Malaysia,Free Access Attractions and Sites | Singapore River/ Clarke Quay/ Boat Quay,%,13.0
2024,SOUTHEAST ASIA,Malaysia,Free Access Attractions and Sites | Singapore Botanic Gardens,%,3.0
2024,SOUTHEAST ASIA,Malaysia,Free Access Attractions and Sites | Raffles Hotel,%,2.0
2024,SOUTHEAST ASIA,Philippines,Major Attractions and Sites | Integrated Resort (MBS/RWS),%,64.0
2024,SOUTHEAST ASIA,Philippines,Major Attractions and Sites | Gardens by the Bay,%,60.0
2024,SOUTHEAST ASIA,Philippines,Major Attractions and Sites | Sentosa,%,31.0
2024,SOUTHEAST ASIA,Philippines,Major Attractions and Sites | Singapore Flyer/ Flight Experience,%,8.0
2024,SOUTHEAST ASIA,Philippines,Major Attractions and Sites | Singapore Zoo,%,6.0
2024,SOUTHEAST ASIA,Philippines,Major Attractions and Sites | Night Safari,%,3.0
2024,SOUTHEAST ASIA,Philippines,Major Attractions and Sites | River Wonders (formerly River Safari),%,3.0
2024,SOUTHEAST ASIA,Philippines,Major Attractions and Sites | Bird Paradise (formerly Jurong Bird Park),%,2.0
2024,SOUTHEAST ASIA,Philippines,Major Attractions and Sites | National Orchid Gardens,%,4.0
2024,SOUTHEAST ASIA,Philippines,Free Access Attractions and Sites | Orchard Road,%,49.0
2024,SOUTHEAST ASIA,Philippines,Free Access Attractions and Sites | Chinatown,%,48.0
2024,SOUTHEAST ASIA,Philippines,Free Access Attractions and Sites | Merlion Park,%,61.0
2024,SOUTHEAST ASIA,Philippines,Free Access Attractions and Sites | Little India,%,32.0
2024,SOUTHEAST ASIA,Philippines,Free Access Attractions and Sites | Esplanade Theatres by the Bay,%,17.0
2024,SOUTHEAST ASIA,Philippines,Free Access Attractions and Sites | Singapore River/ Clarke Quay/ Boat Quay,%,30.0
2024,SOUTHEAST ASIA,Philippines,Free Access Attractions and Sites | Singapore Botanic Gardens,%,14.0
2024,SOUTHEAST ASIA,Philippines,Free Access Attractions and Sites | Raffles Hotel,%,8.0
2024,SOUTHEAST ASIA,Thailand,Major Attractions and Sites | Integrated Resort (MBS/RWS),%,47.0
2024,SOUTHEAST ASIA,Thailand,Major Attractions and Sites | Gardens by the Bay,%,40.0
2024,SOUTHEAST ASIA,Thailand,Major Attractions and Sites | Sentosa,%,14.0
2024,SOUTHEAST ASIA,Thailand,Major Attractions and Sites | Singapore Flyer/ Flight Experience,%,5.0
2024,SOUTHEAST ASIA,Thailand,Major Attractions and Sites | Singapore Zoo,%,3.0
2024,SOUTHEAST ASIA,Thailand,Major Attractions and Sites | Night Safari,%,2.0
2024,SOUTHEAST ASIA,Thailand,Major Attractions and Sites | River Wonders (formerly River Safari),%,1.0
2024,SOUTHEAST ASIA,Thailand,Major Attractions and Sites | Bird Paradise (formerly Jurong Bird Park),%,1.0
2024,SOUTHEAST ASIA,Thailand,Major Attractions and Sites | National Orchid Gardens,%,2.0
2024,SOUTHEAST ASIA,Thailand,Free Access Attractions and Sites | Orchard Road,%,41.0
2024,SOUTHEAST ASIA,Thailand,Free Access Attractions and Sites | Chinatown,%,48.0
2024,SOUTHEAST ASIA,Thailand,Free Access Attractions and Sites | Merlion Park,%,38.0
2024,SOUTHEAST ASIA,Thailand,Free Access Attractions and Sites | Little India,%,19.0
2024,SOUTHEAST ASIA,Thailand,Free Access Attractions and Sites | Esplanade Theatres by the Bay,%,7.0
2024,SOUTHEAST ASIA,Thailand,Free Access Attractions and Sites | Singapore River/ Clarke Quay/ Boat Quay,%,30.0
2024,SOUTHEAST ASIA,Thailand,Free Access Attractions and Sites | Singapore Botanic Gardens,%,8.0
2024,SOUTHEAST ASIA,Thailand,Free Access Attractions and Sites | Raffles Hotel,%,4.0
2024,SOUTHEAST ASIA,Vietnam,Major Attractions and Sites | Integrated Resort (MBS/RWS),%,53.0
2024,SOUTHEAST ASIA,Vietnam,Major Attractions and Sites | Gardens by the Bay,%,48.0
2024,SOUTHEAST ASIA,Vietnam,Major Attractions and Sites | Sentosa,%,18.0
2024,SOUTHEAST ASIA,Vietnam,Major Attractions and Sites | Singapore Flyer/ Flight Experience,%,5.0
2024,SOUTHEAST ASIA,Vietnam,Major Attractions and Sites | Singapore Zoo,%,7.0
2024,SOUTHEAST ASIA,Vietnam,Major Attractions and Sites | Night Safari,%,3.0
2024,SOUTHEAST ASIA,Vietnam,Major Attractions and Sites | River Wonders (formerly River Safari),%,3.0
2024,SOUTHEAST ASIA,Vietnam,Major Attractions and Sites | Bird Paradise (formerly Jurong Bird Park),%,3.0
2024,SOUTHEAST ASIA,Vietnam,Major Attractions and Sites | National Orchid Gardens,%,3.0
2024,SOUTHEAST ASIA,Vietnam,Free Access Attractions and Sites | Orchard Road,%,47.0
2024,SOUTHEAST ASIA,Vietnam,Free Access Attractions and Sites | Chinatown,%,53.0
2024,SOUTHEAST ASIA,Vietnam,Free Access Attractions and Sites | Merlion Park,%,43.0
2024,SOUTHEAST ASIA,Vietnam,Free Access Attractions and Sites | Little India,%,17.0
2024,SOUTHEAST ASIA,Vietnam,Free Access Attractions and Sites | Esplanade Theatres by the Bay,%,9.0
2024,SOUTHEAST ASIA,Vietnam,Free Access Attractions and Sites | Singapore River/ Clarke Quay/ Boat Quay,%,29.0
2024,SOUTHEAST ASIA,Vietnam,Free Access Attractions and Sites | Singapore Botanic Gardens,%,8.0
2024,SOUTHEAST ASIA,Vietnam,Free Access Attractions and Sites | Raffles Hotel,%,4.0
2024,GREATER CHINA,China,Major Attractions and Sites | Integrated Resort (MBS/RWS),%,62.0
2024,GREATER CHINA,China,Major Attractions and Sites | Gardens by the Bay,%,57.0
2024,GREATER CHINA,China,Major Attractions and Sites | Sentosa,%,29.0
2024,GREATER CHINA,China,Major Attractions and Sites | Singapore Flyer/ Flight Experience,%,14.0
2024,GREATER CHINA,China,Major Attractions and Sites | Singapore Zoo,%,9.0
2024,GREATER CHINA,China,Major Attractions and Sites | Night Safari,%,9.0
2024,GREATER CHINA,China,Major Attractions and Sites | River Wonders (formerly River Safari),%,6.0
2024,GREATER CHINA,China,Major Attractions and Sites | Bird Paradise (formerly Jurong Bird Park),%,3.0
2024,GREATER CHINA,China,Major Attractions and Sites | National Orchid Gardens,%,4.0
2024,GREATER CHINA,China,Free Access Attractions and Sites | Orchard Road,%,43.0
2024,GREATER CHINA,China,Free Access Attractions and Sites | Chinatown,%,56.0
2024,GREATER CHINA,China,Free Access Attractions and Sites | Merlion Park,%,65.0
2024,GREATER CHINA,China,Free Access Attractions and Sites | Little India,%,28.0
2024,GREATER CHINA,China,Free Access Attractions and Sites | Esplanade Theatres by the Bay,%,11.0
2024,GREATER CHINA,China,Free Access Attractions and Sites | Singapore River/ Clarke Quay/ Boat Quay,%,35.0
2024,GREATER CHINA,China,Free Access Attractions and Sites | Singapore Botanic Gardens,%,13.0
2024,GREATER CHINA,China,Free Access Attractions and Sites | Raffles Hotel,%,9.0
2024,GREATER CHINA,Hong Kong SAR,Major Attractions and Sites | Integrated Resort (MBS/RWS),%,47.0
2024,GREATER CHINA,Hong Kong SAR,Major Attractions and Sites | Gardens by the Bay,%,45.0
2024,GREATER CHINA,Hong Kong SAR,Major Attractions and Sites | Sentosa,%,13.0
2024,GREATER CHINA,Hong Kong SAR,Major Attractions and Sites | Singapore Flyer/ Flight Experience,%,5.0
2024,GREATER CHINA,Hong Kong SAR,Major Attractions and Sites | Singapore Zoo,%,6.0
2024,GREATER CHINA,Hong Kong SAR,Major Attractions and Sites | Night Safari,%,6.0
2024,GREATER CHINA,Hong Kong SAR,Major Attractions and Sites | River Wonders (formerly River Safari),%,3.0
2024,GREATER CHINA,Hong Kong SAR,Major Attractions and Sites | Bird Paradise (formerly Jurong Bird Park),%,1.0
2024,GREATER CHINA,Hong Kong SAR,Major Attractions and Sites | National Orchid Gardens,%,3.0
2024,GREATER CHINA,Hong Kong SAR,Free Access Attractions and Sites | Orchard Road,%,48.0
2024,GREATER CHINA,Hong Kong SAR,Free Access Attractions and Sites | Chinatown,%,53.0
2024,GREATER CHINA,Hong Kong SAR,Free Access Attractions and Sites | Merlion Park,%,37.0
2024,GREATER CHINA,Hong Kong SAR,Free Access Attractions and Sites | Little India,%,23.0
2024,GREATER CHINA,Hong Kong SAR,Free Access Attractions and Sites | Esplanade Theatres by the Bay,%,8.0
2024,GREATER CHINA,Hong Kong SAR,Free Access Attractions and Sites | Singapore River/ Clarke Quay/ Boat Quay,%,30.0
2024,GREATER CHINA,Hong Kong SAR,Free Access Attractions and Sites | Singapore Botanic Gardens,%,9.0
2024,GREATER CHINA,Hong Kong SAR,Free Access Attractions and Sites | Raffles Hotel,%,7.0
2024,GREATER CHINA,Taiwan,Major Attractions and Sites | Integrated Resort (MBS/RWS),%,51.0
2024,GREATER CHINA,Taiwan,Major Attractions and Sites | Gardens by the Bay,%,45.0
2024,GREATER CHINA,Taiwan,Major Attractions and Sites | Sentosa,%,16.0
2024,GREATER CHINA,Taiwan,Major Attractions and Sites | Singapore Flyer/ Flight Experience,%,5.0
2024,GREATER CHINA,Taiwan,Major Attractions and Sites | Singapore Zoo,%,6.0
2024,GREATER CHINA,Taiwan,Major Attractions and Sites | Night Safari,%,6.0
2024,GREATER CHINA,Taiwan,Major Attractions and Sites | River Wonders (formerly River Safari),%,3.0
2024,GREATER CHINA,Taiwan,Major Attractions and Sites | Bird Paradise (formerly Jurong Bird Park),%,2.0
2024,GREATER CHINA,Taiwan,Major Attractions and Sites | National Orchid Gardens,%,1.0
2024,GREATER CHINA,Taiwan,Free Access Attractions and Sites | Orchard Road,%,35.0
2024,GREATER CHINA,Taiwan,Free Access Attractions and Sites | Chinatown,%,47.0
2024,GREATER CHINA,Taiwan,Free Access Attractions and Sites | Merlion Park,%,46.0
2024,GREATER CHINA,Taiwan,Free Access Attractions and Sites | Little India,%,25.0
2024,GREATER CHINA,Taiwan,Free Access Attractions and Sites | Esplanade Theatres by the Bay,%,6.0
2024,GREATER CHINA,Taiwan,Free Access Attractions and Sites | Singapore River/ Clarke Quay/ Boat Quay,%,33.0
2024,GREATER CHINA,Taiwan,Free Access Attractions and Sites | Singapore Botanic Gardens,%,9.0
2024,GREATER CHINA,Taiwan,Free Access Attractions and Sites | Raffles Hotel,%,3.0
2024,NORTH ASIA,Japan,Major Attractions and Sites | Integrated Resort (MBS/RWS),%,48.0
2024,NORTH ASIA,Japan,Major Attractions and Sites | Gardens by the Bay,%,41.0
2024,NORTH ASIA,Japan,Major Attractions and Sites | Sentosa,%,13.0
2024,NORTH ASIA,Japan,Major Attractions and Sites | Singapore Flyer/ Flight Experience,%,6.0
2024,NORTH ASIA,Japan,Major Attractions and Sites | Singapore Zoo,%,5.0
2024,NORTH ASIA,Japan,Major Attractions and Sites | Night Safari,%,10.0
2024,NORTH ASIA,Japan,Major Attractions and Sites | River Wonders (formerly River Safari),%,2.0
2024,NORTH ASIA,Japan,Major Attractions and Sites | Bird Paradise (formerly Jurong Bird Park),%,2.0
2024,NORTH ASIA,Japan,Major Attractions and Sites | National Orchid Gardens,%,3.0
2024,NORTH ASIA,Japan,Free Access Attractions and Sites | Orchard Road,%,36.0
2024,NORTH ASIA,Japan,Free Access Attractions and Sites | Chinatown,%,39.0
2024,NORTH ASIA,Japan,Free Access Attractions and Sites | Merlion Park,%,48.0
2024,NORTH ASIA,Japan,Free Access Attractions and Sites | Little India,%,24.0
2024,NORTH ASIA,Japan,Free Access Attractions and Sites | Esplanade Theatres by the Bay,%,4.0
2024,NORTH ASIA,Japan,Free Access Attractions and Sites | Singapore River/ Clarke Quay/ Boat Quay,%,21.0
2024,NORTH ASIA,Japan,Free Access Attractions and Sites | Singapore Botanic Gardens,%,9.0
2024,NORTH ASIA,Japan,Free Access Attractions and Sites | Raffles Hotel,%,14.0
2024,NORTH ASIA,South Korea,Major Attractions and Sites | Integrated Resort (MBS/RWS),%,64.0
2024,NORTH ASIA,South Korea,Major Attractions and Sites | Gardens by the Bay,%,60.0
2024,NORTH ASIA,South Korea,Major Attractions and Sites | Sentosa,%,34.0
2024,NORTH ASIA,South Korea,Major Attractions and Sites | Singapore Flyer/ Flight Experience,%,15.0
2024,NORTH ASIA,South Korea,Major Attractions and Sites | Singapore Zoo,%,8.0
2024,NORTH ASIA,South Korea,Major Attractions and Sites | Night Safari,%,9.0
2024,NORTH ASIA,South Korea,Major Attractions and Sites | River Wonders (formerly River Safari),%,9.0
2024,NORTH ASIA,South Korea,Major Attractions and Sites | Bird Paradise (formerly Jurong Bird Park),%,6.0
2024,NORTH ASIA,South Korea,Major Attractions and Sites | National Orchid Gardens,%,6.0
2024,NORTH ASIA,South Korea,Free Access Attractions and Sites | Orchard Road,%,52.0
2024,NORTH ASIA,South Korea,Free Access Attractions and Sites | Chinatown,%,52.0
2024,NORTH ASIA,South Korea,Free Access Attractions and Sites | Merlion Park,%,54.0
2024,NORTH ASIA,South Korea,Free Access Attractions and Sites | Little India,%,25.0
2024,NORTH ASIA,South Korea,Free Access Attractions and Sites | Esplanade Theatres by the Bay,%,7.0
2024,NORTH ASIA,South Korea,Free Access Attractions and Sites | Singapore River/ Clarke Quay/ Boat Quay,%,38.0
2024,NORTH ASIA,South Korea,Free Access Attractions and Sites | Singapore Botanic Gardens,%,21.0
2024,NORTH ASIA,South Korea,Free Access Attractions and Sites | Raffles Hotel,%,16.0
2024,SOUTH ASIA,India,Major Attractions and Sites | Integrated Resort (MBS/RWS),%,57.0
2024,SOUTH ASIA,India,Major Attractions and Sites | Gardens by the Bay,%,53.0
2024,SOUTH ASIA,India,Major Attractions and Sites | Sentosa,%,39.0
2024,SOUTH ASIA,India,Major Attractions and Sites | Singapore Flyer/ Flight Experience,%,21.0
2024,SOUTH ASIA,India,Major Attractions and Sites | Singapore Zoo,%,15.0
2024,SOUTH ASIA,India,Major Attractions and Sites | Night Safari,%,19.0
2024,SOUTH ASIA,India,Major Attractions and Sites | River Wonders (formerly River Safari),%,8.0
2024,SOUTH ASIA,India,Major Attractions and Sites | Bird Paradise (formerly Jurong Bird Park),%,8.0
2024,SOUTH ASIA,India,Major Attractions and Sites | National Orchid Gardens,%,6.0
2024,SOUTH ASIA,India,Free Access Attractions and Sites | Orchard Road,%,31.0
2024,SOUTH ASIA,India,Free Access Attractions and Sites | Chinatown,%,44.0
2024,SOUTH ASIA,India,Free Access Attractions and Sites | Merlion Park,%,44.0
2024,SOUTH ASIA,India,Free Access Attractions and Sites | Little India,%,64.0
2024,SOUTH ASIA,India,Free Access Attractions and Sites | Esplanade Theatres by the Bay,%,9.0
2024,SOUTH ASIA,India,Free Access Attractions and Sites | Singapore River/ Clarke Quay/ Boat Quay,%,20.0
2024,SOUTH ASIA,India,Free Access Attractions and Sites | Singapore Botanic Gardens,%,8.0
2024,SOUTH ASIA,India,Free Access Attractions and Sites | Raffles Hotel,%,7.0
2024,EUROPE,France,Major Attractions and Sites | Integrated Resort (MBS/RWS),%,48.0
2024,EUROPE,France,Major Attractions and Sites | Gardens by the Bay,%,61.0
2024,EUROPE,France,Major Attractions and Sites | Sentosa,%,10.0
2024,EUROPE,France,Major Attractions and Sites | Singapore Flyer/ Flight Experience,%,4.0
2024,EUROPE,France,Major Attractions and Sites | Singapore Zoo,%,3.0
2024,EUROPE,France,Major Attractions and Sites | Night Safari,%,3.0
2024,EUROPE,France,Major Attractions and Sites | River Wonders (formerly River Safari),%,1.0
2024,EUROPE,France,Major Attractions and Sites | Bird Paradise (formerly Jurong Bird Park),%,2.0
2024,EUROPE,France,Major Attractions and Sites | National Orchid Gardens,%,12.0
2024,EUROPE,France,Free Access Attractions and Sites | Orchard Road,%,33.0
2024,EUROPE,France,Free Access Attractions and Sites | Chinatown,%,58.0
2024,EUROPE,France,Free Access Attractions and Sites | Merlion Park,%,34.0
2024,EUROPE,France,Free Access Attractions and Sites | Little India,%,46.0
2024,EUROPE,France,Free Access Attractions and Sites | Esplanade Theatres by the Bay,%,13.0
2024,EUROPE,France,Free Access Attractions and Sites | Singapore River/ Clarke Quay/ Boat Quay,%,39.0
2024,EUROPE,France,Free Access Attractions and Sites | Singapore Botanic Gardens,%,25.0
2024,EUROPE,France,Free Access Attractions and Sites | Raffles Hotel,%,15.0
2024,EUROPE,Germany,Major Attractions and Sites | Integrated Resort (MBS/RWS),%,57.0
2024,EUROPE,Germany,Major Attractions and Sites | Gardens by the Bay,%,70.0
2024,EUROPE,Germany,Major Attractions and Sites | Sentosa,%,10.0
2024,EUROPE,Germany,Major Attractions and Sites | Singapore Flyer/ Flight Experience,%,9.0
2024,EUROPE,Germany,Major Attractions and Sites | Singapore Zoo,%,4.0
2024,EUROPE,Germany,Major Attractions and Sites | Night Safari,%,1.0
2024,EUROPE,Germany,Major Attractions and Sites | River Wonders (formerly River Safari),%,1.0
2024,EUROPE,Germany,Major Attractions and Sites | Bird Paradise (formerly Jurong Bird Park),%,1.0
2024,EUROPE,Germany,Major Attractions and Sites | National Orchid Gardens,%,8.0
2024,EUROPE,Germany,Free Access Attractions and Sites | Orchard Road,%,41.0
2024,EUROPE,Germany,Free Access Attractions and Sites | Chinatown,%,68.0
2024,EUROPE,Germany,Free Access Attractions and Sites | Merlion Park,%,41.0
2024,EUROPE,Germany,Free Access Attractions and Sites | Little India,%,52.0
2024,EUROPE,Germany,Free Access Attractions and Sites | Esplanade Theatres by the Bay,%,14.0
2024,EUROPE,Germany,Free Access Attractions and Sites | Singapore River/ Clarke Quay/ Boat Quay,%,48.0
2024,EUROPE,Germany,Free Access Attractions and Sites | Singapore Botanic Gardens,%,22.0
2024,EUROPE,Germany,Free Access Attractions and Sites | Raffles Hotel,%,18.0
2024,EUROPE,Italy,Major Attractions and Sites | Integrated Resort (MBS/RWS),%,51.0
2024,EUROPE,Italy,Major Attractions and Sites | Gardens by the Bay,%,62.0
2024,EUROPE,Italy,Major Attractions and Sites | Sentosa,%,9.0
2024,EUROPE,Italy,Major Attractions and Sites | Singapore Flyer/ Flight Experience,%,6.0
2024,EUROPE,Italy,Major Attractions and Sites | Singapore Zoo,%,3.0
2024,EUROPE,Italy,Major Attractions and Sites | Night Safari,%,1.0
2024,EUROPE,Italy,Major Attractions and Sites | River Wonders (formerly River Safari),%,2.0
2024,EUROPE,Italy,Major Attractions and Sites | Bird Paradise (formerly Jurong Bird Park),%,2.0
2024,EUROPE,Italy,Major Attractions and Sites | National Orchid Gardens,%,8.0
2024,EUROPE,Italy,Free Access Attractions and Sites | Orchard Road,%,40.0
2024,EUROPE,Italy,Free Access Attractions and Sites | Chinatown,%,60.0
2024,EUROPE,Italy,Free Access Attractions and Sites | Merlion Park,%,41.0
2024,EUROPE,Italy,Free Access Attractions and Sites | Little India,%,46.0
2024,EUROPE,Italy,Free Access Attractions and Sites | Esplanade Theatres by the Bay,%,11.0
2024,EUROPE,Italy,Free Access Attractions and Sites | Singapore River/ Clarke Quay/ Boat Quay,%,38.0
2024,EUROPE,Italy,Free Access Attractions and Sites | Singapore Botanic Gardens,%,22.0
2024,EUROPE,Italy,Free Access Attractions and Sites | Raffles Hotel,%,14.0
2024,EUROPE,Netherlands,Major Attractions and Sites | Integrated Resort (MBS/RWS),%,41.0
2024,EUROPE,Netherlands,Major Attractions and Sites | Gardens by the Bay,%,45.0
2024,EUROPE,Netherlands,Major Attractions and Sites | Sentosa,%,11.0
2024,EUROPE,Netherlands,Major Attractions and Sites | Singapore Flyer/ Flight Experience,%,5.0
2024,EUROPE,Netherlands,Major Attractions and Sites | Singapore Zoo,%,3.0
2024,EUROPE,Netherlands,Major Attractions and Sites | Night Safari,%,1.0
2024,EUROPE,Netherlands,Major Attractions and Sites | River Wonders (formerly River Safari),%,2.0
2024,EUROPE,Netherlands,Major Attractions and Sites | Bird Paradise (formerly Jurong Bird Park),%,1.0
2024,EUROPE,Netherlands,Major Attractions and Sites | National Orchid Gardens,%,5.0
2024,EUROPE,Netherlands,Free Access Attractions and Sites | Orchard Road,%,36.0
2024,EUROPE,Netherlands,Free Access Attractions and Sites | Chinatown,%,45.0
2024,EUROPE,Netherlands,Free Access Attractions and Sites | Merlion Park,%,32.0
2024,EUROPE,Netherlands,Free Access Attractions and Sites | Little India,%,39.0
2024,EUROPE,Netherlands,Free Access Attractions and Sites | Esplanade Theatres by the Bay,%,10.0
2024,EUROPE,Netherlands,Free Access Attractions and Sites | Singapore River/ Clarke Quay/ Boat Quay,%,33.0
2024,EUROPE,Netherlands,Free Access Attractions and Sites | Singapore Botanic Gardens,%,19.0
2024,EUROPE,Netherlands,Free Access Attractions and Sites | Raffles Hotel,%,12.0
2024,EUROPE,Switzerland,Major Attractions and Sites | Integrated Resort (MBS/RWS),%,56.0
2024,EUROPE,Switzerland,Major Attractions and Sites | Gardens by the Bay,%,57.0
2024,EUROPE,Switzerland,Major Attractions and Sites | Sentosa,%,17.0
2024,EUROPE,Switzerland,Major Attractions and Sites | Singapore Flyer/ Flight Experience,%,8.0
2024,EUROPE,Switzerland,Major Attractions and Sites | Singapore Zoo,%,4.0
2024,EUROPE,Switzerland,Major Attractions and Sites | Night Safari,%,1.0
2024,EUROPE,Switzerland,Major Attractions and Sites | River Wonders (formerly River Safari),%,2.0
2024,EUROPE,Switzerland,Major Attractions and Sites | Bird Paradise (formerly Jurong Bird Park),%,1.0
2024,EUROPE,Switzerland,Major Attractions and Sites | National Orchid Gardens,%,10.0
2024,EUROPE,Switzerland,Free Access Attractions and Sites | Orchard Road,%,45.0
2024,EUROPE,Switzerland,Free Access Attractions and Sites | Chinatown,%,56.0
2024,EUROPE,Switzerland,Free Access Attractions and Sites | Merlion Park,%,40.0
2024,EUROPE,Switzerland,Free Access Attractions and Sites | Little India,%,39.0
2024,EUROPE,Switzerland,Free Access Attractions and Sites | Esplanade Theatres by the Bay,%,17.0
2024,EUROPE,Switzerland,Free Access Attractions and Sites | Singapore River/ Clarke Quay/ Boat Quay,%,35.0
2024,EUROPE,Switzerland,Free Access Attractions and Sites | Singapore Botanic Gardens,%,17.0
2024,EUROPE,Switzerland,Free Access Attractions and Sites | Raffles Hotel,%,18.0
2024,EUROPE,UK,Major Attractions and Sites | Integrated Resort (MBS/RWS),%,44.0
2024,EUROPE,UK,Major Attractions and Sites | Gardens by the Bay,%,55.0
2024,EUROPE,UK,Major Attractions and Sites | Sentosa,%,13.0
2024,EUROPE,UK,Major Attractions and Sites | Singapore Flyer/ Flight Experience,%,5.0
2024,EUROPE,UK,Major Attractions and Sites | Singapore Zoo,%,3.0
2024,EUROPE,UK,Major Attractions and Sites | Night Safari,%,2.0
2024,EUROPE,UK,Major Attractions and Sites | River Wonders (formerly River Safari),%,2.0
2024,EUROPE,UK,Major Attractions and Sites | Bird Paradise (formerly Jurong Bird Park),%,1.0
2024,EUROPE,UK,Major Attractions and Sites | National Orchid Gardens,%,9.0
2024,EUROPE,UK,Free Access Attractions and Sites | Orchard Road,%,33.0
2024,EUROPE,UK,Free Access Attractions and Sites | Chinatown,%,46.0
2024,EUROPE,UK,Free Access Attractions and Sites | Merlion Park,%,30.0
2024,EUROPE,UK,Free Access Attractions and Sites | Little India,%,30.0
2024,EUROPE,UK,Free Access Attractions and Sites | Esplanade Theatres by the Bay,%,7.0
2024,EUROPE,UK,Free Access Attractions and Sites | Singapore River/ Clarke Quay/ Boat Quay,%,36.0
2024,EUROPE,UK,Free Access Attractions and Sites | Singapore Botanic Gardens,%,21.0
2024,EUROPE,UK,Free Access Attractions and Sites | Raffles Hotel,%,27.0
2024,AMERICAS,Canada,Major Attractions and Sites | Integrated Resort (MBS/RWS),%,52.0
2024,AMERICAS,Canada,Major Attractions and Sites | Gardens by the Bay,%,59.0
2024,AMERICAS,Canada,Major Attractions and Sites | Sentosa,%,16.0
2024,AMERICAS,Canada,Major Attractions and Sites | Singapore Flyer/ Flight Experience,%,4.0
2024,AMERICAS,Canada,Major Attractions and Sites | Singapore Zoo,%,5.0
2024,AMERICAS,Canada,Major Attractions and Sites | Night Safari,%,2.0
2024,AMERICAS,Canada,Major Attractions and Sites | Bird Paradise (formerly Jurong Bird Park),%,2.0
2024,AMERICAS,Canada,Major Attractions and Sites | National Orchid Gardens,%,9.0
2024,AMERICAS,Canada,Free Access Attractions and Sites | Orchard Road,%,40.0
2024,AMERICAS,Canada,Free Access Attractions and Sites | Chinatown,%,53.0
2024,AMERICAS,Canada,Free Access Attractions and Sites | Merlion Park,%,40.0
2024,AMERICAS,Canada,Free Access Attractions and Sites | Little India,%,35.0
2024,AMERICAS,Canada,Free Access Attractions and Sites | Esplanade Theatres by the Bay,%,11.0
2024,AMERICAS,Canada,Free Access Attractions and Sites | Singapore River/ Clarke Quay/ Boat Quay,%,31.0
2024,AMERICAS,Canada,Free Access Attractions and Sites | Singapore Botanic Gardens,%,16.0
2024,AMERICAS,Canada,Free Access Attractions and Sites | Raffles Hotel,%,12.0
2024,AMERICAS,USA,Major Attractions and Sites | Integrated Resort (MBS/RWS),%,51.0
2024,AMERICAS,USA,Major Attractions and Sites | Gardens by the Bay,%,55.0
2024,AMERICAS,USA,Major Attractions and Sites | Sentosa,%,11.0
2024,AMERICAS,USA,Major Attractions and Sites | Singapore Flyer/ Flight Experience,%,5.0
2024,AMERICAS,USA,Major Attractions and Sites | Singapore Zoo,%,4.0
2024,AMERICAS,USA,Major Attractions and Sites | Night Safari,%,4.0
2024,AMERICAS,USA,Major Attractions and Sites | River Wonders (formerly River Safari),%,2.0
2024,AMERICAS,USA,Major Attractions and Sites | Bird Paradise (formerly Jurong Bird Park),%,2.0
2024,AMERICAS,USA,Major Attractions and Sites | National Orchid Gardens,%,8.0
2024,AMERICAS,USA,Free Access Attractions and Sites | Orchard Road,%,39.0
2024,AMERICAS,USA,Free Access Attractions and Sites | Chinatown,%,50.0
2024,AMERICAS,USA,Free Access Attractions and Sites | Merlion Park,%,37.0
2024,AMERICAS,USA,Free Access Attractions and Sites | Little India,%,33.0
2024,AMERICAS,USA,Free Access Attractions and Sites | Esplanade Theatres by the Bay,%,9.0
2024,AMERICAS,USA,Free Access Attractions and Sites | Singapore River/ Clarke Quay/ Boat Quay,%,31.0
2024,AMERICAS,USA,Free Access Attractions and Sites | Singapore Botanic Gardens,%,19.0
2024,AMERICAS,USA,Free Access Attractions and Sites | Raffles Hotel,%,13.0
2024,OCEANIA,Australia,Major Attractions and Sites | Integrated Resort (MBS/RWS),%,41.0
2024,OCEANIA,Australia,Major Attractions and Sites | Gardens by the Bay,%,47.0
2024,OCEANIA,Australia,Major Attractions and Sites | Sentosa,%,15.0
2024,OCEANIA,Australia,Major Attractions and Sites | Singapore Flyer/ Flight Experience,%,4.0
2024,OCEANIA,Australia,Major Attractions and Sites | Singapore Zoo,%,6.0
2024,OCEANIA,Australia,Major Attractions and Sites | Night Safari,%,3.0
2024,OCEANIA,Australia,Major Attractions and Sites | River Wonders (formerly River Safari),%,3.0
2024,OCEANIA,Australia,Major Attractions and Sites | Bird Paradise (formerly Jurong Bird Park),%,2.0
2024,OCEANIA,Australia,Major Attractions and Sites | National Orchid Gardens,%,5.0
2024,OCEANIA,Australia,Free Access Attractions and Sites | Orchard Road,%,35.0
2024,OCEANIA,Australia,Free Access Attractions and Sites | Chinatown,%,40.0
2024,OCEANIA,Australia,Free Access Attractions and Sites | Merlion Park,%,28.0
2024,OCEANIA,Australia,Free Access Attractions and Sites | Little India,%,26.0
2024,OCEANIA,Australia,Free Access Attractions and Sites | Esplanade Theatres by the Bay,%,7.0
2024,OCEANIA,Australia,Free Access Attractions and Sites | Singapore River/ Clarke Quay/ Boat Quay,%,30.0
2024,OCEANIA,Australia,Free Access Attractions and Sites | Singapore Botanic Gardens,%,13.0
2024,OCEANIA,Australia,Free Access Attractions and Sites | Raffles Hotel,%,16.0
2024,OCEANIA,New Zealand,Major Attractions and Sites | Integrated Resort (MBS/RWS),%,43.0
2024,OCEANIA,New Zealand,Major Attractions and Sites | Gardens by the Bay,%,54.0
2024,OCEANIA,New Zealand,Major Attractions and Sites | Sentosa,%,14.0
2024,OCEANIA,New Zealand,Major Attractions and Sites | Singapore Flyer/ Flight Experience,%,3.0
2024,OCEANIA,New Zealand,Major Attractions and Sites | Singapore Zoo,%,5.0
2024,OCEANIA,New Zealand,Major Attractions and Sites | Night Safari,%,5.0
2024,OCEANIA,New Zealand,Major Attractions and Sites | River Wonders (formerly River Safari),%,2.0
2024,OCEANIA,New Zealand,Major Attractions and Sites | Bird Paradise (formerly Jurong Bird Park),%,2.0
2024,OCEANIA,New Zealand,Major Attractions and Sites | National Orchid Gardens,%,6.0
2024,OCEANIA,New Zealand,Free Access Attractions and Sites | Orchard Road,%,36.0
2024,OCEANIA,New Zealand,Free Access Attractions and Sites | Chinatown,%,45.0
2024,OCEANIA,New Zealand,Free Access Attractions and Sites | Merlion Park,%,29.0
2024,OCEANIA,New Zealand,Free Access Attractions and Sites | Little India,%,23.0
2024,OCEANIA,New Zealand,Free Access Attractions and Sites | Esplanade Theatres by the Bay,%,8.0
2024,OCEANIA,New Zealand,Free Access Attractions and Sites | Singapore River/ Clarke Quay/ Boat Quay,%,32.0
2024,OCEANIA,New Zealand,Free Access Attractions and Sites | Singapore Botanic Gardens,%,10.0
2024,OCEANIA,New Zealand,Free Access Attractions and Sites | Raffles Hotel,%,14.0
2024,AFRICA,South Africa (Rep of),Major Attractions and Sites | Integrated Resort (MBS/RWS),%,37.0
2024,AFRICA,South Africa (Rep of),Major Attractions and Sites | Gardens by the Bay,%,38.0
2024,AFRICA,South Africa (Rep of),Major Attractions and Sites | Sentosa,%,20.0
2024,AFRICA,South Africa (Rep of),Major Attractions and Sites | Singapore Flyer/ Flight Experience,%,4.0
2024,AFRICA,South Africa (Rep of),Major Attractions and Sites | Singapore Zoo,%,1.0
2024,AFRICA,South Africa (Rep of),Major Attractions and Sites | Bird Paradise (formerly Jurong Bird Park),%,2.0
2024,AFRICA,South Africa (Rep of),Major Attractions and Sites | National Orchid Gardens,%,3.0
2024,AFRICA,South Africa (Rep of),Free Access Attractions and Sites | Orchard Road,%,16.0
2024,AFRICA,South Africa (Rep of),Free Access Attractions and Sites | Chinatown,%,24.0
2024,AFRICA,South Africa (Rep of),Free Access Attractions and Sites | Merlion Park,%,39.0
2024,AFRICA,South Africa (Rep of),Free Access Attractions and Sites | Little India,%,18.0
2024,AFRICA,South Africa (Rep of),Free Access Attractions and Sites | Esplanade Theatres by the Bay,%,10.0
2024,AFRICA,South Africa (Rep of),Free Access Attractions and Sites | Singapore River/ Clarke Quay/ Boat Quay,%,24.0
2024,AFRICA,South Africa (Rep of),Free Access Attractions and Sites | Singapore Botanic Gardens,%,21.0
2024,AFRICA,South Africa (Rep of),Free Access Attractions and Sites | Raffles Hotel,%,3.0
2024,REMAINING,Others,Major Attractions and Sites | Integrated Resort (MBS/RWS),%,51.0
2024,REMAINING,Others,Major Attractions and Sites | Gardens by the Bay,%,56.0
2024,REMAINING,Others,Major Attractions and Sites | Sentosa,%,19.0
2024,REMAINING,Others,Major Attractions and Sites | Singapore Flyer/ Flight Experience,%,7.0
2024,REMAINING,Others,Major Attractions and Sites | Singapore Zoo,%,6.0
2024,REMAINING,Others,Major Attractions and Sites | Night Safari,%,2.0
2024,REMAINING,Others,Major Attractions and Sites | River Wonders (formerly River Safari),%,2.0
2024,REMAINING,Others,Major Attractions and Sites | Bird Paradise (formerly Jurong Bird Park),%,1.0
2024,REMAINING,Others,Major Attractions and Sites | National Orchid Gardens,%,6.0
2024,REMAINING,Others,Free Access Attractions and Sites | Orchard Road,%,39.0
2024,REMAINING,Others,Free Access Attractions and Sites | Chinatown,%,50.0
2024,REMAINING,Others,Free Access Attractions and Sites | Merlion Park,%,40.0
2024,REMAINING,Others,Free Access Attractions and Sites | Little India,%,38.0
2024,REMAINING,Others,Free Access Attractions and Sites | Esplanade Theatres by the Bay,%,10.0
2024,REMAINING,Others,Free Access Attractions and Sites | Singapore River/ Clarke Quay/ Boat Quay,%,33.0
2024,REMAINING,Others,Free Access Attractions and Sites | Singapore Botanic Gardens,%,16.0
2024,REMAINING,Others,Free Access Attractions and Sites | Raffles Hotel,%,10.0
2023,SOUTHEAST ASIA,Indonesia,Major Attractions and Sites | Integrated Resort (MBS/RWS),%,36.0
2023,SOUTHEAST ASIA,Indonesia,Major Attractions and Sites | Gardens by the Bay,%,28.0
2023,SOUTHEAST ASIA,Indonesia,Major Attractions and Sites | Sentosa,%,12.0
2023,SOUTHEAST ASIA,Indonesia,Major Attractions and Sites | Singapore Flyer/ Flight Experience,%,5.0
2023,SOUTHEAST ASIA,Indonesia,Major Attractions and Sites | Singapore Zoo,%,3.0
2023,SOUTHEAST ASIA,Indonesia,Major Attractions and Sites | Night Safari,%,1.0
2023,SOUTHEAST ASIA,Indonesia,Major Attractions and Sites | River Wonders (formerly River Safari),%,1.0
2023,SOUTHEAST ASIA,Indonesia,Major Attractions and Sites | Bird Paradise (formerly Jurong Bird Park),%,1.0
2023,SOUTHEAST ASIA,Indonesia,Major Attractions and Sites | National Orchid Gardens,%,2.0
2023,SOUTHEAST ASIA,Indonesia,Free Access Attractions and Sites | Orchard Road,%,37.0
2023,SOUTHEAST ASIA,Indonesia,Free Access Attractions and Sites | Chinatown,%,30.0
2023,SOUTHEAST ASIA,Indonesia,Free Access Attractions and Sites | Merlion Park,%,25.0
2023,SOUTHEAST ASIA,Indonesia,Free Access Attractions and Sites | Little India,%,18.0
2023,SOUTHEAST ASIA,Indonesia,Free Access Attractions and Sites | Esplanade Theatres by the Bay,%,6.0
2023,SOUTHEAST ASIA,Indonesia,Free Access Attractions and Sites | Singapore River/ Clarke Quay/ Boat Quay,%,13.0
2023,SOUTHEAST ASIA,Indonesia,Free Access Attractions and Sites | Singapore Botanic Gardens,%,4.0
2023,SOUTHEAST ASIA,Indonesia,Free Access Attractions and Sites | Raffles Hotel,%,4.0
2023,SOUTHEAST ASIA,Malaysia,Major Attractions and Sites | Integrated Resort (MBS/RWS),%,25.0
2023,SOUTHEAST ASIA,Malaysia,Major Attractions and Sites | Gardens by the Bay,%,20.0
2023,SOUTHEAST ASIA,Malaysia,Major Attractions and Sites | Sentosa,%,6.0
2023,SOUTHEAST ASIA,Malaysia,Major Attractions and Sites | Singapore Flyer/ Flight Experience,%,4.0
2023,SOUTHEAST ASIA,Malaysia,Major Attractions and Sites | Singapore Zoo,%,3.0
2023,SOUTHEAST ASIA,Malaysia,Major Attractions and Sites | Night Safari,%,1.0
2023,SOUTHEAST ASIA,Malaysia,Major Attractions and Sites | River Wonders (formerly River Safari),%,1.0
2023,SOUTHEAST ASIA,Malaysia,Major Attractions and Sites | Bird Paradise (formerly Jurong Bird Park),%,1.0
2023,SOUTHEAST ASIA,Malaysia,Major Attractions and Sites | National Orchid Gardens,%,1.0
2023,SOUTHEAST ASIA,Malaysia,Free Access Attractions and Sites | Orchard Road,%,24.0
2023,SOUTHEAST ASIA,Malaysia,Free Access Attractions and Sites | Chinatown,%,25.0
2023,SOUTHEAST ASIA,Malaysia,Free Access Attractions and Sites | Merlion Park,%,14.0
2023,SOUTHEAST ASIA,Malaysia,Free Access Attractions and Sites | Little India,%,15.0
2023,SOUTHEAST ASIA,Malaysia,Free Access Attractions and Sites | Esplanade Theatres by the Bay,%,6.0
2023,SOUTHEAST ASIA,Malaysia,Free Access Attractions and Sites | Singapore River/ Clarke Quay/ Boat Quay,%,12.0
2023,SOUTHEAST ASIA,Malaysia,Free Access Attractions and Sites | Singapore Botanic Gardens,%,4.0
2023,SOUTHEAST ASIA,Malaysia,Free Access Attractions and Sites | Raffles Hotel,%,4.0
2023,SOUTHEAST ASIA,Philippines,Major Attractions and Sites | Integrated Resort (MBS/RWS),%,63.0
2023,SOUTHEAST ASIA,Philippines,Major Attractions and Sites | Gardens by the Bay,%,59.0
2023,SOUTHEAST ASIA,Philippines,Major Attractions and Sites | Sentosa,%,34.0
2023,SOUTHEAST ASIA,Philippines,Major Attractions and Sites | Singapore Flyer/ Flight Experience,%,14.0
2023,SOUTHEAST ASIA,Philippines,Major Attractions and Sites | Singapore Zoo,%,9.0
2023,SOUTHEAST ASIA,Philippines,Major Attractions and Sites | Night Safari,%,5.0
2023,SOUTHEAST ASIA,Philippines,Major Attractions and Sites | River Wonders (formerly River Safari),%,5.0
2023,SOUTHEAST ASIA,Philippines,Major Attractions and Sites | Bird Paradise (formerly Jurong Bird Park),%,2.0
2023,SOUTHEAST ASIA,Philippines,Major Attractions and Sites | National Orchid Gardens,%,7.0
2023,SOUTHEAST ASIA,Philippines,Free Access Attractions and Sites | Orchard Road,%,41.0
2023,SOUTHEAST ASIA,Philippines,Free Access Attractions and Sites | Chinatown,%,47.0
2023,SOUTHEAST ASIA,Philippines,Free Access Attractions and Sites | Merlion Park,%,51.0
2023,SOUTHEAST ASIA,Philippines,Free Access Attractions and Sites | Little India,%,32.0
2023,SOUTHEAST ASIA,Philippines,Free Access Attractions and Sites | Esplanade Theatres by the Bay,%,19.0
2023,SOUTHEAST ASIA,Philippines,Free Access Attractions and Sites | Singapore River/ Clarke Quay/ Boat Quay,%,26.0
2023,SOUTHEAST ASIA,Philippines,Free Access Attractions and Sites | Singapore Botanic Gardens,%,13.0
2023,SOUTHEAST ASIA,Philippines,Free Access Attractions and Sites | Raffles Hotel,%,12.0
2023,SOUTHEAST ASIA,Thailand,Major Attractions and Sites | Integrated Resort (MBS/RWS),%,59.0
2023,SOUTHEAST ASIA,Thailand,Major Attractions and Sites | Gardens by the Bay,%,49.0
2023,SOUTHEAST ASIA,Thailand,Major Attractions and Sites | Sentosa,%,16.0
2023,SOUTHEAST ASIA,Thailand,Major Attractions and Sites | Singapore Flyer/ Flight Experience,%,10.0
2023,SOUTHEAST ASIA,Thailand,Major Attractions and Sites | Singapore Zoo,%,6.0
2023,SOUTHEAST ASIA,Thailand,Major Attractions and Sites | Night Safari,%,3.0
2023,SOUTHEAST ASIA,Thailand,Major Attractions and Sites | River Wonders (formerly River Safari),%,3.0
2023,SOUTHEAST ASIA,Thailand,Major Attractions and Sites | Bird Paradise (formerly Jurong Bird Park),%,2.0
2023,SOUTHEAST ASIA,Thailand,Major Attractions and Sites | National Orchid Gardens,%,5.0
2023,SOUTHEAST ASIA,Thailand,Free Access Attractions and Sites | Orchard Road,%,34.0
2023,SOUTHEAST ASIA,Thailand,Free Access Attractions and Sites | Chinatown,%,57.0
2023,SOUTHEAST ASIA,Thailand,Free Access Attractions and Sites | Merlion Park,%,47.0
2023,SOUTHEAST ASIA,Thailand,Free Access Attractions and Sites | Little India,%,25.0
2023,SOUTHEAST ASIA,Thailand,Free Access Attractions and Sites | Esplanade Theatres by the Bay,%,11.0
2023,SOUTHEAST ASIA,Thailand,Free Access Attractions and Sites | Singapore River/ Clarke Quay/ Boat Quay,%,33.0
2023,SOUTHEAST ASIA,Thailand,Free Access Attractions and Sites | Singapore Botanic Gardens,%,11.0
2023,SOUTHEAST ASIA,Thailand,Free Access Attractions and Sites | Raffles Hotel,%,9.0
2023,SOUTHEAST ASIA,Vietnam,Major Attractions and Sites | Integrated Resort (MBS/RWS),%,57.0
2023,SOUTHEAST ASIA,Vietnam,Major Attractions and Sites | Gardens by the Bay,%,53.0
2023,SOUTHEAST ASIA,Vietnam,Major Attractions and Sites | Sentosa,%,19.0
2023,SOUTHEAST ASIA,Vietnam,Major Attractions and Sites | Singapore Flyer/ Flight Experience,%,10.0
2023,SOUTHEAST ASIA,Vietnam,Major Attractions and Sites | Singapore Zoo,%,7.0
2023,SOUTHEAST ASIA,Vietnam,Major Attractions and Sites | Night Safari,%,5.0
2023,SOUTHEAST ASIA,Vietnam,Major Attractions and Sites | River Wonders (formerly River Safari),%,5.0
2023,SOUTHEAST ASIA,Vietnam,Major Attractions and Sites | Bird Paradise (formerly Jurong Bird Park),%,2.0
2023,SOUTHEAST ASIA,Vietnam,Major Attractions and Sites | National Orchid Gardens,%,4.0
2023,SOUTHEAST ASIA,Vietnam,Free Access Attractions and Sites | Orchard Road,%,37.0
2023,SOUTHEAST ASIA,Vietnam,Free Access Attractions and Sites | Chinatown,%,53.0
2023,SOUTHEAST ASIA,Vietnam,Free Access Attractions and Sites | Merlion Park,%,41.0
2023,SOUTHEAST ASIA,Vietnam,Free Access Attractions and Sites | Little India,%,23.0
2023,SOUTHEAST ASIA,Vietnam,Free Access Attractions and Sites | Esplanade Theatres by the Bay,%,12.0
2023,SOUTHEAST ASIA,Vietnam,Free Access Attractions and Sites | Singapore River/ Clarke Quay/ Boat Quay,%,28.0
2023,SOUTHEAST ASIA,Vietnam,Free Access Attractions and Sites | Singapore Botanic Gardens,%,8.0
2023,SOUTHEAST ASIA,Vietnam,Free Access Attractions and Sites | Raffles Hotel,%,5.0
2023,GREATER CHINA,China,Major Attractions and Sites | Integrated Resort (MBS/RWS),%,63.0
2023,GREATER CHINA,China,Major Attractions and Sites | Gardens by the Bay,%,53.0
2023,GREATER CHINA,China,Major Attractions and Sites | Sentosa,%,30.0
2023,GREATER CHINA,China,Major Attractions and Sites | Singapore Flyer/ Flight Experience,%,20.0
2023,GREATER CHINA,China,Major Attractions and Sites | Singapore Zoo,%,13.0
2023,GREATER CHINA,China,Major Attractions and Sites | Night Safari,%,12.0
2023,GREATER CHINA,China,Major Attractions and Sites | River Wonders (formerly River Safari),%,5.0
2023,GREATER CHINA,China,Major Attractions and Sites | Bird Paradise (formerly Jurong Bird Park),%,5.0
2023,GREATER CHINA,China,Major Attractions and Sites | National Orchid Gardens,%,4.0
2023,GREATER CHINA,China,Free Access Attractions and Sites | Orchard Road,%,52.0
2023,GREATER CHINA,China,Free Access Attractions and Sites | Chinatown,%,63.0
2023,GREATER CHINA,China,Free Access Attractions and Sites | Merlion Park,%,56.0
2023,GREATER CHINA,China,Free Access Attractions and Sites | Little India,%,31.0
2023,GREATER CHINA,China,Free Access Attractions and Sites | Esplanade Theatres by the Bay,%,11.0
2023,GREATER CHINA,China,Free Access Attractions and Sites | Singapore River/ Clarke Quay/ Boat Quay,%,34.0
2023,GREATER CHINA,China,Free Access Attractions and Sites | Singapore Botanic Gardens,%,17.0
2023,GREATER CHINA,China,Free Access Attractions and Sites | Raffles Hotel,%,11.0
2023,GREATER CHINA,Hong Kong SAR,Major Attractions and Sites | Integrated Resort (MBS/RWS),%,47.0
2023,GREATER CHINA,Hong Kong SAR,Major Attractions and Sites | Gardens by the Bay,%,41.0
2023,GREATER CHINA,Hong Kong SAR,Major Attractions and Sites | Sentosa,%,15.0
2023,GREATER CHINA,Hong Kong SAR,Major Attractions and Sites | Singapore Flyer/ Flight Experience,%,6.0
2023,GREATER CHINA,Hong Kong SAR,Major Attractions and Sites | Singapore Zoo,%,8.0
2023,GREATER CHINA,Hong Kong SAR,Major Attractions and Sites | Night Safari,%,8.0
2023,GREATER CHINA,Hong Kong SAR,Major Attractions and Sites | River Wonders (formerly River Safari),%,4.0
2023,GREATER CHINA,Hong Kong SAR,Major Attractions and Sites | Bird Paradise (formerly Jurong Bird Park),%,2.0
2023,GREATER CHINA,Hong Kong SAR,Major Attractions and Sites | National Orchid Gardens,%,3.0
2023,GREATER CHINA,Hong Kong SAR,Free Access Attractions and Sites | Orchard Road,%,38.0
2023,GREATER CHINA,Hong Kong SAR,Free Access Attractions and Sites | Chinatown,%,55.0
2023,GREATER CHINA,Hong Kong SAR,Free Access Attractions and Sites | Merlion Park,%,31.0
2023,GREATER CHINA,Hong Kong SAR,Free Access Attractions and Sites | Little India,%,22.0
2023,GREATER CHINA,Hong Kong SAR,Free Access Attractions and Sites | Esplanade Theatres by the Bay,%,12.0
2023,GREATER CHINA,Hong Kong SAR,Free Access Attractions and Sites | Singapore River/ Clarke Quay/ Boat Quay,%,31.0
2023,GREATER CHINA,Hong Kong SAR,Free Access Attractions and Sites | Singapore Botanic Gardens,%,11.0
2023,GREATER CHINA,Hong Kong SAR,Free Access Attractions and Sites | Raffles Hotel,%,8.0
2023,GREATER CHINA,Taiwan,Major Attractions and Sites | Integrated Resort (MBS/RWS),%,58.0
2023,GREATER CHINA,Taiwan,Major Attractions and Sites | Gardens by the Bay,%,50.0
2023,GREATER CHINA,Taiwan,Major Attractions and Sites | Sentosa,%,21.0
2023,GREATER CHINA,Taiwan,Major Attractions and Sites | Singapore Flyer/ Flight Experience,%,9.0
2023,GREATER CHINA,Taiwan,Major Attractions and Sites | Singapore Zoo,%,8.0
2023,GREATER CHINA,Taiwan,Major Attractions and Sites | Night Safari,%,11.0
2023,GREATER CHINA,Taiwan,Major Attractions and Sites | River Wonders (formerly River Safari),%,3.0
2023,GREATER CHINA,Taiwan,Major Attractions and Sites | Bird Paradise (formerly Jurong Bird Park),%,3.0
2023,GREATER CHINA,Taiwan,Major Attractions and Sites | National Orchid Gardens,%,4.0
2023,GREATER CHINA,Taiwan,Free Access Attractions and Sites | Orchard Road,%,33.0
2023,GREATER CHINA,Taiwan,Free Access Attractions and Sites | Chinatown,%,59.0
2023,GREATER CHINA,Taiwan,Free Access Attractions and Sites | Merlion Park,%,50.0
2023,GREATER CHINA,Taiwan,Free Access Attractions and Sites | Little India,%,36.0
2023,GREATER CHINA,Taiwan,Free Access Attractions and Sites | Esplanade Theatres by the Bay,%,13.0
2023,GREATER CHINA,Taiwan,Free Access Attractions and Sites | Singapore River/ Clarke Quay/ Boat Quay,%,33.0
2023,GREATER CHINA,Taiwan,Free Access Attractions and Sites | Singapore Botanic Gardens,%,10.0
2023,GREATER CHINA,Taiwan,Free Access Attractions and Sites | Raffles Hotel,%,9.0
2023,NORTH ASIA,Japan,Major Attractions and Sites | Integrated Resort (MBS/RWS),%,49.0
2023,NORTH ASIA,Japan,Major Attractions and Sites | Gardens by the Bay,%,40.0
2023,NORTH ASIA,Japan,Major Attractions and Sites | Sentosa,%,15.0
2023,NORTH ASIA,Japan,Major Attractions and Sites | Singapore Flyer/ Flight Experience,%,8.0
2023,NORTH ASIA,Japan,Major Attractions and Sites | Singapore Zoo,%,7.0
2023,NORTH ASIA,Japan,Major Attractions and Sites | Night Safari,%,12.0
2023,NORTH ASIA,Japan,Major Attractions and Sites | River Wonders (formerly River Safari),%,3.0
2023,NORTH ASIA,Japan,Major Attractions and Sites | Bird Paradise (formerly Jurong Bird Park),%,3.0
2023,NORTH ASIA,Japan,Major Attractions and Sites | National Orchid Gardens,%,6.0
2023,NORTH ASIA,Japan,Free Access Attractions and Sites | Orchard Road,%,29.0
2023,NORTH ASIA,Japan,Free Access Attractions and Sites | Chinatown,%,45.0
2023,NORTH ASIA,Japan,Free Access Attractions and Sites | Merlion Park,%,47.0
2023,NORTH ASIA,Japan,Free Access Attractions and Sites | Little India,%,24.0
2023,NORTH ASIA,Japan,Free Access Attractions and Sites | Esplanade Theatres by the Bay,%,9.0
2023,NORTH ASIA,Japan,Free Access Attractions and Sites | Singapore River/ Clarke Quay/ Boat Quay,%,26.0
2023,NORTH ASIA,Japan,Free Access Attractions and Sites | Singapore Botanic Gardens,%,14.0
2023,NORTH ASIA,Japan,Free Access Attractions and Sites | Raffles Hotel,%,13.0
2023,NORTH ASIA,South Korea,Major Attractions and Sites | Integrated Resort (MBS/RWS),%,63.0
2023,NORTH ASIA,South Korea,Major Attractions and Sites | Gardens by the Bay,%,60.0
2023,NORTH ASIA,South Korea,Major Attractions and Sites | Sentosa,%,29.0
2023,NORTH ASIA,South Korea,Major Attractions and Sites | Singapore Flyer/ Flight Experience,%,13.0
2023,NORTH ASIA,South Korea,Major Attractions and Sites | Singapore Zoo,%,8.0
2023,NORTH ASIA,South Korea,Major Attractions and Sites | Night Safari,%,7.0
2023,NORTH ASIA,South Korea,Major Attractions and Sites | River Wonders (formerly River Safari),%,9.0
2023,NORTH ASIA,South Korea,Major Attractions and Sites | Bird Paradise (formerly Jurong Bird Park),%,4.0
2023,NORTH ASIA,South Korea,Major Attractions and Sites | National Orchid Gardens,%,6.0
2023,NORTH ASIA,South Korea,Free Access Attractions and Sites | Orchard Road,%,37.0
2023,NORTH ASIA,South Korea,Free Access Attractions and Sites | Chinatown,%,54.0
2023,NORTH ASIA,South Korea,Free Access Attractions and Sites | Merlion Park,%,50.0
2023,NORTH ASIA,South Korea,Free Access Attractions and Sites | Little India,%,31.0
2023,NORTH ASIA,South Korea,Free Access Attractions and Sites | Esplanade Theatres by the Bay,%,11.0
2023,NORTH ASIA,South Korea,Free Access Attractions and Sites | Singapore River/ Clarke Quay/ Boat Quay,%,43.0
2023,NORTH ASIA,South Korea,Free Access Attractions and Sites | Singapore Botanic Gardens,%,18.0
2023,NORTH ASIA,South Korea,Free Access Attractions and Sites | Raffles Hotel,%,18.0
2023,SOUTH ASIA,India,Major Attractions and Sites | Integrated Resort (MBS/RWS),%,47.0
2023,SOUTH ASIA,India,Major Attractions and Sites | Gardens by the Bay,%,46.0
2023,SOUTH ASIA,India,Major Attractions and Sites | Sentosa,%,34.0
2023,SOUTH ASIA,India,Major Attractions and Sites | Singapore Flyer/ Flight Experience,%,23.0
2023,SOUTH ASIA,India,Major Attractions and Sites | Singapore Zoo,%,14.0
2023,SOUTH ASIA,India,Major Attractions and Sites | Night Safari,%,19.0
2023,SOUTH ASIA,India,Major Attractions and Sites | River Wonders (formerly River Safari),%,8.0
2023,SOUTH ASIA,India,Major Attractions and Sites | Bird Paradise (formerly Jurong Bird Park),%,6.0
2023,SOUTH ASIA,India,Major Attractions and Sites | National Orchid Gardens,%,7.0
2023,SOUTH ASIA,India,Free Access Attractions and Sites | Orchard Road,%,26.0
2023,SOUTH ASIA,India,Free Access Attractions and Sites | Chinatown,%,32.0
2023,SOUTH ASIA,India,Free Access Attractions and Sites | Merlion Park,%,37.0
2023,SOUTH ASIA,India,Free Access Attractions and Sites | Little India,%,58.0
2023,SOUTH ASIA,India,Free Access Attractions and Sites | Esplanade Theatres by the Bay,%,13.0
2023,SOUTH ASIA,India,Free Access Attractions and Sites | Singapore River/ Clarke Quay/ Boat Quay,%,20.0
2023,SOUTH ASIA,India,Free Access Attractions and Sites | Singapore Botanic Gardens,%,10.0
2023,SOUTH ASIA,India,Free Access Attractions and Sites | Raffles Hotel,%,10.0
2023,EUROPE,France,Major Attractions and Sites | Integrated Resort (MBS/RWS),%,48.0
2023,EUROPE,France,Major Attractions and Sites | Gardens by the Bay,%,63.0
2023,EUROPE,France,Major Attractions and Sites | Sentosa,%,13.0
2023,EUROPE,France,Major Attractions and Sites | Singapore Flyer/ Flight Experience,%,9.0
2023,EUROPE,France,Major Attractions and Sites | Singapore Zoo,%,4.0
2023,EUROPE,France,Major Attractions and Sites | Night Safari,%,3.0
2023,EUROPE,France,Major Attractions and Sites | River Wonders (formerly River Safari),%,3.0
2023,EUROPE,France,Major Attractions and Sites | Bird Paradise (formerly Jurong Bird Park),%,1.0
2023,EUROPE,France,Major Attractions and Sites | National Orchid Gardens,%,11.0
2023,EUROPE,France,Free Access Attractions and Sites | Orchard Road,%,31.0
2023,EUROPE,France,Free Access Attractions and Sites | Chinatown,%,60.0
2023,EUROPE,France,Free Access Attractions and Sites | Merlion Park,%,33.0
2023,EUROPE,France,Free Access Attractions and Sites | Little India,%,50.0
2023,EUROPE,France,Free Access Attractions and Sites | Esplanade Theatres by the Bay,%,15.0
2023,EUROPE,France,Free Access Attractions and Sites | Singapore River/ Clarke Quay/ Boat Quay,%,35.0
2023,EUROPE,France,Free Access Attractions and Sites | Singapore Botanic Gardens,%,20.0
2023,EUROPE,France,Free Access Attractions and Sites | Raffles Hotel,%,18.0
2023,EUROPE,Germany,Major Attractions and Sites | Integrated Resort (MBS/RWS),%,52.0
2023,EUROPE,Germany,Major Attractions and Sites | Gardens by the Bay,%,69.0
2023,EUROPE,Germany,Major Attractions and Sites | Sentosa,%,15.0
2023,EUROPE,Germany,Major Attractions and Sites | Singapore Flyer/ Flight Experience,%,10.0
2023,EUROPE,Germany,Major Attractions and Sites | Singapore Zoo,%,4.0
2023,EUROPE,Germany,Major Attractions and Sites | Night Safari,%,4.0
2023,EUROPE,Germany,Major Attractions and Sites | River Wonders (formerly River Safari),%,2.0
2023,EUROPE,Germany,Major Attractions and Sites | Bird Paradise (formerly Jurong Bird Park),%,1.0
2023,EUROPE,Germany,Major Attractions and Sites | National Orchid Gardens,%,15.0
2023,EUROPE,Germany,Free Access Attractions and Sites | Orchard Road,%,31.0
2023,EUROPE,Germany,Free Access Attractions and Sites | Chinatown,%,67.0
2023,EUROPE,Germany,Free Access Attractions and Sites | Merlion Park,%,40.0
2023,EUROPE,Germany,Free Access Attractions and Sites | Little India,%,49.0
2023,EUROPE,Germany,Free Access Attractions and Sites | Esplanade Theatres by the Bay,%,13.0
2023,EUROPE,Germany,Free Access Attractions and Sites | Singapore River/ Clarke Quay/ Boat Quay,%,41.0
2023,EUROPE,Germany,Free Access Attractions and Sites | Singapore Botanic Gardens,%,25.0
2023,EUROPE,Germany,Free Access Attractions and Sites | Raffles Hotel,%,18.0
2023,EUROPE,Italy,Major Attractions and Sites | Integrated Resort (MBS/RWS),%,47.0
2023,EUROPE,Italy,Major Attractions and Sites | Gardens by the Bay,%,54.0
2023,EUROPE,Italy,Major Attractions and Sites | Sentosa,%,12.0
2023,EUROPE,Italy,Major Attractions and Sites | Singapore Flyer/ Flight Experience,%,8.0
2023,EUROPE,Italy,Major Attractions and Sites | Singapore Zoo,%,5.0
2023,EUROPE,Italy,Major Attractions and Sites | Night Safari,%,1.0
2023,EUROPE,Italy,Major Attractions and Sites | River Wonders (formerly River Safari),%,1.0
2023,EUROPE,Italy,Major Attractions and Sites | Bird Paradise (formerly Jurong Bird Park),%,1.0
2023,EUROPE,Italy,Major Attractions and Sites | National Orchid Gardens,%,8.0
2023,EUROPE,Italy,Free Access Attractions and Sites | Orchard Road,%,26.0
2023,EUROPE,Italy,Free Access Attractions and Sites | Chinatown,%,50.0
2023,EUROPE,Italy,Free Access Attractions and Sites | Merlion Park,%,27.0
2023,EUROPE,Italy,Free Access Attractions and Sites | Little India,%,39.0
2023,EUROPE,Italy,Free Access Attractions and Sites | Esplanade Theatres by the Bay,%,10.0
2023,EUROPE,Italy,Free Access Attractions and Sites | Singapore River/ Clarke Quay/ Boat Quay,%,36.0
2023,EUROPE,Italy,Free Access Attractions and Sites | Singapore Botanic Gardens,%,20.0
2023,EUROPE,Italy,Free Access Attractions and Sites | Raffles Hotel,%,16.0
2023,EUROPE,Netherlands,Major Attractions and Sites | Integrated Resort (MBS/RWS),%,43.0
2023,EUROPE,Netherlands,Major Attractions and Sites | Gardens by the Bay,%,54.0
2023,EUROPE,Netherlands,Major Attractions and Sites | Sentosa,%,10.0
2023,EUROPE,Netherlands,Major Attractions and Sites | Singapore Flyer/ Flight Experience,%,9.0
2023,EUROPE,Netherlands,Major Attractions and Sites | Singapore Zoo,%,2.0
2023,EUROPE,Netherlands,Major Attractions and Sites | Night Safari,%,1.0
2023,EUROPE,Netherlands,Major Attractions and Sites | Bird Paradise (formerly Jurong Bird Park),%,1.0
2023,EUROPE,Netherlands,Major Attractions and Sites | National Orchid Gardens,%,9.0
2023,EUROPE,Netherlands,Free Access Attractions and Sites | Orchard Road,%,23.0
2023,EUROPE,Netherlands,Free Access Attractions and Sites | Chinatown,%,44.0
2023,EUROPE,Netherlands,Free Access Attractions and Sites | Merlion Park,%,26.0
2023,EUROPE,Netherlands,Free Access Attractions and Sites | Little India,%,34.0
2023,EUROPE,Netherlands,Free Access Attractions and Sites | Esplanade Theatres by the Bay,%,16.0
2023,EUROPE,Netherlands,Free Access Attractions and Sites | Singapore River/ Clarke Quay/ Boat Quay,%,33.0
2023,EUROPE,Netherlands,Free Access Attractions and Sites | Singapore Botanic Gardens,%,19.0
2023,EUROPE,Netherlands,Free Access Attractions and Sites | Raffles Hotel,%,11.0
2023,EUROPE,Switzerland,Major Attractions and Sites | Integrated Resort (MBS/RWS),%,56.0
2023,EUROPE,Switzerland,Major Attractions and Sites | Gardens by the Bay,%,55.0
2023,EUROPE,Switzerland,Major Attractions and Sites | Sentosa,%,13.0
2023,EUROPE,Switzerland,Major Attractions and Sites | Singapore Flyer/ Flight Experience,%,7.0
2023,EUROPE,Switzerland,Major Attractions and Sites | Singapore Zoo,%,4.0
2023,EUROPE,Switzerland,Major Attractions and Sites | Night Safari,%,3.0
2023,EUROPE,Switzerland,Major Attractions and Sites | River Wonders (formerly River Safari),%,3.0
2023,EUROPE,Switzerland,Major Attractions and Sites | Bird Paradise (formerly Jurong Bird Park),%,1.0
2023,EUROPE,Switzerland,Major Attractions and Sites | National Orchid Gardens,%,9.0
2023,EUROPE,Switzerland,Free Access Attractions and Sites | Orchard Road,%,32.0
2023,EUROPE,Switzerland,Free Access Attractions and Sites | Chinatown,%,62.0
2023,EUROPE,Switzerland,Free Access Attractions and Sites | Merlion Park,%,36.0
2023,EUROPE,Switzerland,Free Access Attractions and Sites | Little India,%,41.0
2023,EUROPE,Switzerland,Free Access Attractions and Sites | Esplanade Theatres by the Bay,%,16.0
2023,EUROPE,Switzerland,Free Access Attractions and Sites | Singapore River/ Clarke Quay/ Boat Quay,%,32.0
2023,EUROPE,Switzerland,Free Access Attractions and Sites | Singapore Botanic Gardens,%,23.0
2023,EUROPE,Switzerland,Free Access Attractions and Sites | Raffles Hotel,%,14.0
2023,EUROPE,UK,Major Attractions and Sites | Integrated Resort (MBS/RWS),%,52.0
2023,EUROPE,UK,Major Attractions and Sites | Gardens by the Bay,%,58.0
2023,EUROPE,UK,Major Attractions and Sites | Sentosa,%,16.0
2023,EUROPE,UK,Major Attractions and Sites | Singapore Flyer/ Flight Experience,%,9.0
2023,EUROPE,UK,Major Attractions and Sites | Singapore Zoo,%,5.0
2023,EUROPE,UK,Major Attractions and Sites | Night Safari,%,5.0
2023,EUROPE,UK,Major Attractions and Sites | River Wonders (formerly River Safari),%,2.0
2023,EUROPE,UK,Major Attractions and Sites | Bird Paradise (formerly Jurong Bird Park),%,2.0
2023,EUROPE,UK,Major Attractions and Sites | National Orchid Gardens,%,11.0
2023,EUROPE,UK,Free Access Attractions and Sites | Orchard Road,%,26.0
2023,EUROPE,UK,Free Access Attractions and Sites | Chinatown,%,54.0
2023,EUROPE,UK,Free Access Attractions and Sites | Merlion Park,%,29.0
2023,EUROPE,UK,Free Access Attractions and Sites | Little India,%,34.0
2023,EUROPE,UK,Free Access Attractions and Sites | Esplanade Theatres by the Bay,%,11.0
2023,EUROPE,UK,Free Access Attractions and Sites | Singapore River/ Clarke Quay/ Boat Quay,%,36.0
2023,EUROPE,UK,Free Access Attractions and Sites | Singapore Botanic Gardens,%,23.0
2023,EUROPE,UK,Free Access Attractions and Sites | Raffles Hotel,%,32.0
2023,AMERICAS,Canada,Major Attractions and Sites | Integrated Resort (MBS/RWS),%,39.0
2023,AMERICAS,Canada,Major Attractions and Sites | Gardens by the Bay,%,49.0
2023,AMERICAS,Canada,Major Attractions and Sites | Sentosa,%,14.0
2023,AMERICAS,Canada,Major Attractions and Sites | Singapore Flyer/ Flight Experience,%,7.0
2023,AMERICAS,Canada,Major Attractions and Sites | Singapore Zoo,%,3.0
2023,AMERICAS,Canada,Major Attractions and Sites | Night Safari,%,6.0
2023,AMERICAS,Canada,Major Attractions and Sites | River Wonders (formerly River Safari),%,2.0
2023,AMERICAS,Canada,Major Attractions and Sites | Bird Paradise (formerly Jurong Bird Park),%,1.0
2023,AMERICAS,Canada,Major Attractions and Sites | National Orchid Gardens,%,6.0
2023,AMERICAS,Canada,Free Access Attractions and Sites | Orchard Road,%,22.0
2023,AMERICAS,Canada,Free Access Attractions and Sites | Chinatown,%,48.0
2023,AMERICAS,Canada,Free Access Attractions and Sites | Merlion Park,%,30.0
2023,AMERICAS,Canada,Free Access Attractions and Sites | Little India,%,33.0
2023,AMERICAS,Canada,Free Access Attractions and Sites | Esplanade Theatres by the Bay,%,8.0
2023,AMERICAS,Canada,Free Access Attractions and Sites | Singapore River/ Clarke Quay/ Boat Quay,%,24.0
2023,AMERICAS,Canada,Free Access Attractions and Sites | Singapore Botanic Gardens,%,14.0
2023,AMERICAS,Canada,Free Access Attractions and Sites | Raffles Hotel,%,13.0
2023,AMERICAS,USA,Major Attractions and Sites | Integrated Resort (MBS/RWS),%,44.0
2023,AMERICAS,USA,Major Attractions and Sites | Gardens by the Bay,%,54.0
2023,AMERICAS,USA,Major Attractions and Sites | Sentosa,%,13.0
2023,AMERICAS,USA,Major Attractions and Sites | Singapore Flyer/ Flight Experience,%,7.0
2023,AMERICAS,USA,Major Attractions and Sites | Singapore Zoo,%,7.0
2023,AMERICAS,USA,Major Attractions and Sites | Night Safari,%,4.0
2023,AMERICAS,USA,Major Attractions and Sites | River Wonders (formerly River Safari),%,2.0
2023,AMERICAS,USA,Major Attractions and Sites | Bird Paradise (formerly Jurong Bird Park),%,2.0
2023,AMERICAS,USA,Major Attractions and Sites | National Orchid Gardens,%,12.0
2023,AMERICAS,USA,Free Access Attractions and Sites | Orchard Road,%,28.0
2023,AMERICAS,USA,Free Access Attractions and Sites | Chinatown,%,50.0
2023,AMERICAS,USA,Free Access Attractions and Sites | Merlion Park,%,31.0
2023,AMERICAS,USA,Free Access Attractions and Sites | Little India,%,33.0
2023,AMERICAS,USA,Free Access Attractions and Sites | Esplanade Theatres by the Bay,%,11.0
2023,AMERICAS,USA,Free Access Attractions and Sites | Singapore River/ Clarke Quay/ Boat Quay,%,30.0
2023,AMERICAS,USA,Free Access Attractions and Sites | Singapore Botanic Gardens,%,19.0
2023,AMERICAS,USA,Free Access Attractions and Sites | Raffles Hotel,%,15.0
2023,OCEANIA,Australia,Major Attractions and Sites | Integrated Resort (MBS/RWS),%,43.0
2023,OCEANIA,Australia,Major Attractions and Sites | Gardens by the Bay,%,49.0
2023,OCEANIA,Australia,Major Attractions and Sites | Sentosa,%,17.0
2023,OCEANIA,Australia,Major Attractions and Sites | Singapore Flyer/ Flight Experience,%,8.0
2023,OCEANIA,Australia,Major Attractions and Sites | Singapore Zoo,%,6.0
2023,OCEANIA,Australia,Major Attractions and Sites | Night Safari,%,5.0
2023,OCEANIA,Australia,Major Attractions and Sites | River Wonders (formerly River Safari),%,3.0
2023,OCEANIA,Australia,Major Attractions and Sites | Bird Paradise (formerly Jurong Bird Park),%,2.0
2023,OCEANIA,Australia,Major Attractions and Sites | National Orchid Gardens,%,8.0
2023,OCEANIA,Australia,Free Access Attractions and Sites | Orchard Road,%,28.0
2023,OCEANIA,Australia,Free Access Attractions and Sites | Chinatown,%,43.0
2023,OCEANIA,Australia,Free Access Attractions and Sites | Merlion Park,%,27.0
2023,OCEANIA,Australia,Free Access Attractions and Sites | Little India,%,30.0
2023,OCEANIA,Australia,Free Access Attractions and Sites | Esplanade Theatres by the Bay,%,10.0
2023,OCEANIA,Australia,Free Access Attractions and Sites | Singapore River/ Clarke Quay/ Boat Quay,%,29.0
2023,OCEANIA,Australia,Free Access Attractions and Sites | Singapore Botanic Gardens,%,15.0
2023,OCEANIA,Australia,Free Access Attractions and Sites | Raffles Hotel,%,19.0
2023,OCEANIA,New Zealand,Major Attractions and Sites | Integrated Resort (MBS/RWS),%,46.0
2023,OCEANIA,New Zealand,Major Attractions and Sites | Gardens by the Bay,%,54.0
2023,OCEANIA,New Zealand,Major Attractions and Sites | Sentosa,%,13.0
2023,OCEANIA,New Zealand,Major Attractions and Sites | Singapore Flyer/ Flight Experience,%,5.0
2023,OCEANIA,New Zealand,Major Attractions and Sites | Singapore Zoo,%,5.0
2023,OCEANIA,New Zealand,Major Attractions and Sites | Night Safari,%,4.0
2023,OCEANIA,New Zealand,Major Attractions and Sites | River Wonders (formerly River Safari),%,4.0
2023,OCEANIA,New Zealand,Major Attractions and Sites | Bird Paradise (formerly Jurong Bird Park),%,2.0
2023,OCEANIA,New Zealand,Major Attractions and Sites | National Orchid Gardens,%,10.0
2023,OCEANIA,New Zealand,Free Access Attractions and Sites | Orchard Road,%,25.0
2023,OCEANIA,New Zealand,Free Access Attractions and Sites | Chinatown,%,43.0
2023,OCEANIA,New Zealand,Free Access Attractions and Sites | Merlion Park,%,20.0
2023,OCEANIA,New Zealand,Free Access Attractions and Sites | Little India,%,20.0
2023,OCEANIA,New Zealand,Free Access Attractions and Sites | Esplanade Theatres by the Bay,%,8.0
2023,OCEANIA,New Zealand,Free Access Attractions and Sites | Singapore River/ Clarke Quay/ Boat Quay,%,26.0
2023,OCEANIA,New Zealand,Free Access Attractions and Sites | Singapore Botanic Gardens,%,17.0
2023,OCEANIA,New Zealand,Free Access Attractions and Sites | Raffles Hotel,%,19.0
2023,AFRICA,South Africa (Rep of),Major Attractions and Sites | Integrated Resort (MBS/RWS),%,37.0
2023,AFRICA,South Africa (Rep of),Major Attractions and Sites | Gardens by the Bay,%,45.0
2023,AFRICA,South Africa (Rep of),Major Attractions and Sites | Sentosa,%,21.0
2023,AFRICA,South Africa (Rep of),Major Attractions and Sites | Singapore Flyer/ Flight Experience,%,7.0
2023,AFRICA,South Africa (Rep of),Major Attractions and Sites | Singapore Zoo,%,2.0
2023,AFRICA,South Africa (Rep of),Major Attractions and Sites | Night Safari,%,3.0
2023,AFRICA,South Africa (Rep of),Major Attractions and Sites | River Wonders (formerly River Safari),%,2.0
2023,AFRICA,South Africa (Rep of),Major Attractions and Sites | Bird Paradise (formerly Jurong Bird Park),%,2.0
2023,AFRICA,South Africa (Rep of),Major Attractions and Sites | National Orchid Gardens,%,4.0
2023,AFRICA,South Africa (Rep of),Free Access Attractions and Sites | Orchard Road,%,21.0
2023,AFRICA,South Africa (Rep of),Free Access Attractions and Sites | Chinatown,%,27.0
2023,AFRICA,South Africa (Rep of),Free Access Attractions and Sites | Merlion Park,%,25.0
2023,AFRICA,South Africa (Rep of),Free Access Attractions and Sites | Little India,%,18.0
2023,AFRICA,South Africa (Rep of),Free Access Attractions and Sites | Esplanade Theatres by the Bay,%,13.0
2023,AFRICA,South Africa (Rep of),Free Access Attractions and Sites | Singapore River/ Clarke Quay/ Boat Quay,%,26.0
2023,AFRICA,South Africa (Rep of),Free Access Attractions and Sites | Singapore Botanic Gardens,%,16.0
2023,AFRICA,South Africa (Rep of),Free Access Attractions and Sites | Raffles Hotel,%,6.0
2023,REMAINING,Others,Major Attractions and Sites | Integrated Resort (MBS/RWS),%,54.0
2023,REMAINING,Others,Major Attractions and Sites | Gardens by the Bay,%,55.0
2023,REMAINING,Others,Major Attractions and Sites | Sentosa,%,21.0
2023,REMAINING,Others,Major Attractions and Sites | Singapore Flyer/ Flight Experience,%,11.0
2023,REMAINING,Others,Major Attractions and Sites | Singapore Zoo,%,6.0
2023,REMAINING,Others,Major Attractions and Sites | Night Safari,%,4.0
2023,REMAINING,Others,Major Attractions and Sites | River Wonders (formerly River Safari),%,3.0
2023,REMAINING,Others,Major Attractions and Sites | Bird Paradise (formerly Jurong Bird Park),%,2.0
2023,REMAINING,Others,Major Attractions and Sites | National Orchid Gardens,%,7.0
2023,REMAINING,Others,Free Access Attractions and Sites | Orchard Road,%,31.0
2023,REMAINING,Others,Free Access Attractions and Sites | Chinatown,%,51.0
2023,REMAINING,Others,Free Access Attractions and Sites | Merlion Park,%,34.0
2023,REMAINING,Others,Free Access Attractions and Sites | Little India,%,41.0
2023,REMAINING,Others,Free Access Attractions and Sites | Esplanade Theatres by the Bay,%,12.0
2023,REMAINING,Others,Free Access Attractions and Sites | Singapore River/ Clarke Quay/ Boat Quay,%,30.0
2023,REMAINING,Others,Free Access Attractions and Sites | Singapore Botanic Gardens,%,15.0
2023,REMAINING,Others,Free Access Attractions and Sites | Raffles Hotel,%,11.0
2019,SOUTHEAST ASIA,Indonesia,Major Attractions and Sites | Integrated Resort (MBS/RWS),%,31.68091397672763
2019,SOUTHEAST ASIA,Indonesia,Major Attractions and Sites | Gardens by the Bay,%,27.24360287920737
2019,SOUTHEAST ASIA,Indonesia,Major Attractions and Sites | Sentosa,%,14.60158055814809
2019,SOUTHEAST ASIA,Indonesia,Major Attractions and Sites | Singapore Flyer/ Flight Experience,%,4.737228495605392
2019,SOUTHEAST ASIA,Indonesia,Major Attractions and Sites | Singapore Zoo,%,2.899333408358314
2019,SOUTHEAST ASIA,Indonesia,Major Attractions and Sites | Night Safari,%,1.094977011995749
2019,SOUTHEAST ASIA,Indonesia,Major Attractions and Sites | River Wonders (formerly River Safari),%,1.222511551280971
2019,SOUTHEAST ASIA,Indonesia,Major Attractions and Sites | Bird Paradise (formerly Jurong Bird Park),%,1.169762379464157
2019,SOUTHEAST ASIA,Indonesia,Major Attractions and Sites | National Orchid Gardens,%,1.284520469223792
2019,SOUTHEAST ASIA,Indonesia,Free Access Attractions and Sites | Orchard Road,%,40.17337596599834
2019,SOUTHEAST ASIA,Indonesia,Free Access Attractions and Sites | Chinatown,%,25.62367787568873
2019,SOUTHEAST ASIA,Indonesia,Free Access Attractions and Sites | Merlion Park,%,22.65082522229253
2019,SOUTHEAST ASIA,Indonesia,Free Access Attractions and Sites | Little India,%,15.89228875870315
2019,SOUTHEAST ASIA,Indonesia,Free Access Attractions and Sites | Esplanade Theatres by the Bay,%,6.209463011201614
2019,SOUTHEAST ASIA,Indonesia,Free Access Attractions and Sites | Singapore River/ Clarke Quay/ Boat Quay,%,11.5528683282695
2019,SOUTHEAST ASIA,Indonesia,Free Access Attractions and Sites | Singapore Botanic Gardens,%,5.360570192825285
2019,SOUTHEAST ASIA,Indonesia,Free Access Attractions and Sites | Raffles Hotel,%,2.49772152609818
2019,SOUTHEAST ASIA,Malaysia,Major Attractions and Sites | Integrated Resort (MBS/RWS),%,22.14518396678998
2019,SOUTHEAST ASIA,Malaysia,Major Attractions and Sites | Gardens by the Bay,%,18.91690541311785
2019,SOUTHEAST ASIA,Malaysia,Major Attractions and Sites | Sentosa,%,7.488487088806624
2019,SOUTHEAST ASIA,Malaysia,Major Attractions and Sites | Singapore Flyer/ Flight Experience,%,3.238608920130214
2019,SOUTHEAST ASIA,Malaysia,Major Attractions and Sites | Singapore Zoo,%,2.359655923247817
2019,SOUTHEAST ASIA,Malaysia,Major Attractions and Sites | Night Safari,%,1.316566096915986
2019,SOUTHEAST ASIA,Malaysia,Major Attractions and Sites | River Wonders (formerly River Safari),%,1.186273307760347
2019,SOUTHEAST ASIA,Malaysia,Major Attractions and Sites | Bird Paradise (formerly Jurong Bird Park),%,0.5611723553035014
2019,SOUTHEAST ASIA,Malaysia,Major Attractions and Sites | National Orchid Gardens,%,1.421550187428577
2019,SOUTHEAST ASIA,Malaysia,Free Access Attractions and Sites | Orchard Road,%,22.70518929843641
2019,SOUTHEAST ASIA,Malaysia,Free Access Attractions and Sites | Chinatown,%,21.40077243762801
2019,SOUTHEAST ASIA,Malaysia,Free Access Attractions and Sites | Merlion Park,%,11.02505765973676
2019,SOUTHEAST ASIA,Malaysia,Free Access Attractions and Sites | Little India,%,10.7124025400418
2019,SOUTHEAST ASIA,Malaysia,Free Access Attractions and Sites | Esplanade Theatres by the Bay,%,4.815445678368719
2019,SOUTHEAST ASIA,Malaysia,Free Access Attractions and Sites | Singapore River/ Clarke Quay/ Boat Quay,%,9.907438628951038
2019,SOUTHEAST ASIA,Malaysia,Free Access Attractions and Sites | Singapore Botanic Gardens,%,3.454957539783472
2019,SOUTHEAST ASIA,Malaysia,Free Access Attractions and Sites | Raffles Hotel,%,2.385008514973859
2019,SOUTHEAST ASIA,Philippines,Major Attractions and Sites | Integrated Resort (MBS/RWS),%,62.925994744343
2019,SOUTHEAST ASIA,Philippines,Major Attractions and Sites | Gardens by the Bay,%,61.91623708540036
2019,SOUTHEAST ASIA,Philippines,Major Attractions and Sites | Sentosa,%,37.6232390023734
2019,SOUTHEAST ASIA,Philippines,Major Attractions and Sites | Singapore Flyer/ Flight Experience,%,13.75635689551735
2019,SOUTHEAST ASIA,Philippines,Major Attractions and Sites | Singapore Zoo,%,11.35586025456441
2019,SOUTHEAST ASIA,Philippines,Major Attractions and Sites | Night Safari,%,6.585816823362254
2019,SOUTHEAST ASIA,Philippines,Major Attractions and Sites | River Wonders (formerly River Safari),%,5.538386761875767
2019,SOUTHEAST ASIA,Philippines,Major Attractions and Sites | Bird Paradise (formerly Jurong Bird Park),%,3.828282012262561
2019,SOUTHEAST ASIA,Philippines,Major Attractions and Sites | National Orchid Gardens,%,4.46840721738032
2019,SOUTHEAST ASIA,Philippines,Free Access Attractions and Sites | Orchard Road,%,48.85554756911034
2019,SOUTHEAST ASIA,Philippines,Free Access Attractions and Sites | Chinatown,%,47.48340815449234
2019,SOUTHEAST ASIA,Philippines,Free Access Attractions and Sites | Merlion Park,%,45.72124311546072
2019,SOUTHEAST ASIA,Philippines,Free Access Attractions and Sites | Little India,%,35.16377004372945
2019,SOUTHEAST ASIA,Philippines,Free Access Attractions and Sites | Esplanade Theatres by the Bay,%,15.30581968894864
2019,SOUTHEAST ASIA,Philippines,Free Access Attractions and Sites | Singapore River/ Clarke Quay/ Boat Quay,%,20.59279715142548
2019,SOUTHEAST ASIA,Philippines,Free Access Attractions and Sites | Singapore Botanic Gardens,%,15.46267744688058
2019,SOUTHEAST ASIA,Philippines,Free Access Attractions and Sites | Raffles Hotel,%,10.41669967430331
2019,SOUTHEAST ASIA,Thailand,Major Attractions and Sites | Integrated Resort (MBS/RWS),%,49.49338685503388
2019,SOUTHEAST ASIA,Thailand,Major Attractions and Sites | Gardens by the Bay,%,44.35761826957486
2019,SOUTHEAST ASIA,Thailand,Major Attractions and Sites | Sentosa,%,23.25557196819932
2019,SOUTHEAST ASIA,Thailand,Major Attractions and Sites | Singapore Flyer/ Flight Experience,%,12.99765192356785
2019,SOUTHEAST ASIA,Thailand,Major Attractions and Sites | Singapore Zoo,%,4.758241456365893
2019,SOUTHEAST ASIA,Thailand,Major Attractions and Sites | Night Safari,%,3.44532831089162
2019,SOUTHEAST ASIA,Thailand,Major Attractions and Sites | River Wonders (formerly River Safari),%,3.243776823524346
2019,SOUTHEAST ASIA,Thailand,Major Attractions and Sites | Bird Paradise (formerly Jurong Bird Park),%,2.303965690440285
2019,SOUTHEAST ASIA,Thailand,Major Attractions and Sites | National Orchid Gardens,%,2.757427893712585
2019,SOUTHEAST ASIA,Thailand,Free Access Attractions and Sites | Orchard Road,%,41.88199392194996
2019,SOUTHEAST ASIA,Thailand,Free Access Attractions and Sites | Chinatown,%,47.53389960515246
2019,SOUTHEAST ASIA,Thailand,Free Access Attractions and Sites | Merlion Park,%,36.00999713019525
2019,SOUTHEAST ASIA,Thailand,Free Access Attractions and Sites | Little India,%,23.77237470614053
2019,SOUTHEAST ASIA,Thailand,Free Access Attractions and Sites | Esplanade Theatres by the Bay,%,12.42821005354388
2019,SOUTHEAST ASIA,Thailand,Free Access Attractions and Sites | Singapore River/ Clarke Quay/ Boat Quay,%,29.10787610342832
2019,SOUTHEAST ASIA,Thailand,Free Access Attractions and Sites | Singapore Botanic Gardens,%,7.447488500172316
2019,SOUTHEAST ASIA,Thailand,Free Access Attractions and Sites | Raffles Hotel,%,4.77411393268822
2019,SOUTHEAST ASIA,Vietnam,Major Attractions and Sites | Integrated Resort (MBS/RWS),%,61.75508062566579
2019,SOUTHEAST ASIA,Vietnam,Major Attractions and Sites | Gardens by the Bay,%,63.6473237046531
2019,SOUTHEAST ASIA,Vietnam,Major Attractions and Sites | Sentosa,%,37.39447484368982
2019,SOUTHEAST ASIA,Vietnam,Major Attractions and Sites | Singapore Flyer/ Flight Experience,%,10.05125500626037
2019,SOUTHEAST ASIA,Vietnam,Major Attractions and Sites | Singapore Zoo,%,7.547841580246391
2019,SOUTHEAST ASIA,Vietnam,Major Attractions and Sites | Night Safari,%,4.334767900804107
2019,SOUTHEAST ASIA,Vietnam,Major Attractions and Sites | River Wonders (formerly River Safari),%,2.967027119096907
2019,SOUTHEAST ASIA,Vietnam,Major Attractions and Sites | Bird Paradise (formerly Jurong Bird Park),%,5.570328069857278
2019,SOUTHEAST ASIA,Vietnam,Major Attractions and Sites | National Orchid Gardens,%,3.9446368391438
2019,SOUTHEAST ASIA,Vietnam,Free Access Attractions and Sites | Orchard Road,%,45.49258457251339
2019,SOUTHEAST ASIA,Vietnam,Free Access Attractions and Sites | Chinatown,%,60.48284887858699
2019,SOUTHEAST ASIA,Vietnam,Free Access Attractions and Sites | Merlion Park,%,50.38250500109223
2019,SOUTHEAST ASIA,Vietnam,Free Access Attractions and Sites | Little India,%,26.24826461557151
2019,SOUTHEAST ASIA,Vietnam,Free Access Attractions and Sites | Esplanade Theatres by the Bay,%,13.70985418306914
2019,SOUTHEAST ASIA,Vietnam,Free Access Attractions and Sites | Singapore River/ Clarke Quay/ Boat Quay,%,30.86309899354683
2019,SOUTHEAST ASIA,Vietnam,Free Access Attractions and Sites | Singapore Botanic Gardens,%,15.17535381437545
2019,SOUTHEAST ASIA,Vietnam,Free Access Attractions and Sites | Raffles Hotel,%,4.365516838016815
2019,GREATER CHINA,China,Major Attractions and Sites | Integrated Resort (MBS/RWS),%,64.22631348644646
2019,GREATER CHINA,China,Major Attractions and Sites | Gardens by the Bay,%,61.72691235652542
2019,GREATER CHINA,China,Major Attractions and Sites | Sentosa,%,30.92203242640664
2019,GREATER CHINA,China,Major Attractions and Sites | Singapore Flyer/ Flight Experience,%,15.11268180485502
2019,GREATER CHINA,China,Major Attractions and Sites | Singapore Zoo,%,10.5650295694148
2019,GREATER CHINA,China,Major Attractions and Sites | Night Safari,%,5.884504002720796
2019,GREATER CHINA,China,Major Attractions and Sites | River Wonders (formerly River Safari),%,4.349574422064617
2019,GREATER CHINA,China,Major Attractions and Sites | Bird Paradise (formerly Jurong Bird Park),%,2.118335721708686
2019,GREATER CHINA,China,Major Attractions and Sites | National Orchid Gardens,%,2.675301368026421
2019,GREATER CHINA,China,Free Access Attractions and Sites | Orchard Road,%,49.66150165277947
2019,GREATER CHINA,China,Free Access Attractions and Sites | Chinatown,%,44.88972034521705
2019,GREATER CHINA,China,Free Access Attractions and Sites | Merlion Park,%,62.74740905193423
2019,GREATER CHINA,China,Free Access Attractions and Sites | Little India,%,19.90618912023344
2019,GREATER CHINA,China,Free Access Attractions and Sites | Esplanade Theatres by the Bay,%,9.548596253184286
2019,GREATER CHINA,China,Free Access Attractions and Sites | Singapore River/ Clarke Quay/ Boat Quay,%,18.88475431697517
2019,GREATER CHINA,China,Free Access Attractions and Sites | Singapore Botanic Gardens,%,11.4333412723065
2019,GREATER CHINA,China,Free Access Attractions and Sites | Raffles Hotel,%,2.892738708584708
2019,GREATER CHINA,Hong Kong SAR,Major Attractions and Sites | Integrated Resort (MBS/RWS),%,49.09440519009651
2019,GREATER CHINA,Hong Kong SAR,Major Attractions and Sites | Gardens by the Bay,%,50.39564945484747
2019,GREATER CHINA,Hong Kong SAR,Major Attractions and Sites | Sentosa,%,25.87587328044809
2019,GREATER CHINA,Hong Kong SAR,Major Attractions and Sites | Singapore Flyer/ Flight Experience,%,10.31154591339282
2019,GREATER CHINA,Hong Kong SAR,Major Attractions and Sites | Singapore Zoo,%,7.739829182978158
2019,GREATER CHINA,Hong Kong SAR,Major Attractions and Sites | Night Safari,%,6.615232495439138
2019,GREATER CHINA,Hong Kong SAR,Major Attractions and Sites | River Wonders (formerly River Safari),%,3.607747963666156
2019,GREATER CHINA,Hong Kong SAR,Major Attractions and Sites | Bird Paradise (formerly Jurong Bird Park),%,1.816364305761061
2019,GREATER CHINA,Hong Kong SAR,Major Attractions and Sites | National Orchid Gardens,%,3.984490943546073
2019,GREATER CHINA,Hong Kong SAR,Free Access Attractions and Sites | Orchard Road,%,36.54483225632874
2019,GREATER CHINA,Hong Kong SAR,Free Access Attractions and Sites | Chinatown,%,52.00571597131462
2019,GREATER CHINA,Hong Kong SAR,Free Access Attractions and Sites | Merlion Park,%,33.40311611347699
2019,GREATER CHINA,Hong Kong SAR,Free Access Attractions and Sites | Little India,%,27.08142930801305
2019,GREATER CHINA,Hong Kong SAR,Free Access Attractions and Sites | Esplanade Theatres by the Bay,%,10.40620821830144
2019,GREATER CHINA,Hong Kong SAR,Free Access Attractions and Sites | Singapore River/ Clarke Quay/ Boat Quay,%,25.97557852297195
2019,GREATER CHINA,Hong Kong SAR,Free Access Attractions and Sites | Singapore Botanic Gardens,%,11.44190171527429
2019,GREATER CHINA,Hong Kong SAR,Free Access Attractions and Sites | Raffles Hotel,%,5.504152039935092
2019,GREATER CHINA,Taiwan,Major Attractions and Sites | Integrated Resort (MBS/RWS),%,51.22930544012669
2019,GREATER CHINA,Taiwan,Major Attractions and Sites | Gardens by the Bay,%,53.03853885466217
2019,GREATER CHINA,Taiwan,Major Attractions and Sites | Sentosa,%,28.50054348987695
2019,GREATER CHINA,Taiwan,Major Attractions and Sites | Singapore Flyer/ Flight Experience,%,12.29729997786793
2019,GREATER CHINA,Taiwan,Major Attractions and Sites | Singapore Zoo,%,10.66633958590798
2019,GREATER CHINA,Taiwan,Major Attractions and Sites | Night Safari,%,12.00320712831353
2019,GREATER CHINA,Taiwan,Major Attractions and Sites | River Wonders (formerly River Safari),%,4.155735082316546
2019,GREATER CHINA,Taiwan,Major Attractions and Sites | Bird Paradise (formerly Jurong Bird Park),%,2.479353874647853
2019,GREATER CHINA,Taiwan,Major Attractions and Sites | National Orchid Gardens,%,2.909198217756637
2019,GREATER CHINA,Taiwan,Free Access Attractions and Sites | Orchard Road,%,36.36927800856986
2019,GREATER CHINA,Taiwan,Free Access Attractions and Sites | Chinatown,%,53.68022767753659
2019,GREATER CHINA,Taiwan,Free Access Attractions and Sites | Merlion Park,%,39.26363985809785
2019,GREATER CHINA,Taiwan,Free Access Attractions and Sites | Little India,%,35.76776066424751
2019,GREATER CHINA,Taiwan,Free Access Attractions and Sites | Esplanade Theatres by the Bay,%,12.11440493622308
2019,GREATER CHINA,Taiwan,Free Access Attractions and Sites | Singapore River/ Clarke Quay/ Boat Quay,%,27.27652522621819
2019,GREATER CHINA,Taiwan,Free Access Attractions and Sites | Singapore Botanic Gardens,%,8.761345972532743
2019,GREATER CHINA,Taiwan,Free Access Attractions and Sites | Raffles Hotel,%,4.919781824108139
2019,NORTH ASIA,Japan,Major Attractions and Sites | Integrated Resort (MBS/RWS),%,52.35316577501498
2019,NORTH ASIA,Japan,Major Attractions and Sites | Gardens by the Bay,%,55.55472130193082
2019,NORTH ASIA,Japan,Major Attractions and Sites | Sentosa,%,33.29847506587747
2019,NORTH ASIA,Japan,Major Attractions and Sites | Singapore Flyer/ Flight Experience,%,12.54729651357184
2019,NORTH ASIA,Japan,Major Attractions and Sites | Singapore Zoo,%,13.14737770141024
2019,NORTH ASIA,Japan,Major Attractions and Sites | Night Safari,%,12.31322428268937
2019,NORTH ASIA,Japan,Major Attractions and Sites | River Wonders (formerly River Safari),%,7.051455291073121
2019,NORTH ASIA,Japan,Major Attractions and Sites | Bird Paradise (formerly Jurong Bird Park),%,2.529265777015735
2019,NORTH ASIA,Japan,Major Attractions and Sites | National Orchid Gardens,%,9.739655945176276
2019,NORTH ASIA,Japan,Free Access Attractions and Sites | Orchard Road,%,48.64773819383056
2019,NORTH ASIA,Japan,Free Access Attractions and Sites | Chinatown,%,50.81328972847298
2019,NORTH ASIA,Japan,Free Access Attractions and Sites | Merlion Park,%,49.68454694543166
2019,NORTH ASIA,Japan,Free Access Attractions and Sites | Little India,%,38.34224622825499
2019,NORTH ASIA,Japan,Free Access Attractions and Sites | Esplanade Theatres by the Bay,%,10.11056155281691
2019,NORTH ASIA,Japan,Free Access Attractions and Sites | Singapore River/ Clarke Quay/ Boat Quay,%,23.31783924212208
2019,NORTH ASIA,Japan,Free Access Attractions and Sites | Singapore Botanic Gardens,%,24.35501893341261
2019,NORTH ASIA,Japan,Free Access Attractions and Sites | Raffles Hotel,%,11.71759027305819
2019,NORTH ASIA,South Korea,Major Attractions and Sites | Integrated Resort (MBS/RWS),%,58.44264672451536
2019,NORTH ASIA,South Korea,Major Attractions and Sites | Gardens by the Bay,%,67.06844509383833
2019,NORTH ASIA,South Korea,Major Attractions and Sites | Sentosa,%,45.26731723070644
2019,NORTH ASIA,South Korea,Major Attractions and Sites | Singapore Flyer/ Flight Experience,%,18.61888461246656
2019,NORTH ASIA,South Korea,Major Attractions and Sites | Singapore Zoo,%,9.056781726499551
2019,NORTH ASIA,South Korea,Major Attractions and Sites | Night Safari,%,7.370856088790546
2019,NORTH ASIA,South Korea,Major Attractions and Sites | River Wonders (formerly River Safari),%,7.269924353472626
2019,NORTH ASIA,South Korea,Major Attractions and Sites | Bird Paradise (formerly Jurong Bird Park),%,15.83995213890584
2019,NORTH ASIA,South Korea,Major Attractions and Sites | National Orchid Gardens,%,12.50568901260146
2019,NORTH ASIA,South Korea,Free Access Attractions and Sites | Orchard Road,%,41.81030292695245
2019,NORTH ASIA,South Korea,Free Access Attractions and Sites | Chinatown,%,60.44528851141926
2019,NORTH ASIA,South Korea,Free Access Attractions and Sites | Merlion Park,%,57.33126261718562
2019,NORTH ASIA,South Korea,Free Access Attractions and Sites | Little India,%,44.47018876628919
2019,NORTH ASIA,South Korea,Free Access Attractions and Sites | Esplanade Theatres by the Bay,%,10.06010794517687
2019,NORTH ASIA,South Korea,Free Access Attractions and Sites | Singapore River/ Clarke Quay/ Boat Quay,%,36.98174543050244
2019,NORTH ASIA,South Korea,Free Access Attractions and Sites | Singapore Botanic Gardens,%,35.20916100233411
2019,NORTH ASIA,South Korea,Free Access Attractions and Sites | Raffles Hotel,%,8.158675959963164
2019,SOUTH ASIA,India,Major Attractions and Sites | Integrated Resort (MBS/RWS),%,54.97338135672646
2019,SOUTH ASIA,India,Major Attractions and Sites | Gardens by the Bay,%,54.35050461900486
2019,SOUTH ASIA,India,Major Attractions and Sites | Sentosa,%,47.32587955758189
2019,SOUTH ASIA,India,Major Attractions and Sites | Singapore Flyer/ Flight Experience,%,26.98219683528037
2019,SOUTH ASIA,India,Major Attractions and Sites | Singapore Zoo,%,22.52900512199276
2019,SOUTH ASIA,India,Major Attractions and Sites | Night Safari,%,20.80151806683251
2019,SOUTH ASIA,India,Major Attractions and Sites | River Wonders (formerly River Safari),%,9.345118751517695
2019,SOUTH ASIA,India,Major Attractions and Sites | Bird Paradise (formerly Jurong Bird Park),%,12.36461057169969
2019,SOUTH ASIA,India,Major Attractions and Sites | National Orchid Gardens,%,4.847212024173762
2019,SOUTH ASIA,India,Free Access Attractions and Sites | Orchard Road,%,20.9113075456437
2019,SOUTH ASIA,India,Free Access Attractions and Sites | Chinatown,%,33.42787332175686
2019,SOUTH ASIA,India,Free Access Attractions and Sites | Merlion Park,%,36.95180689701969
2019,SOUTH ASIA,India,Free Access Attractions and Sites | Little India,%,66.35390038447193
2019,SOUTH ASIA,India,Free Access Attractions and Sites | Esplanade Theatres by the Bay,%,10.15310194141977
2019,SOUTH ASIA,India,Free Access Attractions and Sites | Singapore River/ Clarke Quay/ Boat Quay,%,20.37779669401695
2019,SOUTH ASIA,India,Free Access Attractions and Sites | Singapore Botanic Gardens,%,13.09161025764961
2019,SOUTH ASIA,India,Free Access Attractions and Sites | Raffles Hotel,%,6.186609778829185
2019,EUROPE,France,Major Attractions and Sites | Integrated Resort (MBS/RWS),%,42.62227640734754
2019,EUROPE,France,Major Attractions and Sites | Gardens by the Bay,%,55.64252141051499
2019,EUROPE,France,Major Attractions and Sites | Sentosa,%,20.74301223866389
2019,EUROPE,France,Major Attractions and Sites | Singapore Flyer/ Flight Experience,%,5.902860047474638
2019,EUROPE,France,Major Attractions and Sites | Singapore Zoo,%,4.965774866068656
2019,EUROPE,France,Major Attractions and Sites | Night Safari,%,5.232022090428899
2019,EUROPE,France,Major Attractions and Sites | River Wonders (formerly River Safari),%,3.220389711172165
2019,EUROPE,France,Major Attractions and Sites | Bird Paradise (formerly Jurong Bird Park),%,1.604859132173216
2019,EUROPE,France,Major Attractions and Sites | National Orchid Gardens,%,8.9487793435303
2019,EUROPE,France,Free Access Attractions and Sites | Orchard Road,%,35.06101716517975
2019,EUROPE,France,Free Access Attractions and Sites | Chinatown,%,60.32018669256571
2019,EUROPE,France,Free Access Attractions and Sites | Merlion Park,%,37.01709739185475
2019,EUROPE,France,Free Access Attractions and Sites | Little India,%,48.42532338981817
2019,EUROPE,France,Free Access Attractions and Sites | Esplanade Theatres by the Bay,%,18.86747403151905
2019,EUROPE,France,Free Access Attractions and Sites | Singapore River/ Clarke Quay/ Boat Quay,%,40.70852972660219
2019,EUROPE,France,Free Access Attractions and Sites | Singapore Botanic Gardens,%,31.60999495897338
2019,EUROPE,France,Free Access Attractions and Sites | Raffles Hotel,%,10.47713274740132
2019,EUROPE,Germany,Major Attractions and Sites | Integrated Resort (MBS/RWS),%,47.53793208439394
2019,EUROPE,Germany,Major Attractions and Sites | Gardens by the Bay,%,63.78388420544851
2019,EUROPE,Germany,Major Attractions and Sites | Sentosa,%,20.77547376292707
2019,EUROPE,Germany,Major Attractions and Sites | Singapore Flyer/ Flight Experience,%,12.6322769397008
2019,EUROPE,Germany,Major Attractions and Sites | Singapore Zoo,%,8.233038916989498
2019,EUROPE,Germany,Major Attractions and Sites | Night Safari,%,5.318691485288816
2019,EUROPE,Germany,Major Attractions and Sites | River Wonders (formerly River Safari),%,4.683682552655638
2019,EUROPE,Germany,Major Attractions and Sites | Bird Paradise (formerly Jurong Bird Park),%,1.887220868336408
2019,EUROPE,Germany,Major Attractions and Sites | National Orchid Gardens,%,10.80874989172986
2019,EUROPE,Germany,Free Access Attractions and Sites | Orchard Road,%,38.28859154485753
2019,EUROPE,Germany,Free Access Attractions and Sites | Chinatown,%,63.13659957704764
2019,EUROPE,Germany,Free Access Attractions and Sites | Merlion Park,%,34.70885587945457
2019,EUROPE,Germany,Free Access Attractions and Sites | Little India,%,50.95293370545568
2019,EUROPE,Germany,Free Access Attractions and Sites | Esplanade Theatres by the Bay,%,16.73038561843626
2019,EUROPE,Germany,Free Access Attractions and Sites | Singapore River/ Clarke Quay/ Boat Quay,%,32.25995523150589
2019,EUROPE,Germany,Free Access Attractions and Sites | Singapore Botanic Gardens,%,32.70166302268992
2019,EUROPE,Germany,Free Access Attractions and Sites | Raffles Hotel,%,14.95441210171516
2019,EUROPE,Italy,Major Attractions and Sites | Integrated Resort (MBS/RWS),%,52.31647355304062
2019,EUROPE,Italy,Major Attractions and Sites | Gardens by the Bay,%,63.12495026191566
2019,EUROPE,Italy,Major Attractions and Sites | Sentosa,%,27.66246164925363
2019,EUROPE,Italy,Major Attractions and Sites | Singapore Flyer/ Flight Experience,%,15.08695025827654
2019,EUROPE,Italy,Major Attractions and Sites | Singapore Zoo,%,6.326322821206801
2019,EUROPE,Italy,Major Attractions and Sites | Night Safari,%,7.544361293388117
2019,EUROPE,Italy,Major Attractions and Sites | River Wonders (formerly River Safari),%,4.82183061071835
2019,EUROPE,Italy,Major Attractions and Sites | Bird Paradise (formerly Jurong Bird Park),%,3.114916531347175
2019,EUROPE,Italy,Major Attractions and Sites | National Orchid Gardens,%,13.05691220375031
2019,EUROPE,Italy,Free Access Attractions and Sites | Orchard Road,%,42.33705677614586
2019,EUROPE,Italy,Free Access Attractions and Sites | Chinatown,%,71.8749784894713
2019,EUROPE,Italy,Free Access Attractions and Sites | Merlion Park,%,43.39531447280086
2019,EUROPE,Italy,Free Access Attractions and Sites | Little India,%,47.65650367915488
2019,EUROPE,Italy,Free Access Attractions and Sites | Esplanade Theatres by the Bay,%,19.10058288690754
2019,EUROPE,Italy,Free Access Attractions and Sites | Singapore River/ Clarke Quay/ Boat Quay,%,40.53960816250196
2019,EUROPE,Italy,Free Access Attractions and Sites | Singapore Botanic Gardens,%,27.34124469512338
2019,EUROPE,Italy,Free Access Attractions and Sites | Raffles Hotel,%,14.45012965986259
2019,EUROPE,Netherlands,Major Attractions and Sites | Integrated Resort (MBS/RWS),%,47.78397844146544
2019,EUROPE,Netherlands,Major Attractions and Sites | Gardens by the Bay,%,72.74096465813216
2019,EUROPE,Netherlands,Major Attractions and Sites | Sentosa,%,29.22046263955139
2019,EUROPE,Netherlands,Major Attractions and Sites | Singapore Flyer/ Flight Experience,%,12.17415915441052
2019,EUROPE,Netherlands,Major Attractions and Sites | Singapore Zoo,%,8.281497815399876
2019,EUROPE,Netherlands,Major Attractions and Sites | Night Safari,%,9.755918183437617
2019,EUROPE,Netherlands,Major Attractions and Sites | River Wonders (formerly River Safari),%,9.791856047658936
2019,EUROPE,Netherlands,Major Attractions and Sites | Bird Paradise (formerly Jurong Bird Park),%,3.753269290104648
2019,EUROPE,Netherlands,Major Attractions and Sites | National Orchid Gardens,%,11.97304000994408
2019,EUROPE,Netherlands,Free Access Attractions and Sites | Orchard Road,%,48.31958114234364
2019,EUROPE,Netherlands,Free Access Attractions and Sites | Chinatown,%,66.66629584350508
2019,EUROPE,Netherlands,Free Access Attractions and Sites | Merlion Park,%,38.67593381255543
2019,EUROPE,Netherlands,Free Access Attractions and Sites | Little India,%,55.47764874796081
2019,EUROPE,Netherlands,Free Access Attractions and Sites | Esplanade Theatres by the Bay,%,20.72266210218017
2019,EUROPE,Netherlands,Free Access Attractions and Sites | Singapore River/ Clarke Quay/ Boat Quay,%,36.93030868536731
2019,EUROPE,Netherlands,Free Access Attractions and Sites | Singapore Botanic Gardens,%,35.96880966612154
2019,EUROPE,Netherlands,Free Access Attractions and Sites | Raffles Hotel,%,14.06811477869832
2019,EUROPE,Switzerland,Major Attractions and Sites | Integrated Resort (MBS/RWS),%,43.55214903376693
2019,EUROPE,Switzerland,Major Attractions and Sites | Gardens by the Bay,%,63.48335891921125
2019,EUROPE,Switzerland,Major Attractions and Sites | Sentosa,%,27.39101439024816
2019,EUROPE,Switzerland,Major Attractions and Sites | Singapore Flyer/ Flight Experience,%,13.59514377306639
2019,EUROPE,Switzerland,Major Attractions and Sites | Singapore Zoo,%,6.876552711583944
2019,EUROPE,Switzerland,Major Attractions and Sites | Night Safari,%,3.099011396652328
2019,EUROPE,Switzerland,Major Attractions and Sites | River Wonders (formerly River Safari),%,8.823734182255205
2019,EUROPE,Switzerland,Major Attractions and Sites | Bird Paradise (formerly Jurong Bird Park),%,1.129590210485985
2019,EUROPE,Switzerland,Major Attractions and Sites | National Orchid Gardens,%,12.4984695018512
2019,EUROPE,Switzerland,Free Access Attractions and Sites | Orchard Road,%,50.05642103137545
2019,EUROPE,Switzerland,Free Access Attractions and Sites | Chinatown,%,57.82929822845846
2019,EUROPE,Switzerland,Free Access Attractions and Sites | Merlion Park,%,36.46830288917467
2019,EUROPE,Switzerland,Free Access Attractions and Sites | Little India,%,42.08993649721386
2019,EUROPE,Switzerland,Free Access Attractions and Sites | Esplanade Theatres by the Bay,%,13.3975743643695
2019,EUROPE,Switzerland,Free Access Attractions and Sites | Singapore River/ Clarke Quay/ Boat Quay,%,38.34298536949716
2019,EUROPE,Switzerland,Free Access Attractions and Sites | Singapore Botanic Gardens,%,35.8903162173915
2019,EUROPE,Switzerland,Free Access Attractions and Sites | Raffles Hotel,%,8.775287482983899
2019,EUROPE,UK,Major Attractions and Sites | Integrated Resort (MBS/RWS),%,45.43829120246728
2019,EUROPE,UK,Major Attractions and Sites | Gardens by the Bay,%,60.61864913474187
2019,EUROPE,UK,Major Attractions and Sites | Sentosa,%,17.60164233342971
2019,EUROPE,UK,Major Attractions and Sites | Singapore Flyer/ Flight Experience,%,10.22966198887118
2019,EUROPE,UK,Major Attractions and Sites | Singapore Zoo,%,5.707574593909095
2019,EUROPE,UK,Major Attractions and Sites | Night Safari,%,6.858625741227735
2019,EUROPE,UK,Major Attractions and Sites | River Wonders (formerly River Safari),%,3.960119637199658
2019,EUROPE,UK,Major Attractions and Sites | Bird Paradise (formerly Jurong Bird Park),%,1.602936067474226
2019,EUROPE,UK,Major Attractions and Sites | National Orchid Gardens,%,11.44314962328964
2019,EUROPE,UK,Free Access Attractions and Sites | Orchard Road,%,34.3007670853122
2019,EUROPE,UK,Free Access Attractions and Sites | Chinatown,%,51.31816119110424
2019,EUROPE,UK,Free Access Attractions and Sites | Merlion Park,%,30.84039695533789
2019,EUROPE,UK,Free Access Attractions and Sites | Little India,%,41.33638529597587
2019,EUROPE,UK,Free Access Attractions and Sites | Esplanade Theatres by the Bay,%,14.09729015876312
2019,EUROPE,UK,Free Access Attractions and Sites | Singapore River/ Clarke Quay/ Boat Quay,%,31.84623701424025
2019,EUROPE,UK,Free Access Attractions and Sites | Singapore Botanic Gardens,%,28.60038787867351
2019,EUROPE,UK,Free Access Attractions and Sites | Raffles Hotel,%,17.78675787331692
2019,AMERICAS,Canada,Major Attractions and Sites | Integrated Resort (MBS/RWS),%,43.0358529269873
2019,AMERICAS,Canada,Major Attractions and Sites | Gardens by the Bay,%,59.19148142076289
2019,AMERICAS,Canada,Major Attractions and Sites | Sentosa,%,23.02761003379364
2019,AMERICAS,Canada,Major Attractions and Sites | Singapore Flyer/ Flight Experience,%,11.28196810851916
2019,AMERICAS,Canada,Major Attractions and Sites | Singapore Zoo,%,6.516253629908944
2019,AMERICAS,Canada,Major Attractions and Sites | Night Safari,%,7.172244631430684
2019,AMERICAS,Canada,Major Attractions and Sites | River Wonders (formerly River Safari),%,4.525354739438157
2019,AMERICAS,Canada,Major Attractions and Sites | Bird Paradise (formerly Jurong Bird Park),%,0.9255268681122096
2019,AMERICAS,Canada,Major Attractions and Sites | National Orchid Gardens,%,13.93209688377456
2019,AMERICAS,Canada,Free Access Attractions and Sites | Orchard Road,%,34.1598180104347
2019,AMERICAS,Canada,Free Access Attractions and Sites | Chinatown,%,59.83184460928302
2019,AMERICAS,Canada,Free Access Attractions and Sites | Merlion Park,%,32.6911748685261
2019,AMERICAS,Canada,Free Access Attractions and Sites | Little India,%,48.81446610219216
2019,AMERICAS,Canada,Free Access Attractions and Sites | Esplanade Theatres by the Bay,%,14.1334374571782
2019,AMERICAS,Canada,Free Access Attractions and Sites | Singapore River/ Clarke Quay/ Boat Quay,%,32.0835313290188
2019,AMERICAS,Canada,Free Access Attractions and Sites | Singapore Botanic Gardens,%,23.88070837054747
2019,AMERICAS,Canada,Free Access Attractions and Sites | Raffles Hotel,%,17.49244538850172
2019,AMERICAS,USA,Major Attractions and Sites | Integrated Resort (MBS/RWS),%,40.02263208400892
2019,AMERICAS,USA,Major Attractions and Sites | Gardens by the Bay,%,53.74865803663652
2019,AMERICAS,USA,Major Attractions and Sites | Sentosa,%,15.13150934337091
2019,AMERICAS,USA,Major Attractions and Sites | Singapore Flyer/ Flight Experience,%,11.50404845024454
2019,AMERICAS,USA,Major Attractions and Sites | Singapore Zoo,%,7.599191333820353
2019,AMERICAS,USA,Major Attractions and Sites | Night Safari,%,7.267872263337758
2019,AMERICAS,USA,Major Attractions and Sites | River Wonders (formerly River Safari),%,3.930633741749034
2019,AMERICAS,USA,Major Attractions and Sites | Bird Paradise (formerly Jurong Bird Park),%,2.717961194100136
2019,AMERICAS,USA,Major Attractions and Sites | National Orchid Gardens,%,9.662301261369706
2019,AMERICAS,USA,Free Access Attractions and Sites | Orchard Road,%,36.28466692037169
2019,AMERICAS,USA,Free Access Attractions and Sites | Chinatown,%,49.34271656039843
2019,AMERICAS,USA,Free Access Attractions and Sites | Merlion Park,%,29.58978292531069
2019,AMERICAS,USA,Free Access Attractions and Sites | Little India,%,37.95010247928441
2019,AMERICAS,USA,Free Access Attractions and Sites | Esplanade Theatres by the Bay,%,11.69409027507434
2019,AMERICAS,USA,Free Access Attractions and Sites | Singapore River/ Clarke Quay/ Boat Quay,%,27.36147233221057
2019,AMERICAS,USA,Free Access Attractions and Sites | Singapore Botanic Gardens,%,22.18320749383198
2019,AMERICAS,USA,Free Access Attractions and Sites | Raffles Hotel,%,13.37774644867058
2019,OCEANIA,Australia,Major Attractions and Sites | Integrated Resort (MBS/RWS),%,37.973173831396
2019,OCEANIA,Australia,Major Attractions and Sites | Gardens by the Bay,%,50.14752649202929
2019,OCEANIA,Australia,Major Attractions and Sites | Sentosa,%,21.94137534911559
2019,OCEANIA,Australia,Major Attractions and Sites | Singapore Flyer/ Flight Experience,%,10.91670713952286
2019,OCEANIA,Australia,Major Attractions and Sites | Singapore Zoo,%,9.696514835030396
2019,OCEANIA,Australia,Major Attractions and Sites | Night Safari,%,7.297146995959793
2019,OCEANIA,Australia,Major Attractions and Sites | River Wonders (formerly River Safari),%,3.429335871748316
2019,OCEANIA,Australia,Major Attractions and Sites | Bird Paradise (formerly Jurong Bird Park),%,2.204099733282639
2019,OCEANIA,Australia,Major Attractions and Sites | National Orchid Gardens,%,8.419843661805842
2019,OCEANIA,Australia,Free Access Attractions and Sites | Orchard Road,%,36.35622896581409
2019,OCEANIA,Australia,Free Access Attractions and Sites | Chinatown,%,46.90741002605194
2019,OCEANIA,Australia,Free Access Attractions and Sites | Merlion Park,%,24.47043508119435
2019,OCEANIA,Australia,Free Access Attractions and Sites | Little India,%,32.71301656138947
2019,OCEANIA,Australia,Free Access Attractions and Sites | Esplanade Theatres by the Bay,%,11.26672963510799
2019,OCEANIA,Australia,Free Access Attractions and Sites | Singapore River/ Clarke Quay/ Boat Quay,%,27.10335719797799
2019,OCEANIA,Australia,Free Access Attractions and Sites | Singapore Botanic Gardens,%,21.52541701307353
2019,OCEANIA,Australia,Free Access Attractions and Sites | Raffles Hotel,%,11.19873991589093
2019,OCEANIA,New Zealand,Major Attractions and Sites | Integrated Resort (MBS/RWS),%,42.55585167656168
2019,OCEANIA,New Zealand,Major Attractions and Sites | Gardens by the Bay,%,61.14264251696824
2019,OCEANIA,New Zealand,Major Attractions and Sites | Sentosa,%,19.78010240800462
2019,OCEANIA,New Zealand,Major Attractions and Sites | Singapore Flyer/ Flight Experience,%,10.58631706287203
2019,OCEANIA,New Zealand,Major Attractions and Sites | Singapore Zoo,%,6.174799791886609
2019,OCEANIA,New Zealand,Major Attractions and Sites | Night Safari,%,5.493116268964481
2019,OCEANIA,New Zealand,Major Attractions and Sites | River Wonders (formerly River Safari),%,5.297762378558282
2019,OCEANIA,New Zealand,Major Attractions and Sites | Bird Paradise (formerly Jurong Bird Park),%,1.828222637114717
2019,OCEANIA,New Zealand,Major Attractions and Sites | National Orchid Gardens,%,7.191312811130261
2019,OCEANIA,New Zealand,Free Access Attractions and Sites | Orchard Road,%,39.96681684808223
2019,OCEANIA,New Zealand,Free Access Attractions and Sites | Chinatown,%,58.29804541071834
2019,OCEANIA,New Zealand,Free Access Attractions and Sites | Merlion Park,%,30.02775387542013
2019,OCEANIA,New Zealand,Free Access Attractions and Sites | Little India,%,37.17303588200234
2019,OCEANIA,New Zealand,Free Access Attractions and Sites | Esplanade Theatres by the Bay,%,14.88259286279989
2019,OCEANIA,New Zealand,Free Access Attractions and Sites | Singapore River/ Clarke Quay/ Boat Quay,%,36.45218417254616
2019,OCEANIA,New Zealand,Free Access Attractions and Sites | Singapore Botanic Gardens,%,23.78207514565538
2019,OCEANIA,New Zealand,Free Access Attractions and Sites | Raffles Hotel,%,17.25713677022447
2019,AFRICA,South Africa (Rep of),Major Attractions and Sites | Integrated Resort (MBS/RWS),%,58.14792860972251
2019,AFRICA,South Africa (Rep of),Major Attractions and Sites | Gardens by the Bay,%,51.18839864284575
2019,AFRICA,South Africa (Rep of),Major Attractions and Sites | Sentosa,%,34.19229262534251
2019,AFRICA,South Africa (Rep of),Major Attractions and Sites | Singapore Flyer/ Flight Experience,%,17.41185734340557
2019,AFRICA,South Africa (Rep of),Major Attractions and Sites | Singapore Zoo,%,7.536884958327128
2019,AFRICA,South Africa (Rep of),Major Attractions and Sites | Night Safari,%,6.951612737660722
2019,AFRICA,South Africa (Rep of),Major Attractions and Sites | River Wonders (formerly River Safari),%,4.606547384212764
2019,AFRICA,South Africa (Rep of),Major Attractions and Sites | National Orchid Gardens,%,19.55577072606987
2019,AFRICA,South Africa (Rep of),Free Access Attractions and Sites | Orchard Road,%,39.90061154904628
2019,AFRICA,South Africa (Rep of),Free Access Attractions and Sites | Chinatown,%,51.08193588111467
2019,AFRICA,South Africa (Rep of),Free Access Attractions and Sites | Merlion Park,%,32.97582737475522
2019,AFRICA,South Africa (Rep of),Free Access Attractions and Sites | Little India,%,46.81712664475351
2019,AFRICA,South Africa (Rep of),Free Access Attractions and Sites | Esplanade Theatres by the Bay,%,8.201838212517169
2019,AFRICA,South Africa (Rep of),Free Access Attractions and Sites | Singapore River/ Clarke Quay/ Boat Quay,%,25.75212162014143
2019,AFRICA,South Africa (Rep of),Free Access Attractions and Sites | Singapore Botanic Gardens,%,25.12465074417421
2019,AFRICA,South Africa (Rep of),Free Access Attractions and Sites | Raffles Hotel,%,26.68630688526667
2019,REMAINING,Others,Major Attractions and Sites | Integrated Resort (MBS/RWS),%,52.74754569339898
2019,REMAINING,Others,Major Attractions and Sites | Gardens by the Bay,%,57.40392126931949
2019,REMAINING,Others,Major Attractions and Sites | Sentosa,%,31.30027423632659
2019,REMAINING,Others,Major Attractions and Sites | Singapore Flyer/ Flight Experience,%,14.15249601797626
2019,REMAINING,Others,Major Attractions and Sites | Singapore Zoo,%,8.869456001003927
2019,REMAINING,Others,Major Attractions and Sites | Night Safari,%,5.886997499574505
2019,REMAINING,Others,Major Attractions and Sites | River Wonders (formerly River Safari),%,4.970159841107168
2019,REMAINING,Others,Major Attractions and Sites | Bird Paradise (formerly Jurong Bird Park),%,2.871171052594891
2019,REMAINING,Others,Major Attractions and Sites | National Orchid Gardens,%,8.261588288386953
2019,REMAINING,Others,Free Access Attractions and Sites | Orchard Road,%,40.13616679095923
2019,REMAINING,Others,Free Access Attractions and Sites | Chinatown,%,48.93319490489149
2019,REMAINING,Others,Free Access Attractions and Sites | Merlion Park,%,35.62201636016956
2019,REMAINING,Others,Free Access Attractions and Sites | Little India,%,45.18699578828522
2019,REMAINING,Others,Free Access Attractions and Sites | Esplanade Theatres by the Bay,%,12.16965523483796
2019,REMAINING,Others,Free Access Attractions and Sites | Singapore River/ Clarke Quay/ Boat Quay,%,27.96376818089518
2019,REMAINING,Others,Free Access Attractions and Sites | Singapore Botanic Gardens,%,21.58722569817987
2019,REMAINING,Others,Free Access Attractions and Sites | Raffles Hotel,%,6.742154009445631
2018,SOUTHEAST ASIA,Indonesia,Major Attractions and Sites | Integrated Resort (MBS/RWS),%,25.25128897984144
2018,SOUTHEAST ASIA,Indonesia,Major Attractions and Sites | Gardens by the Bay,%,17.03038849510982
2018,SOUTHEAST ASIA,Indonesia,Major Attractions and Sites | Sentosa,%,11.68812771745403
2018,SOUTHEAST ASIA,Indonesia,Major Attractions and Sites | Singapore Flyer/ Flight Experience,%,3.527579379436892
2018,SOUTHEAST ASIA,Indonesia,Major Attractions and Sites | Singapore Zoo,%,2.409702641571698
2018,SOUTHEAST ASIA,Indonesia,Major Attractions and Sites | Night Safari,%,1.281088509392377
2018,SOUTHEAST ASIA,Indonesia,Major Attractions and Sites | River Wonders (formerly River Safari),%,1.143632068775056
2018,SOUTHEAST ASIA,Indonesia,Major Attractions and Sites | Bird Paradise (formerly Jurong Bird Park),%,0.7739206417580635
2018,SOUTHEAST ASIA,Indonesia,Major Attractions and Sites | National Orchid Gardens,%,0.7566783621824288
2018,SOUTHEAST ASIA,Indonesia,Free Access Attractions and Sites | Orchard Road,%,41.51966679482749
2018,SOUTHEAST ASIA,Indonesia,Free Access Attractions and Sites | Chinatown,%,12.39003629620737
2018,SOUTHEAST ASIA,Indonesia,Free Access Attractions and Sites | Merlion Park,%,13.46176025660349
2018,SOUTHEAST ASIA,Indonesia,Free Access Attractions and Sites | Little India,%,7.550672583484678
2018,SOUTHEAST ASIA,Indonesia,Free Access Attractions and Sites | Esplanade Theatres by the Bay,%,5.09614800984993
2018,SOUTHEAST ASIA,Indonesia,Free Access Attractions and Sites | Singapore River/ Clarke Quay/ Boat Quay,%,4.541760703378851
2018,SOUTHEAST ASIA,Indonesia,Free Access Attractions and Sites | Singapore Botanic Gardens,%,3.26237737953914
2018,SOUTHEAST ASIA,Indonesia,Free Access Attractions and Sites | Raffles Hotel,%,0.6352160905036366
2018,SOUTHEAST ASIA,Malaysia,Major Attractions and Sites | Integrated Resort (MBS/RWS),%,20.08467240793012
2018,SOUTHEAST ASIA,Malaysia,Major Attractions and Sites | Gardens by the Bay,%,15.09467328111706
2018,SOUTHEAST ASIA,Malaysia,Major Attractions and Sites | Sentosa,%,9.678520644669964
2018,SOUTHEAST ASIA,Malaysia,Major Attractions and Sites | Singapore Flyer/ Flight Experience,%,1.412956732475726
2018,SOUTHEAST ASIA,Malaysia,Major Attractions and Sites | Singapore Zoo,%,2.409642227282527
2018,SOUTHEAST ASIA,Malaysia,Major Attractions and Sites | Night Safari,%,1.306014323386831
2018,SOUTHEAST ASIA,Malaysia,Major Attractions and Sites | River Wonders (formerly River Safari),%,0.603402449902333
2018,SOUTHEAST ASIA,Malaysia,Major Attractions and Sites | Bird Paradise (formerly Jurong Bird Park),%,0.8074512577211634
2018,SOUTHEAST ASIA,Malaysia,Free Access Attractions and Sites | Orchard Road,%,26.71510588929005
2018,SOUTHEAST ASIA,Malaysia,Free Access Attractions and Sites | Chinatown,%,8.906837169592725
2018,SOUTHEAST ASIA,Malaysia,Free Access Attractions and Sites | Merlion Park,%,6.912550770742708
2018,SOUTHEAST ASIA,Malaysia,Free Access Attractions and Sites | Little India,%,4.584000912046498
2018,SOUTHEAST ASIA,Malaysia,Free Access Attractions and Sites | Esplanade Theatres by the Bay,%,2.501721510260677
2018,SOUTHEAST ASIA,Malaysia,Free Access Attractions and Sites | Singapore River/ Clarke Quay/ Boat Quay,%,4.628596915507471
2018,SOUTHEAST ASIA,Malaysia,Free Access Attractions and Sites | Singapore Botanic Gardens,%,2.196204876039869
2018,SOUTHEAST ASIA,Malaysia,Free Access Attractions and Sites | Raffles Hotel,%,0.608020800629523
2018,SOUTHEAST ASIA,Philippines,Major Attractions and Sites | Integrated Resort (MBS/RWS),%,51.46593190149001
2018,SOUTHEAST ASIA,Philippines,Major Attractions and Sites | Gardens by the Bay,%,50.31799559902199
2018,SOUTHEAST ASIA,Philippines,Major Attractions and Sites | Sentosa,%,35.3939752007109
2018,SOUTHEAST ASIA,Philippines,Major Attractions and Sites | Singapore Flyer/ Flight Experience,%,7.507035678478809
2018,SOUTHEAST ASIA,Philippines,Major Attractions and Sites | Singapore Zoo,%,10.51990898911045
2018,SOUTHEAST ASIA,Philippines,Major Attractions and Sites | Night Safari,%,6.495975224835835
2018,SOUTHEAST ASIA,Philippines,Major Attractions and Sites | River Wonders (formerly River Safari),%,3.627262727997517
2018,SOUTHEAST ASIA,Philippines,Major Attractions and Sites | Bird Paradise (formerly Jurong Bird Park),%,3.810271336577927
2018,SOUTHEAST ASIA,Philippines,Major Attractions and Sites | National Orchid Gardens,%,4.305892234032882
2018,SOUTHEAST ASIA,Philippines,Free Access Attractions and Sites | Orchard Road,%,50.41254661659125
2018,SOUTHEAST ASIA,Philippines,Free Access Attractions and Sites | Chinatown,%,28.98240284504363
2018,SOUTHEAST ASIA,Philippines,Free Access Attractions and Sites | Merlion Park,%,31.52887197688494
2018,SOUTHEAST ASIA,Philippines,Free Access Attractions and Sites | Little India,%,18.42378181522807
2018,SOUTHEAST ASIA,Philippines,Free Access Attractions and Sites | Esplanade Theatres by the Bay,%,12.87831165782564
2018,SOUTHEAST ASIA,Philippines,Free Access Attractions and Sites | Singapore River/ Clarke Quay/ Boat Quay,%,11.13649873661589
2018,SOUTHEAST ASIA,Philippines,Free Access Attractions and Sites | Singapore Botanic Gardens,%,14.11737772371246
2018,SOUTHEAST ASIA,Philippines,Free Access Attractions and Sites | Raffles Hotel,%,4.324407139043181
2018,SOUTHEAST ASIA,Thailand,Major Attractions and Sites | Integrated Resort (MBS/RWS),%,35.82395079117899
2018,SOUTHEAST ASIA,Thailand,Major Attractions and Sites | Gardens by the Bay,%,30.52349329189545
2018,SOUTHEAST ASIA,Thailand,Major Attractions and Sites | Sentosa,%,24.53067624830535
2018,SOUTHEAST ASIA,Thailand,Major Attractions and Sites | Singapore Flyer/ Flight Experience,%,6.064774310925399
2018,SOUTHEAST ASIA,Thailand,Major Attractions and Sites | Singapore Zoo,%,3.250235491781097
2018,SOUTHEAST ASIA,Thailand,Major Attractions and Sites | Night Safari,%,2.98564938224284
2018,SOUTHEAST ASIA,Thailand,Major Attractions and Sites | River Wonders (formerly River Safari),%,1.04332228123072
2018,SOUTHEAST ASIA,Thailand,Major Attractions and Sites | Bird Paradise (formerly Jurong Bird Park),%,0.7681449813672638
2018,SOUTHEAST ASIA,Thailand,Major Attractions and Sites | National Orchid Gardens,%,2.402936943018458
2018,SOUTHEAST ASIA,Thailand,Free Access Attractions and Sites | Orchard Road,%,41.6030441420097
2018,SOUTHEAST ASIA,Thailand,Free Access Attractions and Sites | Chinatown,%,21.64333631120025
2018,SOUTHEAST ASIA,Thailand,Free Access Attractions and Sites | Merlion Park,%,19.6801288379461
2018,SOUTHEAST ASIA,Thailand,Free Access Attractions and Sites | Little India,%,9.74400315402439
2018,SOUTHEAST ASIA,Thailand,Free Access Attractions and Sites | Esplanade Theatres by the Bay,%,7.405049842086251
2018,SOUTHEAST ASIA,Thailand,Free Access Attractions and Sites | Singapore River/ Clarke Quay/ Boat Quay,%,11.67544470583301
2018,SOUTHEAST ASIA,Thailand,Free Access Attractions and Sites | Singapore Botanic Gardens,%,6.386565362325877
2018,SOUTHEAST ASIA,Thailand,Free Access Attractions and Sites | Raffles Hotel,%,2.203627354060417
2018,SOUTHEAST ASIA,Vietnam,Major Attractions and Sites | Integrated Resort (MBS/RWS),%,42.41646251742198
2018,SOUTHEAST ASIA,Vietnam,Major Attractions and Sites | Gardens by the Bay,%,42.34307956556082
2018,SOUTHEAST ASIA,Vietnam,Major Attractions and Sites | Sentosa,%,33.03608105605992
2018,SOUTHEAST ASIA,Vietnam,Major Attractions and Sites | Singapore Flyer/ Flight Experience,%,5.533057507932701
2018,SOUTHEAST ASIA,Vietnam,Major Attractions and Sites | Singapore Zoo,%,8.5806375621579
2018,SOUTHEAST ASIA,Vietnam,Major Attractions and Sites | Night Safari,%,3.946353043291727
2018,SOUTHEAST ASIA,Vietnam,Major Attractions and Sites | River Wonders (formerly River Safari),%,2.594318335893684
2018,SOUTHEAST ASIA,Vietnam,Major Attractions and Sites | Bird Paradise (formerly Jurong Bird Park),%,4.279134140203114
2018,SOUTHEAST ASIA,Vietnam,Major Attractions and Sites | National Orchid Gardens,%,4.533553154592687
2018,SOUTHEAST ASIA,Vietnam,Free Access Attractions and Sites | Orchard Road,%,41.79905915517283
2018,SOUTHEAST ASIA,Vietnam,Free Access Attractions and Sites | Chinatown,%,30.85871979025602
2018,SOUTHEAST ASIA,Vietnam,Free Access Attractions and Sites | Merlion Park,%,31.12795104671618
2018,SOUTHEAST ASIA,Vietnam,Free Access Attractions and Sites | Little India,%,13.10484955379841
2018,SOUTHEAST ASIA,Vietnam,Free Access Attractions and Sites | Esplanade Theatres by the Bay,%,11.84805692258953
2018,SOUTHEAST ASIA,Vietnam,Free Access Attractions and Sites | Singapore River/ Clarke Quay/ Boat Quay,%,12.07066905836098
2018,SOUTHEAST ASIA,Vietnam,Free Access Attractions and Sites | Singapore Botanic Gardens,%,12.06656061969091
2018,SOUTHEAST ASIA,Vietnam,Free Access Attractions and Sites | Raffles Hotel,%,2.155176859063014
2018,GREATER CHINA,China,Major Attractions and Sites | Integrated Resort (MBS/RWS),%,50.90989371582911
2018,GREATER CHINA,China,Major Attractions and Sites | Gardens by the Bay,%,36.06119032083565
2018,GREATER CHINA,China,Major Attractions and Sites | Sentosa,%,38.12943965358451
2018,GREATER CHINA,China,Major Attractions and Sites | Singapore Flyer/ Flight Experience,%,9.787029977401872
2018,GREATER CHINA,China,Major Attractions and Sites | Singapore Zoo,%,9.713323747247731
2018,GREATER CHINA,China,Major Attractions and Sites | Night Safari,%,6.051039522660336
2018,GREATER CHINA,China,Major Attractions and Sites | River Wonders (formerly River Safari),%,2.864706270620979
2018,GREATER CHINA,China,Major Attractions and Sites | Bird Paradise (formerly Jurong Bird Park),%,1.930504124232422
2018,GREATER CHINA,China,Major Attractions and Sites | National Orchid Gardens,%,3.808375946346997
2018,GREATER CHINA,China,Free Access Attractions and Sites | Orchard Road,%,37.85951097265959
2018,GREATER CHINA,China,Free Access Attractions and Sites | Chinatown,%,29.6312546977876
2018,GREATER CHINA,China,Free Access Attractions and Sites | Merlion Park,%,46.80972549366125
2018,GREATER CHINA,China,Free Access Attractions and Sites | Little India,%,14.79536987858403
2018,GREATER CHINA,China,Free Access Attractions and Sites | Esplanade Theatres by the Bay,%,8.431597894552889
2018,GREATER CHINA,China,Free Access Attractions and Sites | Singapore River/ Clarke Quay/ Boat Quay,%,10.53166149848392
2018,GREATER CHINA,China,Free Access Attractions and Sites | Singapore Botanic Gardens,%,9.939609508826074
2018,GREATER CHINA,China,Free Access Attractions and Sites | Raffles Hotel,%,2.296738118878536
2018,GREATER CHINA,Hong Kong SAR,Major Attractions and Sites | Integrated Resort (MBS/RWS),%,39.80939241107782
2018,GREATER CHINA,Hong Kong SAR,Major Attractions and Sites | Gardens by the Bay,%,37.77445462299169
2018,GREATER CHINA,Hong Kong SAR,Major Attractions and Sites | Sentosa,%,24.03191780136374
2018,GREATER CHINA,Hong Kong SAR,Major Attractions and Sites | Singapore Flyer/ Flight Experience,%,9.058214632866784
2018,GREATER CHINA,Hong Kong SAR,Major Attractions and Sites | Singapore Zoo,%,8.346558941113274
2018,GREATER CHINA,Hong Kong SAR,Major Attractions and Sites | Night Safari,%,7.142392166306156
2018,GREATER CHINA,Hong Kong SAR,Major Attractions and Sites | River Wonders (formerly River Safari),%,2.536720623069292
2018,GREATER CHINA,Hong Kong SAR,Major Attractions and Sites | Bird Paradise (formerly Jurong Bird Park),%,1.796479333225519
2018,GREATER CHINA,Hong Kong SAR,Major Attractions and Sites | National Orchid Gardens,%,4.292401015381134
2018,GREATER CHINA,Hong Kong SAR,Free Access Attractions and Sites | Orchard Road,%,44.80212998659313
2018,GREATER CHINA,Hong Kong SAR,Free Access Attractions and Sites | Chinatown,%,31.77479676286079
2018,GREATER CHINA,Hong Kong SAR,Free Access Attractions and Sites | Merlion Park,%,26.5617325038334
2018,GREATER CHINA,Hong Kong SAR,Free Access Attractions and Sites | Little India,%,14.83069084627827
2018,GREATER CHINA,Hong Kong SAR,Free Access Attractions and Sites | Esplanade Theatres by the Bay,%,9.695974175338783
2018,GREATER CHINA,Hong Kong SAR,Free Access Attractions and Sites | Singapore River/ Clarke Quay/ Boat Quay,%,14.83032483314765
2018,GREATER CHINA,Hong Kong SAR,Free Access Attractions and Sites | Singapore Botanic Gardens,%,10.5856614255879
2018,GREATER CHINA,Hong Kong SAR,Free Access Attractions and Sites | Raffles Hotel,%,3.530385403875318
2018,GREATER CHINA,Taiwan,Major Attractions and Sites | Integrated Resort (MBS/RWS),%,43.40428885242392
2018,GREATER CHINA,Taiwan,Major Attractions and Sites | Gardens by the Bay,%,35.80014396679902
2018,GREATER CHINA,Taiwan,Major Attractions and Sites | Sentosa,%,25.01844279484744
2018,GREATER CHINA,Taiwan,Major Attractions and Sites | Singapore Flyer/ Flight Experience,%,6.809457839927338
2018,GREATER CHINA,Taiwan,Major Attractions and Sites | Singapore Zoo,%,7.925025888834346
2018,GREATER CHINA,Taiwan,Major Attractions and Sites | Night Safari,%,8.919690757433996
2018,GREATER CHINA,Taiwan,Major Attractions and Sites | River Wonders (formerly River Safari),%,2.681836058555573
2018,GREATER CHINA,Taiwan,Major Attractions and Sites | Bird Paradise (formerly Jurong Bird Park),%,1.499773460050644
2018,GREATER CHINA,Taiwan,Major Attractions and Sites | National Orchid Gardens,%,3.496442935437224
2018,GREATER CHINA,Taiwan,Free Access Attractions and Sites | Orchard Road,%,37.96917107864392
2018,GREATER CHINA,Taiwan,Free Access Attractions and Sites | Chinatown,%,26.71317747973389
2018,GREATER CHINA,Taiwan,Free Access Attractions and Sites | Merlion Park,%,30.66220637799853
2018,GREATER CHINA,Taiwan,Free Access Attractions and Sites | Little India,%,19.22684300690964
2018,GREATER CHINA,Taiwan,Free Access Attractions and Sites | Esplanade Theatres by the Bay,%,8.491224535283862
2018,GREATER CHINA,Taiwan,Free Access Attractions and Sites | Singapore River/ Clarke Quay/ Boat Quay,%,13.00750595127533
2018,GREATER CHINA,Taiwan,Free Access Attractions and Sites | Singapore Botanic Gardens,%,8.429890858243867
2018,GREATER CHINA,Taiwan,Free Access Attractions and Sites | Raffles Hotel,%,1.715971298571183
2018,NORTH ASIA,Japan,Major Attractions and Sites | Integrated Resort (MBS/RWS),%,33.59444054509264
2018,NORTH ASIA,Japan,Major Attractions and Sites | Gardens by the Bay,%,31.24029652979317
2018,NORTH ASIA,Japan,Major Attractions and Sites | Sentosa,%,24.55153595986562
2018,NORTH ASIA,Japan,Major Attractions and Sites | Singapore Flyer/ Flight Experience,%,7.172745137166218
2018,NORTH ASIA,Japan,Major Attractions and Sites | Singapore Zoo,%,11.72390103200765
2018,NORTH ASIA,Japan,Major Attractions and Sites | Night Safari,%,10.78554490046692
2018,NORTH ASIA,Japan,Major Attractions and Sites | River Wonders (formerly River Safari),%,3.102876965227972
2018,NORTH ASIA,Japan,Major Attractions and Sites | Bird Paradise (formerly Jurong Bird Park),%,2.249233198676788
2018,NORTH ASIA,Japan,Major Attractions and Sites | National Orchid Gardens,%,4.045245423213573
2018,NORTH ASIA,Japan,Free Access Attractions and Sites | Orchard Road,%,47.63057179878304
2018,NORTH ASIA,Japan,Free Access Attractions and Sites | Chinatown,%,24.20701366594249
2018,NORTH ASIA,Japan,Free Access Attractions and Sites | Merlion Park,%,21.65404331432296
2018,NORTH ASIA,Japan,Free Access Attractions and Sites | Little India,%,18.09853022175455
2018,NORTH ASIA,Japan,Free Access Attractions and Sites | Esplanade Theatres by the Bay,%,8.68932576080097
2018,NORTH ASIA,Japan,Free Access Attractions and Sites | Singapore River/ Clarke Quay/ Boat Quay,%,9.905761430455934
2018,NORTH ASIA,Japan,Free Access Attractions and Sites | Singapore Botanic Gardens,%,16.24067408692671
2018,NORTH ASIA,Japan,Free Access Attractions and Sites | Raffles Hotel,%,3.967582930014216
2018,NORTH ASIA,South Korea,Major Attractions and Sites | Integrated Resort (MBS/RWS),%,41.27227602276194
2018,NORTH ASIA,South Korea,Major Attractions and Sites | Gardens by the Bay,%,38.45264247933973
2018,NORTH ASIA,South Korea,Major Attractions and Sites | Sentosa,%,40.92888375961022
2018,NORTH ASIA,South Korea,Major Attractions and Sites | Singapore Flyer/ Flight Experience,%,7.271598464752781
2018,NORTH ASIA,South Korea,Major Attractions and Sites | Singapore Zoo,%,8.216182992574394
2018,NORTH ASIA,South Korea,Major Attractions and Sites | Night Safari,%,5.448027465820507
2018,NORTH ASIA,South Korea,Major Attractions and Sites | River Wonders (formerly River Safari),%,6.222744625067702
2018,NORTH ASIA,South Korea,Major Attractions and Sites | Bird Paradise (formerly Jurong Bird Park),%,8.199232944619688
2018,NORTH ASIA,South Korea,Major Attractions and Sites | National Orchid Gardens,%,3.574180201413525
2018,NORTH ASIA,South Korea,Free Access Attractions and Sites | Orchard Road,%,42.30720798863722
2018,NORTH ASIA,South Korea,Free Access Attractions and Sites | Chinatown,%,26.56291755421735
2018,NORTH ASIA,South Korea,Free Access Attractions and Sites | Merlion Park,%,20.99633886606218
2018,NORTH ASIA,South Korea,Free Access Attractions and Sites | Little India,%,18.07171006385295
2018,NORTH ASIA,South Korea,Free Access Attractions and Sites | Esplanade Theatres by the Bay,%,7.336993996831405
2018,NORTH ASIA,South Korea,Free Access Attractions and Sites | Singapore River/ Clarke Quay/ Boat Quay,%,12.17806549700194
2018,NORTH ASIA,South Korea,Free Access Attractions and Sites | Singapore Botanic Gardens,%,15.2140482149397
2018,NORTH ASIA,South Korea,Free Access Attractions and Sites | Raffles Hotel,%,2.484623606225609
2018,SOUTH ASIA,India,Major Attractions and Sites | Integrated Resort (MBS/RWS),%,48.13167072303342
2018,SOUTH ASIA,India,Major Attractions and Sites | Gardens by the Bay,%,43.26580149181114
2018,SOUTH ASIA,India,Major Attractions and Sites | Sentosa,%,38.03942231625952
2018,SOUTH ASIA,India,Major Attractions and Sites | Singapore Flyer/ Flight Experience,%,14.73076775589285
2018,SOUTH ASIA,India,Major Attractions and Sites | Singapore Zoo,%,18.36395353030621
2018,SOUTH ASIA,India,Major Attractions and Sites | Night Safari,%,20.7022563361215
2018,SOUTH ASIA,India,Major Attractions and Sites | River Wonders (formerly River Safari),%,7.893232863167349
2018,SOUTH ASIA,India,Major Attractions and Sites | Bird Paradise (formerly Jurong Bird Park),%,12.20324270747381
2018,SOUTH ASIA,India,Major Attractions and Sites | National Orchid Gardens,%,4.219472763724245
2018,SOUTH ASIA,India,Free Access Attractions and Sites | Orchard Road,%,24.09400277410447
2018,SOUTH ASIA,India,Free Access Attractions and Sites | Chinatown,%,20.91638843113067
2018,SOUTH ASIA,India,Free Access Attractions and Sites | Merlion Park,%,28.97059124433647
2018,SOUTH ASIA,India,Free Access Attractions and Sites | Little India,%,39.29852352118368
2018,SOUTH ASIA,India,Free Access Attractions and Sites | Esplanade Theatres by the Bay,%,9.442708475783508
2018,SOUTH ASIA,India,Free Access Attractions and Sites | Singapore River/ Clarke Quay/ Boat Quay,%,7.760958506451417
2018,SOUTH ASIA,India,Free Access Attractions and Sites | Singapore Botanic Gardens,%,10.18459966469599
2018,SOUTH ASIA,India,Free Access Attractions and Sites | Raffles Hotel,%,1.922347737682596
2018,EUROPE,France,Major Attractions and Sites | Integrated Resort (MBS/RWS),%,37.9633396352717
2018,EUROPE,France,Major Attractions and Sites | Gardens by the Bay,%,55.21923638774098
2018,EUROPE,France,Major Attractions and Sites | Sentosa,%,21.01523483801141
2018,EUROPE,France,Major Attractions and Sites | Singapore Flyer/ Flight Experience,%,9.45724719601268
2018,EUROPE,France,Major Attractions and Sites | Singapore Zoo,%,12.6912938172519
2018,EUROPE,France,Major Attractions and Sites | Night Safari,%,6.61256548217373
2018,EUROPE,France,Major Attractions and Sites | River Wonders (formerly River Safari),%,2.875330945442055
2018,EUROPE,France,Major Attractions and Sites | Bird Paradise (formerly Jurong Bird Park),%,3.315725248075069
2018,EUROPE,France,Major Attractions and Sites | National Orchid Gardens,%,10.29005718362761
2018,EUROPE,France,Free Access Attractions and Sites | Orchard Road,%,41.56422626375856
2018,EUROPE,France,Free Access Attractions and Sites | Chinatown,%,48.80816936159827
2018,EUROPE,France,Free Access Attractions and Sites | Merlion Park,%,25.82434304889103
2018,EUROPE,France,Free Access Attractions and Sites | Little India,%,39.53325325103299
2018,EUROPE,France,Free Access Attractions and Sites | Esplanade Theatres by the Bay,%,16.20834146474366
2018,EUROPE,France,Free Access Attractions and Sites | Singapore River/ Clarke Quay/ Boat Quay,%,20.37585833242524
2018,EUROPE,France,Free Access Attractions and Sites | Singapore Botanic Gardens,%,27.98130987091115
2018,EUROPE,France,Free Access Attractions and Sites | Raffles Hotel,%,5.478630702415137
2018,EUROPE,Germany,Major Attractions and Sites | Integrated Resort (MBS/RWS),%,41.51199402675427
2018,EUROPE,Germany,Major Attractions and Sites | Gardens by the Bay,%,57.21633809943317
2018,EUROPE,Germany,Major Attractions and Sites | Sentosa,%,20.55903838283619
2018,EUROPE,Germany,Major Attractions and Sites | Singapore Flyer/ Flight Experience,%,14.80590127788535
2018,EUROPE,Germany,Major Attractions and Sites | Singapore Zoo,%,10.65042877953283
2018,EUROPE,Germany,Major Attractions and Sites | Night Safari,%,6.947606968195845
2018,EUROPE,Germany,Major Attractions and Sites | River Wonders (formerly River Safari),%,3.728020722274453
2018,EUROPE,Germany,Major Attractions and Sites | Bird Paradise (formerly Jurong Bird Park),%,2.653011511375769
2018,EUROPE,Germany,Major Attractions and Sites | National Orchid Gardens,%,10.70233247682095
2018,EUROPE,Germany,Free Access Attractions and Sites | Orchard Road,%,41.31357315244828
2018,EUROPE,Germany,Free Access Attractions and Sites | Chinatown,%,46.66355854156427
2018,EUROPE,Germany,Free Access Attractions and Sites | Merlion Park,%,29.47885408123198
2018,EUROPE,Germany,Free Access Attractions and Sites | Little India,%,39.71397363505304
2018,EUROPE,Germany,Free Access Attractions and Sites | Esplanade Theatres by the Bay,%,16.95527173335461
2018,EUROPE,Germany,Free Access Attractions and Sites | Singapore River/ Clarke Quay/ Boat Quay,%,17.62808022219133
2018,EUROPE,Germany,Free Access Attractions and Sites | Singapore Botanic Gardens,%,22.39915477505437
2018,EUROPE,Germany,Free Access Attractions and Sites | Raffles Hotel,%,8.885785877664121
2018,EUROPE,Italy,Major Attractions and Sites | Integrated Resort (MBS/RWS),%,43.37336589166303
2018,EUROPE,Italy,Major Attractions and Sites | Gardens by the Bay,%,62.3382597207813
2018,EUROPE,Italy,Major Attractions and Sites | Sentosa,%,14.83700977660785
2018,EUROPE,Italy,Major Attractions and Sites | Singapore Flyer/ Flight Experience,%,20.48898118934682
2018,EUROPE,Italy,Major Attractions and Sites | Singapore Zoo,%,12.66323707002284
2018,EUROPE,Italy,Major Attractions and Sites | Night Safari,%,5.004568585620533
2018,EUROPE,Italy,Major Attractions and Sites | River Wonders (formerly River Safari),%,3.261166283063084
2018,EUROPE,Italy,Major Attractions and Sites | Bird Paradise (formerly Jurong Bird Park),%,1.460395218919583
2018,EUROPE,Italy,Major Attractions and Sites | National Orchid Gardens,%,14.09873235370213
2018,EUROPE,Italy,Free Access Attractions and Sites | Orchard Road,%,36.11256005927829
2018,EUROPE,Italy,Free Access Attractions and Sites | Chinatown,%,53.78563994792714
2018,EUROPE,Italy,Free Access Attractions and Sites | Merlion Park,%,32.32807941240811
2018,EUROPE,Italy,Free Access Attractions and Sites | Little India,%,41.78580777965097
2018,EUROPE,Italy,Free Access Attractions and Sites | Esplanade Theatres by the Bay,%,15.11745483182408
2018,EUROPE,Italy,Free Access Attractions and Sites | Singapore River/ Clarke Quay/ Boat Quay,%,22.63204875592027
2018,EUROPE,Italy,Free Access Attractions and Sites | Singapore Botanic Gardens,%,24.60011607247772
2018,EUROPE,Italy,Free Access Attractions and Sites | Raffles Hotel,%,6.263970572928329
2018,EUROPE,Netherlands,Major Attractions and Sites | Integrated Resort (MBS/RWS),%,37.32756596655624
2018,EUROPE,Netherlands,Major Attractions and Sites | Gardens by the Bay,%,48.23536254589659
2018,EUROPE,Netherlands,Major Attractions and Sites | Sentosa,%,18.02119329974287
2018,EUROPE,Netherlands,Major Attractions and Sites | Singapore Flyer/ Flight Experience,%,14.10581085604215
2018,EUROPE,Netherlands,Major Attractions and Sites | Singapore Zoo,%,6.570298903500818
2018,EUROPE,Netherlands,Major Attractions and Sites | Night Safari,%,3.869220673529728
2018,EUROPE,Netherlands,Major Attractions and Sites | River Wonders (formerly River Safari),%,3.360853583839919
2018,EUROPE,Netherlands,Major Attractions and Sites | Bird Paradise (formerly Jurong Bird Park),%,1.455441423631697
2018,EUROPE,Netherlands,Major Attractions and Sites | National Orchid Gardens,%,5.960451019405404
2018,EUROPE,Netherlands,Free Access Attractions and Sites | Orchard Road,%,42.30336596005811
2018,EUROPE,Netherlands,Free Access Attractions and Sites | Chinatown,%,38.619402639749
2018,EUROPE,Netherlands,Free Access Attractions and Sites | Merlion Park,%,26.20387511500954
2018,EUROPE,Netherlands,Free Access Attractions and Sites | Little India,%,38.42926240303036
2018,EUROPE,Netherlands,Free Access Attractions and Sites | Esplanade Theatres by the Bay,%,16.54923066270579
2018,EUROPE,Netherlands,Free Access Attractions and Sites | Singapore River/ Clarke Quay/ Boat Quay,%,20.31636848372891
2018,EUROPE,Netherlands,Free Access Attractions and Sites | Singapore Botanic Gardens,%,16.27922086986123
2018,EUROPE,Netherlands,Free Access Attractions and Sites | Raffles Hotel,%,5.242686856868367
2018,EUROPE,Switzerland,Major Attractions and Sites | Integrated Resort (MBS/RWS),%,30.26255601654771
2018,EUROPE,Switzerland,Major Attractions and Sites | Gardens by the Bay,%,49.55136648969355
2018,EUROPE,Switzerland,Major Attractions and Sites | Sentosa,%,19.09467678298362
2018,EUROPE,Switzerland,Major Attractions and Sites | Singapore Flyer/ Flight Experience,%,10.18984061977985
2018,EUROPE,Switzerland,Major Attractions and Sites | Singapore Zoo,%,5.439769960905902
2018,EUROPE,Switzerland,Major Attractions and Sites | Night Safari,%,10.48024802229709
2018,EUROPE,Switzerland,Major Attractions and Sites | River Wonders (formerly River Safari),%,4.704708995831068
2018,EUROPE,Switzerland,Major Attractions and Sites | Bird Paradise (formerly Jurong Bird Park),%,0.880937995432486
2018,EUROPE,Switzerland,Major Attractions and Sites | National Orchid Gardens,%,9.911910426994194
2018,EUROPE,Switzerland,Free Access Attractions and Sites | Orchard Road,%,44.82479049166261
2018,EUROPE,Switzerland,Free Access Attractions and Sites | Chinatown,%,35.66671627796192
2018,EUROPE,Switzerland,Free Access Attractions and Sites | Merlion Park,%,17.91698484472321
2018,EUROPE,Switzerland,Free Access Attractions and Sites | Little India,%,36.66283888894765
2018,EUROPE,Switzerland,Free Access Attractions and Sites | Esplanade Theatres by the Bay,%,16.44954277980697
2018,EUROPE,Switzerland,Free Access Attractions and Sites | Singapore River/ Clarke Quay/ Boat Quay,%,17.46194285471142
2018,EUROPE,Switzerland,Free Access Attractions and Sites | Singapore Botanic Gardens,%,13.59207700196099
2018,EUROPE,UK,Major Attractions and Sites | Integrated Resort (MBS/RWS),%,35.63505132003193
2018,EUROPE,UK,Major Attractions and Sites | Gardens by the Bay,%,50.45783648915145
2018,EUROPE,UK,Major Attractions and Sites | Sentosa,%,18.03978774073476
2018,EUROPE,UK,Major Attractions and Sites | Singapore Flyer/ Flight Experience,%,9.192482508272878
2018,EUROPE,UK,Major Attractions and Sites | Singapore Zoo,%,8.765940209773563
2018,EUROPE,UK,Major Attractions and Sites | Night Safari,%,6.271610779091795
2018,EUROPE,UK,Major Attractions and Sites | River Wonders (formerly River Safari),%,3.57769297057692
2018,EUROPE,UK,Major Attractions and Sites | Bird Paradise (formerly Jurong Bird Park),%,2.504498956676977
2018,EUROPE,UK,Major Attractions and Sites | National Orchid Gardens,%,9.72048283092652
2018,EUROPE,UK,Free Access Attractions and Sites | Orchard Road,%,36.68666792741072
2018,EUROPE,UK,Free Access Attractions and Sites | Chinatown,%,40.31161045499957
2018,EUROPE,UK,Free Access Attractions and Sites | Merlion Park,%,24.86911650335227
2018,EUROPE,UK,Free Access Attractions and Sites | Little India,%,31.59652658025736
2018,EUROPE,UK,Free Access Attractions and Sites | Esplanade Theatres by the Bay,%,13.27298749265017
2018,EUROPE,UK,Free Access Attractions and Sites | Singapore River/ Clarke Quay/ Boat Quay,%,16.9090885972556
2018,EUROPE,UK,Free Access Attractions and Sites | Singapore Botanic Gardens,%,22.88915267584169
2018,EUROPE,UK,Free Access Attractions and Sites | Raffles Hotel,%,6.445630956811745
2018,AMERICAS,Canada,Major Attractions and Sites | Integrated Resort (MBS/RWS),%,28.16261755753393
2018,AMERICAS,Canada,Major Attractions and Sites | Gardens by the Bay,%,48.25585000794069
2018,AMERICAS,Canada,Major Attractions and Sites | Sentosa,%,16.65769970566538
2018,AMERICAS,Canada,Major Attractions and Sites | Singapore Flyer/ Flight Experience,%,7.286158219006891
2018,AMERICAS,Canada,Major Attractions and Sites | Singapore Zoo,%,5.267924662867125
2018,AMERICAS,Canada,Major Attractions and Sites | Night Safari,%,5.832495164709522
2018,AMERICAS,Canada,Major Attractions and Sites | River Wonders (formerly River Safari),%,1.097930160953958
2018,AMERICAS,Canada,Major Attractions and Sites | Bird Paradise (formerly Jurong Bird Park),%,1.267846442643953
2018,AMERICAS,Canada,Major Attractions and Sites | National Orchid Gardens,%,3.089713024742153
2018,AMERICAS,Canada,Free Access Attractions and Sites | Orchard Road,%,39.89039342667515
2018,AMERICAS,Canada,Free Access Attractions and Sites | Chinatown,%,36.31542521124194
2018,AMERICAS,Canada,Free Access Attractions and Sites | Merlion Park,%,20.91138447654897
2018,AMERICAS,Canada,Free Access Attractions and Sites | Little India,%,26.14946584995841
2018,AMERICAS,Canada,Free Access Attractions and Sites | Esplanade Theatres by the Bay,%,14.79005106957341
2018,AMERICAS,Canada,Free Access Attractions and Sites | Singapore River/ Clarke Quay/ Boat Quay,%,9.562352382245464
2018,AMERICAS,Canada,Free Access Attractions and Sites | Singapore Botanic Gardens,%,15.65599590329911
2018,AMERICAS,Canada,Free Access Attractions and Sites | Raffles Hotel,%,5.123361188966169
2018,AMERICAS,USA,Major Attractions and Sites | Integrated Resort (MBS/RWS),%,35.61438377796942
2018,AMERICAS,USA,Major Attractions and Sites | Gardens by the Bay,%,45.37542412615213
2018,AMERICAS,USA,Major Attractions and Sites | Sentosa,%,16.62056025908416
2018,AMERICAS,USA,Major Attractions and Sites | Singapore Flyer/ Flight Experience,%,7.396263724910874
2018,AMERICAS,USA,Major Attractions and Sites | Singapore Zoo,%,7.91983484350879
2018,AMERICAS,USA,Major Attractions and Sites | Night Safari,%,6.613723902399169
2018,AMERICAS,USA,Major Attractions and Sites | River Wonders (formerly River Safari),%,2.666617488433876
2018,AMERICAS,USA,Major Attractions and Sites | Bird Paradise (formerly Jurong Bird Park),%,3.397880581172502
2018,AMERICAS,USA,Major Attractions and Sites | National Orchid Gardens,%,7.393757364269264
2018,AMERICAS,USA,Free Access Attractions and Sites | Orchard Road,%,34.95219287988386
2018,AMERICAS,USA,Free Access Attractions and Sites | Chinatown,%,35.77228734947023
2018,AMERICAS,USA,Free Access Attractions and Sites | Merlion Park,%,25.0154168988542
2018,AMERICAS,USA,Free Access Attractions and Sites | Little India,%,27.89264276513594
2018,AMERICAS,USA,Free Access Attractions and Sites | Esplanade Theatres by the Bay,%,10.69708420172493
2018,AMERICAS,USA,Free Access Attractions and Sites | Singapore River/ Clarke Quay/ Boat Quay,%,17.50750995955942
2018,AMERICAS,USA,Free Access Attractions and Sites | Singapore Botanic Gardens,%,18.31179345134762
2018,AMERICAS,USA,Free Access Attractions and Sites | Raffles Hotel,%,7.74677722926424
2018,OCEANIA,Australia,Major Attractions and Sites | Integrated Resort (MBS/RWS),%,37.88589548015969
2018,OCEANIA,Australia,Major Attractions and Sites | Gardens by the Bay,%,49.4676522755522
2018,OCEANIA,Australia,Major Attractions and Sites | Sentosa,%,25.3768210801165
2018,OCEANIA,Australia,Major Attractions and Sites | Singapore Flyer/ Flight Experience,%,9.652458202980515
2018,OCEANIA,Australia,Major Attractions and Sites | Singapore Zoo,%,11.81947375587718
2018,OCEANIA,Australia,Major Attractions and Sites | Night Safari,%,8.518303571296933
2018,OCEANIA,Australia,Major Attractions and Sites | River Wonders (formerly River Safari),%,5.626772772699361
2018,OCEANIA,Australia,Major Attractions and Sites | Bird Paradise (formerly Jurong Bird Park),%,4.300516888077156
2018,OCEANIA,Australia,Major Attractions and Sites | National Orchid Gardens,%,7.880687720022739
2018,OCEANIA,Australia,Free Access Attractions and Sites | Orchard Road,%,42.4071583654356
2018,OCEANIA,Australia,Free Access Attractions and Sites | Chinatown,%,38.51416347561339
2018,OCEANIA,Australia,Free Access Attractions and Sites | Merlion Park,%,24.3648472939359
2018,OCEANIA,Australia,Free Access Attractions and Sites | Little India,%,30.7074600561422
2018,OCEANIA,Australia,Free Access Attractions and Sites | Esplanade Theatres by the Bay,%,13.52311018820302
2018,OCEANIA,Australia,Free Access Attractions and Sites | Singapore River/ Clarke Quay/ Boat Quay,%,19.08187819577454
2018,OCEANIA,Australia,Free Access Attractions and Sites | Singapore Botanic Gardens,%,19.87699109402279
2018,OCEANIA,Australia,Free Access Attractions and Sites | Raffles Hotel,%,5.106311083627423
2018,OCEANIA,New Zealand,Major Attractions and Sites | Integrated Resort (MBS/RWS),%,27.92509384892922
2018,OCEANIA,New Zealand,Major Attractions and Sites | Gardens by the Bay,%,49.70931106909521
2018,OCEANIA,New Zealand,Major Attractions and Sites | Sentosa,%,16.25712376718904
2018,OCEANIA,New Zealand,Major Attractions and Sites | Singapore Flyer/ Flight Experience,%,9.40132218481804
2018,OCEANIA,New Zealand,Major Attractions and Sites | Singapore Zoo,%,9.417124279364335
2018,OCEANIA,New Zealand,Major Attractions and Sites | Night Safari,%,10.41329875560088
2018,OCEANIA,New Zealand,Major Attractions and Sites | River Wonders (formerly River Safari),%,3.279762145848024
2018,OCEANIA,New Zealand,Major Attractions and Sites | Bird Paradise (formerly Jurong Bird Park),%,2.646135828718128
2018,OCEANIA,New Zealand,Major Attractions and Sites | National Orchid Gardens,%,7.387805115668734
2018,OCEANIA,New Zealand,Free Access Attractions and Sites | Orchard Road,%,33.40923435540795
2018,OCEANIA,New Zealand,Free Access Attractions and Sites | Chinatown,%,29.024860475846
2018,OCEANIA,New Zealand,Free Access Attractions and Sites | Merlion Park,%,21.48533065690817
2018,OCEANIA,New Zealand,Free Access Attractions and Sites | Little India,%,19.87454479427834
2018,OCEANIA,New Zealand,Free Access Attractions and Sites | Esplanade Theatres by the Bay,%,10.27228656986088
2018,OCEANIA,New Zealand,Free Access Attractions and Sites | Singapore River/ Clarke Quay/ Boat Quay,%,15.68085339332462
2018,OCEANIA,New Zealand,Free Access Attractions and Sites | Singapore Botanic Gardens,%,15.8355048270458
2018,OCEANIA,New Zealand,Free Access Attractions and Sites | Raffles Hotel,%,5.725149008125177
2018,AFRICA,South Africa (Rep of),Major Attractions and Sites | Integrated Resort (MBS/RWS),%,31.55580418584561
2018,AFRICA,South Africa (Rep of),Major Attractions and Sites | Gardens by the Bay,%,37.41321207480896
2018,AFRICA,South Africa (Rep of),Major Attractions and Sites | Sentosa,%,31.34480292824863
2018,AFRICA,South Africa (Rep of),Major Attractions and Sites | Singapore Flyer/ Flight Experience,%,9.61663260821626
2018,AFRICA,South Africa (Rep of),Major Attractions and Sites | Singapore Zoo,%,3.792194685779247
2018,AFRICA,South Africa (Rep of),Major Attractions and Sites | Night Safari,%,9.229941954788464
2018,AFRICA,South Africa (Rep of),Major Attractions and Sites | River Wonders (formerly River Safari),%,10.10688073017348
2018,AFRICA,South Africa (Rep of),Major Attractions and Sites | National Orchid Gardens,%,5.689320838947162
2018,AFRICA,South Africa (Rep of),Free Access Attractions and Sites | Orchard Road,%,50.08144885581544
2018,AFRICA,South Africa (Rep of),Free Access Attractions and Sites | Chinatown,%,35.74227523829727
2018,AFRICA,South Africa (Rep of),Free Access Attractions and Sites | Merlion Park,%,27.1824855057301
2018,AFRICA,South Africa (Rep of),Free Access Attractions and Sites | Little India,%,34.28641235219482
2018,AFRICA,South Africa (Rep of),Free Access Attractions and Sites | Esplanade Theatres by the Bay,%,23.25737336863859
2018,AFRICA,South Africa (Rep of),Free Access Attractions and Sites | Singapore River/ Clarke Quay/ Boat Quay,%,27.30005089492513
2018,AFRICA,South Africa (Rep of),Free Access Attractions and Sites | Singapore Botanic Gardens,%,18.97781750953927
2018,AFRICA,South Africa (Rep of),Free Access Attractions and Sites | Raffles Hotel,%,5.117101398804795
2018,REMAINING,Others,Major Attractions and Sites | Integrated Resort (MBS/RWS),%,40.03620490251026
2018,REMAINING,Others,Major Attractions and Sites | Gardens by the Bay,%,46.56018520873747
2018,REMAINING,Others,Major Attractions and Sites | Sentosa,%,26.93018081756987
2018,REMAINING,Others,Major Attractions and Sites | Singapore Flyer/ Flight Experience,%,11.45765744567643
2018,REMAINING,Others,Major Attractions and Sites | Singapore Zoo,%,8.711726493145859
2018,REMAINING,Others,Major Attractions and Sites | Night Safari,%,6.760698079032248
2018,REMAINING,Others,Major Attractions and Sites | River Wonders (formerly River Safari),%,3.907453185685979
2018,REMAINING,Others,Major Attractions and Sites | Bird Paradise (formerly Jurong Bird Park),%,3.371753587774517
2018,REMAINING,Others,Major Attractions and Sites | National Orchid Gardens,%,6.397440943297085
2018,REMAINING,Others,Free Access Attractions and Sites | Orchard Road,%,42.42579829735178
2018,REMAINING,Others,Free Access Attractions and Sites | Chinatown,%,33.71016863445033
2018,REMAINING,Others,Free Access Attractions and Sites | Merlion Park,%,26.61781039818772
2018,REMAINING,Others,Free Access Attractions and Sites | Little India,%,31.42307659002207
2018,REMAINING,Others,Free Access Attractions and Sites | Esplanade Theatres by the Bay,%,12.43713271669868
2018,REMAINING,Others,Free Access Attractions and Sites | Singapore River/ Clarke Quay/ Boat Quay,%,15.50421017473335
2018,REMAINING,Others,Free Access Attractions and Sites | Singapore Botanic Gardens,%,14.7018682667879
2018,REMAINING,Others,Free Access Attractions and Sites | Raffles Hotel,%,3.459523432593124
2017,SOUTHEAST ASIA,Indonesia,Major Attractions and Sites | Integrated Resort (MBS/RWS),%,29.13878438464295
2017,SOUTHEAST ASIA,Indonesia,Major Attractions and Sites | Gardens by the Bay,%,16.24440392350789
2017,SOUTHEAST ASIA,Indonesia,Major Attractions and Sites | Sentosa,%,13.64200906936716
2017,SOUTHEAST ASIA,Indonesia,Major Attractions and Sites | Singapore Flyer/ Flight Experience,%,7.654727892106005
2017,SOUTHEAST ASIA,Indonesia,Major Attractions and Sites | Singapore Zoo,%,5.276539626003654
2017,SOUTHEAST ASIA,Indonesia,Major Attractions and Sites | Night Safari,%,3.712685506449244
2017,SOUTHEAST ASIA,Indonesia,Major Attractions and Sites | River Wonders (formerly River Safari),%,2.702323854529125
2017,SOUTHEAST ASIA,Indonesia,Major Attractions and Sites | Bird Paradise (formerly Jurong Bird Park),%,2.564179384205659
2017,SOUTHEAST ASIA,Indonesia,Major Attractions and Sites | National Orchid Gardens,%,1.620388601051138
2017,SOUTHEAST ASIA,Indonesia,Free Access Attractions and Sites | Orchard Road,%,38.85994050180165
2017,SOUTHEAST ASIA,Indonesia,Free Access Attractions and Sites | Chinatown,%,10.3544039978661
2017,SOUTHEAST ASIA,Indonesia,Free Access Attractions and Sites | Merlion Park,%,13.41712483730927
2017,SOUTHEAST ASIA,Indonesia,Free Access Attractions and Sites | Little India,%,6.67534594062543
2017,SOUTHEAST ASIA,Indonesia,Free Access Attractions and Sites | Esplanade Theatres by the Bay,%,7.474646469872018
2017,SOUTHEAST ASIA,Indonesia,Free Access Attractions and Sites | Singapore River/ Clarke Quay/ Boat Quay,%,3.98580362368423
2017,SOUTHEAST ASIA,Indonesia,Free Access Attractions and Sites | Singapore Botanic Gardens,%,3.276606177497047
2017,SOUTHEAST ASIA,Indonesia,Free Access Attractions and Sites | Raffles Hotel,%,2.172420325375233
2017,SOUTHEAST ASIA,Malaysia,Major Attractions and Sites | Integrated Resort (MBS/RWS),%,25.69456570243386
2017,SOUTHEAST ASIA,Malaysia,Major Attractions and Sites | Gardens by the Bay,%,14.61792411583617
2017,SOUTHEAST ASIA,Malaysia,Major Attractions and Sites | Sentosa,%,10.3652947625811
2017,SOUTHEAST ASIA,Malaysia,Major Attractions and Sites | Singapore Flyer/ Flight Experience,%,6.671912102941477
2017,SOUTHEAST ASIA,Malaysia,Major Attractions and Sites | Singapore Zoo,%,3.732688094627696
2017,SOUTHEAST ASIA,Malaysia,Major Attractions and Sites | Night Safari,%,2.894447414875684
2017,SOUTHEAST ASIA,Malaysia,Major Attractions and Sites | River Wonders (formerly River Safari),%,2.228073068981762
2017,SOUTHEAST ASIA,Malaysia,Major Attractions and Sites | Bird Paradise (formerly Jurong Bird Park),%,1.207086024331798
2017,SOUTHEAST ASIA,Malaysia,Major Attractions and Sites | National Orchid Gardens,%,1.215119233170274
2017,SOUTHEAST ASIA,Malaysia,Free Access Attractions and Sites | Orchard Road,%,29.99918353142296
2017,SOUTHEAST ASIA,Malaysia,Free Access Attractions and Sites | Chinatown,%,13.45083306391997
2017,SOUTHEAST ASIA,Malaysia,Free Access Attractions and Sites | Merlion Park,%,8.65403771125164
2017,SOUTHEAST ASIA,Malaysia,Free Access Attractions and Sites | Little India,%,6.787785863784723
2017,SOUTHEAST ASIA,Malaysia,Free Access Attractions and Sites | Esplanade Theatres by the Bay,%,6.099843222643747
2017,SOUTHEAST ASIA,Malaysia,Free Access Attractions and Sites | Singapore River/ Clarke Quay/ Boat Quay,%,4.95113918090409
2017,SOUTHEAST ASIA,Malaysia,Free Access Attractions and Sites | Singapore Botanic Gardens,%,2.484306532091398
2017,SOUTHEAST ASIA,Malaysia,Free Access Attractions and Sites | Raffles Hotel,%,1.734493471599709
2017,SOUTHEAST ASIA,Philippines,Major Attractions and Sites | Integrated Resort (MBS/RWS),%,50.51705411015129
2017,SOUTHEAST ASIA,Philippines,Major Attractions and Sites | Gardens by the Bay,%,39.63432748740281
2017,SOUTHEAST ASIA,Philippines,Major Attractions and Sites | Sentosa,%,30.0170335125623
2017,SOUTHEAST ASIA,Philippines,Major Attractions and Sites | Singapore Flyer/ Flight Experience,%,14.53306067537489
2017,SOUTHEAST ASIA,Philippines,Major Attractions and Sites | Singapore Zoo,%,12.77610238070168
2017,SOUTHEAST ASIA,Philippines,Major Attractions and Sites | Night Safari,%,7.162408966748928
2017,SOUTHEAST ASIA,Philippines,Major Attractions and Sites | River Wonders (formerly River Safari),%,4.910022751273958
2017,SOUTHEAST ASIA,Philippines,Major Attractions and Sites | Bird Paradise (formerly Jurong Bird Park),%,4.49543457480684
2017,SOUTHEAST ASIA,Philippines,Major Attractions and Sites | National Orchid Gardens,%,3.547108906159698
2017,SOUTHEAST ASIA,Philippines,Free Access Attractions and Sites | Orchard Road,%,56.11831837881258
2017,SOUTHEAST ASIA,Philippines,Free Access Attractions and Sites | Chinatown,%,26.89952575129784
2017,SOUTHEAST ASIA,Philippines,Free Access Attractions and Sites | Merlion Park,%,28.21305545002956
2017,SOUTHEAST ASIA,Philippines,Free Access Attractions and Sites | Little India,%,16.08020985450967
2017,SOUTHEAST ASIA,Philippines,Free Access Attractions and Sites | Esplanade Theatres by the Bay,%,14.03547150576044
2017,SOUTHEAST ASIA,Philippines,Free Access Attractions and Sites | Singapore River/ Clarke Quay/ Boat Quay,%,14.51118993991937
2017,SOUTHEAST ASIA,Philippines,Free Access Attractions and Sites | Singapore Botanic Gardens,%,11.08230161765319
2017,SOUTHEAST ASIA,Philippines,Free Access Attractions and Sites | Raffles Hotel,%,5.362066781881668
2017,SOUTHEAST ASIA,Thailand,Major Attractions and Sites | Integrated Resort (MBS/RWS),%,45.32782486584465
2017,SOUTHEAST ASIA,Thailand,Major Attractions and Sites | Gardens by the Bay,%,30.85958947603135
2017,SOUTHEAST ASIA,Thailand,Major Attractions and Sites | Sentosa,%,23.14590873032856
2017,SOUTHEAST ASIA,Thailand,Major Attractions and Sites | Singapore Flyer/ Flight Experience,%,14.48101080071013
2017,SOUTHEAST ASIA,Thailand,Major Attractions and Sites | Singapore Zoo,%,7.450124778527237
2017,SOUTHEAST ASIA,Thailand,Major Attractions and Sites | Night Safari,%,6.514419395014447
2017,SOUTHEAST ASIA,Thailand,Major Attractions and Sites | River Wonders (formerly River Safari),%,3.54663124016937
2017,SOUTHEAST ASIA,Thailand,Major Attractions and Sites | Bird Paradise (formerly Jurong Bird Park),%,3.310763703218148
2017,SOUTHEAST ASIA,Thailand,Major Attractions and Sites | National Orchid Gardens,%,5.182626483907501
2017,SOUTHEAST ASIA,Thailand,Free Access Attractions and Sites | Orchard Road,%,44.77309990022436
2017,SOUTHEAST ASIA,Thailand,Free Access Attractions and Sites | Chinatown,%,28.13523486091923
2017,SOUTHEAST ASIA,Thailand,Free Access Attractions and Sites | Merlion Park,%,25.03838180986407
2017,SOUTHEAST ASIA,Thailand,Free Access Attractions and Sites | Little India,%,15.46263379148855
2017,SOUTHEAST ASIA,Thailand,Free Access Attractions and Sites | Esplanade Theatres by the Bay,%,12.98521900436917
2017,SOUTHEAST ASIA,Thailand,Free Access Attractions and Sites | Singapore River/ Clarke Quay/ Boat Quay,%,10.35079722596194
2017,SOUTHEAST ASIA,Thailand,Free Access Attractions and Sites | Singapore Botanic Gardens,%,6.611950617797038
2017,SOUTHEAST ASIA,Thailand,Free Access Attractions and Sites | Raffles Hotel,%,3.567201964612367
2017,SOUTHEAST ASIA,Vietnam,Major Attractions and Sites | Integrated Resort (MBS/RWS),%,46.11265503310544
2017,SOUTHEAST ASIA,Vietnam,Major Attractions and Sites | Gardens by the Bay,%,33.81900796924859
2017,SOUTHEAST ASIA,Vietnam,Major Attractions and Sites | Sentosa,%,27.9128872071448
2017,SOUTHEAST ASIA,Vietnam,Major Attractions and Sites | Singapore Flyer/ Flight Experience,%,13.52282327140249
2017,SOUTHEAST ASIA,Vietnam,Major Attractions and Sites | Singapore Zoo,%,14.76241529063425
2017,SOUTHEAST ASIA,Vietnam,Major Attractions and Sites | Night Safari,%,7.814932170512606
2017,SOUTHEAST ASIA,Vietnam,Major Attractions and Sites | River Wonders (formerly River Safari),%,5.844550997136594
2017,SOUTHEAST ASIA,Vietnam,Major Attractions and Sites | Bird Paradise (formerly Jurong Bird Park),%,5.172770186571536
2017,SOUTHEAST ASIA,Vietnam,Major Attractions and Sites | National Orchid Gardens,%,3.865884101406902
2017,SOUTHEAST ASIA,Vietnam,Free Access Attractions and Sites | Orchard Road,%,49.41732371647168
2017,SOUTHEAST ASIA,Vietnam,Free Access Attractions and Sites | Chinatown,%,30.98103933285839
2017,SOUTHEAST ASIA,Vietnam,Free Access Attractions and Sites | Merlion Park,%,23.84434959806596
2017,SOUTHEAST ASIA,Vietnam,Free Access Attractions and Sites | Little India,%,17.19225315927706
2017,SOUTHEAST ASIA,Vietnam,Free Access Attractions and Sites | Esplanade Theatres by the Bay,%,10.21386081703259
2017,SOUTHEAST ASIA,Vietnam,Free Access Attractions and Sites | Singapore River/ Clarke Quay/ Boat Quay,%,6.815923949037729
2017,SOUTHEAST ASIA,Vietnam,Free Access Attractions and Sites | Singapore Botanic Gardens,%,10.18054275700714
2017,SOUTHEAST ASIA,Vietnam,Free Access Attractions and Sites | Raffles Hotel,%,2.861084818588807
2017,GREATER CHINA,China,Major Attractions and Sites | Integrated Resort (MBS/RWS),%,50.67337740378755
2017,GREATER CHINA,China,Major Attractions and Sites | Gardens by the Bay,%,31.33270164148188
2017,GREATER CHINA,China,Major Attractions and Sites | Sentosa,%,30.71354068799355
2017,GREATER CHINA,China,Major Attractions and Sites | Singapore Flyer/ Flight Experience,%,13.88399145343581
2017,GREATER CHINA,China,Major Attractions and Sites | Singapore Zoo,%,13.74794755690415
2017,GREATER CHINA,China,Major Attractions and Sites | Night Safari,%,8.876186013970802
2017,GREATER CHINA,China,Major Attractions and Sites | River Wonders (formerly River Safari),%,4.470731916982393
2017,GREATER CHINA,China,Major Attractions and Sites | Bird Paradise (formerly Jurong Bird Park),%,5.258530867408282
2017,GREATER CHINA,China,Major Attractions and Sites | National Orchid Gardens,%,3.013570534568751
2017,GREATER CHINA,China,Free Access Attractions and Sites | Orchard Road,%,42.44760052777211
2017,GREATER CHINA,China,Free Access Attractions and Sites | Chinatown,%,30.9979742888274
2017,GREATER CHINA,China,Free Access Attractions and Sites | Merlion Park,%,33.35093328346448
2017,GREATER CHINA,China,Free Access Attractions and Sites | Little India,%,13.85398718824629
2017,GREATER CHINA,China,Free Access Attractions and Sites | Esplanade Theatres by the Bay,%,10.28247622510587
2017,GREATER CHINA,China,Free Access Attractions and Sites | Singapore River/ Clarke Quay/ Boat Quay,%,8.323688228845661
2017,GREATER CHINA,China,Free Access Attractions and Sites | Singapore Botanic Gardens,%,9.934084069018178
2017,GREATER CHINA,China,Free Access Attractions and Sites | Raffles Hotel,%,4.462082596374049
2017,GREATER CHINA,Hong Kong SAR,Major Attractions and Sites | Integrated Resort (MBS/RWS),%,42.04697206804048
2017,GREATER CHINA,Hong Kong SAR,Major Attractions and Sites | Gardens by the Bay,%,31.89070571183281
2017,GREATER CHINA,Hong Kong SAR,Major Attractions and Sites | Sentosa,%,21.7250102114989
2017,GREATER CHINA,Hong Kong SAR,Major Attractions and Sites | Singapore Flyer/ Flight Experience,%,11.72802487068385
2017,GREATER CHINA,Hong Kong SAR,Major Attractions and Sites | Singapore Zoo,%,11.40651775127899
2017,GREATER CHINA,Hong Kong SAR,Major Attractions and Sites | Night Safari,%,8.333559555009325
2017,GREATER CHINA,Hong Kong SAR,Major Attractions and Sites | River Wonders (formerly River Safari),%,6.252297106386681
2017,GREATER CHINA,Hong Kong SAR,Major Attractions and Sites | Bird Paradise (formerly Jurong Bird Park),%,5.043380380657485
2017,GREATER CHINA,Hong Kong SAR,Major Attractions and Sites | National Orchid Gardens,%,1.763485320379442
2017,GREATER CHINA,Hong Kong SAR,Free Access Attractions and Sites | Orchard Road,%,43.13652005913036
2017,GREATER CHINA,Hong Kong SAR,Free Access Attractions and Sites | Chinatown,%,31.63282430527592
2017,GREATER CHINA,Hong Kong SAR,Free Access Attractions and Sites | Merlion Park,%,22.20737285252912
2017,GREATER CHINA,Hong Kong SAR,Free Access Attractions and Sites | Little India,%,12.35887459507882
2017,GREATER CHINA,Hong Kong SAR,Free Access Attractions and Sites | Esplanade Theatres by the Bay,%,10.17420666892968
2017,GREATER CHINA,Hong Kong SAR,Free Access Attractions and Sites | Singapore River/ Clarke Quay/ Boat Quay,%,11.30083685566171
2017,GREATER CHINA,Hong Kong SAR,Free Access Attractions and Sites | Singapore Botanic Gardens,%,7.617228012151621
2017,GREATER CHINA,Hong Kong SAR,Free Access Attractions and Sites | Raffles Hotel,%,3.124361079173441
2017,GREATER CHINA,Taiwan,Major Attractions and Sites | Integrated Resort (MBS/RWS),%,53.27558917307901
2017,GREATER CHINA,Taiwan,Major Attractions and Sites | Gardens by the Bay,%,35.22625430459551
2017,GREATER CHINA,Taiwan,Major Attractions and Sites | Sentosa,%,29.10294051436377
2017,GREATER CHINA,Taiwan,Major Attractions and Sites | Singapore Flyer/ Flight Experience,%,11.38920047681268
2017,GREATER CHINA,Taiwan,Major Attractions and Sites | Singapore Zoo,%,13.69871779070845
2017,GREATER CHINA,Taiwan,Major Attractions and Sites | Night Safari,%,11.02353922425159
2017,GREATER CHINA,Taiwan,Major Attractions and Sites | River Wonders (formerly River Safari),%,4.311478485467136
2017,GREATER CHINA,Taiwan,Major Attractions and Sites | Bird Paradise (formerly Jurong Bird Park),%,3.010093762328669
2017,GREATER CHINA,Taiwan,Major Attractions and Sites | National Orchid Gardens,%,4.11295779482773
2017,GREATER CHINA,Taiwan,Free Access Attractions and Sites | Orchard Road,%,44.40729765108593
2017,GREATER CHINA,Taiwan,Free Access Attractions and Sites | Chinatown,%,33.52715236711058
2017,GREATER CHINA,Taiwan,Free Access Attractions and Sites | Merlion Park,%,28.69632586174922
2017,GREATER CHINA,Taiwan,Free Access Attractions and Sites | Little India,%,16.80280392294999
2017,GREATER CHINA,Taiwan,Free Access Attractions and Sites | Esplanade Theatres by the Bay,%,11.15146934062512
2017,GREATER CHINA,Taiwan,Free Access Attractions and Sites | Singapore River/ Clarke Quay/ Boat Quay,%,11.25177180775005
2017,GREATER CHINA,Taiwan,Free Access Attractions and Sites | Singapore Botanic Gardens,%,8.42570144356281
2017,GREATER CHINA,Taiwan,Free Access Attractions and Sites | Raffles Hotel,%,5.781699514943361
2017,NORTH ASIA,Japan,Major Attractions and Sites | Integrated Resort (MBS/RWS),%,41.52729520387668
2017,NORTH ASIA,Japan,Major Attractions and Sites | Gardens by the Bay,%,35.7069501127662
2017,NORTH ASIA,Japan,Major Attractions and Sites | Sentosa,%,24.29505989854788
2017,NORTH ASIA,Japan,Major Attractions and Sites | Singapore Flyer/ Flight Experience,%,15.15378047079938
2017,NORTH ASIA,Japan,Major Attractions and Sites | Singapore Zoo,%,12.27519766063962
2017,NORTH ASIA,Japan,Major Attractions and Sites | Night Safari,%,13.66753008373447
2017,NORTH ASIA,Japan,Major Attractions and Sites | River Wonders (formerly River Safari),%,8.377354215597297
2017,NORTH ASIA,Japan,Major Attractions and Sites | Bird Paradise (formerly Jurong Bird Park),%,2.938990747231717
2017,NORTH ASIA,Japan,Major Attractions and Sites | National Orchid Gardens,%,6.066813187944886
2017,NORTH ASIA,Japan,Free Access Attractions and Sites | Orchard Road,%,48.18650333434608
2017,NORTH ASIA,Japan,Free Access Attractions and Sites | Chinatown,%,30.21848680284314
2017,NORTH ASIA,Japan,Free Access Attractions and Sites | Merlion Park,%,26.85170225651046
2017,NORTH ASIA,Japan,Free Access Attractions and Sites | Little India,%,19.73202238531374
2017,NORTH ASIA,Japan,Free Access Attractions and Sites | Esplanade Theatres by the Bay,%,10.16560199929841
2017,NORTH ASIA,Japan,Free Access Attractions and Sites | Singapore River/ Clarke Quay/ Boat Quay,%,11.21052523282855
2017,NORTH ASIA,Japan,Free Access Attractions and Sites | Singapore Botanic Gardens,%,14.51473598459688
2017,NORTH ASIA,Japan,Free Access Attractions and Sites | Raffles Hotel,%,6.106475507716828
2017,NORTH ASIA,South Korea,Major Attractions and Sites | Integrated Resort (MBS/RWS),%,44.88586904682423
2017,NORTH ASIA,South Korea,Major Attractions and Sites | Gardens by the Bay,%,38.31801641391919
2017,NORTH ASIA,South Korea,Major Attractions and Sites | Sentosa,%,32.74699068671483
2017,NORTH ASIA,South Korea,Major Attractions and Sites | Singapore Flyer/ Flight Experience,%,17.88703781949974
2017,NORTH ASIA,South Korea,Major Attractions and Sites | Singapore Zoo,%,14.72699109086463
2017,NORTH ASIA,South Korea,Major Attractions and Sites | Night Safari,%,9.67179995354366
2017,NORTH ASIA,South Korea,Major Attractions and Sites | River Wonders (formerly River Safari),%,6.654619722437691
2017,NORTH ASIA,South Korea,Major Attractions and Sites | Bird Paradise (formerly Jurong Bird Park),%,7.419770082810788
2017,NORTH ASIA,South Korea,Major Attractions and Sites | National Orchid Gardens,%,5.83859471596666
2017,NORTH ASIA,South Korea,Free Access Attractions and Sites | Orchard Road,%,47.93604471643072
2017,NORTH ASIA,South Korea,Free Access Attractions and Sites | Chinatown,%,27.86409074571354
2017,NORTH ASIA,South Korea,Free Access Attractions and Sites | Merlion Park,%,26.88224403116646
2017,NORTH ASIA,South Korea,Free Access Attractions and Sites | Little India,%,16.65400718969726
2017,NORTH ASIA,South Korea,Free Access Attractions and Sites | Esplanade Theatres by the Bay,%,10.36527232982686
2017,NORTH ASIA,South Korea,Free Access Attractions and Sites | Singapore River/ Clarke Quay/ Boat Quay,%,14.8169893664248
2017,NORTH ASIA,South Korea,Free Access Attractions and Sites | Singapore Botanic Gardens,%,14.69287182640594
2017,NORTH ASIA,South Korea,Free Access Attractions and Sites | Raffles Hotel,%,4.662080665083746
2017,SOUTH ASIA,India,Major Attractions and Sites | Integrated Resort (MBS/RWS),%,47.62118645052121
2017,SOUTH ASIA,India,Major Attractions and Sites | Gardens by the Bay,%,40.60623894062891
2017,SOUTH ASIA,India,Major Attractions and Sites | Sentosa,%,33.6302584278325
2017,SOUTH ASIA,India,Major Attractions and Sites | Singapore Flyer/ Flight Experience,%,20.55020363497642
2017,SOUTH ASIA,India,Major Attractions and Sites | Singapore Zoo,%,20.68574640530437
2017,SOUTH ASIA,India,Major Attractions and Sites | Night Safari,%,17.81113386276735
2017,SOUTH ASIA,India,Major Attractions and Sites | River Wonders (formerly River Safari),%,10.1109458172577
2017,SOUTH ASIA,India,Major Attractions and Sites | Bird Paradise (formerly Jurong Bird Park),%,10.22225527678927
2017,SOUTH ASIA,India,Major Attractions and Sites | National Orchid Gardens,%,4.965523844325908
2017,SOUTH ASIA,India,Free Access Attractions and Sites | Orchard Road,%,35.58850102688922
2017,SOUTH ASIA,India,Free Access Attractions and Sites | Chinatown,%,20.34872614224322
2017,SOUTH ASIA,India,Free Access Attractions and Sites | Merlion Park,%,27.24895073430993
2017,SOUTH ASIA,India,Free Access Attractions and Sites | Little India,%,41.82840724230563
2017,SOUTH ASIA,India,Free Access Attractions and Sites | Esplanade Theatres by the Bay,%,12.29644878818955
2017,SOUTH ASIA,India,Free Access Attractions and Sites | Singapore River/ Clarke Quay/ Boat Quay,%,10.58914076661439
2017,SOUTH ASIA,India,Free Access Attractions and Sites | Singapore Botanic Gardens,%,9.63526009358501
2017,SOUTH ASIA,India,Free Access Attractions and Sites | Raffles Hotel,%,3.606881735715291
2017,EUROPE,France,Major Attractions and Sites | Integrated Resort (MBS/RWS),%,36.62114093302058
2017,EUROPE,France,Major Attractions and Sites | Gardens by the Bay,%,52.17384535413878
2017,EUROPE,France,Major Attractions and Sites | Sentosa,%,20.89552154679134
2017,EUROPE,France,Major Attractions and Sites | Singapore Flyer/ Flight Experience,%,13.48878254062925
2017,EUROPE,France,Major Attractions and Sites | Singapore Zoo,%,10.63839824922343
2017,EUROPE,France,Major Attractions and Sites | Night Safari,%,9.736873789238825
2017,EUROPE,France,Major Attractions and Sites | River Wonders (formerly River Safari),%,5.071159050442418
2017,EUROPE,France,Major Attractions and Sites | Bird Paradise (formerly Jurong Bird Park),%,6.444714352578043
2017,EUROPE,France,Major Attractions and Sites | National Orchid Gardens,%,8.799916575987567
2017,EUROPE,France,Free Access Attractions and Sites | Orchard Road,%,38.91851401027836
2017,EUROPE,France,Free Access Attractions and Sites | Chinatown,%,38.32006871928074
2017,EUROPE,France,Free Access Attractions and Sites | Merlion Park,%,25.8374773526408
2017,EUROPE,France,Free Access Attractions and Sites | Little India,%,31.37171678579128
2017,EUROPE,France,Free Access Attractions and Sites | Esplanade Theatres by the Bay,%,17.88060274321691
2017,EUROPE,France,Free Access Attractions and Sites | Singapore River/ Clarke Quay/ Boat Quay,%,18.41287555293632
2017,EUROPE,France,Free Access Attractions and Sites | Singapore Botanic Gardens,%,16.8684818311318
2017,EUROPE,France,Free Access Attractions and Sites | Raffles Hotel,%,5.538996551882529
2017,EUROPE,Germany,Major Attractions and Sites | Integrated Resort (MBS/RWS),%,38.02605629721491
2017,EUROPE,Germany,Major Attractions and Sites | Gardens by the Bay,%,47.05701102491948
2017,EUROPE,Germany,Major Attractions and Sites | Sentosa,%,21.84035320161766
2017,EUROPE,Germany,Major Attractions and Sites | Singapore Flyer/ Flight Experience,%,14.30144486353287
2017,EUROPE,Germany,Major Attractions and Sites | Singapore Zoo,%,10.80962262901834
2017,EUROPE,Germany,Major Attractions and Sites | Night Safari,%,9.603769006072806
2017,EUROPE,Germany,Major Attractions and Sites | River Wonders (formerly River Safari),%,6.767547689151931
2017,EUROPE,Germany,Major Attractions and Sites | Bird Paradise (formerly Jurong Bird Park),%,5.011535297587857
2017,EUROPE,Germany,Major Attractions and Sites | National Orchid Gardens,%,4.569310701231755
2017,EUROPE,Germany,Free Access Attractions and Sites | Orchard Road,%,44.76892298131568
2017,EUROPE,Germany,Free Access Attractions and Sites | Chinatown,%,46.31060686434022
2017,EUROPE,Germany,Free Access Attractions and Sites | Merlion Park,%,25.39273614877543
2017,EUROPE,Germany,Free Access Attractions and Sites | Little India,%,35.52470756087894
2017,EUROPE,Germany,Free Access Attractions and Sites | Esplanade Theatres by the Bay,%,13.24059464709849
2017,EUROPE,Germany,Free Access Attractions and Sites | Singapore River/ Clarke Quay/ Boat Quay,%,20.32658530548469
2017,EUROPE,Germany,Free Access Attractions and Sites | Singapore Botanic Gardens,%,14.57411347995481
2017,EUROPE,Germany,Free Access Attractions and Sites | Raffles Hotel,%,5.393900571910647
2017,EUROPE,Italy,Major Attractions and Sites | Integrated Resort (MBS/RWS),%,48.81634370772119
2017,EUROPE,Italy,Major Attractions and Sites | Gardens by the Bay,%,51.1805180339256
2017,EUROPE,Italy,Major Attractions and Sites | Sentosa,%,25.12702591828715
2017,EUROPE,Italy,Major Attractions and Sites | Singapore Flyer/ Flight Experience,%,21.63373575576763
2017,EUROPE,Italy,Major Attractions and Sites | Singapore Zoo,%,5.499252939984212
2017,EUROPE,Italy,Major Attractions and Sites | Night Safari,%,6.330214545259593
2017,EUROPE,Italy,Major Attractions and Sites | River Wonders (formerly River Safari),%,5.48020551856805
2017,EUROPE,Italy,Major Attractions and Sites | Bird Paradise (formerly Jurong Bird Park),%,1.146654861119867
2017,EUROPE,Italy,Major Attractions and Sites | National Orchid Gardens,%,4.798091048322699
2017,EUROPE,Italy,Free Access Attractions and Sites | Orchard Road,%,51.59834149302569
2017,EUROPE,Italy,Free Access Attractions and Sites | Chinatown,%,48.0424181556856
2017,EUROPE,Italy,Free Access Attractions and Sites | Merlion Park,%,29.33007106658743
2017,EUROPE,Italy,Free Access Attractions and Sites | Little India,%,37.07048856860656
2017,EUROPE,Italy,Free Access Attractions and Sites | Esplanade Theatres by the Bay,%,21.36421062024808
2017,EUROPE,Italy,Free Access Attractions and Sites | Singapore River/ Clarke Quay/ Boat Quay,%,24.14427338328469
2017,EUROPE,Italy,Free Access Attractions and Sites | Singapore Botanic Gardens,%,15.70325637167944
2017,EUROPE,Italy,Free Access Attractions and Sites | Raffles Hotel,%,4.59253876583954
2017,EUROPE,Netherlands,Major Attractions and Sites | Integrated Resort (MBS/RWS),%,36.00905277291428
2017,EUROPE,Netherlands,Major Attractions and Sites | Gardens by the Bay,%,34.1855869276072
2017,EUROPE,Netherlands,Major Attractions and Sites | Sentosa,%,18.25765963881658
2017,EUROPE,Netherlands,Major Attractions and Sites | Singapore Flyer/ Flight Experience,%,10.02903939775539
2017,EUROPE,Netherlands,Major Attractions and Sites | Singapore Zoo,%,10.28260840591781
2017,EUROPE,Netherlands,Major Attractions and Sites | Night Safari,%,10.26529672086349
2017,EUROPE,Netherlands,Major Attractions and Sites | River Wonders (formerly River Safari),%,2.087266602486161
2017,EUROPE,Netherlands,Major Attractions and Sites | Bird Paradise (formerly Jurong Bird Park),%,1.858293890445991
2017,EUROPE,Netherlands,Major Attractions and Sites | National Orchid Gardens,%,4.878974481267905
2017,EUROPE,Netherlands,Free Access Attractions and Sites | Orchard Road,%,32.46032913974874
2017,EUROPE,Netherlands,Free Access Attractions and Sites | Chinatown,%,38.54769406045463
2017,EUROPE,Netherlands,Free Access Attractions and Sites | Merlion Park,%,20.25118565995303
2017,EUROPE,Netherlands,Free Access Attractions and Sites | Little India,%,29.61077829995015
2017,EUROPE,Netherlands,Free Access Attractions and Sites | Esplanade Theatres by the Bay,%,10.66148957452816
2017,EUROPE,Netherlands,Free Access Attractions and Sites | Singapore River/ Clarke Quay/ Boat Quay,%,17.99294067287506
2017,EUROPE,Netherlands,Free Access Attractions and Sites | Singapore Botanic Gardens,%,11.24285727948472
2017,EUROPE,Netherlands,Free Access Attractions and Sites | Raffles Hotel,%,3.527911285754525
2017,EUROPE,Switzerland,Major Attractions and Sites | Integrated Resort (MBS/RWS),%,50.72198160148052
2017,EUROPE,Switzerland,Major Attractions and Sites | Gardens by the Bay,%,51.37334442781682
2017,EUROPE,Switzerland,Major Attractions and Sites | Sentosa,%,19.94844499806903
2017,EUROPE,Switzerland,Major Attractions and Sites | Singapore Flyer/ Flight Experience,%,17.85729712249959
2017,EUROPE,Switzerland,Major Attractions and Sites | Singapore Zoo,%,10.98450318570211
2017,EUROPE,Switzerland,Major Attractions and Sites | Night Safari,%,10.60663743928794
2017,EUROPE,Switzerland,Major Attractions and Sites | River Wonders (formerly River Safari),%,12.62869158524346
2017,EUROPE,Switzerland,Major Attractions and Sites | Bird Paradise (formerly Jurong Bird Park),%,4.837774165628131
2017,EUROPE,Switzerland,Major Attractions and Sites | National Orchid Gardens,%,2.981686850701385
2017,EUROPE,Switzerland,Free Access Attractions and Sites | Orchard Road,%,47.82099269476676
2017,EUROPE,Switzerland,Free Access Attractions and Sites | Chinatown,%,43.44456530031857
2017,EUROPE,Switzerland,Free Access Attractions and Sites | Merlion Park,%,24.04490520435168
2017,EUROPE,Switzerland,Free Access Attractions and Sites | Little India,%,34.83202669046653
2017,EUROPE,Switzerland,Free Access Attractions and Sites | Esplanade Theatres by the Bay,%,21.98734953394524
2017,EUROPE,Switzerland,Free Access Attractions and Sites | Singapore River/ Clarke Quay/ Boat Quay,%,23.05598825455014
2017,EUROPE,Switzerland,Free Access Attractions and Sites | Singapore Botanic Gardens,%,20.62643112695451
2017,EUROPE,Switzerland,Free Access Attractions and Sites | Raffles Hotel,%,2.937471915130873
2017,EUROPE,UK,Major Attractions and Sites | Integrated Resort (MBS/RWS),%,38.93027755024453
2017,EUROPE,UK,Major Attractions and Sites | Gardens by the Bay,%,47.24829949340853
2017,EUROPE,UK,Major Attractions and Sites | Sentosa,%,21.23397771400217
2017,EUROPE,UK,Major Attractions and Sites | Singapore Flyer/ Flight Experience,%,17.58509475354478
2017,EUROPE,UK,Major Attractions and Sites | Singapore Zoo,%,13.25276429148014
2017,EUROPE,UK,Major Attractions and Sites | Night Safari,%,10.37596581780813
2017,EUROPE,UK,Major Attractions and Sites | River Wonders (formerly River Safari),%,9.263192807247028
2017,EUROPE,UK,Major Attractions and Sites | Bird Paradise (formerly Jurong Bird Park),%,7.325008945560037
2017,EUROPE,UK,Major Attractions and Sites | National Orchid Gardens,%,6.032986992737929
2017,EUROPE,UK,Free Access Attractions and Sites | Orchard Road,%,41.56487695510566
2017,EUROPE,UK,Free Access Attractions and Sites | Chinatown,%,39.86273631078478
2017,EUROPE,UK,Free Access Attractions and Sites | Merlion Park,%,26.03932774354577
2017,EUROPE,UK,Free Access Attractions and Sites | Little India,%,27.70247142020935
2017,EUROPE,UK,Free Access Attractions and Sites | Esplanade Theatres by the Bay,%,18.57762257193436
2017,EUROPE,UK,Free Access Attractions and Sites | Singapore River/ Clarke Quay/ Boat Quay,%,20.17900023128883
2017,EUROPE,UK,Free Access Attractions and Sites | Singapore Botanic Gardens,%,16.79766691469229
2017,EUROPE,UK,Free Access Attractions and Sites | Raffles Hotel,%,8.432410133857212
2017,AMERICAS,Canada,Major Attractions and Sites | Integrated Resort (MBS/RWS),%,34.22690779492766
2017,AMERICAS,Canada,Major Attractions and Sites | Gardens by the Bay,%,46.36056777857897
2017,AMERICAS,Canada,Major Attractions and Sites | Sentosa,%,22.38140279894616
2017,AMERICAS,Canada,Major Attractions and Sites | Singapore Flyer/ Flight Experience,%,11.91926378155541
2017,AMERICAS,Canada,Major Attractions and Sites | Singapore Zoo,%,8.968757657080086
2017,AMERICAS,Canada,Major Attractions and Sites | Night Safari,%,8.391647721652205
2017,AMERICAS,Canada,Major Attractions and Sites | River Wonders (formerly River Safari),%,5.009804138771261
2017,AMERICAS,Canada,Major Attractions and Sites | Bird Paradise (formerly Jurong Bird Park),%,8.137204494697162
2017,AMERICAS,Canada,Major Attractions and Sites | National Orchid Gardens,%,11.10888975634376
2017,AMERICAS,Canada,Free Access Attractions and Sites | Orchard Road,%,38.02974922037352
2017,AMERICAS,Canada,Free Access Attractions and Sites | Chinatown,%,37.32361516668653
2017,AMERICAS,Canada,Free Access Attractions and Sites | Merlion Park,%,16.10196709258216
2017,AMERICAS,Canada,Free Access Attractions and Sites | Little India,%,28.33618465980697
2017,AMERICAS,Canada,Free Access Attractions and Sites | Esplanade Theatres by the Bay,%,14.89052757527711
2017,AMERICAS,Canada,Free Access Attractions and Sites | Singapore River/ Clarke Quay/ Boat Quay,%,18.59522154065037
2017,AMERICAS,Canada,Free Access Attractions and Sites | Singapore Botanic Gardens,%,21.20839879640438
2017,AMERICAS,Canada,Free Access Attractions and Sites | Raffles Hotel,%,12.66731031275864
2017,AMERICAS,USA,Major Attractions and Sites | Integrated Resort (MBS/RWS),%,39.20888764424613
2017,AMERICAS,USA,Major Attractions and Sites | Gardens by the Bay,%,41.71372627972735
2017,AMERICAS,USA,Major Attractions and Sites | Sentosa,%,18.4046711471227
2017,AMERICAS,USA,Major Attractions and Sites | Singapore Flyer/ Flight Experience,%,16.48386928560722
2017,AMERICAS,USA,Major Attractions and Sites | Singapore Zoo,%,9.554827269199151
2017,AMERICAS,USA,Major Attractions and Sites | Night Safari,%,9.285550777241207
2017,AMERICAS,USA,Major Attractions and Sites | River Wonders (formerly River Safari),%,6.426962729006578
2017,AMERICAS,USA,Major Attractions and Sites | Bird Paradise (formerly Jurong Bird Park),%,4.338851934676716
2017,AMERICAS,USA,Major Attractions and Sites | National Orchid Gardens,%,4.331852323302617
2017,AMERICAS,USA,Free Access Attractions and Sites | Orchard Road,%,42.88400882083423
2017,AMERICAS,USA,Free Access Attractions and Sites | Chinatown,%,34.98564077699198
2017,AMERICAS,USA,Free Access Attractions and Sites | Merlion Park,%,27.47287440038946
2017,AMERICAS,USA,Free Access Attractions and Sites | Little India,%,27.21870437070266
2017,AMERICAS,USA,Free Access Attractions and Sites | Esplanade Theatres by the Bay,%,18.74390738320816
2017,AMERICAS,USA,Free Access Attractions and Sites | Singapore River/ Clarke Quay/ Boat Quay,%,20.6163475688658
2017,AMERICAS,USA,Free Access Attractions and Sites | Singapore Botanic Gardens,%,14.66761306059787
2017,AMERICAS,USA,Free Access Attractions and Sites | Raffles Hotel,%,7.346031242966175
2017,OCEANIA,Australia,Major Attractions and Sites | Integrated Resort (MBS/RWS),%,39.1266028456985
2017,OCEANIA,Australia,Major Attractions and Sites | Gardens by the Bay,%,45.5995488527339
2017,OCEANIA,Australia,Major Attractions and Sites | Sentosa,%,23.3634355152987
2017,OCEANIA,Australia,Major Attractions and Sites | Singapore Flyer/ Flight Experience,%,16.97124042122496
2017,OCEANIA,Australia,Major Attractions and Sites | Singapore Zoo,%,13.64473741308684
2017,OCEANIA,Australia,Major Attractions and Sites | Night Safari,%,10.21934049837322
2017,OCEANIA,Australia,Major Attractions and Sites | River Wonders (formerly River Safari),%,7.892710853224315
2017,OCEANIA,Australia,Major Attractions and Sites | Bird Paradise (formerly Jurong Bird Park),%,5.851809632940888
2017,OCEANIA,Australia,Major Attractions and Sites | National Orchid Gardens,%,5.110373645817759
2017,OCEANIA,Australia,Free Access Attractions and Sites | Orchard Road,%,48.44424078018645
2017,OCEANIA,Australia,Free Access Attractions and Sites | Chinatown,%,38.48336746002014
2017,OCEANIA,Australia,Free Access Attractions and Sites | Merlion Park,%,23.77101249042926
2017,OCEANIA,Australia,Free Access Attractions and Sites | Little India,%,28.09836609541745
2017,OCEANIA,Australia,Free Access Attractions and Sites | Esplanade Theatres by the Bay,%,15.68326058385939
2017,OCEANIA,Australia,Free Access Attractions and Sites | Singapore River/ Clarke Quay/ Boat Quay,%,19.14366743410176
2017,OCEANIA,Australia,Free Access Attractions and Sites | Singapore Botanic Gardens,%,15.37001061953432
2017,OCEANIA,Australia,Free Access Attractions and Sites | Raffles Hotel,%,6.697755850404691
2017,OCEANIA,New Zealand,Major Attractions and Sites | Integrated Resort (MBS/RWS),%,30.10689781719664
2017,OCEANIA,New Zealand,Major Attractions and Sites | Gardens by the Bay,%,39.36967644411398
2017,OCEANIA,New Zealand,Major Attractions and Sites | Sentosa,%,24.95433175374409
2017,OCEANIA,New Zealand,Major Attractions and Sites | Singapore Flyer/ Flight Experience,%,21.53291842577474
2017,OCEANIA,New Zealand,Major Attractions and Sites | Singapore Zoo,%,11.49236934963218
2017,OCEANIA,New Zealand,Major Attractions and Sites | Night Safari,%,10.51584081147159
2017,OCEANIA,New Zealand,Major Attractions and Sites | River Wonders (formerly River Safari),%,7.842022383463675
2017,OCEANIA,New Zealand,Major Attractions and Sites | Bird Paradise (formerly Jurong Bird Park),%,7.303358620064655
2017,OCEANIA,New Zealand,Major Attractions and Sites | National Orchid Gardens,%,6.782944940013295
2017,OCEANIA,New Zealand,Free Access Attractions and Sites | Orchard Road,%,45.44024024914577
2017,OCEANIA,New Zealand,Free Access Attractions and Sites | Chinatown,%,36.97160701525321
2017,OCEANIA,New Zealand,Free Access Attractions and Sites | Merlion Park,%,25.55596511648402
2017,OCEANIA,New Zealand,Free Access Attractions and Sites | Little India,%,32.56966279102141
2017,OCEANIA,New Zealand,Free Access Attractions and Sites | Esplanade Theatres by the Bay,%,13.21382877055089
2017,OCEANIA,New Zealand,Free Access Attractions and Sites | Singapore River/ Clarke Quay/ Boat Quay,%,17.42777401228969
2017,OCEANIA,New Zealand,Free Access Attractions and Sites | Singapore Botanic Gardens,%,12.45383020343545
2017,OCEANIA,New Zealand,Free Access Attractions and Sites | Raffles Hotel,%,6.477461984314258
2017,AFRICA,South Africa (Rep of),Major Attractions and Sites | Integrated Resort (MBS/RWS),%,39.14316604481138
2017,AFRICA,South Africa (Rep of),Major Attractions and Sites | Gardens by the Bay,%,41.17274888550516
2017,AFRICA,South Africa (Rep of),Major Attractions and Sites | Sentosa,%,21.18873133499564
2017,AFRICA,South Africa (Rep of),Major Attractions and Sites | Singapore Flyer/ Flight Experience,%,15.71717569625627
2017,AFRICA,South Africa (Rep of),Major Attractions and Sites | Singapore Zoo,%,10.05903035418342
2017,AFRICA,South Africa (Rep of),Major Attractions and Sites | Night Safari,%,9.315535684932216
2017,AFRICA,South Africa (Rep of),Major Attractions and Sites | River Wonders (formerly River Safari),%,1.738490776689748
2017,AFRICA,South Africa (Rep of),Major Attractions and Sites | Bird Paradise (formerly Jurong Bird Park),%,7.104752187878662
2017,AFRICA,South Africa (Rep of),Major Attractions and Sites | National Orchid Gardens,%,7.313904268675517
2017,AFRICA,South Africa (Rep of),Free Access Attractions and Sites | Orchard Road,%,38.42808317085345
2017,AFRICA,South Africa (Rep of),Free Access Attractions and Sites | Chinatown,%,24.33248115333882
2017,AFRICA,South Africa (Rep of),Free Access Attractions and Sites | Merlion Park,%,11.20157767958041
2017,AFRICA,South Africa (Rep of),Free Access Attractions and Sites | Little India,%,13.52365263373935
2017,AFRICA,South Africa (Rep of),Free Access Attractions and Sites | Esplanade Theatres by the Bay,%,9.209548950543708
2017,AFRICA,South Africa (Rep of),Free Access Attractions and Sites | Singapore River/ Clarke Quay/ Boat Quay,%,7.111672080035268
2017,AFRICA,South Africa (Rep of),Free Access Attractions and Sites | Singapore Botanic Gardens,%,23.04734106924095
2017,AFRICA,South Africa (Rep of),Free Access Attractions and Sites | Raffles Hotel,%,1.624700866002032
2017,REMAINING,Others,Major Attractions and Sites | Integrated Resort (MBS/RWS),%,44.98517629893647
2017,REMAINING,Others,Major Attractions and Sites | Gardens by the Bay,%,42.38811098519809
2017,REMAINING,Others,Major Attractions and Sites | Sentosa,%,24.36776572275012
2017,REMAINING,Others,Major Attractions and Sites | Singapore Flyer/ Flight Experience,%,18.24549390045681
2017,REMAINING,Others,Major Attractions and Sites | Singapore Zoo,%,10.29747133456438
2017,REMAINING,Others,Major Attractions and Sites | Night Safari,%,8.66092736202341
2017,REMAINING,Others,Major Attractions and Sites | River Wonders (formerly River Safari),%,6.464400815517425
2017,REMAINING,Others,Major Attractions and Sites | Bird Paradise (formerly Jurong Bird Park),%,4.039338893489513
2017,REMAINING,Others,Major Attractions and Sites | National Orchid Gardens,%,6.648614943478952
2017,REMAINING,Others,Free Access Attractions and Sites | Orchard Road,%,44.56704965729523
2017,REMAINING,Others,Free Access Attractions and Sites | Chinatown,%,31.36820595528922
2017,REMAINING,Others,Free Access Attractions and Sites | Merlion Park,%,28.69875097745741
2017,REMAINING,Others,Free Access Attractions and Sites | Little India,%,27.6923608620079
2017,REMAINING,Others,Free Access Attractions and Sites | Esplanade Theatres by the Bay,%,16.6070999488847
2017,REMAINING,Others,Free Access Attractions and Sites | Singapore River/ Clarke Quay/ Boat Quay,%,14.75157138885593
2017,REMAINING,Others,Free Access Attractions and Sites | Singapore Botanic Gardens,%,11.94073233897164
2017,REMAINING,Others,Free Access Attractions and Sites | Raffles Hotel,%,6.280790453330565
2016,SOUTHEAST ASIA,Indonesia,Major Attractions and Sites | Integrated Resort (MBS/RWS),%,33.27257938813539
2016,SOUTHEAST ASIA,Indonesia,Major Attractions and Sites | Gardens by the Bay,%,21.72493314943731
2016,SOUTHEAST ASIA,Indonesia,Major Attractions and Sites | Sentosa,%,14.47699044402641
2016,SOUTHEAST ASIA,Indonesia,Major Attractions and Sites | Singapore Flyer/ Flight Experience,%,7.885262569030852
2016,SOUTHEAST ASIA,Indonesia,Major Attractions and Sites | Singapore Zoo,%,6.315566825166399
2016,SOUTHEAST ASIA,Indonesia,Major Attractions and Sites | Night Safari,%,4.413262429092845
2016,SOUTHEAST ASIA,Indonesia,Major Attractions and Sites | River Wonders (formerly River Safari),%,4.556238580296585
2016,SOUTHEAST ASIA,Indonesia,Major Attractions and Sites | Bird Paradise (formerly Jurong Bird Park),%,2.759284702230763
2016,SOUTHEAST ASIA,Indonesia,Major Attractions and Sites | National Orchid Gardens,%,1.578724683006116
2016,SOUTHEAST ASIA,Indonesia,Free Access Attractions and Sites | Orchard Road,%,43.17211021080574
2016,SOUTHEAST ASIA,Indonesia,Free Access Attractions and Sites | Chinatown,%,12.1041500296896
2016,SOUTHEAST ASIA,Indonesia,Free Access Attractions and Sites | Merlion Park,%,14.06993565451229
2016,SOUTHEAST ASIA,Indonesia,Free Access Attractions and Sites | Little India,%,8.095573932179029
2016,SOUTHEAST ASIA,Indonesia,Free Access Attractions and Sites | Esplanade Theatres by the Bay,%,7.328295837106399
2016,SOUTHEAST ASIA,Indonesia,Free Access Attractions and Sites | Singapore River/ Clarke Quay/ Boat Quay,%,5.87891870534157
2016,SOUTHEAST ASIA,Indonesia,Free Access Attractions and Sites | Singapore Botanic Gardens,%,3.825313093229401
2016,SOUTHEAST ASIA,Indonesia,Free Access Attractions and Sites | Raffles Hotel,%,2.740786964756109
2016,SOUTHEAST ASIA,Malaysia,Major Attractions and Sites | Integrated Resort (MBS/RWS),%,32.49409023464229
2016,SOUTHEAST ASIA,Malaysia,Major Attractions and Sites | Gardens by the Bay,%,17.62690147866631
2016,SOUTHEAST ASIA,Malaysia,Major Attractions and Sites | Sentosa,%,11.78729744923551
2016,SOUTHEAST ASIA,Malaysia,Major Attractions and Sites | Singapore Flyer/ Flight Experience,%,6.565181300351637
2016,SOUTHEAST ASIA,Malaysia,Major Attractions and Sites | Singapore Zoo,%,4.679875792245801
2016,SOUTHEAST ASIA,Malaysia,Major Attractions and Sites | Night Safari,%,3.414241704413473
2016,SOUTHEAST ASIA,Malaysia,Major Attractions and Sites | River Wonders (formerly River Safari),%,4.146021796988975
2016,SOUTHEAST ASIA,Malaysia,Major Attractions and Sites | Bird Paradise (formerly Jurong Bird Park),%,2.736829104485218
2016,SOUTHEAST ASIA,Malaysia,Major Attractions and Sites | National Orchid Gardens,%,1.498602942837631
2016,SOUTHEAST ASIA,Malaysia,Free Access Attractions and Sites | Orchard Road,%,30.57614943164896
2016,SOUTHEAST ASIA,Malaysia,Free Access Attractions and Sites | Chinatown,%,17.36616333409943
2016,SOUTHEAST ASIA,Malaysia,Free Access Attractions and Sites | Merlion Park,%,9.34877261513531
2016,SOUTHEAST ASIA,Malaysia,Free Access Attractions and Sites | Little India,%,7.347337162801487
2016,SOUTHEAST ASIA,Malaysia,Free Access Attractions and Sites | Esplanade Theatres by the Bay,%,6.314169346592789
2016,SOUTHEAST ASIA,Malaysia,Free Access Attractions and Sites | Singapore River/ Clarke Quay/ Boat Quay,%,7.732705918982094
2016,SOUTHEAST ASIA,Malaysia,Free Access Attractions and Sites | Singapore Botanic Gardens,%,2.601403716292346
2016,SOUTHEAST ASIA,Malaysia,Free Access Attractions and Sites | Raffles Hotel,%,2.32324419503421
2016,SOUTHEAST ASIA,Philippines,Major Attractions and Sites | Integrated Resort (MBS/RWS),%,51.25693140530679
2016,SOUTHEAST ASIA,Philippines,Major Attractions and Sites | Gardens by the Bay,%,36.64500275046291
2016,SOUTHEAST ASIA,Philippines,Major Attractions and Sites | Sentosa,%,28.92170921948969
2016,SOUTHEAST ASIA,Philippines,Major Attractions and Sites | Singapore Flyer/ Flight Experience,%,13.25923664319606
2016,SOUTHEAST ASIA,Philippines,Major Attractions and Sites | Singapore Zoo,%,16.74509926954646
2016,SOUTHEAST ASIA,Philippines,Major Attractions and Sites | Night Safari,%,10.89539710782828
2016,SOUTHEAST ASIA,Philippines,Major Attractions and Sites | River Wonders (formerly River Safari),%,11.86693478578684
2016,SOUTHEAST ASIA,Philippines,Major Attractions and Sites | Bird Paradise (formerly Jurong Bird Park),%,5.477756375736812
2016,SOUTHEAST ASIA,Philippines,Major Attractions and Sites | National Orchid Gardens,%,4.122774634418862
2016,SOUTHEAST ASIA,Philippines,Free Access Attractions and Sites | Orchard Road,%,56.65072005253802
2016,SOUTHEAST ASIA,Philippines,Free Access Attractions and Sites | Chinatown,%,23.14522692807953
2016,SOUTHEAST ASIA,Philippines,Free Access Attractions and Sites | Merlion Park,%,23.34888854649281
2016,SOUTHEAST ASIA,Philippines,Free Access Attractions and Sites | Little India,%,15.55455151629011
2016,SOUTHEAST ASIA,Philippines,Free Access Attractions and Sites | Esplanade Theatres by the Bay,%,15.28509895465526
2016,SOUTHEAST ASIA,Philippines,Free Access Attractions and Sites | Singapore River/ Clarke Quay/ Boat Quay,%,16.41773239641101
2016,SOUTHEAST ASIA,Philippines,Free Access Attractions and Sites | Singapore Botanic Gardens,%,11.04974738374053
2016,SOUTHEAST ASIA,Philippines,Free Access Attractions and Sites | Raffles Hotel,%,5.480916607118107
2016,SOUTHEAST ASIA,Thailand,Major Attractions and Sites | Integrated Resort (MBS/RWS),%,56.2403756714986
2016,SOUTHEAST ASIA,Thailand,Major Attractions and Sites | Gardens by the Bay,%,34.27126201812641
2016,SOUTHEAST ASIA,Thailand,Major Attractions and Sites | Sentosa,%,31.14257617807588
2016,SOUTHEAST ASIA,Thailand,Major Attractions and Sites | Singapore Flyer/ Flight Experience,%,16.695020893021
2016,SOUTHEAST ASIA,Thailand,Major Attractions and Sites | Singapore Zoo,%,9.839683245389866
2016,SOUTHEAST ASIA,Thailand,Major Attractions and Sites | Night Safari,%,8.232770119978497
2016,SOUTHEAST ASIA,Thailand,Major Attractions and Sites | River Wonders (formerly River Safari),%,6.281448370685582
2016,SOUTHEAST ASIA,Thailand,Major Attractions and Sites | Bird Paradise (formerly Jurong Bird Park),%,4.76276833150914
2016,SOUTHEAST ASIA,Thailand,Major Attractions and Sites | National Orchid Gardens,%,3.86528382383934
2016,SOUTHEAST ASIA,Thailand,Free Access Attractions and Sites | Orchard Road,%,50.97763679581401
2016,SOUTHEAST ASIA,Thailand,Free Access Attractions and Sites | Chinatown,%,29.20873739218286
2016,SOUTHEAST ASIA,Thailand,Free Access Attractions and Sites | Merlion Park,%,25.14166251740563
2016,SOUTHEAST ASIA,Thailand,Free Access Attractions and Sites | Little India,%,12.42560211046794
2016,SOUTHEAST ASIA,Thailand,Free Access Attractions and Sites | Esplanade Theatres by the Bay,%,15.87262843260043
2016,SOUTHEAST ASIA,Thailand,Free Access Attractions and Sites | Singapore River/ Clarke Quay/ Boat Quay,%,16.78265200572424
2016,SOUTHEAST ASIA,Thailand,Free Access Attractions and Sites | Singapore Botanic Gardens,%,7.515437535194423
2016,SOUTHEAST ASIA,Thailand,Free Access Attractions and Sites | Raffles Hotel,%,7.000165466997553
2016,SOUTHEAST ASIA,Vietnam,Major Attractions and Sites | Integrated Resort (MBS/RWS),%,54.75284879536372
2016,SOUTHEAST ASIA,Vietnam,Major Attractions and Sites | Gardens by the Bay,%,36.36795973339493
2016,SOUTHEAST ASIA,Vietnam,Major Attractions and Sites | Sentosa,%,23.56305652222611
2016,SOUTHEAST ASIA,Vietnam,Major Attractions and Sites | Singapore Flyer/ Flight Experience,%,13.05772290689206
2016,SOUTHEAST ASIA,Vietnam,Major Attractions and Sites | Singapore Zoo,%,11.62207387994279
2016,SOUTHEAST ASIA,Vietnam,Major Attractions and Sites | Night Safari,%,8.619278599124966
2016,SOUTHEAST ASIA,Vietnam,Major Attractions and Sites | River Wonders (formerly River Safari),%,7.265185027628279
2016,SOUTHEAST ASIA,Vietnam,Major Attractions and Sites | Bird Paradise (formerly Jurong Bird Park),%,4.317380330737162
2016,SOUTHEAST ASIA,Vietnam,Major Attractions and Sites | National Orchid Gardens,%,3.640024778843763
2016,SOUTHEAST ASIA,Vietnam,Free Access Attractions and Sites | Orchard Road,%,47.00559106902362
2016,SOUTHEAST ASIA,Vietnam,Free Access Attractions and Sites | Chinatown,%,30.84743386047589
2016,SOUTHEAST ASIA,Vietnam,Free Access Attractions and Sites | Merlion Park,%,23.30140431269567
2016,SOUTHEAST ASIA,Vietnam,Free Access Attractions and Sites | Little India,%,13.46435745259872
2016,SOUTHEAST ASIA,Vietnam,Free Access Attractions and Sites | Esplanade Theatres by the Bay,%,11.25213122997582
2016,SOUTHEAST ASIA,Vietnam,Free Access Attractions and Sites | Singapore River/ Clarke Quay/ Boat Quay,%,13.84852798429227
2016,SOUTHEAST ASIA,Vietnam,Free Access Attractions and Sites | Singapore Botanic Gardens,%,5.156347133153091
2016,SOUTHEAST ASIA,Vietnam,Free Access Attractions and Sites | Raffles Hotel,%,4.837137746558647
2016,GREATER CHINA,China,Major Attractions and Sites | Integrated Resort (MBS/RWS),%,54.9075857450239
2016,GREATER CHINA,China,Major Attractions and Sites | Gardens by the Bay,%,35.31376132935777
2016,GREATER CHINA,China,Major Attractions and Sites | Sentosa,%,24.40930396096712
2016,GREATER CHINA,China,Major Attractions and Sites | Singapore Flyer/ Flight Experience,%,17.86502607638352
2016,GREATER CHINA,China,Major Attractions and Sites | Singapore Zoo,%,15.21684286712289
2016,GREATER CHINA,China,Major Attractions and Sites | Night Safari,%,9.794847395714235
2016,GREATER CHINA,China,Major Attractions and Sites | River Wonders (formerly River Safari),%,7.302610202731387
2016,GREATER CHINA,China,Major Attractions and Sites | Bird Paradise (formerly Jurong Bird Park),%,7.421713673016045
2016,GREATER CHINA,China,Major Attractions and Sites | National Orchid Gardens,%,3.584900111680399
2016,GREATER CHINA,China,Free Access Attractions and Sites | Orchard Road,%,49.90928300551624
2016,GREATER CHINA,China,Free Access Attractions and Sites | Chinatown,%,39.00173405160686
2016,GREATER CHINA,China,Free Access Attractions and Sites | Merlion Park,%,36.00449562244887
2016,GREATER CHINA,China,Free Access Attractions and Sites | Little India,%,14.71389989338888
2016,GREATER CHINA,China,Free Access Attractions and Sites | Esplanade Theatres by the Bay,%,9.413635816121
2016,GREATER CHINA,China,Free Access Attractions and Sites | Singapore River/ Clarke Quay/ Boat Quay,%,12.77891480294992
2016,GREATER CHINA,China,Free Access Attractions and Sites | Singapore Botanic Gardens,%,9.519477362469438
2016,GREATER CHINA,China,Free Access Attractions and Sites | Raffles Hotel,%,4.773956971494078
2016,GREATER CHINA,Hong Kong SAR,Major Attractions and Sites | Integrated Resort (MBS/RWS),%,51.01211054753787
2016,GREATER CHINA,Hong Kong SAR,Major Attractions and Sites | Gardens by the Bay,%,36.59167464917914
2016,GREATER CHINA,Hong Kong SAR,Major Attractions and Sites | Sentosa,%,20.16995769328571
2016,GREATER CHINA,Hong Kong SAR,Major Attractions and Sites | Singapore Flyer/ Flight Experience,%,18.71049982282162
2016,GREATER CHINA,Hong Kong SAR,Major Attractions and Sites | Singapore Zoo,%,11.02972387920841
2016,GREATER CHINA,Hong Kong SAR,Major Attractions and Sites | Night Safari,%,7.830984386855473
2016,GREATER CHINA,Hong Kong SAR,Major Attractions and Sites | River Wonders (formerly River Safari),%,7.696102954139918
2016,GREATER CHINA,Hong Kong SAR,Major Attractions and Sites | Bird Paradise (formerly Jurong Bird Park),%,5.968941271466539
2016,GREATER CHINA,Hong Kong SAR,Major Attractions and Sites | National Orchid Gardens,%,3.656200515310241
2016,GREATER CHINA,Hong Kong SAR,Free Access Attractions and Sites | Orchard Road,%,54.49799933890387
2016,GREATER CHINA,Hong Kong SAR,Free Access Attractions and Sites | Chinatown,%,42.50859179926742
2016,GREATER CHINA,Hong Kong SAR,Free Access Attractions and Sites | Merlion Park,%,25.68125736010056
2016,GREATER CHINA,Hong Kong SAR,Free Access Attractions and Sites | Little India,%,14.14198668218045
2016,GREATER CHINA,Hong Kong SAR,Free Access Attractions and Sites | Esplanade Theatres by the Bay,%,12.52429883632735
2016,GREATER CHINA,Hong Kong SAR,Free Access Attractions and Sites | Singapore River/ Clarke Quay/ Boat Quay,%,16.00468256423638
2016,GREATER CHINA,Hong Kong SAR,Free Access Attractions and Sites | Singapore Botanic Gardens,%,9.360143977434094
2016,GREATER CHINA,Hong Kong SAR,Free Access Attractions and Sites | Raffles Hotel,%,6.447391654989837
2016,GREATER CHINA,Taiwan,Major Attractions and Sites | Integrated Resort (MBS/RWS),%,58.49483910537421
2016,GREATER CHINA,Taiwan,Major Attractions and Sites | Gardens by the Bay,%,45.74987916885869
2016,GREATER CHINA,Taiwan,Major Attractions and Sites | Sentosa,%,22.86426881622721
2016,GREATER CHINA,Taiwan,Major Attractions and Sites | Singapore Flyer/ Flight Experience,%,20.3789602434513
2016,GREATER CHINA,Taiwan,Major Attractions and Sites | Singapore Zoo,%,13.71087835575022
2016,GREATER CHINA,Taiwan,Major Attractions and Sites | Night Safari,%,10.51217988650682
2016,GREATER CHINA,Taiwan,Major Attractions and Sites | River Wonders (formerly River Safari),%,9.770162624670942
2016,GREATER CHINA,Taiwan,Major Attractions and Sites | Bird Paradise (formerly Jurong Bird Park),%,5.665623332680346
2016,GREATER CHINA,Taiwan,Major Attractions and Sites | National Orchid Gardens,%,5.957034003254431
2016,GREATER CHINA,Taiwan,Free Access Attractions and Sites | Orchard Road,%,51.89844264803129
2016,GREATER CHINA,Taiwan,Free Access Attractions and Sites | Chinatown,%,44.34219415365419
2016,GREATER CHINA,Taiwan,Free Access Attractions and Sites | Merlion Park,%,35.16120141949859
2016,GREATER CHINA,Taiwan,Free Access Attractions and Sites | Little India,%,18.36986219841033
2016,GREATER CHINA,Taiwan,Free Access Attractions and Sites | Esplanade Theatres by the Bay,%,14.06728873428291
2016,GREATER CHINA,Taiwan,Free Access Attractions and Sites | Singapore River/ Clarke Quay/ Boat Quay,%,18.4997712474167
2016,GREATER CHINA,Taiwan,Free Access Attractions and Sites | Singapore Botanic Gardens,%,9.016199782327474
2016,GREATER CHINA,Taiwan,Free Access Attractions and Sites | Raffles Hotel,%,5.674328252898649
2016,NORTH ASIA,Japan,Major Attractions and Sites | Integrated Resort (MBS/RWS),%,48.01958363334816
2016,NORTH ASIA,Japan,Major Attractions and Sites | Gardens by the Bay,%,39.93906073019077
2016,NORTH ASIA,Japan,Major Attractions and Sites | Sentosa,%,22.29013458945262
2016,NORTH ASIA,Japan,Major Attractions and Sites | Singapore Flyer/ Flight Experience,%,20.09307401831347
2016,NORTH ASIA,Japan,Major Attractions and Sites | Singapore Zoo,%,17.83462201834974
2016,NORTH ASIA,Japan,Major Attractions and Sites | Night Safari,%,14.0005732472566
2016,NORTH ASIA,Japan,Major Attractions and Sites | River Wonders (formerly River Safari),%,12.84694471806946
2016,NORTH ASIA,Japan,Major Attractions and Sites | Bird Paradise (formerly Jurong Bird Park),%,9.6240355826822
2016,NORTH ASIA,Japan,Major Attractions and Sites | National Orchid Gardens,%,4.150888916357441
2016,NORTH ASIA,Japan,Free Access Attractions and Sites | Orchard Road,%,52.30418879907432
2016,NORTH ASIA,Japan,Free Access Attractions and Sites | Chinatown,%,29.74598673543208
2016,NORTH ASIA,Japan,Free Access Attractions and Sites | Merlion Park,%,34.48930424256299
2016,NORTH ASIA,Japan,Free Access Attractions and Sites | Little India,%,17.47504871661987
2016,NORTH ASIA,Japan,Free Access Attractions and Sites | Esplanade Theatres by the Bay,%,18.57228851209367
2016,NORTH ASIA,Japan,Free Access Attractions and Sites | Singapore River/ Clarke Quay/ Boat Quay,%,19.88941327977363
2016,NORTH ASIA,Japan,Free Access Attractions and Sites | Singapore Botanic Gardens,%,11.24361092231041
2016,NORTH ASIA,Japan,Free Access Attractions and Sites | Raffles Hotel,%,11.69411238739217
2016,NORTH ASIA,South Korea,Major Attractions and Sites | Integrated Resort (MBS/RWS),%,53.22769299842676
2016,NORTH ASIA,South Korea,Major Attractions and Sites | Gardens by the Bay,%,38.13496040336807
2016,NORTH ASIA,South Korea,Major Attractions and Sites | Sentosa,%,27.08036189485778
2016,NORTH ASIA,South Korea,Major Attractions and Sites | Singapore Flyer/ Flight Experience,%,18.31331090147896
2016,NORTH ASIA,South Korea,Major Attractions and Sites | Singapore Zoo,%,17.74550373756833
2016,NORTH ASIA,South Korea,Major Attractions and Sites | Night Safari,%,15.18781239078419
2016,NORTH ASIA,South Korea,Major Attractions and Sites | River Wonders (formerly River Safari),%,12.28583058268603
2016,NORTH ASIA,South Korea,Major Attractions and Sites | Bird Paradise (formerly Jurong Bird Park),%,8.911974340153098
2016,NORTH ASIA,South Korea,Major Attractions and Sites | National Orchid Gardens,%,4.776961677835478
2016,NORTH ASIA,South Korea,Free Access Attractions and Sites | Orchard Road,%,52.37299472879216
2016,NORTH ASIA,South Korea,Free Access Attractions and Sites | Chinatown,%,38.35122415037434
2016,NORTH ASIA,South Korea,Free Access Attractions and Sites | Merlion Park,%,27.5709945961483
2016,NORTH ASIA,South Korea,Free Access Attractions and Sites | Little India,%,22.06109087316405
2016,NORTH ASIA,South Korea,Free Access Attractions and Sites | Esplanade Theatres by the Bay,%,14.99018608865413
2016,NORTH ASIA,South Korea,Free Access Attractions and Sites | Singapore River/ Clarke Quay/ Boat Quay,%,21.33363067656261
2016,NORTH ASIA,South Korea,Free Access Attractions and Sites | Singapore Botanic Gardens,%,12.96668478788968
2016,NORTH ASIA,South Korea,Free Access Attractions and Sites | Raffles Hotel,%,4.94846915500399
2016,SOUTH ASIA,India,Major Attractions and Sites | Integrated Resort (MBS/RWS),%,49.72657300711335
2016,SOUTH ASIA,India,Major Attractions and Sites | Gardens by the Bay,%,31.44657908468935
2016,SOUTH ASIA,India,Major Attractions and Sites | Sentosa,%,33.78738152248652
2016,SOUTH ASIA,India,Major Attractions and Sites | Singapore Flyer/ Flight Experience,%,15.44897925601911
2016,SOUTH ASIA,India,Major Attractions and Sites | Singapore Zoo,%,13.41178502257053
2016,SOUTH ASIA,India,Major Attractions and Sites | Night Safari,%,12.42468296578855
2016,SOUTH ASIA,India,Major Attractions and Sites | River Wonders (formerly River Safari),%,8.020817434689405
2016,SOUTH ASIA,India,Major Attractions and Sites | Bird Paradise (formerly Jurong Bird Park),%,8.322590335495367
2016,SOUTH ASIA,India,Major Attractions and Sites | National Orchid Gardens,%,3.850259831194285
2016,SOUTH ASIA,India,Free Access Attractions and Sites | Orchard Road,%,32.28143076657709
2016,SOUTH ASIA,India,Free Access Attractions and Sites | Chinatown,%,14.74703385198003
2016,SOUTH ASIA,India,Free Access Attractions and Sites | Merlion Park,%,22.23480542848583
2016,SOUTH ASIA,India,Free Access Attractions and Sites | Little India,%,43.15199824168412
2016,SOUTH ASIA,India,Free Access Attractions and Sites | Esplanade Theatres by the Bay,%,15.74620362813206
2016,SOUTH ASIA,India,Free Access Attractions and Sites | Singapore River/ Clarke Quay/ Boat Quay,%,10.47057986639432
2016,SOUTH ASIA,India,Free Access Attractions and Sites | Singapore Botanic Gardens,%,8.741974058484354
2016,SOUTH ASIA,India,Free Access Attractions and Sites | Raffles Hotel,%,6.628493841983935
2016,EUROPE,France,Major Attractions and Sites | Integrated Resort (MBS/RWS),%,56.55884258843241
2016,EUROPE,France,Major Attractions and Sites | Gardens by the Bay,%,44.5498626538881
2016,EUROPE,France,Major Attractions and Sites | Sentosa,%,21.82509761196317
2016,EUROPE,France,Major Attractions and Sites | Singapore Flyer/ Flight Experience,%,26.2908818481603
2016,EUROPE,France,Major Attractions and Sites | Singapore Zoo,%,14.30513698704652
2016,EUROPE,France,Major Attractions and Sites | Night Safari,%,14.62697925188676
2016,EUROPE,France,Major Attractions and Sites | River Wonders (formerly River Safari),%,10.09983262970601
2016,EUROPE,France,Major Attractions and Sites | Bird Paradise (formerly Jurong Bird Park),%,6.280959906682322
2016,EUROPE,France,Major Attractions and Sites | National Orchid Gardens,%,4.275217411415269
2016,EUROPE,France,Free Access Attractions and Sites | Orchard Road,%,56.67007099587835
2016,EUROPE,France,Free Access Attractions and Sites | Chinatown,%,37.5325644920219
2016,EUROPE,France,Free Access Attractions and Sites | Merlion Park,%,36.14149051695334
2016,EUROPE,France,Free Access Attractions and Sites | Little India,%,28.51151144445463
2016,EUROPE,France,Free Access Attractions and Sites | Esplanade Theatres by the Bay,%,24.90388672921454
2016,EUROPE,France,Free Access Attractions and Sites | Singapore River/ Clarke Quay/ Boat Quay,%,41.65301678247868
2016,EUROPE,France,Free Access Attractions and Sites | Singapore Botanic Gardens,%,17.05135468722057
2016,EUROPE,France,Free Access Attractions and Sites | Raffles Hotel,%,17.52586302176112
2016,EUROPE,Germany,Major Attractions and Sites | Integrated Resort (MBS/RWS),%,44.57391290932402
2016,EUROPE,Germany,Major Attractions and Sites | Gardens by the Bay,%,42.02914994310282
2016,EUROPE,Germany,Major Attractions and Sites | Sentosa,%,23.5730105190853
2016,EUROPE,Germany,Major Attractions and Sites | Singapore Flyer/ Flight Experience,%,18.81985659054583
2016,EUROPE,Germany,Major Attractions and Sites | Singapore Zoo,%,13.87662239117118
2016,EUROPE,Germany,Major Attractions and Sites | Night Safari,%,8.058418669258916
2016,EUROPE,Germany,Major Attractions and Sites | River Wonders (formerly River Safari),%,7.411110303742713
2016,EUROPE,Germany,Major Attractions and Sites | Bird Paradise (formerly Jurong Bird Park),%,4.620122288681212
2016,EUROPE,Germany,Major Attractions and Sites | National Orchid Gardens,%,5.879255477275267
2016,EUROPE,Germany,Free Access Attractions and Sites | Orchard Road,%,50.05193792803736
2016,EUROPE,Germany,Free Access Attractions and Sites | Chinatown,%,42.19091687606035
2016,EUROPE,Germany,Free Access Attractions and Sites | Merlion Park,%,28.60782724071008
2016,EUROPE,Germany,Free Access Attractions and Sites | Little India,%,32.99187467786341
2016,EUROPE,Germany,Free Access Attractions and Sites | Esplanade Theatres by the Bay,%,19.7137305570565
2016,EUROPE,Germany,Free Access Attractions and Sites | Singapore River/ Clarke Quay/ Boat Quay,%,21.46202361149687
2016,EUROPE,Germany,Free Access Attractions and Sites | Singapore Botanic Gardens,%,16.27581690787751
2016,EUROPE,Germany,Free Access Attractions and Sites | Raffles Hotel,%,9.41251842992822
2016,EUROPE,Italy,Major Attractions and Sites | Integrated Resort (MBS/RWS),%,59.98040721204522
2016,EUROPE,Italy,Major Attractions and Sites | Gardens by the Bay,%,53.23004585980357
2016,EUROPE,Italy,Major Attractions and Sites | Sentosa,%,27.0553728998895
2016,EUROPE,Italy,Major Attractions and Sites | Singapore Flyer/ Flight Experience,%,21.7631354175007
2016,EUROPE,Italy,Major Attractions and Sites | Singapore Zoo,%,15.37006995544817
2016,EUROPE,Italy,Major Attractions and Sites | Night Safari,%,13.82940004536311
2016,EUROPE,Italy,Major Attractions and Sites | River Wonders (formerly River Safari),%,13.58823931876915
2016,EUROPE,Italy,Major Attractions and Sites | Bird Paradise (formerly Jurong Bird Park),%,2.479240382551663
2016,EUROPE,Italy,Major Attractions and Sites | National Orchid Gardens,%,5.288411207261793
2016,EUROPE,Italy,Free Access Attractions and Sites | Orchard Road,%,58.40393885906411
2016,EUROPE,Italy,Free Access Attractions and Sites | Chinatown,%,45.62360897183704
2016,EUROPE,Italy,Free Access Attractions and Sites | Merlion Park,%,31.44880745969082
2016,EUROPE,Italy,Free Access Attractions and Sites | Little India,%,32.30367432510703
2016,EUROPE,Italy,Free Access Attractions and Sites | Esplanade Theatres by the Bay,%,22.83073079372634
2016,EUROPE,Italy,Free Access Attractions and Sites | Singapore River/ Clarke Quay/ Boat Quay,%,31.14893034309342
2016,EUROPE,Italy,Free Access Attractions and Sites | Singapore Botanic Gardens,%,14.59538924486212
2016,EUROPE,Italy,Free Access Attractions and Sites | Raffles Hotel,%,8.938566142602577
2016,EUROPE,Netherlands,Major Attractions and Sites | Integrated Resort (MBS/RWS),%,51.58342920640298
2016,EUROPE,Netherlands,Major Attractions and Sites | Gardens by the Bay,%,53.41240488709438
2016,EUROPE,Netherlands,Major Attractions and Sites | Sentosa,%,28.91598852127983
2016,EUROPE,Netherlands,Major Attractions and Sites | Singapore Flyer/ Flight Experience,%,18.59134064438144
2016,EUROPE,Netherlands,Major Attractions and Sites | Singapore Zoo,%,12.36716182526407
2016,EUROPE,Netherlands,Major Attractions and Sites | Night Safari,%,9.613724007505756
2016,EUROPE,Netherlands,Major Attractions and Sites | River Wonders (formerly River Safari),%,8.378017075640912
2016,EUROPE,Netherlands,Major Attractions and Sites | Bird Paradise (formerly Jurong Bird Park),%,2.276914704310146
2016,EUROPE,Netherlands,Major Attractions and Sites | National Orchid Gardens,%,5.653641024937905
2016,EUROPE,Netherlands,Free Access Attractions and Sites | Orchard Road,%,64.38244387105362
2016,EUROPE,Netherlands,Free Access Attractions and Sites | Chinatown,%,48.19871372335502
2016,EUROPE,Netherlands,Free Access Attractions and Sites | Merlion Park,%,36.88221801809654
2016,EUROPE,Netherlands,Free Access Attractions and Sites | Little India,%,36.88366988857065
2016,EUROPE,Netherlands,Free Access Attractions and Sites | Esplanade Theatres by the Bay,%,28.37487449904815
2016,EUROPE,Netherlands,Free Access Attractions and Sites | Singapore River/ Clarke Quay/ Boat Quay,%,32.52881998938422
2016,EUROPE,Netherlands,Free Access Attractions and Sites | Singapore Botanic Gardens,%,19.69633443440541
2016,EUROPE,Netherlands,Free Access Attractions and Sites | Raffles Hotel,%,12.58139986096254
2016,EUROPE,Switzerland,Major Attractions and Sites | Integrated Resort (MBS/RWS),%,47.51955277820847
2016,EUROPE,Switzerland,Major Attractions and Sites | Gardens by the Bay,%,44.5275709339498
2016,EUROPE,Switzerland,Major Attractions and Sites | Sentosa,%,34.88761377041295
2016,EUROPE,Switzerland,Major Attractions and Sites | Singapore Flyer/ Flight Experience,%,29.99720047295554
2016,EUROPE,Switzerland,Major Attractions and Sites | Singapore Zoo,%,12.44432195949593
2016,EUROPE,Switzerland,Major Attractions and Sites | Night Safari,%,10.3145955240808
2016,EUROPE,Switzerland,Major Attractions and Sites | River Wonders (formerly River Safari),%,12.86641879348785
2016,EUROPE,Switzerland,Major Attractions and Sites | Bird Paradise (formerly Jurong Bird Park),%,3.887679547142729
2016,EUROPE,Switzerland,Major Attractions and Sites | National Orchid Gardens,%,6.396290743588112
2016,EUROPE,Switzerland,Free Access Attractions and Sites | Orchard Road,%,46.64381564338522
2016,EUROPE,Switzerland,Free Access Attractions and Sites | Chinatown,%,40.91759339130722
2016,EUROPE,Switzerland,Free Access Attractions and Sites | Merlion Park,%,35.45288561076667
2016,EUROPE,Switzerland,Free Access Attractions and Sites | Little India,%,32.63230505724412
2016,EUROPE,Switzerland,Free Access Attractions and Sites | Esplanade Theatres by the Bay,%,28.1054402331258
2016,EUROPE,Switzerland,Free Access Attractions and Sites | Singapore River/ Clarke Quay/ Boat Quay,%,22.04682373465269
2016,EUROPE,Switzerland,Free Access Attractions and Sites | Singapore Botanic Gardens,%,15.71327855061278
2016,EUROPE,Switzerland,Free Access Attractions and Sites | Raffles Hotel,%,11.79525983267505
2016,EUROPE,UK,Major Attractions and Sites | Integrated Resort (MBS/RWS),%,42.82056887439293
2016,EUROPE,UK,Major Attractions and Sites | Gardens by the Bay,%,48.52867318508659
2016,EUROPE,UK,Major Attractions and Sites | Sentosa,%,25.06360199940933
2016,EUROPE,UK,Major Attractions and Sites | Singapore Flyer/ Flight Experience,%,23.39758848521311
2016,EUROPE,UK,Major Attractions and Sites | Singapore Zoo,%,16.4910696914579
2016,EUROPE,UK,Major Attractions and Sites | Night Safari,%,11.97506412017295
2016,EUROPE,UK,Major Attractions and Sites | River Wonders (formerly River Safari),%,10.66322819718196
2016,EUROPE,UK,Major Attractions and Sites | Bird Paradise (formerly Jurong Bird Park),%,6.84183072038358
2016,EUROPE,UK,Major Attractions and Sites | National Orchid Gardens,%,8.416644199541443
2016,EUROPE,UK,Free Access Attractions and Sites | Orchard Road,%,51.86836680837602
2016,EUROPE,UK,Free Access Attractions and Sites | Chinatown,%,40.71253316298421
2016,EUROPE,UK,Free Access Attractions and Sites | Merlion Park,%,35.14807101140859
2016,EUROPE,UK,Free Access Attractions and Sites | Little India,%,31.65890860915492
2016,EUROPE,UK,Free Access Attractions and Sites | Esplanade Theatres by the Bay,%,27.77164770733373
2016,EUROPE,UK,Free Access Attractions and Sites | Singapore River/ Clarke Quay/ Boat Quay,%,31.63635094283615
2016,EUROPE,UK,Free Access Attractions and Sites | Singapore Botanic Gardens,%,20.9284572088638
2016,EUROPE,UK,Free Access Attractions and Sites | Raffles Hotel,%,20.29901549822754
2016,AMERICAS,Canada,Major Attractions and Sites | Integrated Resort (MBS/RWS),%,56.99262790850892
2016,AMERICAS,Canada,Major Attractions and Sites | Gardens by the Bay,%,53.38295437008597
2016,AMERICAS,Canada,Major Attractions and Sites | Sentosa,%,28.92076723306104
2016,AMERICAS,Canada,Major Attractions and Sites | Singapore Flyer/ Flight Experience,%,28.83558851315485
2016,AMERICAS,Canada,Major Attractions and Sites | Singapore Zoo,%,20.94511510886912
2016,AMERICAS,Canada,Major Attractions and Sites | Night Safari,%,10.43708690229841
2016,AMERICAS,Canada,Major Attractions and Sites | River Wonders (formerly River Safari),%,10.77013006295931
2016,AMERICAS,Canada,Major Attractions and Sites | Bird Paradise (formerly Jurong Bird Park),%,5.376947163073595
2016,AMERICAS,Canada,Major Attractions and Sites | National Orchid Gardens,%,8.880814337091023
2016,AMERICAS,Canada,Free Access Attractions and Sites | Orchard Road,%,58.49461672572904
2016,AMERICAS,Canada,Free Access Attractions and Sites | Chinatown,%,38.19624269272089
2016,AMERICAS,Canada,Free Access Attractions and Sites | Merlion Park,%,31.26210332228564
2016,AMERICAS,Canada,Free Access Attractions and Sites | Little India,%,30.14677091284181
2016,AMERICAS,Canada,Free Access Attractions and Sites | Esplanade Theatres by the Bay,%,27.39586928040169
2016,AMERICAS,Canada,Free Access Attractions and Sites | Singapore River/ Clarke Quay/ Boat Quay,%,31.91828188324057
2016,AMERICAS,Canada,Free Access Attractions and Sites | Singapore Botanic Gardens,%,22.94033740089971
2016,AMERICAS,Canada,Free Access Attractions and Sites | Raffles Hotel,%,13.99980309802105
2016,AMERICAS,USA,Major Attractions and Sites | Integrated Resort (MBS/RWS),%,44.53754870821507
2016,AMERICAS,USA,Major Attractions and Sites | Gardens by the Bay,%,46.57326821078906
2016,AMERICAS,USA,Major Attractions and Sites | Sentosa,%,26.08432506560908
2016,AMERICAS,USA,Major Attractions and Sites | Singapore Flyer/ Flight Experience,%,21.42739204276672
2016,AMERICAS,USA,Major Attractions and Sites | Singapore Zoo,%,14.23903125925553
2016,AMERICAS,USA,Major Attractions and Sites | Night Safari,%,9.333053719729632
2016,AMERICAS,USA,Major Attractions and Sites | River Wonders (formerly River Safari),%,10.50295723111915
2016,AMERICAS,USA,Major Attractions and Sites | Bird Paradise (formerly Jurong Bird Park),%,7.639933444092661
2016,AMERICAS,USA,Major Attractions and Sites | National Orchid Gardens,%,5.606976626232807
2016,AMERICAS,USA,Free Access Attractions and Sites | Orchard Road,%,54.40522936484309
2016,AMERICAS,USA,Free Access Attractions and Sites | Chinatown,%,38.14963580442853
2016,AMERICAS,USA,Free Access Attractions and Sites | Merlion Park,%,31.72047171606454
2016,AMERICAS,USA,Free Access Attractions and Sites | Little India,%,28.82511409603801
2016,AMERICAS,USA,Free Access Attractions and Sites | Esplanade Theatres by the Bay,%,22.84586853470182
2016,AMERICAS,USA,Free Access Attractions and Sites | Singapore River/ Clarke Quay/ Boat Quay,%,28.50965077339922
2016,AMERICAS,USA,Free Access Attractions and Sites | Singapore Botanic Gardens,%,16.20908374968278
2016,AMERICAS,USA,Free Access Attractions and Sites | Raffles Hotel,%,14.32113974836777
2016,OCEANIA,Australia,Major Attractions and Sites | Integrated Resort (MBS/RWS),%,52.3680090439366
2016,OCEANIA,Australia,Major Attractions and Sites | Gardens by the Bay,%,45.03939816237038
2016,OCEANIA,Australia,Major Attractions and Sites | Sentosa,%,25.70890567322191
2016,OCEANIA,Australia,Major Attractions and Sites | Singapore Flyer/ Flight Experience,%,18.9005531754385
2016,OCEANIA,Australia,Major Attractions and Sites | Singapore Zoo,%,16.25910285574076
2016,OCEANIA,Australia,Major Attractions and Sites | Night Safari,%,12.48190421421356
2016,OCEANIA,Australia,Major Attractions and Sites | River Wonders (formerly River Safari),%,10.14553053941271
2016,OCEANIA,Australia,Major Attractions and Sites | Bird Paradise (formerly Jurong Bird Park),%,7.869404696194039
2016,OCEANIA,Australia,Major Attractions and Sites | National Orchid Gardens,%,4.834666247425471
2016,OCEANIA,Australia,Free Access Attractions and Sites | Orchard Road,%,56.52641878648296
2016,OCEANIA,Australia,Free Access Attractions and Sites | Chinatown,%,35.14564492864871
2016,OCEANIA,Australia,Free Access Attractions and Sites | Merlion Park,%,27.4219525312547
2016,OCEANIA,Australia,Free Access Attractions and Sites | Little India,%,26.50800305533481
2016,OCEANIA,Australia,Free Access Attractions and Sites | Esplanade Theatres by the Bay,%,18.2724635320964
2016,OCEANIA,Australia,Free Access Attractions and Sites | Singapore River/ Clarke Quay/ Boat Quay,%,28.50879591597191
2016,OCEANIA,Australia,Free Access Attractions and Sites | Singapore Botanic Gardens,%,16.79968839429332
2016,OCEANIA,Australia,Free Access Attractions and Sites | Raffles Hotel,%,11.96537179892972
2016,OCEANIA,New Zealand,Major Attractions and Sites | Integrated Resort (MBS/RWS),%,51.10844365414845
2016,OCEANIA,New Zealand,Major Attractions and Sites | Gardens by the Bay,%,58.11806935404175
2016,OCEANIA,New Zealand,Major Attractions and Sites | Sentosa,%,27.30583719399013
2016,OCEANIA,New Zealand,Major Attractions and Sites | Singapore Flyer/ Flight Experience,%,30.01423226146802
2016,OCEANIA,New Zealand,Major Attractions and Sites | Singapore Zoo,%,16.63629644193201
2016,OCEANIA,New Zealand,Major Attractions and Sites | Night Safari,%,12.60085531569246
2016,OCEANIA,New Zealand,Major Attractions and Sites | River Wonders (formerly River Safari),%,13.64909139505021
2016,OCEANIA,New Zealand,Major Attractions and Sites | Bird Paradise (formerly Jurong Bird Park),%,7.523212397046558
2016,OCEANIA,New Zealand,Major Attractions and Sites | National Orchid Gardens,%,3.41004961907618
2016,OCEANIA,New Zealand,Free Access Attractions and Sites | Orchard Road,%,66.60206896908235
2016,OCEANIA,New Zealand,Free Access Attractions and Sites | Chinatown,%,34.22117257422912
2016,OCEANIA,New Zealand,Free Access Attractions and Sites | Merlion Park,%,37.17046632216685
2016,OCEANIA,New Zealand,Free Access Attractions and Sites | Little India,%,22.62332255771614
2016,OCEANIA,New Zealand,Free Access Attractions and Sites | Esplanade Theatres by the Bay,%,28.16158364113759
2016,OCEANIA,New Zealand,Free Access Attractions and Sites | Singapore River/ Clarke Quay/ Boat Quay,%,27.60029808787576
2016,OCEANIA,New Zealand,Free Access Attractions and Sites | Singapore Botanic Gardens,%,14.29525901366246
2016,OCEANIA,New Zealand,Free Access Attractions and Sites | Raffles Hotel,%,10.29984706980391
2016,AFRICA,South Africa (Rep of),Major Attractions and Sites | Integrated Resort (MBS/RWS),%,62.0595349622546
2016,AFRICA,South Africa (Rep of),Major Attractions and Sites | Gardens by the Bay,%,50.96204186695585
2016,AFRICA,South Africa (Rep of),Major Attractions and Sites | Sentosa,%,33.2780370578674
2016,AFRICA,South Africa (Rep of),Major Attractions and Sites | Singapore Flyer/ Flight Experience,%,17.74172889591968
2016,AFRICA,South Africa (Rep of),Major Attractions and Sites | Singapore Zoo,%,7.07466754100588
2016,AFRICA,South Africa (Rep of),Major Attractions and Sites | Night Safari,%,13.62079726285602
2016,AFRICA,South Africa (Rep of),Major Attractions and Sites | River Wonders (formerly River Safari),%,9.049354535733167
2016,AFRICA,South Africa (Rep of),Major Attractions and Sites | Bird Paradise (formerly Jurong Bird Park),%,5.218550273355304
2016,AFRICA,South Africa (Rep of),Major Attractions and Sites | National Orchid Gardens,%,3.268135177132505
2016,AFRICA,South Africa (Rep of),Free Access Attractions and Sites | Orchard Road,%,61.28728015285458
2016,AFRICA,South Africa (Rep of),Free Access Attractions and Sites | Chinatown,%,44.58234061597773
2016,AFRICA,South Africa (Rep of),Free Access Attractions and Sites | Merlion Park,%,39.80942396236333
2016,AFRICA,South Africa (Rep of),Free Access Attractions and Sites | Little India,%,40.46300010727978
2016,AFRICA,South Africa (Rep of),Free Access Attractions and Sites | Esplanade Theatres by the Bay,%,19.90432199542063
2016,AFRICA,South Africa (Rep of),Free Access Attractions and Sites | Singapore River/ Clarke Quay/ Boat Quay,%,36.1395008011942
2016,AFRICA,South Africa (Rep of),Free Access Attractions and Sites | Singapore Botanic Gardens,%,18.87689356357231
2016,AFRICA,South Africa (Rep of),Free Access Attractions and Sites | Raffles Hotel,%,11.71546814388817
2016,REMAINING,Others,Major Attractions and Sites | Integrated Resort (MBS/RWS),%,52.98723338541863
2016,REMAINING,Others,Major Attractions and Sites | Gardens by the Bay,%,41.40221751481966
2016,REMAINING,Others,Major Attractions and Sites | Sentosa,%,28.01319972703837
2016,REMAINING,Others,Major Attractions and Sites | Singapore Flyer/ Flight Experience,%,19.0853763759285
2016,REMAINING,Others,Major Attractions and Sites | Singapore Zoo,%,14.90374905643657
2016,REMAINING,Others,Major Attractions and Sites | Night Safari,%,11.91704123811107
2016,REMAINING,Others,Major Attractions and Sites | River Wonders (formerly River Safari),%,10.98453251404871
2016,REMAINING,Others,Major Attractions and Sites | Bird Paradise (formerly Jurong Bird Park),%,5.499555729192353
2016,REMAINING,Others,Major Attractions and Sites | National Orchid Gardens,%,4.819955962780653
2016,REMAINING,Others,Free Access Attractions and Sites | Orchard Road,%,47.07106542242904
2016,REMAINING,Others,Free Access Attractions and Sites | Chinatown,%,32.05361337963458
2016,REMAINING,Others,Free Access Attractions and Sites | Merlion Park,%,26.14961650993998
2016,REMAINING,Others,Free Access Attractions and Sites | Little India,%,30.78565505234022
2016,REMAINING,Others,Free Access Attractions and Sites | Esplanade Theatres by the Bay,%,16.97531973400445
2016,REMAINING,Others,Free Access Attractions and Sites | Singapore River/ Clarke Quay/ Boat Quay,%,20.49760219579568
2016,REMAINING,Others,Free Access Attractions and Sites | Singapore Botanic Gardens,%,12.72185004261823
2016,REMAINING,Others,Free Access Attractions and Sites | Raffles Hotel,%,8.889059307116307
2015,SOUTHEAST ASIA,Indonesia,Major Attractions and Sites | Integrated Resort (MBS/RWS),%,27.46745149560577
2015,SOUTHEAST ASIA,Indonesia,Major Attractions and Sites | Gardens by the Bay,%,16.08974093567748
2015,SOUTHEAST ASIA,Indonesia,Major Attractions and Sites | Sentosa,%,11.53199961297003
2015,SOUTHEAST ASIA,Indonesia,Major Attractions and Sites | Singapore Flyer/ Flight Experience,%,3.678206788181531
2015,SOUTHEAST ASIA,Indonesia,Major Attractions and Sites | Singapore Zoo,%,2.132759329777917
2015,SOUTHEAST ASIA,Indonesia,Major Attractions and Sites | Night Safari,%,1.616283124775036
2015,SOUTHEAST ASIA,Indonesia,Major Attractions and Sites | River Wonders (formerly River Safari),%,1.018681317029465
2015,SOUTHEAST ASIA,Indonesia,Major Attractions and Sites | Bird Paradise (formerly Jurong Bird Park),%,0.8819170294010004
2015,SOUTHEAST ASIA,Indonesia,Major Attractions and Sites | National Orchid Gardens,%,1.136367472789238
2015,SOUTHEAST ASIA,Indonesia,Free Access Attractions and Sites | Orchard Road,%,48.9114128279368
2015,SOUTHEAST ASIA,Indonesia,Free Access Attractions and Sites | Chinatown,%,30.29595261368087
2015,SOUTHEAST ASIA,Indonesia,Free Access Attractions and Sites | Merlion Park,%,16.39107890885289
2015,SOUTHEAST ASIA,Indonesia,Free Access Attractions and Sites | Little India,%,18.70978260407329
2015,SOUTHEAST ASIA,Indonesia,Free Access Attractions and Sites | Esplanade Theatres by the Bay,%,4.01388179818078
2015,SOUTHEAST ASIA,Indonesia,Free Access Attractions and Sites | Singapore River/ Clarke Quay/ Boat Quay,%,6.539086560760151
2015,SOUTHEAST ASIA,Indonesia,Free Access Attractions and Sites | Singapore Botanic Gardens,%,2.522854112007425
2015,SOUTHEAST ASIA,Indonesia,Free Access Attractions and Sites | Raffles Hotel,%,2.017088799286618
2015,SOUTHEAST ASIA,Malaysia,Major Attractions and Sites | Integrated Resort (MBS/RWS),%,16.63887219911884
2015,SOUTHEAST ASIA,Malaysia,Major Attractions and Sites | Gardens by the Bay,%,7.147036209337741
2015,SOUTHEAST ASIA,Malaysia,Major Attractions and Sites | Sentosa,%,4.279682157880702
2015,SOUTHEAST ASIA,Malaysia,Major Attractions and Sites | Singapore Flyer/ Flight Experience,%,2.17788493625082
2015,SOUTHEAST ASIA,Malaysia,Major Attractions and Sites | Singapore Zoo,%,1.805574535193726
2015,SOUTHEAST ASIA,Malaysia,Major Attractions and Sites | Night Safari,%,0.6377080537393301
2015,SOUTHEAST ASIA,Malaysia,Major Attractions and Sites | River Wonders (formerly River Safari),%,0.5820076987250915
2015,SOUTHEAST ASIA,Malaysia,Major Attractions and Sites | National Orchid Gardens,%,0.7517917886988491
2015,SOUTHEAST ASIA,Malaysia,Free Access Attractions and Sites | Orchard Road,%,23.44716274149746
2015,SOUTHEAST ASIA,Malaysia,Free Access Attractions and Sites | Chinatown,%,17.24601948850371
2015,SOUTHEAST ASIA,Malaysia,Free Access Attractions and Sites | Merlion Park,%,4.128247085490742
2015,SOUTHEAST ASIA,Malaysia,Free Access Attractions and Sites | Little India,%,8.296594689637681
2015,SOUTHEAST ASIA,Malaysia,Free Access Attractions and Sites | Esplanade Theatres by the Bay,%,1.713426819731485
2015,SOUTHEAST ASIA,Malaysia,Free Access Attractions and Sites | Singapore River/ Clarke Quay/ Boat Quay,%,4.589098222333596
2015,SOUTHEAST ASIA,Malaysia,Free Access Attractions and Sites | Singapore Botanic Gardens,%,1.38303138987865
2015,SOUTHEAST ASIA,Malaysia,Free Access Attractions and Sites | Raffles Hotel,%,0.9256181525386408
2015,SOUTHEAST ASIA,Philippines,Major Attractions and Sites | Integrated Resort (MBS/RWS),%,42.60819493851914
2015,SOUTHEAST ASIA,Philippines,Major Attractions and Sites | Gardens by the Bay,%,28.7196789764663
2015,SOUTHEAST ASIA,Philippines,Major Attractions and Sites | Sentosa,%,22.65842508816087
2015,SOUTHEAST ASIA,Philippines,Major Attractions and Sites | Singapore Flyer/ Flight Experience,%,5.835609815005202
2015,SOUTHEAST ASIA,Philippines,Major Attractions and Sites | Singapore Zoo,%,4.900204604860181
2015,SOUTHEAST ASIA,Philippines,Major Attractions and Sites | Night Safari,%,3.948200770358208
2015,SOUTHEAST ASIA,Philippines,Major Attractions and Sites | River Wonders (formerly River Safari),%,1.434764330566533
2015,SOUTHEAST ASIA,Philippines,Major Attractions and Sites | Bird Paradise (formerly Jurong Bird Park),%,2.237750788896762
2015,SOUTHEAST ASIA,Philippines,Major Attractions and Sites | National Orchid Gardens,%,4.542253668043845
2015,SOUTHEAST ASIA,Philippines,Free Access Attractions and Sites | Orchard Road,%,53.94157730127323
2015,SOUTHEAST ASIA,Philippines,Free Access Attractions and Sites | Chinatown,%,34.3277686360256
2015,SOUTHEAST ASIA,Philippines,Free Access Attractions and Sites | Merlion Park,%,20.6417661486787
2015,SOUTHEAST ASIA,Philippines,Free Access Attractions and Sites | Little India,%,22.72812362058215
2015,SOUTHEAST ASIA,Philippines,Free Access Attractions and Sites | Esplanade Theatres by the Bay,%,7.157101117784282
2015,SOUTHEAST ASIA,Philippines,Free Access Attractions and Sites | Singapore River/ Clarke Quay/ Boat Quay,%,11.52685130058017
2015,SOUTHEAST ASIA,Philippines,Free Access Attractions and Sites | Singapore Botanic Gardens,%,7.718492613747252
2015,SOUTHEAST ASIA,Philippines,Free Access Attractions and Sites | Raffles Hotel,%,4.040750202122699
2015,SOUTHEAST ASIA,Thailand,Major Attractions and Sites | Integrated Resort (MBS/RWS),%,33.05843130718247
2015,SOUTHEAST ASIA,Thailand,Major Attractions and Sites | Gardens by the Bay,%,18.58423643816658
2015,SOUTHEAST ASIA,Thailand,Major Attractions and Sites | Sentosa,%,13.03504018651965
2015,SOUTHEAST ASIA,Thailand,Major Attractions and Sites | Singapore Flyer/ Flight Experience,%,10.01338939020479
2015,SOUTHEAST ASIA,Thailand,Major Attractions and Sites | Singapore Zoo,%,2.437946491357489
2015,SOUTHEAST ASIA,Thailand,Major Attractions and Sites | Night Safari,%,2.880020502107264
2015,SOUTHEAST ASIA,Thailand,Major Attractions and Sites | River Wonders (formerly River Safari),%,1.43295768681863
2015,SOUTHEAST ASIA,Thailand,Major Attractions and Sites | Bird Paradise (formerly Jurong Bird Park),%,1.60839642092264
2015,SOUTHEAST ASIA,Thailand,Major Attractions and Sites | National Orchid Gardens,%,1.085929136483296
2015,SOUTHEAST ASIA,Thailand,Free Access Attractions and Sites | Orchard Road,%,51.93843825125526
2015,SOUTHEAST ASIA,Thailand,Free Access Attractions and Sites | Chinatown,%,38.86935623699408
2015,SOUTHEAST ASIA,Thailand,Free Access Attractions and Sites | Merlion Park,%,20.62486204705065
2015,SOUTHEAST ASIA,Thailand,Free Access Attractions and Sites | Little India,%,19.21774293235021
2015,SOUTHEAST ASIA,Thailand,Free Access Attractions and Sites | Esplanade Theatres by the Bay,%,6.305117362395744
2015,SOUTHEAST ASIA,Thailand,Free Access Attractions and Sites | Singapore River/ Clarke Quay/ Boat Quay,%,13.75627609558143
2015,SOUTHEAST ASIA,Thailand,Free Access Attractions and Sites | Singapore Botanic Gardens,%,4.094911109569925
2015,SOUTHEAST ASIA,Thailand,Free Access Attractions and Sites | Raffles Hotel,%,4.286405621801038
2015,SOUTHEAST ASIA,Vietnam,Major Attractions and Sites | Integrated Resort (MBS/RWS),%,55.51489656229294
2015,SOUTHEAST ASIA,Vietnam,Major Attractions and Sites | Gardens by the Bay,%,42.23316402223502
2015,SOUTHEAST ASIA,Vietnam,Major Attractions and Sites | Sentosa,%,31.06237180212812
2015,SOUTHEAST ASIA,Vietnam,Major Attractions and Sites | Singapore Flyer/ Flight Experience,%,9.7246493666934
2015,SOUTHEAST ASIA,Vietnam,Major Attractions and Sites | Singapore Zoo,%,10.54749648598786
2015,SOUTHEAST ASIA,Vietnam,Major Attractions and Sites | Night Safari,%,6.491396323394082
2015,SOUTHEAST ASIA,Vietnam,Major Attractions and Sites | River Wonders (formerly River Safari),%,2.996823480107162
2015,SOUTHEAST ASIA,Vietnam,Major Attractions and Sites | Bird Paradise (formerly Jurong Bird Park),%,5.063861463402058
2015,SOUTHEAST ASIA,Vietnam,Major Attractions and Sites | National Orchid Gardens,%,1.731918183615962
2015,SOUTHEAST ASIA,Vietnam,Free Access Attractions and Sites | Orchard Road,%,64.69626430149891
2015,SOUTHEAST ASIA,Vietnam,Free Access Attractions and Sites | Chinatown,%,64.04690391785562
2015,SOUTHEAST ASIA,Vietnam,Free Access Attractions and Sites | Merlion Park,%,32.300904788434
2015,SOUTHEAST ASIA,Vietnam,Free Access Attractions and Sites | Little India,%,22.75632648531283
2015,SOUTHEAST ASIA,Vietnam,Free Access Attractions and Sites | Esplanade Theatres by the Bay,%,7.249348838185614
2015,SOUTHEAST ASIA,Vietnam,Free Access Attractions and Sites | Singapore River/ Clarke Quay/ Boat Quay,%,18.14667496070293
2015,SOUTHEAST ASIA,Vietnam,Free Access Attractions and Sites | Singapore Botanic Gardens,%,5.829049911507635
2015,SOUTHEAST ASIA,Vietnam,Free Access Attractions and Sites | Raffles Hotel,%,3.968282132520518
2015,GREATER CHINA,China,Major Attractions and Sites | Integrated Resort (MBS/RWS),%,46.74496877629985
2015,GREATER CHINA,China,Major Attractions and Sites | Gardens by the Bay,%,25.95666472375969
2015,GREATER CHINA,China,Major Attractions and Sites | Sentosa,%,20.15335553429863
2015,GREATER CHINA,China,Major Attractions and Sites | Singapore Flyer/ Flight Experience,%,10.87630335042459
2015,GREATER CHINA,China,Major Attractions and Sites | Singapore Zoo,%,9.93291909568357
2015,GREATER CHINA,China,Major Attractions and Sites | Night Safari,%,7.743331058190607
2015,GREATER CHINA,China,Major Attractions and Sites | River Wonders (formerly River Safari),%,1.365260712808493
2015,GREATER CHINA,China,Major Attractions and Sites | Bird Paradise (formerly Jurong Bird Park),%,2.490046688301685
2015,GREATER CHINA,China,Major Attractions and Sites | National Orchid Gardens,%,2.940565077351418
2015,GREATER CHINA,China,Free Access Attractions and Sites | Orchard Road,%,38.5624703753556
2015,GREATER CHINA,China,Free Access Attractions and Sites | Chinatown,%,45.96793454944385
2015,GREATER CHINA,China,Free Access Attractions and Sites | Merlion Park,%,31.59261002875695
2015,GREATER CHINA,China,Free Access Attractions and Sites | Little India,%,17.62774108701046
2015,GREATER CHINA,China,Free Access Attractions and Sites | Esplanade Theatres by the Bay,%,2.808079776776573
2015,GREATER CHINA,China,Free Access Attractions and Sites | Singapore River/ Clarke Quay/ Boat Quay,%,15.20612653248047
2015,GREATER CHINA,China,Free Access Attractions and Sites | Singapore Botanic Gardens,%,6.909539179992405
2015,GREATER CHINA,China,Free Access Attractions and Sites | Raffles Hotel,%,2.890553662624833
2015,GREATER CHINA,Hong Kong SAR,Major Attractions and Sites | Integrated Resort (MBS/RWS),%,43.50212033910327
2015,GREATER CHINA,Hong Kong SAR,Major Attractions and Sites | Gardens by the Bay,%,30.34103345408987
2015,GREATER CHINA,Hong Kong SAR,Major Attractions and Sites | Sentosa,%,18.19298315251331
2015,GREATER CHINA,Hong Kong SAR,Major Attractions and Sites | Singapore Flyer/ Flight Experience,%,6.793749029363217
2015,GREATER CHINA,Hong Kong SAR,Major Attractions and Sites | Singapore Zoo,%,4.753653292666793
2015,GREATER CHINA,Hong Kong SAR,Major Attractions and Sites | Night Safari,%,6.28632818145207
2015,GREATER CHINA,Hong Kong SAR,Major Attractions and Sites | River Wonders (formerly River Safari),%,2.629151114204955
2015,GREATER CHINA,Hong Kong SAR,Major Attractions and Sites | Bird Paradise (formerly Jurong Bird Park),%,0.8887957658870008
2015,GREATER CHINA,Hong Kong SAR,Major Attractions and Sites | National Orchid Gardens,%,1.970763927892698
2015,GREATER CHINA,Hong Kong SAR,Free Access Attractions and Sites | Orchard Road,%,40.2170040298682
2015,GREATER CHINA,Hong Kong SAR,Free Access Attractions and Sites | Chinatown,%,54.77625824847281
2015,GREATER CHINA,Hong Kong SAR,Free Access Attractions and Sites | Merlion Park,%,19.26761705785664
2015,GREATER CHINA,Hong Kong SAR,Free Access Attractions and Sites | Little India,%,16.99048522320818
2015,GREATER CHINA,Hong Kong SAR,Free Access Attractions and Sites | Esplanade Theatres by the Bay,%,4.623494471061681
2015,GREATER CHINA,Hong Kong SAR,Free Access Attractions and Sites | Singapore River/ Clarke Quay/ Boat Quay,%,17.3360124082647
2015,GREATER CHINA,Hong Kong SAR,Free Access Attractions and Sites | Singapore Botanic Gardens,%,3.422823112589005
2015,GREATER CHINA,Hong Kong SAR,Free Access Attractions and Sites | Raffles Hotel,%,4.338596389218639
2015,GREATER CHINA,Taiwan,Major Attractions and Sites | Integrated Resort (MBS/RWS),%,51.78014636024538
2015,GREATER CHINA,Taiwan,Major Attractions and Sites | Gardens by the Bay,%,31.13122838808756
2015,GREATER CHINA,Taiwan,Major Attractions and Sites | Sentosa,%,18.8216528698434
2015,GREATER CHINA,Taiwan,Major Attractions and Sites | Singapore Flyer/ Flight Experience,%,11.31065562990371
2015,GREATER CHINA,Taiwan,Major Attractions and Sites | Singapore Zoo,%,5.623339858784919
2015,GREATER CHINA,Taiwan,Major Attractions and Sites | Night Safari,%,6.848027991336084
2015,GREATER CHINA,Taiwan,Major Attractions and Sites | River Wonders (formerly River Safari),%,1.845931959187589
2015,GREATER CHINA,Taiwan,Major Attractions and Sites | Bird Paradise (formerly Jurong Bird Park),%,0.5506797565974407
2015,GREATER CHINA,Taiwan,Major Attractions and Sites | National Orchid Gardens,%,1.1271393951192
2015,GREATER CHINA,Taiwan,Free Access Attractions and Sites | Orchard Road,%,37.81646716665686
2015,GREATER CHINA,Taiwan,Free Access Attractions and Sites | Chinatown,%,56.86097551789177
2015,GREATER CHINA,Taiwan,Free Access Attractions and Sites | Merlion Park,%,31.99712928778895
2015,GREATER CHINA,Taiwan,Free Access Attractions and Sites | Little India,%,23.69171608304209
2015,GREATER CHINA,Taiwan,Free Access Attractions and Sites | Esplanade Theatres by the Bay,%,5.335175931175285
2015,GREATER CHINA,Taiwan,Free Access Attractions and Sites | Singapore River/ Clarke Quay/ Boat Quay,%,22.40607342580053
2015,GREATER CHINA,Taiwan,Free Access Attractions and Sites | Singapore Botanic Gardens,%,4.803610601441606
2015,GREATER CHINA,Taiwan,Free Access Attractions and Sites | Raffles Hotel,%,4.339870138028916
2015,NORTH ASIA,Japan,Major Attractions and Sites | Integrated Resort (MBS/RWS),%,44.62618770149006
2015,NORTH ASIA,Japan,Major Attractions and Sites | Gardens by the Bay,%,23.43152090820421
2015,NORTH ASIA,Japan,Major Attractions and Sites | Sentosa,%,10.71926590975862
2015,NORTH ASIA,Japan,Major Attractions and Sites | Singapore Flyer/ Flight Experience,%,8.607659433100796
2015,NORTH ASIA,Japan,Major Attractions and Sites | Singapore Zoo,%,8.306720984223412
2015,NORTH ASIA,Japan,Major Attractions and Sites | Night Safari,%,14.8541428827281
2015,NORTH ASIA,Japan,Major Attractions and Sites | River Wonders (formerly River Safari),%,3.096111881001709
2015,NORTH ASIA,Japan,Major Attractions and Sites | Bird Paradise (formerly Jurong Bird Park),%,1.333016396117427
2015,NORTH ASIA,Japan,Major Attractions and Sites | National Orchid Gardens,%,2.954444102677291
2015,NORTH ASIA,Japan,Free Access Attractions and Sites | Orchard Road,%,34.0261685162332
2015,NORTH ASIA,Japan,Free Access Attractions and Sites | Chinatown,%,30.23553485448936
2015,NORTH ASIA,Japan,Free Access Attractions and Sites | Merlion Park,%,35.5902091774848
2015,NORTH ASIA,Japan,Free Access Attractions and Sites | Little India,%,23.45506379226703
2015,NORTH ASIA,Japan,Free Access Attractions and Sites | Esplanade Theatres by the Bay,%,2.623632955243121
2015,NORTH ASIA,Japan,Free Access Attractions and Sites | Singapore River/ Clarke Quay/ Boat Quay,%,6.617574579639395
2015,NORTH ASIA,Japan,Free Access Attractions and Sites | Singapore Botanic Gardens,%,6.477398921373393
2015,NORTH ASIA,Japan,Free Access Attractions and Sites | Raffles Hotel,%,11.65199537378022
2015,NORTH ASIA,South Korea,Major Attractions and Sites | Integrated Resort (MBS/RWS),%,47.05138761202952
2015,NORTH ASIA,South Korea,Major Attractions and Sites | Gardens by the Bay,%,31.15480981796598
2015,NORTH ASIA,South Korea,Major Attractions and Sites | Sentosa,%,23.75007695564803
2015,NORTH ASIA,South Korea,Major Attractions and Sites | Singapore Flyer/ Flight Experience,%,9.106576560097096
2015,NORTH ASIA,South Korea,Major Attractions and Sites | Singapore Zoo,%,6.531977009776514
2015,NORTH ASIA,South Korea,Major Attractions and Sites | Night Safari,%,9.491123490229205
2015,NORTH ASIA,South Korea,Major Attractions and Sites | River Wonders (formerly River Safari),%,2.765067169528903
2015,NORTH ASIA,South Korea,Major Attractions and Sites | Bird Paradise (formerly Jurong Bird Park),%,10.50250972784967
2015,NORTH ASIA,South Korea,Major Attractions and Sites | National Orchid Gardens,%,7.902654093409769
2015,NORTH ASIA,South Korea,Free Access Attractions and Sites | Orchard Road,%,45.28778161040367
2015,NORTH ASIA,South Korea,Free Access Attractions and Sites | Chinatown,%,49.42306394653286
2015,NORTH ASIA,South Korea,Free Access Attractions and Sites | Merlion Park,%,32.31128508940196
2015,NORTH ASIA,South Korea,Free Access Attractions and Sites | Little India,%,22.76057958296188
2015,NORTH ASIA,South Korea,Free Access Attractions and Sites | Esplanade Theatres by the Bay,%,4.628490159160656
2015,NORTH ASIA,South Korea,Free Access Attractions and Sites | Singapore River/ Clarke Quay/ Boat Quay,%,23.14121180499806
2015,NORTH ASIA,South Korea,Free Access Attractions and Sites | Singapore Botanic Gardens,%,11.9824322016782
2015,NORTH ASIA,South Korea,Free Access Attractions and Sites | Raffles Hotel,%,3.91156750259234
2015,SOUTH ASIA,India,Major Attractions and Sites | Integrated Resort (MBS/RWS),%,43.28702656445067
2015,SOUTH ASIA,India,Major Attractions and Sites | Gardens by the Bay,%,25.8091611373207
2015,SOUTH ASIA,India,Major Attractions and Sites | Sentosa,%,34.10226509245046
2015,SOUTH ASIA,India,Major Attractions and Sites | Singapore Flyer/ Flight Experience,%,15.62902860965216
2015,SOUTH ASIA,India,Major Attractions and Sites | Singapore Zoo,%,12.56264896683557
2015,SOUTH ASIA,India,Major Attractions and Sites | Night Safari,%,20.54938298526364
2015,SOUTH ASIA,India,Major Attractions and Sites | River Wonders (formerly River Safari),%,4.074057629489613
2015,SOUTH ASIA,India,Major Attractions and Sites | Bird Paradise (formerly Jurong Bird Park),%,12.3329123098173
2015,SOUTH ASIA,India,Major Attractions and Sites | National Orchid Gardens,%,4.074651185800413
2015,SOUTH ASIA,India,Free Access Attractions and Sites | Orchard Road,%,25.96074670644498
2015,SOUTH ASIA,India,Free Access Attractions and Sites | Chinatown,%,33.51223267219279
2015,SOUTH ASIA,India,Free Access Attractions and Sites | Merlion Park,%,25.55862073562286
2015,SOUTH ASIA,India,Free Access Attractions and Sites | Little India,%,69.14032181681783
2015,SOUTH ASIA,India,Free Access Attractions and Sites | Esplanade Theatres by the Bay,%,3.30800429686237
2015,SOUTH ASIA,India,Free Access Attractions and Sites | Singapore River/ Clarke Quay/ Boat Quay,%,15.40317240328735
2015,SOUTH ASIA,India,Free Access Attractions and Sites | Singapore Botanic Gardens,%,6.987545007354048
2015,SOUTH ASIA,India,Free Access Attractions and Sites | Raffles Hotel,%,4.503997333263593
2015,EUROPE,France,Major Attractions and Sites | Integrated Resort (MBS/RWS),%,37.28953185266536
2015,EUROPE,France,Major Attractions and Sites | Gardens by the Bay,%,44.09040937898618
2015,EUROPE,France,Major Attractions and Sites | Sentosa,%,13.44948510016526
2015,EUROPE,France,Major Attractions and Sites | Singapore Flyer/ Flight Experience,%,6.98922087192292
2015,EUROPE,France,Major Attractions and Sites | Singapore Zoo,%,11.65810113183279
2015,EUROPE,France,Major Attractions and Sites | Night Safari,%,6.871855084167846
2015,EUROPE,France,Major Attractions and Sites | River Wonders (formerly River Safari),%,2.044235414744798
2015,EUROPE,France,Major Attractions and Sites | Bird Paradise (formerly Jurong Bird Park),%,2.579261819424686
2015,EUROPE,France,Major Attractions and Sites | National Orchid Gardens,%,11.59948181637695
2015,EUROPE,France,Free Access Attractions and Sites | Orchard Road,%,48.92733562479889
2015,EUROPE,France,Free Access Attractions and Sites | Chinatown,%,63.74163034337187
2015,EUROPE,France,Free Access Attractions and Sites | Merlion Park,%,22.67225839251747
2015,EUROPE,France,Free Access Attractions and Sites | Little India,%,46.17867054883514
2015,EUROPE,France,Free Access Attractions and Sites | Esplanade Theatres by the Bay,%,8.00099064174084
2015,EUROPE,France,Free Access Attractions and Sites | Singapore River/ Clarke Quay/ Boat Quay,%,33.41226665924106
2015,EUROPE,France,Free Access Attractions and Sites | Singapore Botanic Gardens,%,28.13492864050901
2015,EUROPE,France,Free Access Attractions and Sites | Raffles Hotel,%,19.68705333652791
2015,EUROPE,Germany,Major Attractions and Sites | Integrated Resort (MBS/RWS),%,40.57605210629961
2015,EUROPE,Germany,Major Attractions and Sites | Gardens by the Bay,%,47.36761838142654
2015,EUROPE,Germany,Major Attractions and Sites | Sentosa,%,17.8086976740349
2015,EUROPE,Germany,Major Attractions and Sites | Singapore Flyer/ Flight Experience,%,14.85727740289344
2015,EUROPE,Germany,Major Attractions and Sites | Singapore Zoo,%,9.34198227575938
2015,EUROPE,Germany,Major Attractions and Sites | Night Safari,%,7.70440154267239
2015,EUROPE,Germany,Major Attractions and Sites | River Wonders (formerly River Safari),%,2.085415542388101
2015,EUROPE,Germany,Major Attractions and Sites | Bird Paradise (formerly Jurong Bird Park),%,1.291096866972158
2015,EUROPE,Germany,Major Attractions and Sites | National Orchid Gardens,%,10.33539097506603
2015,EUROPE,Germany,Free Access Attractions and Sites | Orchard Road,%,45.25661159352144
2015,EUROPE,Germany,Free Access Attractions and Sites | Chinatown,%,63.36769633313413
2015,EUROPE,Germany,Free Access Attractions and Sites | Merlion Park,%,28.40319527382917
2015,EUROPE,Germany,Free Access Attractions and Sites | Little India,%,47.54869686764454
2015,EUROPE,Germany,Free Access Attractions and Sites | Esplanade Theatres by the Bay,%,11.32073190242779
2015,EUROPE,Germany,Free Access Attractions and Sites | Singapore River/ Clarke Quay/ Boat Quay,%,34.99305948798509
2015,EUROPE,Germany,Free Access Attractions and Sites | Singapore Botanic Gardens,%,21.13810029483194
2015,EUROPE,Germany,Free Access Attractions and Sites | Raffles Hotel,%,19.77627262809538
2015,EUROPE,Italy,Major Attractions and Sites | Integrated Resort (MBS/RWS),%,53.54171968196417
2015,EUROPE,Italy,Major Attractions and Sites | Gardens by the Bay,%,46.77678741586934
2015,EUROPE,Italy,Major Attractions and Sites | Sentosa,%,19.13322376557509
2015,EUROPE,Italy,Major Attractions and Sites | Singapore Flyer/ Flight Experience,%,6.719508214215027
2015,EUROPE,Italy,Major Attractions and Sites | Singapore Zoo,%,4.663388438816495
2015,EUROPE,Italy,Major Attractions and Sites | Night Safari,%,4.973535234100018
2015,EUROPE,Italy,Major Attractions and Sites | River Wonders (formerly River Safari),%,4.646023478930943
2015,EUROPE,Italy,Major Attractions and Sites | Bird Paradise (formerly Jurong Bird Park),%,3.449306783719527
2015,EUROPE,Italy,Major Attractions and Sites | National Orchid Gardens,%,15.41036925125015
2015,EUROPE,Italy,Free Access Attractions and Sites | Orchard Road,%,52.2294903631424
2015,EUROPE,Italy,Free Access Attractions and Sites | Chinatown,%,66.17977581924329
2015,EUROPE,Italy,Free Access Attractions and Sites | Merlion Park,%,21.24327156437075
2015,EUROPE,Italy,Free Access Attractions and Sites | Little India,%,52.16522768693839
2015,EUROPE,Italy,Free Access Attractions and Sites | Esplanade Theatres by the Bay,%,10.15287087406253
2015,EUROPE,Italy,Free Access Attractions and Sites | Singapore River/ Clarke Quay/ Boat Quay,%,33.0603792617238
2015,EUROPE,Italy,Free Access Attractions and Sites | Singapore Botanic Gardens,%,23.96935970496239
2015,EUROPE,Italy,Free Access Attractions and Sites | Raffles Hotel,%,13.21879609947905
2015,EUROPE,Netherlands,Major Attractions and Sites | Integrated Resort (MBS/RWS),%,29.85563467382341
2015,EUROPE,Netherlands,Major Attractions and Sites | Gardens by the Bay,%,34.94207810948037
2015,EUROPE,Netherlands,Major Attractions and Sites | Sentosa,%,11.49452543590941
2015,EUROPE,Netherlands,Major Attractions and Sites | Singapore Flyer/ Flight Experience,%,7.916674357987083
2015,EUROPE,Netherlands,Major Attractions and Sites | Singapore Zoo,%,5.784903623441522
2015,EUROPE,Netherlands,Major Attractions and Sites | Night Safari,%,4.639358962710469
2015,EUROPE,Netherlands,Major Attractions and Sites | River Wonders (formerly River Safari),%,1.912775229517857
2015,EUROPE,Netherlands,Major Attractions and Sites | National Orchid Gardens,%,4.442077429919657
2015,EUROPE,Netherlands,Free Access Attractions and Sites | Orchard Road,%,43.13212671189244
2015,EUROPE,Netherlands,Free Access Attractions and Sites | Chinatown,%,53.77284609330999
2015,EUROPE,Netherlands,Free Access Attractions and Sites | Merlion Park,%,21.09717567302556
2015,EUROPE,Netherlands,Free Access Attractions and Sites | Little India,%,45.53836164457547
2015,EUROPE,Netherlands,Free Access Attractions and Sites | Esplanade Theatres by the Bay,%,10.37999997400084
2015,EUROPE,Netherlands,Free Access Attractions and Sites | Singapore River/ Clarke Quay/ Boat Quay,%,26.31281533322943
2015,EUROPE,Netherlands,Free Access Attractions and Sites | Singapore Botanic Gardens,%,15.21827020842251
2015,EUROPE,Netherlands,Free Access Attractions and Sites | Raffles Hotel,%,15.99008971975404
2015,EUROPE,Switzerland,Major Attractions and Sites | Integrated Resort (MBS/RWS),%,53.72417386473141
2015,EUROPE,Switzerland,Major Attractions and Sites | Gardens by the Bay,%,47.76134541626597
2015,EUROPE,Switzerland,Major Attractions and Sites | Sentosa,%,16.80980635561469
2015,EUROPE,Switzerland,Major Attractions and Sites | Singapore Flyer/ Flight Experience,%,18.88380668112648
2015,EUROPE,Switzerland,Major Attractions and Sites | Singapore Zoo,%,9.586265316123152
2015,EUROPE,Switzerland,Major Attractions and Sites | Night Safari,%,11.05740082766443
2015,EUROPE,Switzerland,Major Attractions and Sites | River Wonders (formerly River Safari),%,2.213310967387703
2015,EUROPE,Switzerland,Major Attractions and Sites | Bird Paradise (formerly Jurong Bird Park),%,1.046828646397747
2015,EUROPE,Switzerland,Major Attractions and Sites | National Orchid Gardens,%,12.65059456372406
2015,EUROPE,Switzerland,Free Access Attractions and Sites | Orchard Road,%,50.09207909083312
2015,EUROPE,Switzerland,Free Access Attractions and Sites | Chinatown,%,65.75540652305355
2015,EUROPE,Switzerland,Free Access Attractions and Sites | Merlion Park,%,32.12635586469251
2015,EUROPE,Switzerland,Free Access Attractions and Sites | Little India,%,49.75771607248367
2015,EUROPE,Switzerland,Free Access Attractions and Sites | Esplanade Theatres by the Bay,%,9.61798199275157
2015,EUROPE,Switzerland,Free Access Attractions and Sites | Singapore River/ Clarke Quay/ Boat Quay,%,31.3573727224551
2015,EUROPE,Switzerland,Free Access Attractions and Sites | Singapore Botanic Gardens,%,28.45517688489988
2015,EUROPE,Switzerland,Free Access Attractions and Sites | Raffles Hotel,%,24.49953884343156
2015,EUROPE,UK,Major Attractions and Sites | Integrated Resort (MBS/RWS),%,31.68076694491622
2015,EUROPE,UK,Major Attractions and Sites | Gardens by the Bay,%,34.42647718084367
2015,EUROPE,UK,Major Attractions and Sites | Sentosa,%,9.236997048447895
2015,EUROPE,UK,Major Attractions and Sites | Singapore Flyer/ Flight Experience,%,9.91176552241006
2015,EUROPE,UK,Major Attractions and Sites | Singapore Zoo,%,6.727126235166796
2015,EUROPE,UK,Major Attractions and Sites | Night Safari,%,6.47295577258835
2015,EUROPE,UK,Major Attractions and Sites | River Wonders (formerly River Safari),%,2.684465740805978
2015,EUROPE,UK,Major Attractions and Sites | Bird Paradise (formerly Jurong Bird Park),%,0.8791354631475676
2015,EUROPE,UK,Major Attractions and Sites | National Orchid Gardens,%,8.03285309496579
2015,EUROPE,UK,Free Access Attractions and Sites | Orchard Road,%,36.11361345543404
2015,EUROPE,UK,Free Access Attractions and Sites | Chinatown,%,51.17049179879294
2015,EUROPE,UK,Free Access Attractions and Sites | Merlion Park,%,16.34475690714325
2015,EUROPE,UK,Free Access Attractions and Sites | Little India,%,29.85971806123339
2015,EUROPE,UK,Free Access Attractions and Sites | Esplanade Theatres by the Bay,%,5.14791827007647
2015,EUROPE,UK,Free Access Attractions and Sites | Singapore River/ Clarke Quay/ Boat Quay,%,23.177666454574
2015,EUROPE,UK,Free Access Attractions and Sites | Singapore Botanic Gardens,%,15.37176324482425
2015,EUROPE,UK,Free Access Attractions and Sites | Raffles Hotel,%,23.14703917493699
2015,AMERICAS,Canada,Major Attractions and Sites | Integrated Resort (MBS/RWS),%,38.99407591267309
2015,AMERICAS,Canada,Major Attractions and Sites | Gardens by the Bay,%,37.08355234462857
2015,AMERICAS,Canada,Major Attractions and Sites | Sentosa,%,13.21260425565909
2015,AMERICAS,Canada,Major Attractions and Sites | Singapore Flyer/ Flight Experience,%,9.063801704503716
2015,AMERICAS,Canada,Major Attractions and Sites | Singapore Zoo,%,3.878677797569519
2015,AMERICAS,Canada,Major Attractions and Sites | Night Safari,%,8.51532097543735
2015,AMERICAS,Canada,Major Attractions and Sites | Bird Paradise (formerly Jurong Bird Park),%,1.296298184361166
2015,AMERICAS,Canada,Major Attractions and Sites | National Orchid Gardens,%,6.937589332037161
2015,AMERICAS,Canada,Free Access Attractions and Sites | Orchard Road,%,43.63597847399112
2015,AMERICAS,Canada,Free Access Attractions and Sites | Chinatown,%,50.97661399145919
2015,AMERICAS,Canada,Free Access Attractions and Sites | Merlion Park,%,27.24615423030455
2015,AMERICAS,Canada,Free Access Attractions and Sites | Little India,%,39.33817778092788
2015,AMERICAS,Canada,Free Access Attractions and Sites | Esplanade Theatres by the Bay,%,14.93122728072611
2015,AMERICAS,Canada,Free Access Attractions and Sites | Singapore River/ Clarke Quay/ Boat Quay,%,28.42143059273228
2015,AMERICAS,Canada,Free Access Attractions and Sites | Singapore Botanic Gardens,%,18.57732730777674
2015,AMERICAS,Canada,Free Access Attractions and Sites | Raffles Hotel,%,15.25053686242946
2015,AMERICAS,USA,Major Attractions and Sites | Integrated Resort (MBS/RWS),%,30.98292601614353
2015,AMERICAS,USA,Major Attractions and Sites | Gardens by the Bay,%,30.70289493514188
2015,AMERICAS,USA,Major Attractions and Sites | Sentosa,%,8.768428360877802
2015,AMERICAS,USA,Major Attractions and Sites | Singapore Flyer/ Flight Experience,%,10.15741797530511
2015,AMERICAS,USA,Major Attractions and Sites | Singapore Zoo,%,6.25829784317987
2015,AMERICAS,USA,Major Attractions and Sites | Night Safari,%,3.909478395789555
2015,AMERICAS,USA,Major Attractions and Sites | River Wonders (formerly River Safari),%,2.468132744670294
2015,AMERICAS,USA,Major Attractions and Sites | Bird Paradise (formerly Jurong Bird Park),%,1.799621431956498
2015,AMERICAS,USA,Major Attractions and Sites | National Orchid Gardens,%,8.465505804077821
2015,AMERICAS,USA,Free Access Attractions and Sites | Orchard Road,%,38.55910448455722
2015,AMERICAS,USA,Free Access Attractions and Sites | Chinatown,%,41.1480501257904
2015,AMERICAS,USA,Free Access Attractions and Sites | Merlion Park,%,18.70018802624843
2015,AMERICAS,USA,Free Access Attractions and Sites | Little India,%,30.47379858969977
2015,AMERICAS,USA,Free Access Attractions and Sites | Esplanade Theatres by the Bay,%,5.127912356566566
2015,AMERICAS,USA,Free Access Attractions and Sites | Singapore River/ Clarke Quay/ Boat Quay,%,22.03660525281583
2015,AMERICAS,USA,Free Access Attractions and Sites | Singapore Botanic Gardens,%,14.98950906666554
2015,AMERICAS,USA,Free Access Attractions and Sites | Raffles Hotel,%,14.31367276995024
2015,OCEANIA,Australia,Major Attractions and Sites | Integrated Resort (MBS/RWS),%,36.28916757133525
2015,OCEANIA,Australia,Major Attractions and Sites | Gardens by the Bay,%,35.43584267192399
2015,OCEANIA,Australia,Major Attractions and Sites | Sentosa,%,17.10779069298213
2015,OCEANIA,Australia,Major Attractions and Sites | Singapore Flyer/ Flight Experience,%,11.25424283593902
2015,OCEANIA,Australia,Major Attractions and Sites | Singapore Zoo,%,10.38322640112974
2015,OCEANIA,Australia,Major Attractions and Sites | Night Safari,%,5.957968583172152
2015,OCEANIA,Australia,Major Attractions and Sites | River Wonders (formerly River Safari),%,4.097920197472892
2015,OCEANIA,Australia,Major Attractions and Sites | Bird Paradise (formerly Jurong Bird Park),%,2.416166030189565
2015,OCEANIA,Australia,Major Attractions and Sites | National Orchid Gardens,%,5.347430100727957
2015,OCEANIA,Australia,Free Access Attractions and Sites | Orchard Road,%,45.97564633707584
2015,OCEANIA,Australia,Free Access Attractions and Sites | Chinatown,%,46.18778116701347
2015,OCEANIA,Australia,Free Access Attractions and Sites | Merlion Park,%,17.48309928683328
2015,OCEANIA,Australia,Free Access Attractions and Sites | Little India,%,31.15729422134514
2015,OCEANIA,Australia,Free Access Attractions and Sites | Esplanade Theatres by the Bay,%,4.711484290258879
2015,OCEANIA,Australia,Free Access Attractions and Sites | Singapore River/ Clarke Quay/ Boat Quay,%,22.52942016473278
2015,OCEANIA,Australia,Free Access Attractions and Sites | Singapore Botanic Gardens,%,12.57646285416116
2015,OCEANIA,Australia,Free Access Attractions and Sites | Raffles Hotel,%,20.42897823427569
2015,OCEANIA,New Zealand,Major Attractions and Sites | Integrated Resort (MBS/RWS),%,43.04184293369313
2015,OCEANIA,New Zealand,Major Attractions and Sites | Gardens by the Bay,%,37.50219892667047
2015,OCEANIA,New Zealand,Major Attractions and Sites | Sentosa,%,14.88468741914674
2015,OCEANIA,New Zealand,Major Attractions and Sites | Singapore Flyer/ Flight Experience,%,19.08092632849797
2015,OCEANIA,New Zealand,Major Attractions and Sites | Singapore Zoo,%,17.78092888006839
2015,OCEANIA,New Zealand,Major Attractions and Sites | Night Safari,%,7.092994029084671
2015,OCEANIA,New Zealand,Major Attractions and Sites | River Wonders (formerly River Safari),%,3.383209829352259
2015,OCEANIA,New Zealand,Major Attractions and Sites | Bird Paradise (formerly Jurong Bird Park),%,2.749638550157208
2015,OCEANIA,New Zealand,Major Attractions and Sites | National Orchid Gardens,%,2.600696628701142
2015,OCEANIA,New Zealand,Free Access Attractions and Sites | Orchard Road,%,44.88512615558804
2015,OCEANIA,New Zealand,Free Access Attractions and Sites | Chinatown,%,56.78648355073207
2015,OCEANIA,New Zealand,Free Access Attractions and Sites | Merlion Park,%,26.44472403893565
2015,OCEANIA,New Zealand,Free Access Attractions and Sites | Little India,%,38.02067171486293
2015,OCEANIA,New Zealand,Free Access Attractions and Sites | Esplanade Theatres by the Bay,%,5.37225652148389
2015,OCEANIA,New Zealand,Free Access Attractions and Sites | Singapore River/ Clarke Quay/ Boat Quay,%,25.28921116973555
2015,OCEANIA,New Zealand,Free Access Attractions and Sites | Singapore Botanic Gardens,%,20.38328741176744
2015,OCEANIA,New Zealand,Free Access Attractions and Sites | Raffles Hotel,%,23.49364295838885
2015,AFRICA,South Africa (Rep of),Major Attractions and Sites | Integrated Resort (MBS/RWS),%,47.39867616301463
2015,AFRICA,South Africa (Rep of),Major Attractions and Sites | Gardens by the Bay,%,31.15729945041318
2015,AFRICA,South Africa (Rep of),Major Attractions and Sites | Sentosa,%,23.5414111505524
2015,AFRICA,South Africa (Rep of),Major Attractions and Sites | Singapore Flyer/ Flight Experience,%,16.61151233138187
2015,AFRICA,South Africa (Rep of),Major Attractions and Sites | Singapore Zoo,%,6.465132549319178
2015,AFRICA,South Africa (Rep of),Major Attractions and Sites | Night Safari,%,9.723361181663847
2015,AFRICA,South Africa (Rep of),Major Attractions and Sites | River Wonders (formerly River Safari),%,6.536616255498635
2015,AFRICA,South Africa (Rep of),Major Attractions and Sites | National Orchid Gardens,%,9.362427958960454
2015,AFRICA,South Africa (Rep of),Free Access Attractions and Sites | Orchard Road,%,53.85590863602288
2015,AFRICA,South Africa (Rep of),Free Access Attractions and Sites | Chinatown,%,49.79201133621537
2015,AFRICA,South Africa (Rep of),Free Access Attractions and Sites | Merlion Park,%,22.01477115695473
2015,AFRICA,South Africa (Rep of),Free Access Attractions and Sites | Little India,%,44.35339105027771
2015,AFRICA,South Africa (Rep of),Free Access Attractions and Sites | Esplanade Theatres by the Bay,%,7.488636136684391
2015,AFRICA,South Africa (Rep of),Free Access Attractions and Sites | Singapore River/ Clarke Quay/ Boat Quay,%,28.47705658242652
2015,AFRICA,South Africa (Rep of),Free Access Attractions and Sites | Singapore Botanic Gardens,%,23.28179004589779
2015,AFRICA,South Africa (Rep of),Free Access Attractions and Sites | Raffles Hotel,%,24.12624477390192
2015,REMAINING,Others,Major Attractions and Sites | Integrated Resort (MBS/RWS),%,46.75644042255078
2015,REMAINING,Others,Major Attractions and Sites | Gardens by the Bay,%,32.07397622402663
2015,REMAINING,Others,Major Attractions and Sites | Sentosa,%,24.44455771912662
2015,REMAINING,Others,Major Attractions and Sites | Singapore Flyer/ Flight Experience,%,12.9737031873388
2015,REMAINING,Others,Major Attractions and Sites | Singapore Zoo,%,10.58084527023849
2015,REMAINING,Others,Major Attractions and Sites | Night Safari,%,8.557438227063699
2015,REMAINING,Others,Major Attractions and Sites | River Wonders (formerly River Safari),%,3.898847325577053
2015,REMAINING,Others,Major Attractions and Sites | Bird Paradise (formerly Jurong Bird Park),%,3.89435289340782
2015,REMAINING,Others,Major Attractions and Sites | National Orchid Gardens,%,6.270560899096769
2015,REMAINING,Others,Free Access Attractions and Sites | Orchard Road,%,50.31315526456623
2015,REMAINING,Others,Free Access Attractions and Sites | Chinatown,%,47.13760471336861
2015,REMAINING,Others,Free Access Attractions and Sites | Merlion Park,%,25.85485132074729
2015,REMAINING,Others,Free Access Attractions and Sites | Little India,%,49.31137750888196
2015,REMAINING,Others,Free Access Attractions and Sites | Esplanade Theatres by the Bay,%,7.74252347139201
2015,REMAINING,Others,Free Access Attractions and Sites | Singapore River/ Clarke Quay/ Boat Quay,%,20.05234218566109
2015,REMAINING,Others,Free Access Attractions and Sites | Singapore Botanic Gardens,%,12.11215014231701
2015,REMAINING,Others,Free Access Attractions and Sites | Raffles Hotel,%,10.72505506872004
2014,SOUTHEAST ASIA,Indonesia,Major Attractions and Sites | Integrated Resort (MBS/RWS),%,26.43299598955323
2014,SOUTHEAST ASIA,Indonesia,Major Attractions and Sites | Gardens by the Bay,%,11.53018257225971
2014,SOUTHEAST ASIA,Indonesia,Major Attractions and Sites | Sentosa,%,10.80474275920855
2014,SOUTHEAST ASIA,Indonesia,Major Attractions and Sites | Singapore Flyer/ Flight Experience,%,3.136605374854371
2014,SOUTHEAST ASIA,Indonesia,Major Attractions and Sites | Singapore Zoo,%,2.106887463736303
2014,SOUTHEAST ASIA,Indonesia,Major Attractions and Sites | Night Safari,%,1.163911582413193
2014,SOUTHEAST ASIA,Indonesia,Major Attractions and Sites | River Wonders (formerly River Safari),%,0.9266567748422568
2014,SOUTHEAST ASIA,Indonesia,Major Attractions and Sites | Bird Paradise (formerly Jurong Bird Park),%,1.097802818502992
2014,SOUTHEAST ASIA,Indonesia,Major Attractions and Sites | National Orchid Gardens,%,0.6821501486723345
2014,SOUTHEAST ASIA,Indonesia,Free Access Attractions and Sites | Orchard Road,%,48.66893091300096
2014,SOUTHEAST ASIA,Indonesia,Free Access Attractions and Sites | Chinatown,%,22.98242510013555
2014,SOUTHEAST ASIA,Indonesia,Free Access Attractions and Sites | Merlion Park,%,14.11485145673064
2014,SOUTHEAST ASIA,Indonesia,Free Access Attractions and Sites | Little India,%,15.5269090628555
2014,SOUTHEAST ASIA,Indonesia,Free Access Attractions and Sites | Esplanade Theatres by the Bay,%,3.699741085470486
2014,SOUTHEAST ASIA,Indonesia,Free Access Attractions and Sites | Singapore River/ Clarke Quay/ Boat Quay,%,4.204431309418684
2014,SOUTHEAST ASIA,Indonesia,Free Access Attractions and Sites | Singapore Botanic Gardens,%,1.503143357317126
2014,SOUTHEAST ASIA,Indonesia,Free Access Attractions and Sites | Raffles Hotel,%,1.718382500686338
2014,SOUTHEAST ASIA,Malaysia,Major Attractions and Sites | Integrated Resort (MBS/RWS),%,22.87877271449418
2014,SOUTHEAST ASIA,Malaysia,Major Attractions and Sites | Gardens by the Bay,%,9.717441555821884
2014,SOUTHEAST ASIA,Malaysia,Major Attractions and Sites | Sentosa,%,6.917942381752952
2014,SOUTHEAST ASIA,Malaysia,Major Attractions and Sites | Singapore Flyer/ Flight Experience,%,1.957251900329507
2014,SOUTHEAST ASIA,Malaysia,Major Attractions and Sites | Singapore Zoo,%,2.02898753767431
2014,SOUTHEAST ASIA,Malaysia,Major Attractions and Sites | Night Safari,%,1.571252990143283
2014,SOUTHEAST ASIA,Malaysia,Major Attractions and Sites | River Wonders (formerly River Safari),%,3.44932119477464
2014,SOUTHEAST ASIA,Malaysia,Major Attractions and Sites | National Orchid Gardens,%,0.6812644285383783
2014,SOUTHEAST ASIA,Malaysia,Free Access Attractions and Sites | Orchard Road,%,29.30164446829122
2014,SOUTHEAST ASIA,Malaysia,Free Access Attractions and Sites | Chinatown,%,16.96323177375229
2014,SOUTHEAST ASIA,Malaysia,Free Access Attractions and Sites | Merlion Park,%,4.501898348877559
2014,SOUTHEAST ASIA,Malaysia,Free Access Attractions and Sites | Little India,%,7.671060373317289
2014,SOUTHEAST ASIA,Malaysia,Free Access Attractions and Sites | Esplanade Theatres by the Bay,%,1.0710733013394
2014,SOUTHEAST ASIA,Malaysia,Free Access Attractions and Sites | Singapore River/ Clarke Quay/ Boat Quay,%,3.582949134282615
2014,SOUTHEAST ASIA,Malaysia,Free Access Attractions and Sites | Singapore Botanic Gardens,%,1.574242941667757
2014,SOUTHEAST ASIA,Malaysia,Free Access Attractions and Sites | Raffles Hotel,%,0.8232136215460926
2014,SOUTHEAST ASIA,Philippines,Major Attractions and Sites | Integrated Resort (MBS/RWS),%,46.0324549897134
2014,SOUTHEAST ASIA,Philippines,Major Attractions and Sites | Gardens by the Bay,%,26.3714323411191
2014,SOUTHEAST ASIA,Philippines,Major Attractions and Sites | Sentosa,%,20.99169322073237
2014,SOUTHEAST ASIA,Philippines,Major Attractions and Sites | Singapore Flyer/ Flight Experience,%,7.996439031893305
2014,SOUTHEAST ASIA,Philippines,Major Attractions and Sites | Singapore Zoo,%,6.76649855970106
2014,SOUTHEAST ASIA,Philippines,Major Attractions and Sites | Night Safari,%,5.139331517722818
2014,SOUTHEAST ASIA,Philippines,Major Attractions and Sites | River Wonders (formerly River Safari),%,3.191891057716363
2014,SOUTHEAST ASIA,Philippines,Major Attractions and Sites | Bird Paradise (formerly Jurong Bird Park),%,2.839122645149736
2014,SOUTHEAST ASIA,Philippines,Major Attractions and Sites | National Orchid Gardens,%,2.769713163444159
2014,SOUTHEAST ASIA,Philippines,Free Access Attractions and Sites | Orchard Road,%,54.40011392486259
2014,SOUTHEAST ASIA,Philippines,Free Access Attractions and Sites | Chinatown,%,31.4265246043423
2014,SOUTHEAST ASIA,Philippines,Free Access Attractions and Sites | Merlion Park,%,21.8872792925582
2014,SOUTHEAST ASIA,Philippines,Free Access Attractions and Sites | Little India,%,19.83721373513842
2014,SOUTHEAST ASIA,Philippines,Free Access Attractions and Sites | Esplanade Theatres by the Bay,%,5.278226322259816
2014,SOUTHEAST ASIA,Philippines,Free Access Attractions and Sites | Singapore River/ Clarke Quay/ Boat Quay,%,11.43613773834506
2014,SOUTHEAST ASIA,Philippines,Free Access Attractions and Sites | Singapore Botanic Gardens,%,8.463412251354022
2014,SOUTHEAST ASIA,Philippines,Free Access Attractions and Sites | Raffles Hotel,%,4.682948154346677
2014,SOUTHEAST ASIA,Thailand,Major Attractions and Sites | Integrated Resort (MBS/RWS),%,31.68115115328352
2014,SOUTHEAST ASIA,Thailand,Major Attractions and Sites | Gardens by the Bay,%,17.36240977960445
2014,SOUTHEAST ASIA,Thailand,Major Attractions and Sites | Sentosa,%,11.45626002978965
2014,SOUTHEAST ASIA,Thailand,Major Attractions and Sites | Singapore Flyer/ Flight Experience,%,9.480412343653407
2014,SOUTHEAST ASIA,Thailand,Major Attractions and Sites | Singapore Zoo,%,2.727445518485079
2014,SOUTHEAST ASIA,Thailand,Major Attractions and Sites | Night Safari,%,1.935122965900606
2014,SOUTHEAST ASIA,Thailand,Major Attractions and Sites | River Wonders (formerly River Safari),%,0.6092035502357493
2014,SOUTHEAST ASIA,Thailand,Major Attractions and Sites | Bird Paradise (formerly Jurong Bird Park),%,1.603904937771255
2014,SOUTHEAST ASIA,Thailand,Major Attractions and Sites | National Orchid Gardens,%,1.652062665346086
2014,SOUTHEAST ASIA,Thailand,Free Access Attractions and Sites | Orchard Road,%,46.58959286748249
2014,SOUTHEAST ASIA,Thailand,Free Access Attractions and Sites | Chinatown,%,34.85755896984738
2014,SOUTHEAST ASIA,Thailand,Free Access Attractions and Sites | Merlion Park,%,16.72496706786655
2014,SOUTHEAST ASIA,Thailand,Free Access Attractions and Sites | Little India,%,17.04175462707528
2014,SOUTHEAST ASIA,Thailand,Free Access Attractions and Sites | Esplanade Theatres by the Bay,%,3.585282568431794
2014,SOUTHEAST ASIA,Thailand,Free Access Attractions and Sites | Singapore River/ Clarke Quay/ Boat Quay,%,12.58191924456915
2014,SOUTHEAST ASIA,Thailand,Free Access Attractions and Sites | Singapore Botanic Gardens,%,3.773334745447654
2014,SOUTHEAST ASIA,Thailand,Free Access Attractions and Sites | Raffles Hotel,%,2.418137450676052
2014,SOUTHEAST ASIA,Vietnam,Major Attractions and Sites | Integrated Resort (MBS/RWS),%,46.05858625025534
2014,SOUTHEAST ASIA,Vietnam,Major Attractions and Sites | Gardens by the Bay,%,25.7048483625243
2014,SOUTHEAST ASIA,Vietnam,Major Attractions and Sites | Sentosa,%,33.61381101457282
2014,SOUTHEAST ASIA,Vietnam,Major Attractions and Sites | Singapore Flyer/ Flight Experience,%,7.748340515086009
2014,SOUTHEAST ASIA,Vietnam,Major Attractions and Sites | Singapore Zoo,%,6.786224613657517
2014,SOUTHEAST ASIA,Vietnam,Major Attractions and Sites | Night Safari,%,2.995144091534175
2014,SOUTHEAST ASIA,Vietnam,Major Attractions and Sites | River Wonders (formerly River Safari),%,3.896992781408585
2014,SOUTHEAST ASIA,Vietnam,Major Attractions and Sites | Bird Paradise (formerly Jurong Bird Park),%,5.585718993813279
2014,SOUTHEAST ASIA,Vietnam,Major Attractions and Sites | National Orchid Gardens,%,6.875233176974207
2014,SOUTHEAST ASIA,Vietnam,Free Access Attractions and Sites | Orchard Road,%,55.42005453038826
2014,SOUTHEAST ASIA,Vietnam,Free Access Attractions and Sites | Chinatown,%,49.58014105219326
2014,SOUTHEAST ASIA,Vietnam,Free Access Attractions and Sites | Merlion Park,%,23.61062858222003
2014,SOUTHEAST ASIA,Vietnam,Free Access Attractions and Sites | Little India,%,20.01314340635721
2014,SOUTHEAST ASIA,Vietnam,Free Access Attractions and Sites | Esplanade Theatres by the Bay,%,6.642325188010443
2014,SOUTHEAST ASIA,Vietnam,Free Access Attractions and Sites | Singapore River/ Clarke Quay/ Boat Quay,%,8.933998624639598
2014,SOUTHEAST ASIA,Vietnam,Free Access Attractions and Sites | Singapore Botanic Gardens,%,6.584010583542616
2014,SOUTHEAST ASIA,Vietnam,Free Access Attractions and Sites | Raffles Hotel,%,3.871233238607262
2014,GREATER CHINA,China,Major Attractions and Sites | Integrated Resort (MBS/RWS),%,50.9250282580105
2014,GREATER CHINA,China,Major Attractions and Sites | Gardens by the Bay,%,20.49211673797618
2014,GREATER CHINA,China,Major Attractions and Sites | Sentosa,%,21.52953052622125
2014,GREATER CHINA,China,Major Attractions and Sites | Singapore Flyer/ Flight Experience,%,11.53243146495634
2014,GREATER CHINA,China,Major Attractions and Sites | Singapore Zoo,%,9.41039161925869
2014,GREATER CHINA,China,Major Attractions and Sites | Night Safari,%,6.876783730566534
2014,GREATER CHINA,China,Major Attractions and Sites | River Wonders (formerly River Safari),%,1.910725086383577
2014,GREATER CHINA,China,Major Attractions and Sites | Bird Paradise (formerly Jurong Bird Park),%,2.800309935721454
2014,GREATER CHINA,China,Major Attractions and Sites | National Orchid Gardens,%,4.231045738760386
2014,GREATER CHINA,China,Free Access Attractions and Sites | Orchard Road,%,42.67302103488389
2014,GREATER CHINA,China,Free Access Attractions and Sites | Chinatown,%,44.24075826374516
2014,GREATER CHINA,China,Free Access Attractions and Sites | Merlion Park,%,30.13005153771037
2014,GREATER CHINA,China,Free Access Attractions and Sites | Little India,%,17.41414214804431
2014,GREATER CHINA,China,Free Access Attractions and Sites | Esplanade Theatres by the Bay,%,5.288945964560375
2014,GREATER CHINA,China,Free Access Attractions and Sites | Singapore River/ Clarke Quay/ Boat Quay,%,14.06846712393768
2014,GREATER CHINA,China,Free Access Attractions and Sites | Singapore Botanic Gardens,%,8.80928763522758
2014,GREATER CHINA,China,Free Access Attractions and Sites | Raffles Hotel,%,5.282192615191045
2014,GREATER CHINA,Hong Kong SAR,Major Attractions and Sites | Integrated Resort (MBS/RWS),%,38.86477198199179
2014,GREATER CHINA,Hong Kong SAR,Major Attractions and Sites | Gardens by the Bay,%,25.29373324680357
2014,GREATER CHINA,Hong Kong SAR,Major Attractions and Sites | Sentosa,%,15.37743860417005
2014,GREATER CHINA,Hong Kong SAR,Major Attractions and Sites | Singapore Flyer/ Flight Experience,%,8.332517310276838
2014,GREATER CHINA,Hong Kong SAR,Major Attractions and Sites | Singapore Zoo,%,4.893352202740029
2014,GREATER CHINA,Hong Kong SAR,Major Attractions and Sites | Night Safari,%,5.114912297934623
2014,GREATER CHINA,Hong Kong SAR,Major Attractions and Sites | River Wonders (formerly River Safari),%,2.90853277463126
2014,GREATER CHINA,Hong Kong SAR,Major Attractions and Sites | Bird Paradise (formerly Jurong Bird Park),%,0.839048361656915
2014,GREATER CHINA,Hong Kong SAR,Major Attractions and Sites | National Orchid Gardens,%,1.136970132241623
2014,GREATER CHINA,Hong Kong SAR,Free Access Attractions and Sites | Orchard Road,%,34.57377089418937
2014,GREATER CHINA,Hong Kong SAR,Free Access Attractions and Sites | Chinatown,%,45.56726418735498
2014,GREATER CHINA,Hong Kong SAR,Free Access Attractions and Sites | Merlion Park,%,13.61230510022902
2014,GREATER CHINA,Hong Kong SAR,Free Access Attractions and Sites | Little India,%,9.348580402389558
2014,GREATER CHINA,Hong Kong SAR,Free Access Attractions and Sites | Esplanade Theatres by the Bay,%,3.026055759228024
2014,GREATER CHINA,Hong Kong SAR,Free Access Attractions and Sites | Singapore River/ Clarke Quay/ Boat Quay,%,12.91600529996442
2014,GREATER CHINA,Hong Kong SAR,Free Access Attractions and Sites | Singapore Botanic Gardens,%,3.640314535315802
2014,GREATER CHINA,Hong Kong SAR,Free Access Attractions and Sites | Raffles Hotel,%,4.111017989631907
2014,GREATER CHINA,Taiwan,Major Attractions and Sites | Integrated Resort (MBS/RWS),%,49.39657762605451
2014,GREATER CHINA,Taiwan,Major Attractions and Sites | Gardens by the Bay,%,24.56479896235038
2014,GREATER CHINA,Taiwan,Major Attractions and Sites | Sentosa,%,15.75715544230822
2014,GREATER CHINA,Taiwan,Major Attractions and Sites | Singapore Flyer/ Flight Experience,%,8.326022184740657
2014,GREATER CHINA,Taiwan,Major Attractions and Sites | Singapore Zoo,%,4.749524933342123
2014,GREATER CHINA,Taiwan,Major Attractions and Sites | Night Safari,%,6.130861051201288
2014,GREATER CHINA,Taiwan,Major Attractions and Sites | River Wonders (formerly River Safari),%,2.365421782475504
2014,GREATER CHINA,Taiwan,Major Attractions and Sites | Bird Paradise (formerly Jurong Bird Park),%,3.780207878009017
2014,GREATER CHINA,Taiwan,Major Attractions and Sites | National Orchid Gardens,%,2.588059943573978
2014,GREATER CHINA,Taiwan,Free Access Attractions and Sites | Orchard Road,%,32.52291205731561
2014,GREATER CHINA,Taiwan,Free Access Attractions and Sites | Chinatown,%,34.88683695885359
2014,GREATER CHINA,Taiwan,Free Access Attractions and Sites | Merlion Park,%,22.80482963202165
2014,GREATER CHINA,Taiwan,Free Access Attractions and Sites | Little India,%,18.13382775686365
2014,GREATER CHINA,Taiwan,Free Access Attractions and Sites | Esplanade Theatres by the Bay,%,2.828201380399945
2014,GREATER CHINA,Taiwan,Free Access Attractions and Sites | Singapore River/ Clarke Quay/ Boat Quay,%,14.34790035522257
2014,GREATER CHINA,Taiwan,Free Access Attractions and Sites | Singapore Botanic Gardens,%,8.283347629420064
2014,GREATER CHINA,Taiwan,Free Access Attractions and Sites | Raffles Hotel,%,3.246842229777233
2014,NORTH ASIA,Japan,Major Attractions and Sites | Integrated Resort (MBS/RWS),%,52.08443964017202
2014,NORTH ASIA,Japan,Major Attractions and Sites | Gardens by the Bay,%,21.58685405600739
2014,NORTH ASIA,Japan,Major Attractions and Sites | Sentosa,%,17.29359056913611
2014,NORTH ASIA,Japan,Major Attractions and Sites | Singapore Flyer/ Flight Experience,%,11.01291244186545
2014,NORTH ASIA,Japan,Major Attractions and Sites | Singapore Zoo,%,6.448011067489866
2014,NORTH ASIA,Japan,Major Attractions and Sites | Night Safari,%,18.95155890642537
2014,NORTH ASIA,Japan,Major Attractions and Sites | River Wonders (formerly River Safari),%,3.76993677976727
2014,NORTH ASIA,Japan,Major Attractions and Sites | Bird Paradise (formerly Jurong Bird Park),%,1.237767229822817
2014,NORTH ASIA,Japan,Major Attractions and Sites | National Orchid Gardens,%,2.801196496280113
2014,NORTH ASIA,Japan,Free Access Attractions and Sites | Orchard Road,%,32.95128230958987
2014,NORTH ASIA,Japan,Free Access Attractions and Sites | Chinatown,%,34.18897804466214
2014,NORTH ASIA,Japan,Free Access Attractions and Sites | Merlion Park,%,46.33628809254908
2014,NORTH ASIA,Japan,Free Access Attractions and Sites | Little India,%,27.6485409318744
2014,NORTH ASIA,Japan,Free Access Attractions and Sites | Esplanade Theatres by the Bay,%,2.82399138658308
2014,NORTH ASIA,Japan,Free Access Attractions and Sites | Singapore River/ Clarke Quay/ Boat Quay,%,7.500135236611758
2014,NORTH ASIA,Japan,Free Access Attractions and Sites | Singapore Botanic Gardens,%,5.371982725039431
2014,NORTH ASIA,Japan,Free Access Attractions and Sites | Raffles Hotel,%,16.88919761449172
2014,NORTH ASIA,South Korea,Major Attractions and Sites | Integrated Resort (MBS/RWS),%,39.09734474154472
2014,NORTH ASIA,South Korea,Major Attractions and Sites | Gardens by the Bay,%,21.65991662031924
2014,NORTH ASIA,South Korea,Major Attractions and Sites | Sentosa,%,26.6798133078668
2014,NORTH ASIA,South Korea,Major Attractions and Sites | Singapore Flyer/ Flight Experience,%,13.04502478744617
2014,NORTH ASIA,South Korea,Major Attractions and Sites | Singapore Zoo,%,5.777547649756683
2014,NORTH ASIA,South Korea,Major Attractions and Sites | Night Safari,%,9.418308802296592
2014,NORTH ASIA,South Korea,Major Attractions and Sites | River Wonders (formerly River Safari),%,2.148652685671222
2014,NORTH ASIA,South Korea,Major Attractions and Sites | Bird Paradise (formerly Jurong Bird Park),%,9.65467482806162
2014,NORTH ASIA,South Korea,Major Attractions and Sites | National Orchid Gardens,%,5.074882829028425
2014,NORTH ASIA,South Korea,Free Access Attractions and Sites | Orchard Road,%,39.23417400950639
2014,NORTH ASIA,South Korea,Free Access Attractions and Sites | Chinatown,%,45.58928909093557
2014,NORTH ASIA,South Korea,Free Access Attractions and Sites | Merlion Park,%,24.32593894239022
2014,NORTH ASIA,South Korea,Free Access Attractions and Sites | Little India,%,18.83569688729456
2014,NORTH ASIA,South Korea,Free Access Attractions and Sites | Esplanade Theatres by the Bay,%,4.085978254860139
2014,NORTH ASIA,South Korea,Free Access Attractions and Sites | Singapore River/ Clarke Quay/ Boat Quay,%,22.85007398037414
2014,NORTH ASIA,South Korea,Free Access Attractions and Sites | Singapore Botanic Gardens,%,12.54185838752369
2014,NORTH ASIA,South Korea,Free Access Attractions and Sites | Raffles Hotel,%,10.14744118157572
2014,SOUTH ASIA,India,Major Attractions and Sites | Integrated Resort (MBS/RWS),%,44.41401695674486
2014,SOUTH ASIA,India,Major Attractions and Sites | Gardens by the Bay,%,23.45965546222466
2014,SOUTH ASIA,India,Major Attractions and Sites | Sentosa,%,36.31645732670459
2014,SOUTH ASIA,India,Major Attractions and Sites | Singapore Flyer/ Flight Experience,%,19.75374483580415
2014,SOUTH ASIA,India,Major Attractions and Sites | Singapore Zoo,%,15.56510806779893
2014,SOUTH ASIA,India,Major Attractions and Sites | Night Safari,%,23.45137049214238
2014,SOUTH ASIA,India,Major Attractions and Sites | River Wonders (formerly River Safari),%,7.2594111409209
2014,SOUTH ASIA,India,Major Attractions and Sites | Bird Paradise (formerly Jurong Bird Park),%,14.04534018134532
2014,SOUTH ASIA,India,Major Attractions and Sites | National Orchid Gardens,%,3.720693969391788
2014,SOUTH ASIA,India,Free Access Attractions and Sites | Orchard Road,%,26.22555107734253
2014,SOUTH ASIA,India,Free Access Attractions and Sites | Chinatown,%,30.90527939798304
2014,SOUTH ASIA,India,Free Access Attractions and Sites | Merlion Park,%,21.49036101259335
2014,SOUTH ASIA,India,Free Access Attractions and Sites | Little India,%,67.00564976033876
2014,SOUTH ASIA,India,Free Access Attractions and Sites | Esplanade Theatres by the Bay,%,3.13302019742226
2014,SOUTH ASIA,India,Free Access Attractions and Sites | Singapore River/ Clarke Quay/ Boat Quay,%,10.90456347208719
2014,SOUTH ASIA,India,Free Access Attractions and Sites | Singapore Botanic Gardens,%,6.427368556147405
2014,SOUTH ASIA,India,Free Access Attractions and Sites | Raffles Hotel,%,4.796409668086672
2014,EUROPE,France,Major Attractions and Sites | Integrated Resort (MBS/RWS),%,35.91944229303412
2014,EUROPE,France,Major Attractions and Sites | Gardens by the Bay,%,32.91737202078365
2014,EUROPE,France,Major Attractions and Sites | Sentosa,%,10.11834812833543
2014,EUROPE,France,Major Attractions and Sites | Singapore Flyer/ Flight Experience,%,9.927506333384878
2014,EUROPE,France,Major Attractions and Sites | Singapore Zoo,%,8.652118610403244
2014,EUROPE,France,Major Attractions and Sites | Night Safari,%,12.8747757934394
2014,EUROPE,France,Major Attractions and Sites | River Wonders (formerly River Safari),%,2.973223239883442
2014,EUROPE,France,Major Attractions and Sites | Bird Paradise (formerly Jurong Bird Park),%,0.8752997661887323
2014,EUROPE,France,Major Attractions and Sites | National Orchid Gardens,%,6.394586171352279
2014,EUROPE,France,Free Access Attractions and Sites | Orchard Road,%,32.65678499852985
2014,EUROPE,France,Free Access Attractions and Sites | Chinatown,%,58.4319961866474
2014,EUROPE,France,Free Access Attractions and Sites | Merlion Park,%,17.00833511363238
2014,EUROPE,France,Free Access Attractions and Sites | Little India,%,41.55978335458165
2014,EUROPE,France,Free Access Attractions and Sites | Esplanade Theatres by the Bay,%,7.322938817643525
2014,EUROPE,France,Free Access Attractions and Sites | Singapore River/ Clarke Quay/ Boat Quay,%,21.25364184752496
2014,EUROPE,France,Free Access Attractions and Sites | Singapore Botanic Gardens,%,13.87824431237867
2014,EUROPE,France,Free Access Attractions and Sites | Raffles Hotel,%,15.52051559517458
2014,EUROPE,Germany,Major Attractions and Sites | Integrated Resort (MBS/RWS),%,45.71667016676058
2014,EUROPE,Germany,Major Attractions and Sites | Gardens by the Bay,%,40.1650899331942
2014,EUROPE,Germany,Major Attractions and Sites | Sentosa,%,15.66478484549743
2014,EUROPE,Germany,Major Attractions and Sites | Singapore Flyer/ Flight Experience,%,12.83972152764692
2014,EUROPE,Germany,Major Attractions and Sites | Singapore Zoo,%,6.161435626258828
2014,EUROPE,Germany,Major Attractions and Sites | Night Safari,%,11.15374636303979
2014,EUROPE,Germany,Major Attractions and Sites | River Wonders (formerly River Safari),%,1.694871728308317
2014,EUROPE,Germany,Major Attractions and Sites | Bird Paradise (formerly Jurong Bird Park),%,2.513988317455852
2014,EUROPE,Germany,Major Attractions and Sites | National Orchid Gardens,%,8.026371870547168
2014,EUROPE,Germany,Free Access Attractions and Sites | Orchard Road,%,43.55877204051611
2014,EUROPE,Germany,Free Access Attractions and Sites | Chinatown,%,58.99258336481148
2014,EUROPE,Germany,Free Access Attractions and Sites | Merlion Park,%,23.81839955366648
2014,EUROPE,Germany,Free Access Attractions and Sites | Little India,%,43.67082288755743
2014,EUROPE,Germany,Free Access Attractions and Sites | Esplanade Theatres by the Bay,%,9.885822829990923
2014,EUROPE,Germany,Free Access Attractions and Sites | Singapore River/ Clarke Quay/ Boat Quay,%,31.26472752881469
2014,EUROPE,Germany,Free Access Attractions and Sites | Singapore Botanic Gardens,%,16.75541551721411
2014,EUROPE,Germany,Free Access Attractions and Sites | Raffles Hotel,%,27.10798294033487
2014,EUROPE,Italy,Major Attractions and Sites | Integrated Resort (MBS/RWS),%,44.77233809598393
2014,EUROPE,Italy,Major Attractions and Sites | Gardens by the Bay,%,31.86675666464459
2014,EUROPE,Italy,Major Attractions and Sites | Sentosa,%,7.835774884105513
2014,EUROPE,Italy,Major Attractions and Sites | Singapore Flyer/ Flight Experience,%,9.694573263277274
2014,EUROPE,Italy,Major Attractions and Sites | Singapore Zoo,%,6.708222457282862
2014,EUROPE,Italy,Major Attractions and Sites | Night Safari,%,3.020706311763788
2014,EUROPE,Italy,Major Attractions and Sites | River Wonders (formerly River Safari),%,2.022027628295998
2014,EUROPE,Italy,Major Attractions and Sites | National Orchid Gardens,%,16.35904764647963
2014,EUROPE,Italy,Free Access Attractions and Sites | Orchard Road,%,42.65917888329652
2014,EUROPE,Italy,Free Access Attractions and Sites | Chinatown,%,45.02652715942546
2014,EUROPE,Italy,Free Access Attractions and Sites | Merlion Park,%,21.15586995463862
2014,EUROPE,Italy,Free Access Attractions and Sites | Little India,%,34.66567427984685
2014,EUROPE,Italy,Free Access Attractions and Sites | Esplanade Theatres by the Bay,%,6.375543964354856
2014,EUROPE,Italy,Free Access Attractions and Sites | Singapore River/ Clarke Quay/ Boat Quay,%,27.32635234675321
2014,EUROPE,Italy,Free Access Attractions and Sites | Singapore Botanic Gardens,%,15.60800669429024
2014,EUROPE,Italy,Free Access Attractions and Sites | Raffles Hotel,%,11.24956499001385
2014,EUROPE,Netherlands,Major Attractions and Sites | Integrated Resort (MBS/RWS),%,33.31746159655265
2014,EUROPE,Netherlands,Major Attractions and Sites | Gardens by the Bay,%,33.5677827012924
2014,EUROPE,Netherlands,Major Attractions and Sites | Sentosa,%,12.57678182414692
2014,EUROPE,Netherlands,Major Attractions and Sites | Singapore Flyer/ Flight Experience,%,15.37986242507165
2014,EUROPE,Netherlands,Major Attractions and Sites | Singapore Zoo,%,8.094474273963083
2014,EUROPE,Netherlands,Major Attractions and Sites | Night Safari,%,2.814160022611037
2014,EUROPE,Netherlands,Major Attractions and Sites | River Wonders (formerly River Safari),%,1.228019697056342
2014,EUROPE,Netherlands,Major Attractions and Sites | Bird Paradise (formerly Jurong Bird Park),%,0.8749628342722644
2014,EUROPE,Netherlands,Major Attractions and Sites | National Orchid Gardens,%,8.641637866316762
2014,EUROPE,Netherlands,Free Access Attractions and Sites | Orchard Road,%,49.95935539684178
2014,EUROPE,Netherlands,Free Access Attractions and Sites | Chinatown,%,57.29840040224445
2014,EUROPE,Netherlands,Free Access Attractions and Sites | Merlion Park,%,17.6223226406484
2014,EUROPE,Netherlands,Free Access Attractions and Sites | Little India,%,42.95405513626874
2014,EUROPE,Netherlands,Free Access Attractions and Sites | Esplanade Theatres by the Bay,%,3.110685472217569
2014,EUROPE,Netherlands,Free Access Attractions and Sites | Singapore River/ Clarke Quay/ Boat Quay,%,26.70375146320765
2014,EUROPE,Netherlands,Free Access Attractions and Sites | Singapore Botanic Gardens,%,18.88695487044017
2014,EUROPE,Netherlands,Free Access Attractions and Sites | Raffles Hotel,%,20.27529844410016
2014,EUROPE,Switzerland,Major Attractions and Sites | Integrated Resort (MBS/RWS),%,47.74229698951393
2014,EUROPE,Switzerland,Major Attractions and Sites | Gardens by the Bay,%,45.9821281552094
2014,EUROPE,Switzerland,Major Attractions and Sites | Sentosa,%,11.52878930553529
2014,EUROPE,Switzerland,Major Attractions and Sites | Singapore Flyer/ Flight Experience,%,8.829450356691746
2014,EUROPE,Switzerland,Major Attractions and Sites | Singapore Zoo,%,5.329878364550084
2014,EUROPE,Switzerland,Major Attractions and Sites | Night Safari,%,6.38036350811653
2014,EUROPE,Switzerland,Major Attractions and Sites | River Wonders (formerly River Safari),%,1.141294165410504
2014,EUROPE,Switzerland,Major Attractions and Sites | National Orchid Gardens,%,8.157791569231318
2014,EUROPE,Switzerland,Free Access Attractions and Sites | Orchard Road,%,35.6239776514834
2014,EUROPE,Switzerland,Free Access Attractions and Sites | Chinatown,%,59.74143803787237
2014,EUROPE,Switzerland,Free Access Attractions and Sites | Merlion Park,%,25.49185526618313
2014,EUROPE,Switzerland,Free Access Attractions and Sites | Little India,%,43.49056250002507
2014,EUROPE,Switzerland,Free Access Attractions and Sites | Esplanade Theatres by the Bay,%,5.698144723954981
2014,EUROPE,Switzerland,Free Access Attractions and Sites | Singapore River/ Clarke Quay/ Boat Quay,%,26.68332615141036
2014,EUROPE,Switzerland,Free Access Attractions and Sites | Singapore Botanic Gardens,%,18.72563304528215
2014,EUROPE,Switzerland,Free Access Attractions and Sites | Raffles Hotel,%,23.15630084343415
2014,EUROPE,UK,Major Attractions and Sites | Integrated Resort (MBS/RWS),%,32.76277966215856
2014,EUROPE,UK,Major Attractions and Sites | Gardens by the Bay,%,27.25054771389432
2014,EUROPE,UK,Major Attractions and Sites | Sentosa,%,15.22346515371548
2014,EUROPE,UK,Major Attractions and Sites | Singapore Flyer/ Flight Experience,%,11.81825946596937
2014,EUROPE,UK,Major Attractions and Sites | Singapore Zoo,%,8.726824283212059
2014,EUROPE,UK,Major Attractions and Sites | Night Safari,%,6.377458011656401
2014,EUROPE,UK,Major Attractions and Sites | River Wonders (formerly River Safari),%,2.6251708481842
2014,EUROPE,UK,Major Attractions and Sites | Bird Paradise (formerly Jurong Bird Park),%,1.106617483272965
2014,EUROPE,UK,Major Attractions and Sites | National Orchid Gardens,%,8.659488490468677
2014,EUROPE,UK,Free Access Attractions and Sites | Orchard Road,%,39.2774917084857
2014,EUROPE,UK,Free Access Attractions and Sites | Chinatown,%,43.891705357208
2014,EUROPE,UK,Free Access Attractions and Sites | Merlion Park,%,17.47376014047604
2014,EUROPE,UK,Free Access Attractions and Sites | Little India,%,29.07733788400988
2014,EUROPE,UK,Free Access Attractions and Sites | Esplanade Theatres by the Bay,%,8.311096747848978
2014,EUROPE,UK,Free Access Attractions and Sites | Singapore River/ Clarke Quay/ Boat Quay,%,28.0403459912116
2014,EUROPE,UK,Free Access Attractions and Sites | Singapore Botanic Gardens,%,19.51425447976539
2014,EUROPE,UK,Free Access Attractions and Sites | Raffles Hotel,%,25.53539887942165
2014,AMERICAS,Canada,Major Attractions and Sites | Integrated Resort (MBS/RWS),%,26.87616122360052
2014,AMERICAS,Canada,Major Attractions and Sites | Gardens by the Bay,%,28.63028011711333
2014,AMERICAS,Canada,Major Attractions and Sites | Sentosa,%,18.60128081715488
2014,AMERICAS,Canada,Major Attractions and Sites | Singapore Flyer/ Flight Experience,%,8.104964154858413
2014,AMERICAS,Canada,Major Attractions and Sites | Singapore Zoo,%,10.5740425683959
2014,AMERICAS,Canada,Major Attractions and Sites | Night Safari,%,8.365233952127829
2014,AMERICAS,Canada,Major Attractions and Sites | River Wonders (formerly River Safari),%,5.853204078237837
2014,AMERICAS,Canada,Major Attractions and Sites | Bird Paradise (formerly Jurong Bird Park),%,3.051227502654261
2014,AMERICAS,Canada,Major Attractions and Sites | National Orchid Gardens,%,7.247258490451108
2014,AMERICAS,Canada,Free Access Attractions and Sites | Orchard Road,%,44.17681676892797
2014,AMERICAS,Canada,Free Access Attractions and Sites | Chinatown,%,36.33647103439706
2014,AMERICAS,Canada,Free Access Attractions and Sites | Merlion Park,%,15.4058234117706
2014,AMERICAS,Canada,Free Access Attractions and Sites | Little India,%,31.03440437086186
2014,AMERICAS,Canada,Free Access Attractions and Sites | Esplanade Theatres by the Bay,%,6.810599664048135
2014,AMERICAS,Canada,Free Access Attractions and Sites | Singapore River/ Clarke Quay/ Boat Quay,%,24.77228047482484
2014,AMERICAS,Canada,Free Access Attractions and Sites | Singapore Botanic Gardens,%,13.92344976363773
2014,AMERICAS,Canada,Free Access Attractions and Sites | Raffles Hotel,%,11.62740969371378
2014,AMERICAS,USA,Major Attractions and Sites | Integrated Resort (MBS/RWS),%,36.9214823898194
2014,AMERICAS,USA,Major Attractions and Sites | Gardens by the Bay,%,27.08140128578416
2014,AMERICAS,USA,Major Attractions and Sites | Sentosa,%,14.4675643993607
2014,AMERICAS,USA,Major Attractions and Sites | Singapore Flyer/ Flight Experience,%,8.928846341958522
2014,AMERICAS,USA,Major Attractions and Sites | Singapore Zoo,%,5.672555055068104
2014,AMERICAS,USA,Major Attractions and Sites | Night Safari,%,6.964193870716205
2014,AMERICAS,USA,Major Attractions and Sites | River Wonders (formerly River Safari),%,2.050021173856505
2014,AMERICAS,USA,Major Attractions and Sites | National Orchid Gardens,%,8.052398232357021
2014,AMERICAS,USA,Free Access Attractions and Sites | Orchard Road,%,36.48112575707861
2014,AMERICAS,USA,Free Access Attractions and Sites | Chinatown,%,41.65716084133398
2014,AMERICAS,USA,Free Access Attractions and Sites | Merlion Park,%,13.86884904210021
2014,AMERICAS,USA,Free Access Attractions and Sites | Little India,%,26.10263960428017
2014,AMERICAS,USA,Free Access Attractions and Sites | Esplanade Theatres by the Bay,%,4.330145709502873
2014,AMERICAS,USA,Free Access Attractions and Sites | Singapore River/ Clarke Quay/ Boat Quay,%,18.57343106594419
2014,AMERICAS,USA,Free Access Attractions and Sites | Singapore Botanic Gardens,%,14.82527025097514
2014,AMERICAS,USA,Free Access Attractions and Sites | Raffles Hotel,%,11.85504851901354
2014,OCEANIA,Australia,Major Attractions and Sites | Integrated Resort (MBS/RWS),%,41.05699399759347
2014,OCEANIA,Australia,Major Attractions and Sites | Gardens by the Bay,%,33.19627662756069
2014,OCEANIA,Australia,Major Attractions and Sites | Sentosa,%,17.97198424201282
2014,OCEANIA,Australia,Major Attractions and Sites | Singapore Flyer/ Flight Experience,%,9.56929948680732
2014,OCEANIA,Australia,Major Attractions and Sites | Singapore Zoo,%,11.35504232425546
2014,OCEANIA,Australia,Major Attractions and Sites | Night Safari,%,8.650925618541503
2014,OCEANIA,Australia,Major Attractions and Sites | River Wonders (formerly River Safari),%,3.652818816629625
2014,OCEANIA,Australia,Major Attractions and Sites | Bird Paradise (formerly Jurong Bird Park),%,2.541978778405464
2014,OCEANIA,Australia,Major Attractions and Sites | National Orchid Gardens,%,5.88299973776893
2014,OCEANIA,Australia,Free Access Attractions and Sites | Orchard Road,%,41.44488337716013
2014,OCEANIA,Australia,Free Access Attractions and Sites | Chinatown,%,44.74202863720711
2014,OCEANIA,Australia,Free Access Attractions and Sites | Merlion Park,%,14.6676916646072
2014,OCEANIA,Australia,Free Access Attractions and Sites | Little India,%,26.16017361702565
2014,OCEANIA,Australia,Free Access Attractions and Sites | Esplanade Theatres by the Bay,%,4.043423476551794
2014,OCEANIA,Australia,Free Access Attractions and Sites | Singapore River/ Clarke Quay/ Boat Quay,%,20.70675974030194
2014,OCEANIA,Australia,Free Access Attractions and Sites | Singapore Botanic Gardens,%,9.401172320876997
2014,OCEANIA,Australia,Free Access Attractions and Sites | Raffles Hotel,%,17.2324512764771
2014,OCEANIA,New Zealand,Major Attractions and Sites | Integrated Resort (MBS/RWS),%,32.66938706119606
2014,OCEANIA,New Zealand,Major Attractions and Sites | Gardens by the Bay,%,21.56065195699313
2014,OCEANIA,New Zealand,Major Attractions and Sites | Sentosa,%,9.215929102507353
2014,OCEANIA,New Zealand,Major Attractions and Sites | Singapore Flyer/ Flight Experience,%,7.913158880807048
2014,OCEANIA,New Zealand,Major Attractions and Sites | Singapore Zoo,%,7.933540269556064
2014,OCEANIA,New Zealand,Major Attractions and Sites | Night Safari,%,11.42492104648199
2014,OCEANIA,New Zealand,Major Attractions and Sites | River Wonders (formerly River Safari),%,2.587516951962861
2014,OCEANIA,New Zealand,Major Attractions and Sites | Bird Paradise (formerly Jurong Bird Park),%,1.140654780432941
2014,OCEANIA,New Zealand,Major Attractions and Sites | National Orchid Gardens,%,3.667978332877391
2014,OCEANIA,New Zealand,Free Access Attractions and Sites | Orchard Road,%,29.06970105706579
2014,OCEANIA,New Zealand,Free Access Attractions and Sites | Chinatown,%,40.13874553052415
2014,OCEANIA,New Zealand,Free Access Attractions and Sites | Merlion Park,%,10.15484794136894
2014,OCEANIA,New Zealand,Free Access Attractions and Sites | Little India,%,25.41494247689624
2014,OCEANIA,New Zealand,Free Access Attractions and Sites | Esplanade Theatres by the Bay,%,1.253405872389519
2014,OCEANIA,New Zealand,Free Access Attractions and Sites | Singapore River/ Clarke Quay/ Boat Quay,%,16.86511243297658
2014,OCEANIA,New Zealand,Free Access Attractions and Sites | Singapore Botanic Gardens,%,13.34477759046491
2014,OCEANIA,New Zealand,Free Access Attractions and Sites | Raffles Hotel,%,12.37296043424164
2014,AFRICA,South Africa (Rep of),Major Attractions and Sites | Integrated Resort (MBS/RWS),%,47.18252428633464
2014,AFRICA,South Africa (Rep of),Major Attractions and Sites | Gardens by the Bay,%,31.35731475269362
2014,AFRICA,South Africa (Rep of),Major Attractions and Sites | Sentosa,%,21.45099963323152
2014,AFRICA,South Africa (Rep of),Major Attractions and Sites | Singapore Flyer/ Flight Experience,%,26.34272531252099
2014,AFRICA,South Africa (Rep of),Major Attractions and Sites | Singapore Zoo,%,9.028794714101137
2014,AFRICA,South Africa (Rep of),Major Attractions and Sites | Night Safari,%,6.005673736984948
2014,AFRICA,South Africa (Rep of),Major Attractions and Sites | River Wonders (formerly River Safari),%,1.099797191724253
2014,AFRICA,South Africa (Rep of),Major Attractions and Sites | Bird Paradise (formerly Jurong Bird Park),%,1.912362127190626
2014,AFRICA,South Africa (Rep of),Major Attractions and Sites | National Orchid Gardens,%,7.920555445370817
2014,AFRICA,South Africa (Rep of),Free Access Attractions and Sites | Orchard Road,%,40.28520727358808
2014,AFRICA,South Africa (Rep of),Free Access Attractions and Sites | Chinatown,%,41.55578922285601
2014,AFRICA,South Africa (Rep of),Free Access Attractions and Sites | Merlion Park,%,23.15215509972671
2014,AFRICA,South Africa (Rep of),Free Access Attractions and Sites | Little India,%,34.06401964580741
2014,AFRICA,South Africa (Rep of),Free Access Attractions and Sites | Esplanade Theatres by the Bay,%,5.971407432729622
2014,AFRICA,South Africa (Rep of),Free Access Attractions and Sites | Singapore River/ Clarke Quay/ Boat Quay,%,27.23934141816288
2014,AFRICA,South Africa (Rep of),Free Access Attractions and Sites | Singapore Botanic Gardens,%,14.10234790790336
2014,AFRICA,South Africa (Rep of),Free Access Attractions and Sites | Raffles Hotel,%,15.34181388354806
2014,REMAINING,Others,Major Attractions and Sites | Integrated Resort (MBS/RWS),%,44.12972936340646
2014,REMAINING,Others,Major Attractions and Sites | Gardens by the Bay,%,26.99569880827699
2014,REMAINING,Others,Major Attractions and Sites | Sentosa,%,25.10823672588459
2014,REMAINING,Others,Major Attractions and Sites | Singapore Flyer/ Flight Experience,%,12.95830621702969
2014,REMAINING,Others,Major Attractions and Sites | Singapore Zoo,%,11.64843729024996
2014,REMAINING,Others,Major Attractions and Sites | Night Safari,%,10.12654294030242
2014,REMAINING,Others,Major Attractions and Sites | River Wonders (formerly River Safari),%,2.610449751092684
2014,REMAINING,Others,Major Attractions and Sites | Bird Paradise (formerly Jurong Bird Park),%,4.122614001055815
2014,REMAINING,Others,Major Attractions and Sites | National Orchid Gardens,%,6.828616174556746
2014,REMAINING,Others,Free Access Attractions and Sites | Orchard Road,%,47.12947774146709
2014,REMAINING,Others,Free Access Attractions and Sites | Chinatown,%,44.3406372574299
2014,REMAINING,Others,Free Access Attractions and Sites | Merlion Park,%,20.10078683261169
2014,REMAINING,Others,Free Access Attractions and Sites | Little India,%,41.44356898262194
2014,REMAINING,Others,Free Access Attractions and Sites | Esplanade Theatres by the Bay,%,6.940351699416973
2014,REMAINING,Others,Free Access Attractions and Sites | Singapore River/ Clarke Quay/ Boat Quay,%,17.45949554774174
2014,REMAINING,Others,Free Access Attractions and Sites | Singapore Botanic Gardens,%,12.75031386816688
2014,REMAINING,Others,Free Access Attractions and Sites | Raffles Hotel,%,14.67352198184023
2013,SOUTHEAST ASIA,Indonesia,Major Attractions and Sites | Integrated Resort (MBS/RWS),%,23.94668663988378
2013,SOUTHEAST ASIA,Indonesia,Major Attractions and Sites | Gardens by the Bay,%,6.924925222860586
2013,SOUTHEAST ASIA,Indonesia,Major Attractions and Sites | Sentosa,%,9.066770864926594
2013,SOUTHEAST ASIA,Indonesia,Major Attractions and Sites | Singapore Flyer/ Flight Experience,%,3.789556853458374
2013,SOUTHEAST ASIA,Indonesia,Major Attractions and Sites | Singapore Zoo,%,1.811182941445988
2013,SOUTHEAST ASIA,Indonesia,Major Attractions and Sites | Night Safari,%,1.022120671826789
2013,SOUTHEAST ASIA,Indonesia,Major Attractions and Sites | Bird Paradise (formerly Jurong Bird Park),%,1.424670285499437
2013,SOUTHEAST ASIA,Indonesia,Major Attractions and Sites | National Orchid Gardens,%,1.001715853787846
2013,SOUTHEAST ASIA,Indonesia,Free Access Attractions and Sites | Orchard Road,%,49.40876685625321
2013,SOUTHEAST ASIA,Indonesia,Free Access Attractions and Sites | Chinatown,%,18.92478024444695
2013,SOUTHEAST ASIA,Indonesia,Free Access Attractions and Sites | Merlion Park,%,13.03169017836365
2013,SOUTHEAST ASIA,Indonesia,Free Access Attractions and Sites | Little India,%,13.19690652641796
2013,SOUTHEAST ASIA,Indonesia,Free Access Attractions and Sites | Esplanade Theatres by the Bay,%,4.197551750272853
2013,SOUTHEAST ASIA,Indonesia,Free Access Attractions and Sites | Singapore River/ Clarke Quay/ Boat Quay,%,3.488885923007834
2013,SOUTHEAST ASIA,Indonesia,Free Access Attractions and Sites | Singapore Botanic Gardens,%,2.068076052926471
2013,SOUTHEAST ASIA,Indonesia,Free Access Attractions and Sites | Raffles Hotel,%,2.476115784852294
2013,SOUTHEAST ASIA,Malaysia,Major Attractions and Sites | Integrated Resort (MBS/RWS),%,20.36327569684431
2013,SOUTHEAST ASIA,Malaysia,Major Attractions and Sites | Gardens by the Bay,%,5.599492494299463
2013,SOUTHEAST ASIA,Malaysia,Major Attractions and Sites | Sentosa,%,5.396748770652323
2013,SOUTHEAST ASIA,Malaysia,Major Attractions and Sites | Singapore Flyer/ Flight Experience,%,2.415516153156631
2013,SOUTHEAST ASIA,Malaysia,Major Attractions and Sites | Singapore Zoo,%,1.83922038195371
2013,SOUTHEAST ASIA,Malaysia,Major Attractions and Sites | Night Safari,%,1.102288756562466
2013,SOUTHEAST ASIA,Malaysia,Free Access Attractions and Sites | Orchard Road,%,28.32848863241682
2013,SOUTHEAST ASIA,Malaysia,Free Access Attractions and Sites | Chinatown,%,15.00034018835817
2013,SOUTHEAST ASIA,Malaysia,Free Access Attractions and Sites | Merlion Park,%,3.353769052610717
2013,SOUTHEAST ASIA,Malaysia,Free Access Attractions and Sites | Little India,%,8.366151069933892
2013,SOUTHEAST ASIA,Malaysia,Free Access Attractions and Sites | Esplanade Theatres by the Bay,%,1.637961196811377
2013,SOUTHEAST ASIA,Malaysia,Free Access Attractions and Sites | Singapore River/ Clarke Quay/ Boat Quay,%,3.043269351903911
2013,SOUTHEAST ASIA,Malaysia,Free Access Attractions and Sites | Singapore Botanic Gardens,%,1.005646103354206
2013,SOUTHEAST ASIA,Malaysia,Free Access Attractions and Sites | Raffles Hotel,%,1.325586045869749
2013,SOUTHEAST ASIA,Philippines,Major Attractions and Sites | Integrated Resort (MBS/RWS),%,47.15355135132132
2013,SOUTHEAST ASIA,Philippines,Major Attractions and Sites | Gardens by the Bay,%,21.9954841033602
2013,SOUTHEAST ASIA,Philippines,Major Attractions and Sites | Sentosa,%,24.70909441843145
2013,SOUTHEAST ASIA,Philippines,Major Attractions and Sites | Singapore Flyer/ Flight Experience,%,9.86491490618732
2013,SOUTHEAST ASIA,Philippines,Major Attractions and Sites | Singapore Zoo,%,12.16512366521371
2013,SOUTHEAST ASIA,Philippines,Major Attractions and Sites | Night Safari,%,5.727760818317464
2013,SOUTHEAST ASIA,Philippines,Major Attractions and Sites | River Wonders (formerly River Safari),%,1.664269156740048
2013,SOUTHEAST ASIA,Philippines,Major Attractions and Sites | Bird Paradise (formerly Jurong Bird Park),%,5.556910158589548
2013,SOUTHEAST ASIA,Philippines,Major Attractions and Sites | National Orchid Gardens,%,8.398362437575212
2013,SOUTHEAST ASIA,Philippines,Free Access Attractions and Sites | Orchard Road,%,49.80335031902978
2013,SOUTHEAST ASIA,Philippines,Free Access Attractions and Sites | Chinatown,%,29.96652026897969
2013,SOUTHEAST ASIA,Philippines,Free Access Attractions and Sites | Merlion Park,%,28.51305979615172
2013,SOUTHEAST ASIA,Philippines,Free Access Attractions and Sites | Little India,%,21.93428050797985
2013,SOUTHEAST ASIA,Philippines,Free Access Attractions and Sites | Esplanade Theatres by the Bay,%,8.882118410322914
2013,SOUTHEAST ASIA,Philippines,Free Access Attractions and Sites | Singapore River/ Clarke Quay/ Boat Quay,%,9.73367431699202
2013,SOUTHEAST ASIA,Philippines,Free Access Attractions and Sites | Singapore Botanic Gardens,%,12.04224841572793
2013,SOUTHEAST ASIA,Philippines,Free Access Attractions and Sites | Raffles Hotel,%,8.131750555634042
2013,SOUTHEAST ASIA,Thailand,Major Attractions and Sites | Integrated Resort (MBS/RWS),%,25.75023927897637
2013,SOUTHEAST ASIA,Thailand,Major Attractions and Sites | Gardens by the Bay,%,9.265543017528362
2013,SOUTHEAST ASIA,Thailand,Major Attractions and Sites | Sentosa,%,10.13629249593949
2013,SOUTHEAST ASIA,Thailand,Major Attractions and Sites | Singapore Flyer/ Flight Experience,%,6.326324179828251
2013,SOUTHEAST ASIA,Thailand,Major Attractions and Sites | Singapore Zoo,%,3.432076930565299
2013,SOUTHEAST ASIA,Thailand,Major Attractions and Sites | Night Safari,%,1.952364307414755
2013,SOUTHEAST ASIA,Thailand,Major Attractions and Sites | River Wonders (formerly River Safari),%,0.6573357716670655
2013,SOUTHEAST ASIA,Thailand,Major Attractions and Sites | Bird Paradise (formerly Jurong Bird Park),%,2.015188493853585
2013,SOUTHEAST ASIA,Thailand,Major Attractions and Sites | National Orchid Gardens,%,2.708132455477655
2013,SOUTHEAST ASIA,Thailand,Free Access Attractions and Sites | Orchard Road,%,53.68104195689981
2013,SOUTHEAST ASIA,Thailand,Free Access Attractions and Sites | Chinatown,%,23.10018172548538
2013,SOUTHEAST ASIA,Thailand,Free Access Attractions and Sites | Merlion Park,%,12.78982156791171
2013,SOUTHEAST ASIA,Thailand,Free Access Attractions and Sites | Little India,%,13.9886336565014
2013,SOUTHEAST ASIA,Thailand,Free Access Attractions and Sites | Esplanade Theatres by the Bay,%,3.246175573541648
2013,SOUTHEAST ASIA,Thailand,Free Access Attractions and Sites | Singapore River/ Clarke Quay/ Boat Quay,%,9.172679346105802
2013,SOUTHEAST ASIA,Thailand,Free Access Attractions and Sites | Singapore Botanic Gardens,%,4.065823315779746
2013,SOUTHEAST ASIA,Thailand,Free Access Attractions and Sites | Raffles Hotel,%,3.799922861806309
2013,SOUTHEAST ASIA,Vietnam,Major Attractions and Sites | Integrated Resort (MBS/RWS),%,32.48506659444581
2013,SOUTHEAST ASIA,Vietnam,Major Attractions and Sites | Gardens by the Bay,%,14.36415237995109
2013,SOUTHEAST ASIA,Vietnam,Major Attractions and Sites | Sentosa,%,26.17883056995549
2013,SOUTHEAST ASIA,Vietnam,Major Attractions and Sites | Singapore Flyer/ Flight Experience,%,3.941445415989568
2013,SOUTHEAST ASIA,Vietnam,Major Attractions and Sites | Singapore Zoo,%,9.75763353813313
2013,SOUTHEAST ASIA,Vietnam,Major Attractions and Sites | Night Safari,%,4.670427948943146
2013,SOUTHEAST ASIA,Vietnam,Major Attractions and Sites | River Wonders (formerly River Safari),%,1.369073427389816
2013,SOUTHEAST ASIA,Vietnam,Major Attractions and Sites | Bird Paradise (formerly Jurong Bird Park),%,10.43402907195014
2013,SOUTHEAST ASIA,Vietnam,Major Attractions and Sites | National Orchid Gardens,%,7.452867237105988
2013,SOUTHEAST ASIA,Vietnam,Free Access Attractions and Sites | Orchard Road,%,49.95141883580857
2013,SOUTHEAST ASIA,Vietnam,Free Access Attractions and Sites | Chinatown,%,37.87806903790819
2013,SOUTHEAST ASIA,Vietnam,Free Access Attractions and Sites | Merlion Park,%,24.52622848187644
2013,SOUTHEAST ASIA,Vietnam,Free Access Attractions and Sites | Little India,%,20.78121977363636
2013,SOUTHEAST ASIA,Vietnam,Free Access Attractions and Sites | Esplanade Theatres by the Bay,%,4.148407558924282
2013,SOUTHEAST ASIA,Vietnam,Free Access Attractions and Sites | Singapore River/ Clarke Quay/ Boat Quay,%,9.43859228090589
2013,SOUTHEAST ASIA,Vietnam,Free Access Attractions and Sites | Singapore Botanic Gardens,%,11.97040450637799
2013,SOUTHEAST ASIA,Vietnam,Free Access Attractions and Sites | Raffles Hotel,%,4.561439766573725
2013,GREATER CHINA,China,Major Attractions and Sites | Integrated Resort (MBS/RWS),%,41.2172736903918
2013,GREATER CHINA,China,Major Attractions and Sites | Gardens by the Bay,%,9.260363214594555
2013,GREATER CHINA,China,Major Attractions and Sites | Sentosa,%,22.64788088418031
2013,GREATER CHINA,China,Major Attractions and Sites | Singapore Flyer/ Flight Experience,%,7.368604145063427
2013,GREATER CHINA,China,Major Attractions and Sites | Singapore Zoo,%,6.939708362843768
2013,GREATER CHINA,China,Major Attractions and Sites | Night Safari,%,6.02634270579424
2013,GREATER CHINA,China,Major Attractions and Sites | River Wonders (formerly River Safari),%,0.6558347063428577
2013,GREATER CHINA,China,Major Attractions and Sites | Bird Paradise (formerly Jurong Bird Park),%,2.982958500554256
2013,GREATER CHINA,China,Major Attractions and Sites | National Orchid Gardens,%,5.952122954051639
2013,GREATER CHINA,China,Free Access Attractions and Sites | Orchard Road,%,37.16678796659463
2013,GREATER CHINA,China,Free Access Attractions and Sites | Chinatown,%,31.40539970378373
2013,GREATER CHINA,China,Free Access Attractions and Sites | Merlion Park,%,31.68677828795087
2013,GREATER CHINA,China,Free Access Attractions and Sites | Little India,%,16.53250437460774
2013,GREATER CHINA,China,Free Access Attractions and Sites | Esplanade Theatres by the Bay,%,4.444188052479048
2013,GREATER CHINA,China,Free Access Attractions and Sites | Singapore River/ Clarke Quay/ Boat Quay,%,12.65435860875374
2013,GREATER CHINA,China,Free Access Attractions and Sites | Singapore Botanic Gardens,%,13.12001602750543
2013,GREATER CHINA,China,Free Access Attractions and Sites | Raffles Hotel,%,8.89300347006133
2013,GREATER CHINA,Hong Kong SAR,Major Attractions and Sites | Integrated Resort (MBS/RWS),%,32.70924618371263
2013,GREATER CHINA,Hong Kong SAR,Major Attractions and Sites | Gardens by the Bay,%,11.06488084419171
2013,GREATER CHINA,Hong Kong SAR,Major Attractions and Sites | Sentosa,%,12.98617321904658
2013,GREATER CHINA,Hong Kong SAR,Major Attractions and Sites | Singapore Flyer/ Flight Experience,%,6.806979698342857
2013,GREATER CHINA,Hong Kong SAR,Major Attractions and Sites | Singapore Zoo,%,5.550584065313434
2013,GREATER CHINA,Hong Kong SAR,Major Attractions and Sites | Night Safari,%,5.740183748427764
2013,GREATER CHINA,Hong Kong SAR,Major Attractions and Sites | River Wonders (formerly River Safari),%,1.271850923369065
2013,GREATER CHINA,Hong Kong SAR,Major Attractions and Sites | Bird Paradise (formerly Jurong Bird Park),%,1.592094250685521
2013,GREATER CHINA,Hong Kong SAR,Major Attractions and Sites | National Orchid Gardens,%,2.630778751797621
2013,GREATER CHINA,Hong Kong SAR,Free Access Attractions and Sites | Orchard Road,%,36.32538693232186
2013,GREATER CHINA,Hong Kong SAR,Free Access Attractions and Sites | Chinatown,%,33.02492817441244
2013,GREATER CHINA,Hong Kong SAR,Free Access Attractions and Sites | Merlion Park,%,10.79308846517582
2013,GREATER CHINA,Hong Kong SAR,Free Access Attractions and Sites | Little India,%,11.09455455074804
2013,GREATER CHINA,Hong Kong SAR,Free Access Attractions and Sites | Esplanade Theatres by the Bay,%,3.083931655923731
2013,GREATER CHINA,Hong Kong SAR,Free Access Attractions and Sites | Singapore River/ Clarke Quay/ Boat Quay,%,14.16960213956524
2013,GREATER CHINA,Hong Kong SAR,Free Access Attractions and Sites | Singapore Botanic Gardens,%,5.409525195080955
2013,GREATER CHINA,Hong Kong SAR,Free Access Attractions and Sites | Raffles Hotel,%,9.28660370365689
2013,GREATER CHINA,Taiwan,Major Attractions and Sites | Integrated Resort (MBS/RWS),%,43.43298950187907
2013,GREATER CHINA,Taiwan,Major Attractions and Sites | Gardens by the Bay,%,12.69677892858412
2013,GREATER CHINA,Taiwan,Major Attractions and Sites | Sentosa,%,19.0841536108844
2013,GREATER CHINA,Taiwan,Major Attractions and Sites | Singapore Flyer/ Flight Experience,%,8.609076352201672
2013,GREATER CHINA,Taiwan,Major Attractions and Sites | Singapore Zoo,%,7.386555387864146
2013,GREATER CHINA,Taiwan,Major Attractions and Sites | Night Safari,%,9.748920756154718
2013,GREATER CHINA,Taiwan,Major Attractions and Sites | Bird Paradise (formerly Jurong Bird Park),%,4.108939738987058
2013,GREATER CHINA,Taiwan,Major Attractions and Sites | National Orchid Gardens,%,4.607193689379928
2013,GREATER CHINA,Taiwan,Free Access Attractions and Sites | Orchard Road,%,37.9140130150179
2013,GREATER CHINA,Taiwan,Free Access Attractions and Sites | Chinatown,%,27.8156618722493
2013,GREATER CHINA,Taiwan,Free Access Attractions and Sites | Merlion Park,%,24.16856441026354
2013,GREATER CHINA,Taiwan,Free Access Attractions and Sites | Little India,%,20.07598849811392
2013,GREATER CHINA,Taiwan,Free Access Attractions and Sites | Esplanade Theatres by the Bay,%,4.545821487401324
2013,GREATER CHINA,Taiwan,Free Access Attractions and Sites | Singapore River/ Clarke Quay/ Boat Quay,%,17.28393556571722
2013,GREATER CHINA,Taiwan,Free Access Attractions and Sites | Singapore Botanic Gardens,%,12.37413981765581
2013,GREATER CHINA,Taiwan,Free Access Attractions and Sites | Raffles Hotel,%,10.04869171061396
2013,NORTH ASIA,Japan,Major Attractions and Sites | Integrated Resort (MBS/RWS),%,40.74890069399092
2013,NORTH ASIA,Japan,Major Attractions and Sites | Gardens by the Bay,%,16.80276145292753
2013,NORTH ASIA,Japan,Major Attractions and Sites | Sentosa,%,17.57916717688735
2013,NORTH ASIA,Japan,Major Attractions and Sites | Singapore Flyer/ Flight Experience,%,9.538761201468756
2013,NORTH ASIA,Japan,Major Attractions and Sites | Singapore Zoo,%,7.51749973507997
2013,NORTH ASIA,Japan,Major Attractions and Sites | Night Safari,%,19.43457145569017
2013,NORTH ASIA,Japan,Major Attractions and Sites | River Wonders (formerly River Safari),%,1.492349221375717
2013,NORTH ASIA,Japan,Major Attractions and Sites | Bird Paradise (formerly Jurong Bird Park),%,2.743780185197739
2013,NORTH ASIA,Japan,Major Attractions and Sites | National Orchid Gardens,%,6.149928645812833
2013,NORTH ASIA,Japan,Free Access Attractions and Sites | Orchard Road,%,42.13071895580782
2013,NORTH ASIA,Japan,Free Access Attractions and Sites | Chinatown,%,35.5265047113276
2013,NORTH ASIA,Japan,Free Access Attractions and Sites | Merlion Park,%,36.07961063639838
2013,NORTH ASIA,Japan,Free Access Attractions and Sites | Little India,%,25.29586519514554
2013,NORTH ASIA,Japan,Free Access Attractions and Sites | Esplanade Theatres by the Bay,%,4.583971274320407
2013,NORTH ASIA,Japan,Free Access Attractions and Sites | Singapore River/ Clarke Quay/ Boat Quay,%,15.21096060045528
2013,NORTH ASIA,Japan,Free Access Attractions and Sites | Singapore Botanic Gardens,%,12.19394118705014
2013,NORTH ASIA,Japan,Free Access Attractions and Sites | Raffles Hotel,%,18.08131221413855
2013,NORTH ASIA,South Korea,Major Attractions and Sites | Integrated Resort (MBS/RWS),%,41.67066856423502
2013,NORTH ASIA,South Korea,Major Attractions and Sites | Gardens by the Bay,%,12.08212579260232
2013,NORTH ASIA,South Korea,Major Attractions and Sites | Sentosa,%,36.76456525014442
2013,NORTH ASIA,South Korea,Major Attractions and Sites | Singapore Flyer/ Flight Experience,%,9.515185641206372
2013,NORTH ASIA,South Korea,Major Attractions and Sites | Singapore Zoo,%,20.73172404596338
2013,NORTH ASIA,South Korea,Major Attractions and Sites | Night Safari,%,13.68702967198525
2013,NORTH ASIA,South Korea,Major Attractions and Sites | River Wonders (formerly River Safari),%,1.491385720353597
2013,NORTH ASIA,South Korea,Major Attractions and Sites | Bird Paradise (formerly Jurong Bird Park),%,8.34741704778327
2013,NORTH ASIA,South Korea,Major Attractions and Sites | National Orchid Gardens,%,12.42514604801651
2013,NORTH ASIA,South Korea,Free Access Attractions and Sites | Orchard Road,%,44.4397953742393
2013,NORTH ASIA,South Korea,Free Access Attractions and Sites | Chinatown,%,47.72185107642122
2013,NORTH ASIA,South Korea,Free Access Attractions and Sites | Merlion Park,%,36.45934348330194
2013,NORTH ASIA,South Korea,Free Access Attractions and Sites | Little India,%,33.27037203738173
2013,NORTH ASIA,South Korea,Free Access Attractions and Sites | Esplanade Theatres by the Bay,%,11.33191266287681
2013,NORTH ASIA,South Korea,Free Access Attractions and Sites | Singapore River/ Clarke Quay/ Boat Quay,%,31.60378144080357
2013,NORTH ASIA,South Korea,Free Access Attractions and Sites | Singapore Botanic Gardens,%,27.38657083140077
2013,NORTH ASIA,South Korea,Free Access Attractions and Sites | Raffles Hotel,%,31.19267821902479
2013,SOUTH ASIA,India,Major Attractions and Sites | Integrated Resort (MBS/RWS),%,39.2595969847566
2013,SOUTH ASIA,India,Major Attractions and Sites | Gardens by the Bay,%,11.80617561166732
2013,SOUTH ASIA,India,Major Attractions and Sites | Sentosa,%,29.45554580411516
2013,SOUTH ASIA,India,Major Attractions and Sites | Singapore Flyer/ Flight Experience,%,15.53361879731436
2013,SOUTH ASIA,India,Major Attractions and Sites | Singapore Zoo,%,11.90445540241951
2013,SOUTH ASIA,India,Major Attractions and Sites | Night Safari,%,19.36133011651334
2013,SOUTH ASIA,India,Major Attractions and Sites | River Wonders (formerly River Safari),%,2.179547693443208
2013,SOUTH ASIA,India,Major Attractions and Sites | Bird Paradise (formerly Jurong Bird Park),%,12.95914206772647
2013,SOUTH ASIA,India,Major Attractions and Sites | National Orchid Gardens,%,5.170935075533887
2013,SOUTH ASIA,India,Free Access Attractions and Sites | Orchard Road,%,27.7645622514282
2013,SOUTH ASIA,India,Free Access Attractions and Sites | Chinatown,%,28.20312488637514
2013,SOUTH ASIA,India,Free Access Attractions and Sites | Merlion Park,%,17.04749674852506
2013,SOUTH ASIA,India,Free Access Attractions and Sites | Little India,%,57.82167737646454
2013,SOUTH ASIA,India,Free Access Attractions and Sites | Esplanade Theatres by the Bay,%,4.171341285271956
2013,SOUTH ASIA,India,Free Access Attractions and Sites | Singapore River/ Clarke Quay/ Boat Quay,%,9.454243513996303
2013,SOUTH ASIA,India,Free Access Attractions and Sites | Singapore Botanic Gardens,%,7.507646872511431
2013,SOUTH ASIA,India,Free Access Attractions and Sites | Raffles Hotel,%,6.146779790175665
2013,EUROPE,France,Major Attractions and Sites | Integrated Resort (MBS/RWS),%,30.03539803965885
2013,EUROPE,France,Major Attractions and Sites | Gardens by the Bay,%,17.89930729376378
2013,EUROPE,France,Major Attractions and Sites | Sentosa,%,14.41500477865388
2013,EUROPE,France,Major Attractions and Sites | Singapore Flyer/ Flight Experience,%,5.642426261600925
2013,EUROPE,France,Major Attractions and Sites | Singapore Zoo,%,8.267217910490633
2013,EUROPE,France,Major Attractions and Sites | Night Safari,%,9.571955782367226
2013,EUROPE,France,Major Attractions and Sites | River Wonders (formerly River Safari),%,1.863351604369074
2013,EUROPE,France,Major Attractions and Sites | Bird Paradise (formerly Jurong Bird Park),%,2.33576812818595
2013,EUROPE,France,Major Attractions and Sites | National Orchid Gardens,%,7.488186596379258
2013,EUROPE,France,Free Access Attractions and Sites | Orchard Road,%,30.83263850346469
2013,EUROPE,France,Free Access Attractions and Sites | Chinatown,%,51.36653221893387
2013,EUROPE,France,Free Access Attractions and Sites | Merlion Park,%,12.20282327828817
2013,EUROPE,France,Free Access Attractions and Sites | Little India,%,38.52472153218178
2013,EUROPE,France,Free Access Attractions and Sites | Esplanade Theatres by the Bay,%,6.96112000775812
2013,EUROPE,France,Free Access Attractions and Sites | Singapore River/ Clarke Quay/ Boat Quay,%,31.90259057777934
2013,EUROPE,France,Free Access Attractions and Sites | Singapore Botanic Gardens,%,11.77043363260227
2013,EUROPE,France,Free Access Attractions and Sites | Raffles Hotel,%,18.23500233117294
2013,EUROPE,Germany,Major Attractions and Sites | Integrated Resort (MBS/RWS),%,33.05684333155479
2013,EUROPE,Germany,Major Attractions and Sites | Gardens by the Bay,%,16.80076901098332
2013,EUROPE,Germany,Major Attractions and Sites | Sentosa,%,17.26625862197615
2013,EUROPE,Germany,Major Attractions and Sites | Singapore Flyer/ Flight Experience,%,14.75543121950709
2013,EUROPE,Germany,Major Attractions and Sites | Singapore Zoo,%,9.827252478778
2013,EUROPE,Germany,Major Attractions and Sites | Night Safari,%,11.21409675040539
2013,EUROPE,Germany,Major Attractions and Sites | River Wonders (formerly River Safari),%,1.224548018644974
2013,EUROPE,Germany,Major Attractions and Sites | Bird Paradise (formerly Jurong Bird Park),%,2.221050901660544
2013,EUROPE,Germany,Major Attractions and Sites | National Orchid Gardens,%,12.80796831147337
2013,EUROPE,Germany,Free Access Attractions and Sites | Orchard Road,%,33.00771489816391
2013,EUROPE,Germany,Free Access Attractions and Sites | Chinatown,%,48.54206684833038
2013,EUROPE,Germany,Free Access Attractions and Sites | Merlion Park,%,19.73239808142172
2013,EUROPE,Germany,Free Access Attractions and Sites | Little India,%,38.06911674108636
2013,EUROPE,Germany,Free Access Attractions and Sites | Esplanade Theatres by the Bay,%,11.96593419411548
2013,EUROPE,Germany,Free Access Attractions and Sites | Singapore River/ Clarke Quay/ Boat Quay,%,36.10356111294843
2013,EUROPE,Germany,Free Access Attractions and Sites | Singapore Botanic Gardens,%,20.73047980406572
2013,EUROPE,Germany,Free Access Attractions and Sites | Raffles Hotel,%,32.90937736414241
2013,EUROPE,Italy,Major Attractions and Sites | Integrated Resort (MBS/RWS),%,45.84361389276292
2013,EUROPE,Italy,Major Attractions and Sites | Gardens by the Bay,%,16.80518068513436
2013,EUROPE,Italy,Major Attractions and Sites | Sentosa,%,28.78331852974175
2013,EUROPE,Italy,Major Attractions and Sites | Singapore Flyer/ Flight Experience,%,11.86249216389291
2013,EUROPE,Italy,Major Attractions and Sites | Singapore Zoo,%,5.285711447909052
2013,EUROPE,Italy,Major Attractions and Sites | Night Safari,%,11.7672045608933
2013,EUROPE,Italy,Major Attractions and Sites | River Wonders (formerly River Safari),%,3.178317027712815
2013,EUROPE,Italy,Major Attractions and Sites | Bird Paradise (formerly Jurong Bird Park),%,1.764470283791866
2013,EUROPE,Italy,Major Attractions and Sites | National Orchid Gardens,%,24.27877546974887
2013,EUROPE,Italy,Free Access Attractions and Sites | Orchard Road,%,46.60760464268142
2013,EUROPE,Italy,Free Access Attractions and Sites | Chinatown,%,46.73914115286762
2013,EUROPE,Italy,Free Access Attractions and Sites | Merlion Park,%,18.79606795084701
2013,EUROPE,Italy,Free Access Attractions and Sites | Little India,%,47.43285791251272
2013,EUROPE,Italy,Free Access Attractions and Sites | Esplanade Theatres by the Bay,%,9.41304242314486
2013,EUROPE,Italy,Free Access Attractions and Sites | Singapore River/ Clarke Quay/ Boat Quay,%,37.94554924198478
2013,EUROPE,Italy,Free Access Attractions and Sites | Singapore Botanic Gardens,%,29.74737129656188
2013,EUROPE,Italy,Free Access Attractions and Sites | Raffles Hotel,%,25.2798803988397
2013,EUROPE,Netherlands,Major Attractions and Sites | Integrated Resort (MBS/RWS),%,24.42131863593795
2013,EUROPE,Netherlands,Major Attractions and Sites | Gardens by the Bay,%,10.88532174724513
2013,EUROPE,Netherlands,Major Attractions and Sites | Sentosa,%,14.7356021044053
2013,EUROPE,Netherlands,Major Attractions and Sites | Singapore Flyer/ Flight Experience,%,21.69783225741794
2013,EUROPE,Netherlands,Major Attractions and Sites | Singapore Zoo,%,10.57965177017776
2013,EUROPE,Netherlands,Major Attractions and Sites | Night Safari,%,5.442068268755563
2013,EUROPE,Netherlands,Major Attractions and Sites | River Wonders (formerly River Safari),%,1.645847971694795
2013,EUROPE,Netherlands,Major Attractions and Sites | Bird Paradise (formerly Jurong Bird Park),%,3.82497912934039
2013,EUROPE,Netherlands,Major Attractions and Sites | National Orchid Gardens,%,6.08104630662968
2013,EUROPE,Netherlands,Free Access Attractions and Sites | Orchard Road,%,40.37370743273878
2013,EUROPE,Netherlands,Free Access Attractions and Sites | Chinatown,%,50.86902527580754
2013,EUROPE,Netherlands,Free Access Attractions and Sites | Merlion Park,%,18.79469570960488
2013,EUROPE,Netherlands,Free Access Attractions and Sites | Little India,%,39.50434135218608
2013,EUROPE,Netherlands,Free Access Attractions and Sites | Esplanade Theatres by the Bay,%,14.46122566364574
2013,EUROPE,Netherlands,Free Access Attractions and Sites | Singapore River/ Clarke Quay/ Boat Quay,%,34.35298490748838
2013,EUROPE,Netherlands,Free Access Attractions and Sites | Singapore Botanic Gardens,%,20.06113730564867
2013,EUROPE,Netherlands,Free Access Attractions and Sites | Raffles Hotel,%,30.31624439177429
2013,EUROPE,Switzerland,Major Attractions and Sites | Integrated Resort (MBS/RWS),%,41.32009213632062
2013,EUROPE,Switzerland,Major Attractions and Sites | Gardens by the Bay,%,11.94865392876251
2013,EUROPE,Switzerland,Major Attractions and Sites | Sentosa,%,21.8365336875645
2013,EUROPE,Switzerland,Major Attractions and Sites | Singapore Flyer/ Flight Experience,%,6.403032921336111
2013,EUROPE,Switzerland,Major Attractions and Sites | Singapore Zoo,%,8.545867168463335
2013,EUROPE,Switzerland,Major Attractions and Sites | Night Safari,%,18.97831527828885
2013,EUROPE,Switzerland,Major Attractions and Sites | National Orchid Gardens,%,8.771317563407262
2013,EUROPE,Switzerland,Free Access Attractions and Sites | Orchard Road,%,36.21230897171849
2013,EUROPE,Switzerland,Free Access Attractions and Sites | Chinatown,%,57.61793269163186
2013,EUROPE,Switzerland,Free Access Attractions and Sites | Merlion Park,%,20.47050153566504
2013,EUROPE,Switzerland,Free Access Attractions and Sites | Little India,%,35.39692781819431
2013,EUROPE,Switzerland,Free Access Attractions and Sites | Esplanade Theatres by the Bay,%,8.57501134661211
2013,EUROPE,Switzerland,Free Access Attractions and Sites | Singapore River/ Clarke Quay/ Boat Quay,%,35.60812277901855
2013,EUROPE,Switzerland,Free Access Attractions and Sites | Singapore Botanic Gardens,%,18.28403663945264
2013,EUROPE,Switzerland,Free Access Attractions and Sites | Raffles Hotel,%,26.08350130917668
2013,EUROPE,UK,Major Attractions and Sites | Integrated Resort (MBS/RWS),%,24.09525653388697
2013,EUROPE,UK,Major Attractions and Sites | Gardens by the Bay,%,14.85729447672001
2013,EUROPE,UK,Major Attractions and Sites | Sentosa,%,15.15924222773178
2013,EUROPE,UK,Major Attractions and Sites | Singapore Flyer/ Flight Experience,%,9.430488585344868
2013,EUROPE,UK,Major Attractions and Sites | Singapore Zoo,%,9.878545567131924
2013,EUROPE,UK,Major Attractions and Sites | Night Safari,%,10.9253973100898
2013,EUROPE,UK,Major Attractions and Sites | River Wonders (formerly River Safari),%,1.641151659883108
2013,EUROPE,UK,Major Attractions and Sites | Bird Paradise (formerly Jurong Bird Park),%,1.341727627607224
2013,EUROPE,UK,Major Attractions and Sites | National Orchid Gardens,%,7.211792940857468
2013,EUROPE,UK,Free Access Attractions and Sites | Orchard Road,%,34.82605070114629
2013,EUROPE,UK,Free Access Attractions and Sites | Chinatown,%,37.72849461069637
2013,EUROPE,UK,Free Access Attractions and Sites | Merlion Park,%,12.84630277849986
2013,EUROPE,UK,Free Access Attractions and Sites | Little India,%,32.27661469467059
2013,EUROPE,UK,Free Access Attractions and Sites | Esplanade Theatres by the Bay,%,7.771401543217902
2013,EUROPE,UK,Free Access Attractions and Sites | Singapore River/ Clarke Quay/ Boat Quay,%,28.94092453574299
2013,EUROPE,UK,Free Access Attractions and Sites | Singapore Botanic Gardens,%,17.06569792947766
2013,EUROPE,UK,Free Access Attractions and Sites | Raffles Hotel,%,30.93405119132802
2013,AMERICAS,Canada,Major Attractions and Sites | Integrated Resort (MBS/RWS),%,39.61553093935615
2013,AMERICAS,Canada,Major Attractions and Sites | Gardens by the Bay,%,20.19812577693027
2013,AMERICAS,Canada,Major Attractions and Sites | Sentosa,%,16.93763892708661
2013,AMERICAS,Canada,Major Attractions and Sites | Singapore Flyer/ Flight Experience,%,15.10159327952146
2013,AMERICAS,Canada,Major Attractions and Sites | Singapore Zoo,%,11.2200028863066
2013,AMERICAS,Canada,Major Attractions and Sites | Night Safari,%,10.35333224430462
2013,AMERICAS,Canada,Major Attractions and Sites | River Wonders (formerly River Safari),%,1.304576553706253
2013,AMERICAS,Canada,Major Attractions and Sites | Bird Paradise (formerly Jurong Bird Park),%,2.041228859933828
2013,AMERICAS,Canada,Major Attractions and Sites | National Orchid Gardens,%,6.683974959351747
2013,AMERICAS,Canada,Free Access Attractions and Sites | Orchard Road,%,44.60164199946114
2013,AMERICAS,Canada,Free Access Attractions and Sites | Chinatown,%,42.86163654480326
2013,AMERICAS,Canada,Free Access Attractions and Sites | Merlion Park,%,25.05251569689721
2013,AMERICAS,Canada,Free Access Attractions and Sites | Little India,%,36.94581724030251
2013,AMERICAS,Canada,Free Access Attractions and Sites | Esplanade Theatres by the Bay,%,9.36169544748864
2013,AMERICAS,Canada,Free Access Attractions and Sites | Singapore River/ Clarke Quay/ Boat Quay,%,29.3030001702562
2013,AMERICAS,Canada,Free Access Attractions and Sites | Singapore Botanic Gardens,%,16.82643476175534
2013,AMERICAS,Canada,Free Access Attractions and Sites | Raffles Hotel,%,26.34116593837564
2013,AMERICAS,USA,Major Attractions and Sites | Integrated Resort (MBS/RWS),%,32.0810534849572
2013,AMERICAS,USA,Major Attractions and Sites | Gardens by the Bay,%,18.93833227521072
2013,AMERICAS,USA,Major Attractions and Sites | Sentosa,%,17.35656273551158
2013,AMERICAS,USA,Major Attractions and Sites | Singapore Flyer/ Flight Experience,%,10.20099483466743
2013,AMERICAS,USA,Major Attractions and Sites | Singapore Zoo,%,7.104812158442105
2013,AMERICAS,USA,Major Attractions and Sites | Night Safari,%,9.051503141792232
2013,AMERICAS,USA,Major Attractions and Sites | River Wonders (formerly River Safari),%,1.204174916813824
2013,AMERICAS,USA,Major Attractions and Sites | Bird Paradise (formerly Jurong Bird Park),%,2.273895898438989
2013,AMERICAS,USA,Major Attractions and Sites | National Orchid Gardens,%,11.28943163653893
2013,AMERICAS,USA,Free Access Attractions and Sites | Orchard Road,%,42.4485383472698
2013,AMERICAS,USA,Free Access Attractions and Sites | Chinatown,%,38.12984931936242
2013,AMERICAS,USA,Free Access Attractions and Sites | Merlion Park,%,15.60494749161075
2013,AMERICAS,USA,Free Access Attractions and Sites | Little India,%,27.8703326773131
2013,AMERICAS,USA,Free Access Attractions and Sites | Esplanade Theatres by the Bay,%,6.359195645669772
2013,AMERICAS,USA,Free Access Attractions and Sites | Singapore River/ Clarke Quay/ Boat Quay,%,26.11188958289419
2013,AMERICAS,USA,Free Access Attractions and Sites | Singapore Botanic Gardens,%,18.514415303659
2013,AMERICAS,USA,Free Access Attractions and Sites | Raffles Hotel,%,19.55264910037643
2013,OCEANIA,Australia,Major Attractions and Sites | Integrated Resort (MBS/RWS),%,30.24693770605357
2013,OCEANIA,Australia,Major Attractions and Sites | Gardens by the Bay,%,16.46275711247332
2013,OCEANIA,Australia,Major Attractions and Sites | Sentosa,%,15.63433276986608
2013,OCEANIA,Australia,Major Attractions and Sites | Singapore Flyer/ Flight Experience,%,8.543604139145137
2013,OCEANIA,Australia,Major Attractions and Sites | Singapore Zoo,%,9.903986699153094
2013,OCEANIA,Australia,Major Attractions and Sites | Night Safari,%,9.368646431484548
2013,OCEANIA,Australia,Major Attractions and Sites | River Wonders (formerly River Safari),%,1.487338585858063
2013,OCEANIA,Australia,Major Attractions and Sites | Bird Paradise (formerly Jurong Bird Park),%,2.248076087476598
2013,OCEANIA,Australia,Major Attractions and Sites | National Orchid Gardens,%,4.336807359915671
2013,OCEANIA,Australia,Free Access Attractions and Sites | Orchard Road,%,36.34675094233219
2013,OCEANIA,Australia,Free Access Attractions and Sites | Chinatown,%,31.80510509775899
2013,OCEANIA,Australia,Free Access Attractions and Sites | Merlion Park,%,11.52172766772575
2013,OCEANIA,Australia,Free Access Attractions and Sites | Little India,%,27.62062655405009
2013,OCEANIA,Australia,Free Access Attractions and Sites | Esplanade Theatres by the Bay,%,5.404999767923458
2013,OCEANIA,Australia,Free Access Attractions and Sites | Singapore River/ Clarke Quay/ Boat Quay,%,22.54652625648409
2013,OCEANIA,Australia,Free Access Attractions and Sites | Singapore Botanic Gardens,%,10.51966400143299
2013,OCEANIA,Australia,Free Access Attractions and Sites | Raffles Hotel,%,16.44841004051601
2013,OCEANIA,New Zealand,Major Attractions and Sites | Integrated Resort (MBS/RWS),%,17.70486057026532
2013,OCEANIA,New Zealand,Major Attractions and Sites | Gardens by the Bay,%,6.671742686126469
2013,OCEANIA,New Zealand,Major Attractions and Sites | Sentosa,%,13.15898936313653
2013,OCEANIA,New Zealand,Major Attractions and Sites | Singapore Flyer/ Flight Experience,%,6.68061631582624
2013,OCEANIA,New Zealand,Major Attractions and Sites | Singapore Zoo,%,6.063475992799461
2013,OCEANIA,New Zealand,Major Attractions and Sites | Night Safari,%,12.62208664762605
2013,OCEANIA,New Zealand,Major Attractions and Sites | River Wonders (formerly River Safari),%,1.497575370035173
2013,OCEANIA,New Zealand,Major Attractions and Sites | Bird Paradise (formerly Jurong Bird Park),%,1.182231255710116
2013,OCEANIA,New Zealand,Major Attractions and Sites | National Orchid Gardens,%,4.577504045636488
2013,OCEANIA,New Zealand,Free Access Attractions and Sites | Orchard Road,%,31.2656471989831
2013,OCEANIA,New Zealand,Free Access Attractions and Sites | Chinatown,%,25.3960053933083
2013,OCEANIA,New Zealand,Free Access Attractions and Sites | Merlion Park,%,5.138447274843267
2013,OCEANIA,New Zealand,Free Access Attractions and Sites | Little India,%,31.68245672006431
2013,OCEANIA,New Zealand,Free Access Attractions and Sites | Esplanade Theatres by the Bay,%,4.186653766302331
2013,OCEANIA,New Zealand,Free Access Attractions and Sites | Singapore River/ Clarke Quay/ Boat Quay,%,23.99486153447491
2013,OCEANIA,New Zealand,Free Access Attractions and Sites | Singapore Botanic Gardens,%,10.24452827413897
2013,OCEANIA,New Zealand,Free Access Attractions and Sites | Raffles Hotel,%,14.2751815776981
2013,AFRICA,South Africa (Rep of),Major Attractions and Sites | Integrated Resort (MBS/RWS),%,34.94515220456205
2013,AFRICA,South Africa (Rep of),Major Attractions and Sites | Gardens by the Bay,%,18.18253065489148
2013,AFRICA,South Africa (Rep of),Major Attractions and Sites | Sentosa,%,26.89395831964433
2013,AFRICA,South Africa (Rep of),Major Attractions and Sites | Singapore Flyer/ Flight Experience,%,20.80088576442703
2013,AFRICA,South Africa (Rep of),Major Attractions and Sites | Singapore Zoo,%,4.817200990788428
2013,AFRICA,South Africa (Rep of),Major Attractions and Sites | Night Safari,%,9.939068321244502
2013,AFRICA,South Africa (Rep of),Major Attractions and Sites | River Wonders (formerly River Safari),%,5.171599879487024
2013,AFRICA,South Africa (Rep of),Major Attractions and Sites | National Orchid Gardens,%,12.39053243668695
2013,AFRICA,South Africa (Rep of),Free Access Attractions and Sites | Orchard Road,%,46.8956432926424
2013,AFRICA,South Africa (Rep of),Free Access Attractions and Sites | Chinatown,%,43.94935750999357
2013,AFRICA,South Africa (Rep of),Free Access Attractions and Sites | Merlion Park,%,20.7268177141615
2013,AFRICA,South Africa (Rep of),Free Access Attractions and Sites | Little India,%,38.88865357053291
2013,AFRICA,South Africa (Rep of),Free Access Attractions and Sites | Esplanade Theatres by the Bay,%,5.278967225066225
2013,AFRICA,South Africa (Rep of),Free Access Attractions and Sites | Singapore River/ Clarke Quay/ Boat Quay,%,37.78686889030433
2013,AFRICA,South Africa (Rep of),Free Access Attractions and Sites | Singapore Botanic Gardens,%,18.81938016704632
2013,AFRICA,South Africa (Rep of),Free Access Attractions and Sites | Raffles Hotel,%,29.39177617099629
2013,REMAINING,Others,Major Attractions and Sites | Integrated Resort (MBS/RWS),%,41.08435995945445
2013,REMAINING,Others,Major Attractions and Sites | Gardens by the Bay,%,13.31891901322106
2013,REMAINING,Others,Major Attractions and Sites | Sentosa,%,27.77694034435082
2013,REMAINING,Others,Major Attractions and Sites | Singapore Flyer/ Flight Experience,%,10.71573775732489
2013,REMAINING,Others,Major Attractions and Sites | Singapore Zoo,%,15.26692566091464
2013,REMAINING,Others,Major Attractions and Sites | Night Safari,%,14.36626811900049
2013,REMAINING,Others,Major Attractions and Sites | River Wonders (formerly River Safari),%,0.9517184106082014
2013,REMAINING,Others,Major Attractions and Sites | Bird Paradise (formerly Jurong Bird Park),%,4.700690227710626
2013,REMAINING,Others,Major Attractions and Sites | National Orchid Gardens,%,10.2857080822003
2013,REMAINING,Others,Free Access Attractions and Sites | Orchard Road,%,48.7932665003149
2013,REMAINING,Others,Free Access Attractions and Sites | Chinatown,%,42.25184710924736
2013,REMAINING,Others,Free Access Attractions and Sites | Merlion Park,%,20.53966105853041
2013,REMAINING,Others,Free Access Attractions and Sites | Little India,%,43.35230524889914
2013,REMAINING,Others,Free Access Attractions and Sites | Esplanade Theatres by the Bay,%,8.161750413900355
2013,REMAINING,Others,Free Access Attractions and Sites | Singapore River/ Clarke Quay/ Boat Quay,%,25.12060999813856
2013,REMAINING,Others,Free Access Attractions and Sites | Singapore Botanic Gardens,%,20.51342275748467
2013,REMAINING,Others,Free Access Attractions and Sites | Raffles Hotel,%,22.01987654768075
2012,SOUTHEAST ASIA,Indonesia,Major Attractions and Sites | Integrated Resort (MBS/RWS),%,25.63423528650758
2012,SOUTHEAST ASIA,Indonesia,Major Attractions and Sites | Gardens by the Bay,%,3.648397896459458
2012,SOUTHEAST ASIA,Indonesia,Major Attractions and Sites | Sentosa,%,10.61775253573073
2012,SOUTHEAST ASIA,Indonesia,Major Attractions and Sites | Singapore Flyer/ Flight Experience,%,4.914104643055512
2012,SOUTHEAST ASIA,Indonesia,Major Attractions and Sites | Singapore Zoo,%,1.937154664138683
2012,SOUTHEAST ASIA,Indonesia,Major Attractions and Sites | Night Safari,%,1.364156509728844
2012,SOUTHEAST ASIA,Indonesia,Major Attractions and Sites | Bird Paradise (formerly Jurong Bird Park),%,2.16352136492481
2012,SOUTHEAST ASIA,Indonesia,Major Attractions and Sites | National Orchid Gardens,%,1.015783725614517
2012,SOUTHEAST ASIA,Indonesia,Free Access Attractions and Sites | Orchard Road,%,51.56994200098555
2012,SOUTHEAST ASIA,Indonesia,Free Access Attractions and Sites | Chinatown,%,19.08468332052692
2012,SOUTHEAST ASIA,Indonesia,Free Access Attractions and Sites | Merlion Park,%,12.80068326440866
2012,SOUTHEAST ASIA,Indonesia,Free Access Attractions and Sites | Little India,%,12.90871309961084
2012,SOUTHEAST ASIA,Indonesia,Free Access Attractions and Sites | Esplanade Theatres by the Bay,%,5.476758111288193
2012,SOUTHEAST ASIA,Indonesia,Free Access Attractions and Sites | Singapore River/ Clarke Quay/ Boat Quay,%,3.437818318736938
2012,SOUTHEAST ASIA,Indonesia,Free Access Attractions and Sites | Singapore Botanic Gardens,%,1.920938603810821
2012,SOUTHEAST ASIA,Indonesia,Free Access Attractions and Sites | Raffles Hotel,%,3.582807649833669
2012,SOUTHEAST ASIA,Malaysia,Major Attractions and Sites | Integrated Resort (MBS/RWS),%,18.98299200562566
2012,SOUTHEAST ASIA,Malaysia,Major Attractions and Sites | Gardens by the Bay,%,3.399152122686298
2012,SOUTHEAST ASIA,Malaysia,Major Attractions and Sites | Sentosa,%,8.607353726215772
2012,SOUTHEAST ASIA,Malaysia,Major Attractions and Sites | Singapore Flyer/ Flight Experience,%,2.601752688235155
2012,SOUTHEAST ASIA,Malaysia,Major Attractions and Sites | Singapore Zoo,%,2.367616259576538
2012,SOUTHEAST ASIA,Malaysia,Major Attractions and Sites | Night Safari,%,2.324361820760985
2012,SOUTHEAST ASIA,Malaysia,Major Attractions and Sites | Bird Paradise (formerly Jurong Bird Park),%,1.058611969556933
2012,SOUTHEAST ASIA,Malaysia,Major Attractions and Sites | National Orchid Gardens,%,0.8506595674336191
2012,SOUTHEAST ASIA,Malaysia,Free Access Attractions and Sites | Orchard Road,%,31.36303038580735
2012,SOUTHEAST ASIA,Malaysia,Free Access Attractions and Sites | Chinatown,%,14.13426275404707
2012,SOUTHEAST ASIA,Malaysia,Free Access Attractions and Sites | Merlion Park,%,3.263087619451604
2012,SOUTHEAST ASIA,Malaysia,Free Access Attractions and Sites | Little India,%,7.493337990651845
2012,SOUTHEAST ASIA,Malaysia,Free Access Attractions and Sites | Esplanade Theatres by the Bay,%,1.62867338027806
2012,SOUTHEAST ASIA,Malaysia,Free Access Attractions and Sites | Singapore River/ Clarke Quay/ Boat Quay,%,4.164002658005653
2012,SOUTHEAST ASIA,Malaysia,Free Access Attractions and Sites | Singapore Botanic Gardens,%,1.266951902732073
2012,SOUTHEAST ASIA,Malaysia,Free Access Attractions and Sites | Raffles Hotel,%,1.75930650461238
2012,SOUTHEAST ASIA,Philippines,Major Attractions and Sites | Integrated Resort (MBS/RWS),%,41.46441642606157
2012,SOUTHEAST ASIA,Philippines,Major Attractions and Sites | Gardens by the Bay,%,5.796162454769089
2012,SOUTHEAST ASIA,Philippines,Major Attractions and Sites | Sentosa,%,29.36966496304017
2012,SOUTHEAST ASIA,Philippines,Major Attractions and Sites | Singapore Flyer/ Flight Experience,%,11.41491526561073
2012,SOUTHEAST ASIA,Philippines,Major Attractions and Sites | Singapore Zoo,%,9.611938786195983
2012,SOUTHEAST ASIA,Philippines,Major Attractions and Sites | Night Safari,%,6.919212647873588
2012,SOUTHEAST ASIA,Philippines,Major Attractions and Sites | Bird Paradise (formerly Jurong Bird Park),%,5.539526284247678
2012,SOUTHEAST ASIA,Philippines,Major Attractions and Sites | National Orchid Gardens,%,4.047341657009079
2012,SOUTHEAST ASIA,Philippines,Free Access Attractions and Sites | Orchard Road,%,60.27924409207437
2012,SOUTHEAST ASIA,Philippines,Free Access Attractions and Sites | Chinatown,%,27.87231097549145
2012,SOUTHEAST ASIA,Philippines,Free Access Attractions and Sites | Merlion Park,%,21.65940534677641
2012,SOUTHEAST ASIA,Philippines,Free Access Attractions and Sites | Little India,%,22.53555166833858
2012,SOUTHEAST ASIA,Philippines,Free Access Attractions and Sites | Esplanade Theatres by the Bay,%,13.33401963598638
2012,SOUTHEAST ASIA,Philippines,Free Access Attractions and Sites | Singapore River/ Clarke Quay/ Boat Quay,%,8.140226958751168
2012,SOUTHEAST ASIA,Philippines,Free Access Attractions and Sites | Singapore Botanic Gardens,%,12.35089502683314
2012,SOUTHEAST ASIA,Philippines,Free Access Attractions and Sites | Raffles Hotel,%,9.447480341419546
2012,SOUTHEAST ASIA,Thailand,Major Attractions and Sites | Integrated Resort (MBS/RWS),%,25.65675926499327
2012,SOUTHEAST ASIA,Thailand,Major Attractions and Sites | Gardens by the Bay,%,3.849746738005707
2012,SOUTHEAST ASIA,Thailand,Major Attractions and Sites | Sentosa,%,15.43753516533178
2012,SOUTHEAST ASIA,Thailand,Major Attractions and Sites | Singapore Flyer/ Flight Experience,%,5.804892444503441
2012,SOUTHEAST ASIA,Thailand,Major Attractions and Sites | Singapore Zoo,%,2.612705714667659
2012,SOUTHEAST ASIA,Thailand,Major Attractions and Sites | Night Safari,%,2.485054160852409
2012,SOUTHEAST ASIA,Thailand,Major Attractions and Sites | Bird Paradise (formerly Jurong Bird Park),%,1.260954489606194
2012,SOUTHEAST ASIA,Thailand,Major Attractions and Sites | National Orchid Gardens,%,1.577158922636128
2012,SOUTHEAST ASIA,Thailand,Free Access Attractions and Sites | Orchard Road,%,56.1734165617669
2012,SOUTHEAST ASIA,Thailand,Free Access Attractions and Sites | Chinatown,%,24.75499475453037
2012,SOUTHEAST ASIA,Thailand,Free Access Attractions and Sites | Merlion Park,%,16.20759691397577
2012,SOUTHEAST ASIA,Thailand,Free Access Attractions and Sites | Little India,%,12.32398824519415
2012,SOUTHEAST ASIA,Thailand,Free Access Attractions and Sites | Esplanade Theatres by the Bay,%,6.237014261119088
2012,SOUTHEAST ASIA,Thailand,Free Access Attractions and Sites | Singapore River/ Clarke Quay/ Boat Quay,%,6.539489507731815
2012,SOUTHEAST ASIA,Thailand,Free Access Attractions and Sites | Singapore Botanic Gardens,%,3.177380535564405
2012,SOUTHEAST ASIA,Thailand,Free Access Attractions and Sites | Raffles Hotel,%,3.568188598811614
2012,SOUTHEAST ASIA,Vietnam,Major Attractions and Sites | Integrated Resort (MBS/RWS),%,33.38000542478294
2012,SOUTHEAST ASIA,Vietnam,Major Attractions and Sites | Gardens by the Bay,%,4.601956586045335
2012,SOUTHEAST ASIA,Vietnam,Major Attractions and Sites | Sentosa,%,32.35361551427956
2012,SOUTHEAST ASIA,Vietnam,Major Attractions and Sites | Singapore Flyer/ Flight Experience,%,5.559143281469881
2012,SOUTHEAST ASIA,Vietnam,Major Attractions and Sites | Singapore Zoo,%,8.887891622597337
2012,SOUTHEAST ASIA,Vietnam,Major Attractions and Sites | Night Safari,%,5.28939720361798
2012,SOUTHEAST ASIA,Vietnam,Major Attractions and Sites | Bird Paradise (formerly Jurong Bird Park),%,9.433790108942718
2012,SOUTHEAST ASIA,Vietnam,Major Attractions and Sites | National Orchid Gardens,%,5.287246761979515
2012,SOUTHEAST ASIA,Vietnam,Free Access Attractions and Sites | Orchard Road,%,54.74780854233126
2012,SOUTHEAST ASIA,Vietnam,Free Access Attractions and Sites | Chinatown,%,33.52070602902678
2012,SOUTHEAST ASIA,Vietnam,Free Access Attractions and Sites | Merlion Park,%,20.22106781776252
2012,SOUTHEAST ASIA,Vietnam,Free Access Attractions and Sites | Little India,%,20.1721176590757
2012,SOUTHEAST ASIA,Vietnam,Free Access Attractions and Sites | Esplanade Theatres by the Bay,%,7.374919434687468
2012,SOUTHEAST ASIA,Vietnam,Free Access Attractions and Sites | Singapore River/ Clarke Quay/ Boat Quay,%,8.317295187975501
2012,SOUTHEAST ASIA,Vietnam,Free Access Attractions and Sites | Singapore Botanic Gardens,%,13.41600711476254
2012,SOUTHEAST ASIA,Vietnam,Free Access Attractions and Sites | Raffles Hotel,%,6.259449722875021
2012,GREATER CHINA,China,Major Attractions and Sites | Integrated Resort (MBS/RWS),%,35.7882212555637
2012,GREATER CHINA,China,Major Attractions and Sites | Gardens by the Bay,%,3.240876386771911
2012,GREATER CHINA,China,Major Attractions and Sites | Sentosa,%,28.08672756980452
2012,GREATER CHINA,China,Major Attractions and Sites | Singapore Flyer/ Flight Experience,%,7.493498120621076
2012,GREATER CHINA,China,Major Attractions and Sites | Singapore Zoo,%,6.278565405545298
2012,GREATER CHINA,China,Major Attractions and Sites | Night Safari,%,4.190464511524136
2012,GREATER CHINA,China,Major Attractions and Sites | Bird Paradise (formerly Jurong Bird Park),%,3.815165717413111
2012,GREATER CHINA,China,Major Attractions and Sites | National Orchid Gardens,%,5.442501473498476
2012,GREATER CHINA,China,Free Access Attractions and Sites | Orchard Road,%,36.43785445760538
2012,GREATER CHINA,China,Free Access Attractions and Sites | Chinatown,%,28.81072217818619
2012,GREATER CHINA,China,Free Access Attractions and Sites | Merlion Park,%,34.82733043339418
2012,GREATER CHINA,China,Free Access Attractions and Sites | Little India,%,14.37107976426744
2012,GREATER CHINA,China,Free Access Attractions and Sites | Esplanade Theatres by the Bay,%,7.013097016145878
2012,GREATER CHINA,China,Free Access Attractions and Sites | Singapore River/ Clarke Quay/ Boat Quay,%,8.215856462711937
2012,GREATER CHINA,China,Free Access Attractions and Sites | Singapore Botanic Gardens,%,9.857224156632146
2012,GREATER CHINA,China,Free Access Attractions and Sites | Raffles Hotel,%,5.742112980435626
2012,GREATER CHINA,Hong Kong SAR,Major Attractions and Sites | Integrated Resort (MBS/RWS),%,36.72790520806478
2012,GREATER CHINA,Hong Kong SAR,Major Attractions and Sites | Gardens by the Bay,%,5.470188089200999
2012,GREATER CHINA,Hong Kong SAR,Major Attractions and Sites | Sentosa,%,14.83961324691204
2012,GREATER CHINA,Hong Kong SAR,Major Attractions and Sites | Singapore Flyer/ Flight Experience,%,6.241194970943972
2012,GREATER CHINA,Hong Kong SAR,Major Attractions and Sites | Singapore Zoo,%,5.501476831732793
2012,GREATER CHINA,Hong Kong SAR,Major Attractions and Sites | Night Safari,%,5.876022714307597
2012,GREATER CHINA,Hong Kong SAR,Major Attractions and Sites | Bird Paradise (formerly Jurong Bird Park),%,1.745775387953562
2012,GREATER CHINA,Hong Kong SAR,Major Attractions and Sites | National Orchid Gardens,%,1.776495651268657
2012,GREATER CHINA,Hong Kong SAR,Free Access Attractions and Sites | Orchard Road,%,39.82865033368883
2012,GREATER CHINA,Hong Kong SAR,Free Access Attractions and Sites | Chinatown,%,31.67313862717724
2012,GREATER CHINA,Hong Kong SAR,Free Access Attractions and Sites | Merlion Park,%,12.81755119869082
2012,GREATER CHINA,Hong Kong SAR,Free Access Attractions and Sites | Little India,%,11.25478293776105
2012,GREATER CHINA,Hong Kong SAR,Free Access Attractions and Sites | Esplanade Theatres by the Bay,%,3.902250293058815
2012,GREATER CHINA,Hong Kong SAR,Free Access Attractions and Sites | Singapore River/ Clarke Quay/ Boat Quay,%,9.89914330610379
2012,GREATER CHINA,Hong Kong SAR,Free Access Attractions and Sites | Singapore Botanic Gardens,%,3.163542994965029
2012,GREATER CHINA,Hong Kong SAR,Free Access Attractions and Sites | Raffles Hotel,%,4.541592515494675
2012,GREATER CHINA,Taiwan,Major Attractions and Sites | Integrated Resort (MBS/RWS),%,36.74535247278364
2012,GREATER CHINA,Taiwan,Major Attractions and Sites | Gardens by the Bay,%,6.448831474261209
2012,GREATER CHINA,Taiwan,Major Attractions and Sites | Sentosa,%,20.21732840966205
2012,GREATER CHINA,Taiwan,Major Attractions and Sites | Singapore Flyer/ Flight Experience,%,5.115456700541124
2012,GREATER CHINA,Taiwan,Major Attractions and Sites | Singapore Zoo,%,6.161460533938876
2012,GREATER CHINA,Taiwan,Major Attractions and Sites | Night Safari,%,7.12652511295847
2012,GREATER CHINA,Taiwan,Major Attractions and Sites | Bird Paradise (formerly Jurong Bird Park),%,6.145240835793261
2012,GREATER CHINA,Taiwan,Major Attractions and Sites | National Orchid Gardens,%,4.017833578440476
2012,GREATER CHINA,Taiwan,Free Access Attractions and Sites | Orchard Road,%,34.00311832953847
2012,GREATER CHINA,Taiwan,Free Access Attractions and Sites | Chinatown,%,32.43443547834865
2012,GREATER CHINA,Taiwan,Free Access Attractions and Sites | Merlion Park,%,17.76822356572514
2012,GREATER CHINA,Taiwan,Free Access Attractions and Sites | Little India,%,21.56339448082139
2012,GREATER CHINA,Taiwan,Free Access Attractions and Sites | Esplanade Theatres by the Bay,%,4.824564355905356
2012,GREATER CHINA,Taiwan,Free Access Attractions and Sites | Singapore River/ Clarke Quay/ Boat Quay,%,10.70097984877123
2012,GREATER CHINA,Taiwan,Free Access Attractions and Sites | Singapore Botanic Gardens,%,7.271720262097002
2012,GREATER CHINA,Taiwan,Free Access Attractions and Sites | Raffles Hotel,%,5.249862775414223
2012,NORTH ASIA,Japan,Major Attractions and Sites | Integrated Resort (MBS/RWS),%,37.59168574575705
2012,NORTH ASIA,Japan,Major Attractions and Sites | Gardens by the Bay,%,4.770546020896048
2012,NORTH ASIA,Japan,Major Attractions and Sites | Sentosa,%,14.98777354433115
2012,NORTH ASIA,Japan,Major Attractions and Sites | Singapore Flyer/ Flight Experience,%,8.747593797262873
2012,NORTH ASIA,Japan,Major Attractions and Sites | Singapore Zoo,%,8.31420858374911
2012,NORTH ASIA,Japan,Major Attractions and Sites | Night Safari,%,19.72183620561738
2012,NORTH ASIA,Japan,Major Attractions and Sites | Bird Paradise (formerly Jurong Bird Park),%,2.380807608731864
2012,NORTH ASIA,Japan,Major Attractions and Sites | National Orchid Gardens,%,7.337037622100584
2012,NORTH ASIA,Japan,Free Access Attractions and Sites | Orchard Road,%,39.38156945346083
2012,NORTH ASIA,Japan,Free Access Attractions and Sites | Chinatown,%,34.80229101667964
2012,NORTH ASIA,Japan,Free Access Attractions and Sites | Merlion Park,%,30.80420481728037
2012,NORTH ASIA,Japan,Free Access Attractions and Sites | Little India,%,21.38504130134386
2012,NORTH ASIA,Japan,Free Access Attractions and Sites | Esplanade Theatres by the Bay,%,3.671083735405176
2012,NORTH ASIA,Japan,Free Access Attractions and Sites | Singapore River/ Clarke Quay/ Boat Quay,%,12.19272499929022
2012,NORTH ASIA,Japan,Free Access Attractions and Sites | Singapore Botanic Gardens,%,10.11662728663069
2012,NORTH ASIA,Japan,Free Access Attractions and Sites | Raffles Hotel,%,10.17373846856793
2012,NORTH ASIA,South Korea,Major Attractions and Sites | Integrated Resort (MBS/RWS),%,31.37766314160731
2012,NORTH ASIA,South Korea,Major Attractions and Sites | Gardens by the Bay,%,3.936429236943766
2012,NORTH ASIA,South Korea,Major Attractions and Sites | Sentosa,%,32.0465231442873
2012,NORTH ASIA,South Korea,Major Attractions and Sites | Singapore Flyer/ Flight Experience,%,13.06127515373883
2012,NORTH ASIA,South Korea,Major Attractions and Sites | Singapore Zoo,%,10.70982783015569
2012,NORTH ASIA,South Korea,Major Attractions and Sites | Night Safari,%,12.01566197314371
2012,NORTH ASIA,South Korea,Major Attractions and Sites | Bird Paradise (formerly Jurong Bird Park),%,19.50855770095628
2012,NORTH ASIA,South Korea,Major Attractions and Sites | National Orchid Gardens,%,12.69051052468822
2012,NORTH ASIA,South Korea,Free Access Attractions and Sites | Orchard Road,%,48.70613600920257
2012,NORTH ASIA,South Korea,Free Access Attractions and Sites | Chinatown,%,44.58470417563829
2012,NORTH ASIA,South Korea,Free Access Attractions and Sites | Merlion Park,%,24.88461805580882
2012,NORTH ASIA,South Korea,Free Access Attractions and Sites | Little India,%,25.36482254302136
2012,NORTH ASIA,South Korea,Free Access Attractions and Sites | Esplanade Theatres by the Bay,%,9.913624516586513
2012,NORTH ASIA,South Korea,Free Access Attractions and Sites | Singapore River/ Clarke Quay/ Boat Quay,%,31.06311001220199
2012,NORTH ASIA,South Korea,Free Access Attractions and Sites | Singapore Botanic Gardens,%,27.06623676139366
2012,NORTH ASIA,South Korea,Free Access Attractions and Sites | Raffles Hotel,%,18.67602707897499
2012,SOUTH ASIA,India,Major Attractions and Sites | Integrated Resort (MBS/RWS),%,41.78147107178195
2012,SOUTH ASIA,India,Major Attractions and Sites | Gardens by the Bay,%,4.106795143838401
2012,SOUTH ASIA,India,Major Attractions and Sites | Sentosa,%,38.85370622442867
2012,SOUTH ASIA,India,Major Attractions and Sites | Singapore Flyer/ Flight Experience,%,20.49224428458872
2012,SOUTH ASIA,India,Major Attractions and Sites | Singapore Zoo,%,13.36266921922188
2012,SOUTH ASIA,India,Major Attractions and Sites | Night Safari,%,24.06893866012142
2012,SOUTH ASIA,India,Major Attractions and Sites | Bird Paradise (formerly Jurong Bird Park),%,15.92382393034394
2012,SOUTH ASIA,India,Major Attractions and Sites | National Orchid Gardens,%,6.197213714971256
2012,SOUTH ASIA,India,Free Access Attractions and Sites | Orchard Road,%,30.93261436207741
2012,SOUTH ASIA,India,Free Access Attractions and Sites | Chinatown,%,27.51159591621749
2012,SOUTH ASIA,India,Free Access Attractions and Sites | Merlion Park,%,22.94970359165816
2012,SOUTH ASIA,India,Free Access Attractions and Sites | Little India,%,56.60480576011694
2012,SOUTH ASIA,India,Free Access Attractions and Sites | Esplanade Theatres by the Bay,%,10.34461584387399
2012,SOUTH ASIA,India,Free Access Attractions and Sites | Singapore River/ Clarke Quay/ Boat Quay,%,7.149429245059165
2012,SOUTH ASIA,India,Free Access Attractions and Sites | Singapore Botanic Gardens,%,8.733196723417244
2012,SOUTH ASIA,India,Free Access Attractions and Sites | Raffles Hotel,%,9.762083542477834
2012,EUROPE,France,Major Attractions and Sites | Integrated Resort (MBS/RWS),%,27.54207876941532
2012,EUROPE,France,Major Attractions and Sites | Gardens by the Bay,%,4.419731160242873
2012,EUROPE,France,Major Attractions and Sites | Sentosa,%,24.0914835135192
2012,EUROPE,France,Major Attractions and Sites | Singapore Flyer/ Flight Experience,%,7.228048241461378
2012,EUROPE,France,Major Attractions and Sites | Singapore Zoo,%,8.002609098298324
2012,EUROPE,France,Major Attractions and Sites | Night Safari,%,17.56463490697153
2012,EUROPE,France,Major Attractions and Sites | Bird Paradise (formerly Jurong Bird Park),%,1.692196999578142
2012,EUROPE,France,Major Attractions and Sites | National Orchid Gardens,%,17.28424289597649
2012,EUROPE,France,Free Access Attractions and Sites | Orchard Road,%,51.75667435165827
2012,EUROPE,France,Free Access Attractions and Sites | Chinatown,%,51.86540191151165
2012,EUROPE,France,Free Access Attractions and Sites | Merlion Park,%,22.33915599314033
2012,EUROPE,France,Free Access Attractions and Sites | Little India,%,49.85273876287503
2012,EUROPE,France,Free Access Attractions and Sites | Esplanade Theatres by the Bay,%,15.63300338518894
2012,EUROPE,France,Free Access Attractions and Sites | Singapore River/ Clarke Quay/ Boat Quay,%,34.64773023023309
2012,EUROPE,France,Free Access Attractions and Sites | Singapore Botanic Gardens,%,24.25315256518453
2012,EUROPE,France,Free Access Attractions and Sites | Raffles Hotel,%,25.50486324483933
2012,EUROPE,Germany,Major Attractions and Sites | Integrated Resort (MBS/RWS),%,33.32276142012873
2012,EUROPE,Germany,Major Attractions and Sites | Gardens by the Bay,%,9.623796462671187
2012,EUROPE,Germany,Major Attractions and Sites | Sentosa,%,22.5475652662616
2012,EUROPE,Germany,Major Attractions and Sites | Singapore Flyer/ Flight Experience,%,20.28876521124422
2012,EUROPE,Germany,Major Attractions and Sites | Singapore Zoo,%,11.01162788478373
2012,EUROPE,Germany,Major Attractions and Sites | Night Safari,%,13.75363019902972
2012,EUROPE,Germany,Major Attractions and Sites | Bird Paradise (formerly Jurong Bird Park),%,2.780855280822904
2012,EUROPE,Germany,Major Attractions and Sites | National Orchid Gardens,%,13.23855989677802
2012,EUROPE,Germany,Free Access Attractions and Sites | Orchard Road,%,43.8513285950669
2012,EUROPE,Germany,Free Access Attractions and Sites | Chinatown,%,58.32688876378823
2012,EUROPE,Germany,Free Access Attractions and Sites | Merlion Park,%,26.90548775507139
2012,EUROPE,Germany,Free Access Attractions and Sites | Little India,%,46.02192790241305
2012,EUROPE,Germany,Free Access Attractions and Sites | Esplanade Theatres by the Bay,%,14.83254591875842
2012,EUROPE,Germany,Free Access Attractions and Sites | Singapore River/ Clarke Quay/ Boat Quay,%,37.78348439353647
2012,EUROPE,Germany,Free Access Attractions and Sites | Singapore Botanic Gardens,%,20.17869235918468
2012,EUROPE,Germany,Free Access Attractions and Sites | Raffles Hotel,%,27.98561913271313
2012,EUROPE,Italy,Major Attractions and Sites | Integrated Resort (MBS/RWS),%,29.11976933922691
2012,EUROPE,Italy,Major Attractions and Sites | Gardens by the Bay,%,5.439216595313245
2012,EUROPE,Italy,Major Attractions and Sites | Sentosa,%,25.10195490629686
2012,EUROPE,Italy,Major Attractions and Sites | Singapore Flyer/ Flight Experience,%,11.14810052543908
2012,EUROPE,Italy,Major Attractions and Sites | Singapore Zoo,%,5.833623785655898
2012,EUROPE,Italy,Major Attractions and Sites | Night Safari,%,10.9182029218653
2012,EUROPE,Italy,Major Attractions and Sites | Bird Paradise (formerly Jurong Bird Park),%,1.810310293563084
2012,EUROPE,Italy,Major Attractions and Sites | National Orchid Gardens,%,9.823104814454515
2012,EUROPE,Italy,Free Access Attractions and Sites | Orchard Road,%,64.76155611881092
2012,EUROPE,Italy,Free Access Attractions and Sites | Chinatown,%,41.52987073311721
2012,EUROPE,Italy,Free Access Attractions and Sites | Merlion Park,%,19.73400196710759
2012,EUROPE,Italy,Free Access Attractions and Sites | Little India,%,35.6104829563707
2012,EUROPE,Italy,Free Access Attractions and Sites | Esplanade Theatres by the Bay,%,11.92343750433545
2012,EUROPE,Italy,Free Access Attractions and Sites | Singapore River/ Clarke Quay/ Boat Quay,%,41.97871261017369
2012,EUROPE,Italy,Free Access Attractions and Sites | Singapore Botanic Gardens,%,19.31715279166576
2012,EUROPE,Italy,Free Access Attractions and Sites | Raffles Hotel,%,23.44858067966483
2012,EUROPE,Netherlands,Major Attractions and Sites | Integrated Resort (MBS/RWS),%,20.17464179402516
2012,EUROPE,Netherlands,Major Attractions and Sites | Gardens by the Bay,%,6.09078981826101
2012,EUROPE,Netherlands,Major Attractions and Sites | Sentosa,%,17.86718038857427
2012,EUROPE,Netherlands,Major Attractions and Sites | Singapore Flyer/ Flight Experience,%,13.22092898873759
2012,EUROPE,Netherlands,Major Attractions and Sites | Singapore Zoo,%,6.586050857702357
2012,EUROPE,Netherlands,Major Attractions and Sites | Night Safari,%,8.167339026415114
2012,EUROPE,Netherlands,Major Attractions and Sites | Bird Paradise (formerly Jurong Bird Park),%,2.259259854008935
2012,EUROPE,Netherlands,Major Attractions and Sites | National Orchid Gardens,%,3.677826557198717
2012,EUROPE,Netherlands,Free Access Attractions and Sites | Orchard Road,%,45.18534616939688
2012,EUROPE,Netherlands,Free Access Attractions and Sites | Chinatown,%,39.33932417759011
2012,EUROPE,Netherlands,Free Access Attractions and Sites | Merlion Park,%,20.71849956097079
2012,EUROPE,Netherlands,Free Access Attractions and Sites | Little India,%,29.61586891331318
2012,EUROPE,Netherlands,Free Access Attractions and Sites | Esplanade Theatres by the Bay,%,13.59626740309223
2012,EUROPE,Netherlands,Free Access Attractions and Sites | Singapore River/ Clarke Quay/ Boat Quay,%,26.08728896593447
2012,EUROPE,Netherlands,Free Access Attractions and Sites | Singapore Botanic Gardens,%,12.24733453397036
2012,EUROPE,Netherlands,Free Access Attractions and Sites | Raffles Hotel,%,18.90797246871029
2012,EUROPE,Switzerland,Major Attractions and Sites | Integrated Resort (MBS/RWS),%,32.40519655381969
2012,EUROPE,Switzerland,Major Attractions and Sites | Gardens by the Bay,%,4.953228177531797
2012,EUROPE,Switzerland,Major Attractions and Sites | Sentosa,%,22.0095642771231
2012,EUROPE,Switzerland,Major Attractions and Sites | Singapore Flyer/ Flight Experience,%,8.528233308254318
2012,EUROPE,Switzerland,Major Attractions and Sites | Singapore Zoo,%,5.90223977965226
2012,EUROPE,Switzerland,Major Attractions and Sites | Night Safari,%,17.22683546950297
2012,EUROPE,Switzerland,Major Attractions and Sites | Bird Paradise (formerly Jurong Bird Park),%,4.725967543087433
2012,EUROPE,Switzerland,Major Attractions and Sites | National Orchid Gardens,%,10.92886593726914
2012,EUROPE,Switzerland,Free Access Attractions and Sites | Orchard Road,%,50.55826121221244
2012,EUROPE,Switzerland,Free Access Attractions and Sites | Chinatown,%,50.20009415432827
2012,EUROPE,Switzerland,Free Access Attractions and Sites | Merlion Park,%,26.70061257822871
2012,EUROPE,Switzerland,Free Access Attractions and Sites | Little India,%,35.00610580732841
2012,EUROPE,Switzerland,Free Access Attractions and Sites | Esplanade Theatres by the Bay,%,16.76606347335869
2012,EUROPE,Switzerland,Free Access Attractions and Sites | Singapore River/ Clarke Quay/ Boat Quay,%,40.99658928561055
2012,EUROPE,Switzerland,Free Access Attractions and Sites | Singapore Botanic Gardens,%,20.43937305663889
2012,EUROPE,Switzerland,Free Access Attractions and Sites | Raffles Hotel,%,24.7661369129183
2012,EUROPE,UK,Major Attractions and Sites | Integrated Resort (MBS/RWS),%,24.79900989596799
2012,EUROPE,UK,Major Attractions and Sites | Gardens by the Bay,%,5.886955789784092
2012,EUROPE,UK,Major Attractions and Sites | Sentosa,%,15.00835961424405
2012,EUROPE,UK,Major Attractions and Sites | Singapore Flyer/ Flight Experience,%,11.34253831888703
2012,EUROPE,UK,Major Attractions and Sites | Singapore Zoo,%,8.249181371426502
2012,EUROPE,UK,Major Attractions and Sites | Night Safari,%,11.64648193366586
2012,EUROPE,UK,Major Attractions and Sites | Bird Paradise (formerly Jurong Bird Park),%,2.092777331784724
2012,EUROPE,UK,Major Attractions and Sites | National Orchid Gardens,%,11.02797289039313
2012,EUROPE,UK,Free Access Attractions and Sites | Orchard Road,%,37.50645383917217
2012,EUROPE,UK,Free Access Attractions and Sites | Chinatown,%,37.96136933991959
2012,EUROPE,UK,Free Access Attractions and Sites | Merlion Park,%,14.5427235998992
2012,EUROPE,UK,Free Access Attractions and Sites | Little India,%,31.00578569718341
2012,EUROPE,UK,Free Access Attractions and Sites | Esplanade Theatres by the Bay,%,9.0894041266167
2012,EUROPE,UK,Free Access Attractions and Sites | Singapore River/ Clarke Quay/ Boat Quay,%,23.38336789112117
2012,EUROPE,UK,Free Access Attractions and Sites | Singapore Botanic Gardens,%,18.37764611493613
2012,EUROPE,UK,Free Access Attractions and Sites | Raffles Hotel,%,22.63172831548253
2012,AMERICAS,Canada,Major Attractions and Sites | Integrated Resort (MBS/RWS),%,27.77601108629581
2012,AMERICAS,Canada,Major Attractions and Sites | Gardens by the Bay,%,7.69169116569917
2012,AMERICAS,Canada,Major Attractions and Sites | Sentosa,%,12.70936326199523
2012,AMERICAS,Canada,Major Attractions and Sites | Singapore Flyer/ Flight Experience,%,9.710630114879258
2012,AMERICAS,Canada,Major Attractions and Sites | Singapore Zoo,%,9.63084713368744
2012,AMERICAS,Canada,Major Attractions and Sites | Night Safari,%,8.118818186913975
2012,AMERICAS,Canada,Major Attractions and Sites | Bird Paradise (formerly Jurong Bird Park),%,3.248344236467922
2012,AMERICAS,Canada,Major Attractions and Sites | National Orchid Gardens,%,10.60504505924088
2012,AMERICAS,Canada,Free Access Attractions and Sites | Orchard Road,%,37.36976365015259
2012,AMERICAS,Canada,Free Access Attractions and Sites | Chinatown,%,46.80538494856946
2012,AMERICAS,Canada,Free Access Attractions and Sites | Merlion Park,%,12.72274506636061
2012,AMERICAS,Canada,Free Access Attractions and Sites | Little India,%,36.33844734144258
2012,AMERICAS,Canada,Free Access Attractions and Sites | Esplanade Theatres by the Bay,%,9.510436258896956
2012,AMERICAS,Canada,Free Access Attractions and Sites | Singapore River/ Clarke Quay/ Boat Quay,%,19.24164200296103
2012,AMERICAS,Canada,Free Access Attractions and Sites | Singapore Botanic Gardens,%,17.03395497317162
2012,AMERICAS,Canada,Free Access Attractions and Sites | Raffles Hotel,%,21.77366583906455
2012,AMERICAS,USA,Major Attractions and Sites | Integrated Resort (MBS/RWS),%,25.3319748269509
2012,AMERICAS,USA,Major Attractions and Sites | Gardens by the Bay,%,8.908456099246699
2012,AMERICAS,USA,Major Attractions and Sites | Sentosa,%,13.02757072801602
2012,AMERICAS,USA,Major Attractions and Sites | Singapore Flyer/ Flight Experience,%,8.47701769756839
2012,AMERICAS,USA,Major Attractions and Sites | Singapore Zoo,%,6.08041345230782
2012,AMERICAS,USA,Major Attractions and Sites | Night Safari,%,6.650073988525908
2012,AMERICAS,USA,Major Attractions and Sites | Bird Paradise (formerly Jurong Bird Park),%,3.306633635955242
2012,AMERICAS,USA,Major Attractions and Sites | National Orchid Gardens,%,9.332873970250354
2012,AMERICAS,USA,Free Access Attractions and Sites | Orchard Road,%,41.00267340717793
2012,AMERICAS,USA,Free Access Attractions and Sites | Chinatown,%,30.05862262753601
2012,AMERICAS,USA,Free Access Attractions and Sites | Merlion Park,%,13.24205155735002
2012,AMERICAS,USA,Free Access Attractions and Sites | Little India,%,25.86083187844259
2012,AMERICAS,USA,Free Access Attractions and Sites | Esplanade Theatres by the Bay,%,6.760768448834116
2012,AMERICAS,USA,Free Access Attractions and Sites | Singapore River/ Clarke Quay/ Boat Quay,%,27.79754287923656
2012,AMERICAS,USA,Free Access Attractions and Sites | Singapore Botanic Gardens,%,12.78790472772437
2012,AMERICAS,USA,Free Access Attractions and Sites | Raffles Hotel,%,13.4197416253041
2012,OCEANIA,Australia,Major Attractions and Sites | Integrated Resort (MBS/RWS),%,25.95163824632899
2012,OCEANIA,Australia,Major Attractions and Sites | Gardens by the Bay,%,6.480547723661793
2012,OCEANIA,Australia,Major Attractions and Sites | Sentosa,%,15.23823684264577
2012,OCEANIA,Australia,Major Attractions and Sites | Singapore Flyer/ Flight Experience,%,9.784209508022492
2012,OCEANIA,Australia,Major Attractions and Sites | Singapore Zoo,%,9.0114174547479
2012,OCEANIA,Australia,Major Attractions and Sites | Night Safari,%,10.33546914131284
2012,OCEANIA,Australia,Major Attractions and Sites | Bird Paradise (formerly Jurong Bird Park),%,2.680788230249481
2012,OCEANIA,Australia,Major Attractions and Sites | National Orchid Gardens,%,5.361794808273273
2012,OCEANIA,Australia,Free Access Attractions and Sites | Orchard Road,%,37.78923870666625
2012,OCEANIA,Australia,Free Access Attractions and Sites | Chinatown,%,30.66143919704337
2012,OCEANIA,Australia,Free Access Attractions and Sites | Merlion Park,%,9.752793626307945
2012,OCEANIA,Australia,Free Access Attractions and Sites | Little India,%,26.49960246917775
2012,OCEANIA,Australia,Free Access Attractions and Sites | Esplanade Theatres by the Bay,%,5.206267951098294
2012,OCEANIA,Australia,Free Access Attractions and Sites | Singapore River/ Clarke Quay/ Boat Quay,%,20.91670124608012
2012,OCEANIA,Australia,Free Access Attractions and Sites | Singapore Botanic Gardens,%,10.57688146042557
2012,OCEANIA,Australia,Free Access Attractions and Sites | Raffles Hotel,%,13.34353645910525
2012,OCEANIA,New Zealand,Major Attractions and Sites | Integrated Resort (MBS/RWS),%,23.25806995673765
2012,OCEANIA,New Zealand,Major Attractions and Sites | Gardens by the Bay,%,6.957805779362134
2012,OCEANIA,New Zealand,Major Attractions and Sites | Sentosa,%,10.98591215982252
2012,OCEANIA,New Zealand,Major Attractions and Sites | Singapore Flyer/ Flight Experience,%,10.32093739445061
2012,OCEANIA,New Zealand,Major Attractions and Sites | Singapore Zoo,%,10.85888567159241
2012,OCEANIA,New Zealand,Major Attractions and Sites | Night Safari,%,11.21633061927749
2012,OCEANIA,New Zealand,Major Attractions and Sites | Bird Paradise (formerly Jurong Bird Park),%,2.290450851899995
2012,OCEANIA,New Zealand,Major Attractions and Sites | National Orchid Gardens,%,7.285892309480962
2012,OCEANIA,New Zealand,Free Access Attractions and Sites | Orchard Road,%,29.6426207787361
2012,OCEANIA,New Zealand,Free Access Attractions and Sites | Chinatown,%,30.64486437412545
2012,OCEANIA,New Zealand,Free Access Attractions and Sites | Merlion Park,%,13.76386205363695
2012,OCEANIA,New Zealand,Free Access Attractions and Sites | Little India,%,30.21640489035503
2012,OCEANIA,New Zealand,Free Access Attractions and Sites | Esplanade Theatres by the Bay,%,9.92403989762311
2012,OCEANIA,New Zealand,Free Access Attractions and Sites | Singapore River/ Clarke Quay/ Boat Quay,%,21.57574005664402
2012,OCEANIA,New Zealand,Free Access Attractions and Sites | Singapore Botanic Gardens,%,10.58069278457745
2012,OCEANIA,New Zealand,Free Access Attractions and Sites | Raffles Hotel,%,12.59623844099276
2012,AFRICA,South Africa (Rep of),Major Attractions and Sites | Integrated Resort (MBS/RWS),%,36.46466820910864
2012,AFRICA,South Africa (Rep of),Major Attractions and Sites | Gardens by the Bay,%,5.271693983589537
2012,AFRICA,South Africa (Rep of),Major Attractions and Sites | Sentosa,%,24.86582434533407
2012,AFRICA,South Africa (Rep of),Major Attractions and Sites | Singapore Flyer/ Flight Experience,%,18.93511244980848
2012,AFRICA,South Africa (Rep of),Major Attractions and Sites | Singapore Zoo,%,4.583584213757754
2012,AFRICA,South Africa (Rep of),Major Attractions and Sites | Night Safari,%,12.944001274549
2012,AFRICA,South Africa (Rep of),Major Attractions and Sites | Bird Paradise (formerly Jurong Bird Park),%,3.387428053624648
2012,AFRICA,South Africa (Rep of),Major Attractions and Sites | National Orchid Gardens,%,12.15742863246257
2012,AFRICA,South Africa (Rep of),Free Access Attractions and Sites | Orchard Road,%,45.51252247239209
2012,AFRICA,South Africa (Rep of),Free Access Attractions and Sites | Chinatown,%,42.15136300342758
2012,AFRICA,South Africa (Rep of),Free Access Attractions and Sites | Merlion Park,%,18.5713127448319
2012,AFRICA,South Africa (Rep of),Free Access Attractions and Sites | Little India,%,41.61329582157019
2012,AFRICA,South Africa (Rep of),Free Access Attractions and Sites | Esplanade Theatres by the Bay,%,8.95930066282308
2012,AFRICA,South Africa (Rep of),Free Access Attractions and Sites | Singapore River/ Clarke Quay/ Boat Quay,%,28.13812109731825
2012,AFRICA,South Africa (Rep of),Free Access Attractions and Sites | Singapore Botanic Gardens,%,19.16681703751451
2012,AFRICA,South Africa (Rep of),Free Access Attractions and Sites | Raffles Hotel,%,16.433253032183192
2012,REMAINING,Others,Major Attractions and Sites | Integrated Resort (MBS/RWS),%,32.43387813178681
2012,REMAINING,Others,Major Attractions and Sites | Gardens by the Bay,%,4.814883138391243
2012,REMAINING,Others,Major Attractions and Sites | Sentosa,%,26.98070383707184
2012,REMAINING,Others,Major Attractions and Sites | Singapore Flyer/ Flight Experience,%,13.32663794906028
2012,REMAINING,Others,Major Attractions and Sites | Singapore Zoo,%,9.917754976113732
2012,REMAINING,Others,Major Attractions and Sites | Night Safari,%,13.47686871858398
2012,REMAINING,Others,Major Attractions and Sites | Bird Paradise (formerly Jurong Bird Park),%,4.340861562977875
2012,REMAINING,Others,Major Attractions and Sites | National Orchid Gardens,%,8.994045908002013
2012,REMAINING,Others,Free Access Attractions and Sites | Orchard Road,%,49.73576342196248
2012,REMAINING,Others,Free Access Attractions and Sites | Chinatown,%,37.08444736916897
2012,REMAINING,Others,Free Access Attractions and Sites | Merlion Park,%,19.21080949130902
2012,REMAINING,Others,Free Access Attractions and Sites | Little India,%,40.52783385003691
2012,REMAINING,Others,Free Access Attractions and Sites | Esplanade Theatres by the Bay,%,10.92454410400054
2012,REMAINING,Others,Free Access Attractions and Sites | Singapore River/ Clarke Quay/ Boat Quay,%,22.77561636704609
2012,REMAINING,Others,Free Access Attractions and Sites | Singapore Botanic Gardens,%,15.47796509987525
2012,REMAINING,Others,Free Access Attractions and Sites | Raffles Hotel,%,19.32041177415171
2011,SOUTHEAST ASIA,Indonesia,Major Attractions and Sites | Integrated Resort (MBS/RWS),%,20.65641340042489
2011,SOUTHEAST ASIA,Indonesia,Major Attractions and Sites | Sentosa,%,22.63040758912017
2011,SOUTHEAST ASIA,Indonesia,Major Attractions and Sites | Singapore Flyer/ Flight Experience,%,5.463210030228274
2011,SOUTHEAST ASIA,Indonesia,Major Attractions and Sites | Singapore Zoo,%,2.663632124686681
2011,SOUTHEAST ASIA,Indonesia,Major Attractions and Sites | Night Safari,%,1.365486672896469
2011,SOUTHEAST ASIA,Indonesia,Major Attractions and Sites | Bird Paradise (formerly Jurong Bird Park),%,2.262171219247702
2011,SOUTHEAST ASIA,Indonesia,Major Attractions and Sites | National Orchid Gardens,%,0.5544998207689508
2011,SOUTHEAST ASIA,Indonesia,Free Access Attractions and Sites | Orchard Road,%,49.7534073128045
2011,SOUTHEAST ASIA,Indonesia,Free Access Attractions and Sites | Chinatown,%,21.08172532859535
2011,SOUTHEAST ASIA,Indonesia,Free Access Attractions and Sites | Merlion Park,%,10.41204464325669
2011,SOUTHEAST ASIA,Indonesia,Free Access Attractions and Sites | Little India,%,15.67884407123956
2011,SOUTHEAST ASIA,Indonesia,Free Access Attractions and Sites | Esplanade Theatres by the Bay,%,5.88592691272158
2011,SOUTHEAST ASIA,Indonesia,Free Access Attractions and Sites | Singapore River/ Clarke Quay/ Boat Quay,%,7.339183088918757
2011,SOUTHEAST ASIA,Indonesia,Free Access Attractions and Sites | Singapore Botanic Gardens,%,1.214652898839824
2011,SOUTHEAST ASIA,Indonesia,Free Access Attractions and Sites | Raffles Hotel,%,4.517354462569768
2011,SOUTHEAST ASIA,Malaysia,Major Attractions and Sites | Integrated Resort (MBS/RWS),%,21.16408247240788
2011,SOUTHEAST ASIA,Malaysia,Major Attractions and Sites | Sentosa,%,15.26692101841174
2011,SOUTHEAST ASIA,Malaysia,Major Attractions and Sites | Singapore Flyer/ Flight Experience,%,2.976930936105616
2011,SOUTHEAST ASIA,Malaysia,Major Attractions and Sites | Singapore Zoo,%,2.253366251311616
2011,SOUTHEAST ASIA,Malaysia,Major Attractions and Sites | Night Safari,%,1.899635675402382
2011,SOUTHEAST ASIA,Malaysia,Major Attractions and Sites | Bird Paradise (formerly Jurong Bird Park),%,1.165036303296232
2011,SOUTHEAST ASIA,Malaysia,Free Access Attractions and Sites | Orchard Road,%,34.66229133693971
2011,SOUTHEAST ASIA,Malaysia,Free Access Attractions and Sites | Chinatown,%,14.36064927004095
2011,SOUTHEAST ASIA,Malaysia,Free Access Attractions and Sites | Merlion Park,%,4.339078846231355
2011,SOUTHEAST ASIA,Malaysia,Free Access Attractions and Sites | Little India,%,7.750781041464244
2011,SOUTHEAST ASIA,Malaysia,Free Access Attractions and Sites | Esplanade Theatres by the Bay,%,2.072923068418432
2011,SOUTHEAST ASIA,Malaysia,Free Access Attractions and Sites | Singapore River/ Clarke Quay/ Boat Quay,%,6.751518410603071
2011,SOUTHEAST ASIA,Malaysia,Free Access Attractions and Sites | Singapore Botanic Gardens,%,1.148258372732415
2011,SOUTHEAST ASIA,Malaysia,Free Access Attractions and Sites | Raffles Hotel,%,4.889424052988461
2011,SOUTHEAST ASIA,Philippines,Major Attractions and Sites | Integrated Resort (MBS/RWS),%,40.50114110418919
2011,SOUTHEAST ASIA,Philippines,Major Attractions and Sites | Sentosa,%,50.0939557733882
2011,SOUTHEAST ASIA,Philippines,Major Attractions and Sites | Singapore Flyer/ Flight Experience,%,11.72044271465972
2011,SOUTHEAST ASIA,Philippines,Major Attractions and Sites | Singapore Zoo,%,10.29681043348493
2011,SOUTHEAST ASIA,Philippines,Major Attractions and Sites | Night Safari,%,8.96701755806927
2011,SOUTHEAST ASIA,Philippines,Major Attractions and Sites | Bird Paradise (formerly Jurong Bird Park),%,8.028291400702418
2011,SOUTHEAST ASIA,Philippines,Major Attractions and Sites | National Orchid Gardens,%,3.26191361299799
2011,SOUTHEAST ASIA,Philippines,Free Access Attractions and Sites | Orchard Road,%,56.38816148052973
2011,SOUTHEAST ASIA,Philippines,Free Access Attractions and Sites | Chinatown,%,28.25407705648906
2011,SOUTHEAST ASIA,Philippines,Free Access Attractions and Sites | Merlion Park,%,25.43022886098219
2011,SOUTHEAST ASIA,Philippines,Free Access Attractions and Sites | Little India,%,20.66553248658033
2011,SOUTHEAST ASIA,Philippines,Free Access Attractions and Sites | Esplanade Theatres by the Bay,%,16.36232974019553
2011,SOUTHEAST ASIA,Philippines,Free Access Attractions and Sites | Singapore River/ Clarke Quay/ Boat Quay,%,18.64333226369292
2011,SOUTHEAST ASIA,Philippines,Free Access Attractions and Sites | Singapore Botanic Gardens,%,7.936082583434751
2011,SOUTHEAST ASIA,Philippines,Free Access Attractions and Sites | Raffles Hotel,%,9.250475465801577
2011,SOUTHEAST ASIA,Thailand,Major Attractions and Sites | Integrated Resort (MBS/RWS),%,30.4318435193403
2011,SOUTHEAST ASIA,Thailand,Major Attractions and Sites | Sentosa,%,26.41467174496649
2011,SOUTHEAST ASIA,Thailand,Major Attractions and Sites | Singapore Flyer/ Flight Experience,%,6.34835173375027
2011,SOUTHEAST ASIA,Thailand,Major Attractions and Sites | Singapore Zoo,%,3.001048430644762
2011,SOUTHEAST ASIA,Thailand,Major Attractions and Sites | Night Safari,%,2.064921033620541
2011,SOUTHEAST ASIA,Thailand,Major Attractions and Sites | Bird Paradise (formerly Jurong Bird Park),%,1.295680346353926
2011,SOUTHEAST ASIA,Thailand,Major Attractions and Sites | National Orchid Gardens,%,1.015968829816131
2011,SOUTHEAST ASIA,Thailand,Free Access Attractions and Sites | Orchard Road,%,52.7066033251378
2011,SOUTHEAST ASIA,Thailand,Free Access Attractions and Sites | Chinatown,%,27.5526940520678
2011,SOUTHEAST ASIA,Thailand,Free Access Attractions and Sites | Merlion Park,%,12.00633208744195
2011,SOUTHEAST ASIA,Thailand,Free Access Attractions and Sites | Little India,%,14.15906471214585
2011,SOUTHEAST ASIA,Thailand,Free Access Attractions and Sites | Esplanade Theatres by the Bay,%,5.038058504586814
2011,SOUTHEAST ASIA,Thailand,Free Access Attractions and Sites | Singapore River/ Clarke Quay/ Boat Quay,%,15.43000370178465
2011,SOUTHEAST ASIA,Thailand,Free Access Attractions and Sites | Singapore Botanic Gardens,%,3.209995664329294
2011,SOUTHEAST ASIA,Thailand,Free Access Attractions and Sites | Raffles Hotel,%,6.952964855485305
2011,SOUTHEAST ASIA,Vietnam,Major Attractions and Sites | Integrated Resort (MBS/RWS),%,23.07036443454355
2011,SOUTHEAST ASIA,Vietnam,Major Attractions and Sites | Sentosa,%,46.9387604546764
2011,SOUTHEAST ASIA,Vietnam,Major Attractions and Sites | Singapore Flyer/ Flight Experience,%,13.74703328754724
2011,SOUTHEAST ASIA,Vietnam,Major Attractions and Sites | Singapore Zoo,%,7.187626923193529
2011,SOUTHEAST ASIA,Vietnam,Major Attractions and Sites | Night Safari,%,5.569603238220534
2011,SOUTHEAST ASIA,Vietnam,Major Attractions and Sites | Bird Paradise (formerly Jurong Bird Park),%,13.61245243541245
2011,SOUTHEAST ASIA,Vietnam,Major Attractions and Sites | National Orchid Gardens,%,2.484932665484798
2011,SOUTHEAST ASIA,Vietnam,Free Access Attractions and Sites | Orchard Road,%,59.55430177284918
2011,SOUTHEAST ASIA,Vietnam,Free Access Attractions and Sites | Chinatown,%,40.96656642955663
2011,SOUTHEAST ASIA,Vietnam,Free Access Attractions and Sites | Merlion Park,%,29.09921441901218
2011,SOUTHEAST ASIA,Vietnam,Free Access Attractions and Sites | Little India,%,18.66972395881975
2011,SOUTHEAST ASIA,Vietnam,Free Access Attractions and Sites | Esplanade Theatres by the Bay,%,13.3942782096872
2011,SOUTHEAST ASIA,Vietnam,Free Access Attractions and Sites | Singapore River/ Clarke Quay/ Boat Quay,%,26.42694835573941
2011,SOUTHEAST ASIA,Vietnam,Free Access Attractions and Sites | Singapore Botanic Gardens,%,4.848831441704411
2011,SOUTHEAST ASIA,Vietnam,Free Access Attractions and Sites | Raffles Hotel,%,16.99250955597197
2011,GREATER CHINA,China,Major Attractions and Sites | Integrated Resort (MBS/RWS),%,24.92411667392398
2011,GREATER CHINA,China,Major Attractions and Sites | Sentosa,%,48.91303110060212
2011,GREATER CHINA,China,Major Attractions and Sites | Singapore Flyer/ Flight Experience,%,10.13057377640814
2011,GREATER CHINA,China,Major Attractions and Sites | Singapore Zoo,%,4.856465919062865
2011,GREATER CHINA,China,Major Attractions and Sites | Night Safari,%,5.796035185082992
2011,GREATER CHINA,China,Major Attractions and Sites | Bird Paradise (formerly Jurong Bird Park),%,4.680747456544751
2011,GREATER CHINA,China,Major Attractions and Sites | National Orchid Gardens,%,3.203928500678504
2011,GREATER CHINA,China,Free Access Attractions and Sites | Orchard Road,%,46.46353575649312
2011,GREATER CHINA,China,Free Access Attractions and Sites | Chinatown,%,37.70988809372322
2011,GREATER CHINA,China,Free Access Attractions and Sites | Merlion Park,%,34.88833016203463
2011,GREATER CHINA,China,Free Access Attractions and Sites | Little India,%,12.46072668666769
2011,GREATER CHINA,China,Free Access Attractions and Sites | Esplanade Theatres by the Bay,%,8.152687036809763
2011,GREATER CHINA,China,Free Access Attractions and Sites | Singapore River/ Clarke Quay/ Boat Quay,%,23.93720630295194
2011,GREATER CHINA,China,Free Access Attractions and Sites | Singapore Botanic Gardens,%,6.937459454781905
2011,GREATER CHINA,China,Free Access Attractions and Sites | Raffles Hotel,%,8.400521477235795
2011,GREATER CHINA,Hong Kong SAR,Major Attractions and Sites | Integrated Resort (MBS/RWS),%,36.02988428978882
2011,GREATER CHINA,Hong Kong SAR,Major Attractions and Sites | Sentosa,%,26.95494428730271
2011,GREATER CHINA,Hong Kong SAR,Major Attractions and Sites | Singapore Flyer/ Flight Experience,%,8.674930600071665
2011,GREATER CHINA,Hong Kong SAR,Major Attractions and Sites | Singapore Zoo,%,5.321139154197009
2011,GREATER CHINA,Hong Kong SAR,Major Attractions and Sites | Night Safari,%,7.515417933295268
2011,GREATER CHINA,Hong Kong SAR,Major Attractions and Sites | Bird Paradise (formerly Jurong Bird Park),%,2.921896874640952
2011,GREATER CHINA,Hong Kong SAR,Major Attractions and Sites | National Orchid Gardens,%,1.357145549832898
2011,GREATER CHINA,Hong Kong SAR,Free Access Attractions and Sites | Orchard Road,%,38.64869549592898
2011,GREATER CHINA,Hong Kong SAR,Free Access Attractions and Sites | Chinatown,%,38.82313469255339
2011,GREATER CHINA,Hong Kong SAR,Free Access Attractions and Sites | Merlion Park,%,16.67192515060853
2011,GREATER CHINA,Hong Kong SAR,Free Access Attractions and Sites | Little India,%,12.71805833446847
2011,GREATER CHINA,Hong Kong SAR,Free Access Attractions and Sites | Esplanade Theatres by the Bay,%,7.292089696216553
2011,GREATER CHINA,Hong Kong SAR,Free Access Attractions and Sites | Singapore River/ Clarke Quay/ Boat Quay,%,17.08383302018555
2011,GREATER CHINA,Hong Kong SAR,Free Access Attractions and Sites | Singapore Botanic Gardens,%,2.650134790294481
2011,GREATER CHINA,Hong Kong SAR,Free Access Attractions and Sites | Raffles Hotel,%,13.99856296615945
2011,GREATER CHINA,Taiwan,Major Attractions and Sites | Integrated Resort (MBS/RWS),%,34.06201023338153
2011,GREATER CHINA,Taiwan,Major Attractions and Sites | Sentosa,%,29.84490954975802
2011,GREATER CHINA,Taiwan,Major Attractions and Sites | Singapore Flyer/ Flight Experience,%,8.826665608667637
2011,GREATER CHINA,Taiwan,Major Attractions and Sites | Singapore Zoo,%,2.922400019894487
2011,GREATER CHINA,Taiwan,Major Attractions and Sites | Night Safari,%,5.65466837491554
2011,GREATER CHINA,Taiwan,Major Attractions and Sites | Bird Paradise (formerly Jurong Bird Park),%,5.332466458218823
2011,GREATER CHINA,Taiwan,Major Attractions and Sites | National Orchid Gardens,%,0.95415170685259
2011,GREATER CHINA,Taiwan,Free Access Attractions and Sites | Orchard Road,%,35.75550693860818
2011,GREATER CHINA,Taiwan,Free Access Attractions and Sites | Chinatown,%,29.67273748488486
2011,GREATER CHINA,Taiwan,Free Access Attractions and Sites | Merlion Park,%,12.88588880601763
2011,GREATER CHINA,Taiwan,Free Access Attractions and Sites | Little India,%,15.45905065562942
2011,GREATER CHINA,Taiwan,Free Access Attractions and Sites | Esplanade Theatres by the Bay,%,5.647842833221368
2011,GREATER CHINA,Taiwan,Free Access Attractions and Sites | Singapore River/ Clarke Quay/ Boat Quay,%,13.82459051923843
2011,GREATER CHINA,Taiwan,Free Access Attractions and Sites | Singapore Botanic Gardens,%,6.008079161708873
2011,GREATER CHINA,Taiwan,Free Access Attractions and Sites | Raffles Hotel,%,7.882783305211618
2011,NORTH ASIA,Japan,Major Attractions and Sites | Integrated Resort (MBS/RWS),%,24.54842129212642
2011,NORTH ASIA,Japan,Major Attractions and Sites | Sentosa,%,28.02086896825915
2011,NORTH ASIA,Japan,Major Attractions and Sites | Singapore Flyer/ Flight Experience,%,8.505420092321792
2011,NORTH ASIA,Japan,Major Attractions and Sites | Singapore Zoo,%,4.793480175341005
2011,NORTH ASIA,Japan,Major Attractions and Sites | Night Safari,%,16.78157800427621
2011,NORTH ASIA,Japan,Major Attractions and Sites | Bird Paradise (formerly Jurong Bird Park),%,3.471628264328891
2011,NORTH ASIA,Japan,Major Attractions and Sites | National Orchid Gardens,%,5.074001211388889
2011,NORTH ASIA,Japan,Free Access Attractions and Sites | Orchard Road,%,42.46357677208174
2011,NORTH ASIA,Japan,Free Access Attractions and Sites | Chinatown,%,35.62531412748739
2011,NORTH ASIA,Japan,Free Access Attractions and Sites | Merlion Park,%,29.3747279167583
2011,NORTH ASIA,Japan,Free Access Attractions and Sites | Little India,%,19.08452888509417
2011,NORTH ASIA,Japan,Free Access Attractions and Sites | Esplanade Theatres by the Bay,%,5.253949194941305
2011,NORTH ASIA,Japan,Free Access Attractions and Sites | Singapore River/ Clarke Quay/ Boat Quay,%,16.9060447248605
2011,NORTH ASIA,Japan,Free Access Attractions and Sites | Singapore Botanic Gardens,%,8.184638317223907
2011,NORTH ASIA,Japan,Free Access Attractions and Sites | Raffles Hotel,%,10.71913162725263
2011,NORTH ASIA,South Korea,Major Attractions and Sites | Integrated Resort (MBS/RWS),%,24.10734475111731
2011,NORTH ASIA,South Korea,Major Attractions and Sites | Sentosa,%,35.43256405108605
2011,NORTH ASIA,South Korea,Major Attractions and Sites | Singapore Flyer/ Flight Experience,%,8.880836705412202
2011,NORTH ASIA,South Korea,Major Attractions and Sites | Singapore Zoo,%,3.878501621195852
2011,NORTH ASIA,South Korea,Major Attractions and Sites | Night Safari,%,9.293372227772153
2011,NORTH ASIA,South Korea,Major Attractions and Sites | Bird Paradise (formerly Jurong Bird Park),%,16.37902639902869
2011,NORTH ASIA,South Korea,Major Attractions and Sites | National Orchid Gardens,%,4.533470646698453
2011,NORTH ASIA,South Korea,Free Access Attractions and Sites | Orchard Road,%,46.23907388366928
2011,NORTH ASIA,South Korea,Free Access Attractions and Sites | Chinatown,%,33.61008963109573
2011,NORTH ASIA,South Korea,Free Access Attractions and Sites | Merlion Park,%,23.29453390765064
2011,NORTH ASIA,South Korea,Free Access Attractions and Sites | Little India,%,22.62184792719051
2011,NORTH ASIA,South Korea,Free Access Attractions and Sites | Esplanade Theatres by the Bay,%,7.584069070153915
2011,NORTH ASIA,South Korea,Free Access Attractions and Sites | Singapore River/ Clarke Quay/ Boat Quay,%,31.80369869008709
2011,NORTH ASIA,South Korea,Free Access Attractions and Sites | Singapore Botanic Gardens,%,11.47206479951885
2011,NORTH ASIA,South Korea,Free Access Attractions and Sites | Raffles Hotel,%,23.21694527296113
2011,SOUTH ASIA,India,Major Attractions and Sites | Integrated Resort (MBS/RWS),%,31.56431737525843
2011,SOUTH ASIA,India,Major Attractions and Sites | Sentosa,%,53.42004144392585
2011,SOUTH ASIA,India,Major Attractions and Sites | Singapore Flyer/ Flight Experience,%,20.50332297893756
2011,SOUTH ASIA,India,Major Attractions and Sites | Singapore Zoo,%,13.57427636102395
2011,SOUTH ASIA,India,Major Attractions and Sites | Night Safari,%,27.29384899663302
2011,SOUTH ASIA,India,Major Attractions and Sites | Bird Paradise (formerly Jurong Bird Park),%,17.96202106497347
2011,SOUTH ASIA,India,Major Attractions and Sites | National Orchid Gardens,%,3.420088910622751
2011,SOUTH ASIA,India,Free Access Attractions and Sites | Orchard Road,%,33.53709885517017
2011,SOUTH ASIA,India,Free Access Attractions and Sites | Chinatown,%,26.3495708733937
2011,SOUTH ASIA,India,Free Access Attractions and Sites | Merlion Park,%,21.99982621760582
2011,SOUTH ASIA,India,Free Access Attractions and Sites | Little India,%,59.12381027956311
2011,SOUTH ASIA,India,Free Access Attractions and Sites | Esplanade Theatres by the Bay,%,9.408934625046252
2011,SOUTH ASIA,India,Free Access Attractions and Sites | Singapore River/ Clarke Quay/ Boat Quay,%,16.47703845090014
2011,SOUTH ASIA,India,Free Access Attractions and Sites | Singapore Botanic Gardens,%,6.315509458297769
2011,SOUTH ASIA,India,Free Access Attractions and Sites | Raffles Hotel,%,8.394052484396447
2011,EUROPE,France,Major Attractions and Sites | Integrated Resort (MBS/RWS),%,18.96320209753346
2011,EUROPE,France,Major Attractions and Sites | Sentosa,%,23.91387483007055
2011,EUROPE,France,Major Attractions and Sites | Singapore Flyer/ Flight Experience,%,9.67657140774238
2011,EUROPE,France,Major Attractions and Sites | Singapore Zoo,%,9.057280632804424
2011,EUROPE,France,Major Attractions and Sites | Night Safari,%,10.02335346456536
2011,EUROPE,France,Major Attractions and Sites | Bird Paradise (formerly Jurong Bird Park),%,3.605629120212703
2011,EUROPE,France,Major Attractions and Sites | National Orchid Gardens,%,7.156904439161076
2011,EUROPE,France,Free Access Attractions and Sites | Orchard Road,%,45.85085017140122
2011,EUROPE,France,Free Access Attractions and Sites | Chinatown,%,44.18523116656866
2011,EUROPE,France,Free Access Attractions and Sites | Merlion Park,%,18.57264045511845
2011,EUROPE,France,Free Access Attractions and Sites | Little India,%,38.90660356258981
2011,EUROPE,France,Free Access Attractions and Sites | Esplanade Theatres by the Bay,%,18.59383572684075
2011,EUROPE,France,Free Access Attractions and Sites | Singapore River/ Clarke Quay/ Boat Quay,%,37.07338511783626
2011,EUROPE,France,Free Access Attractions and Sites | Singapore Botanic Gardens,%,15.05790887689726
2011,EUROPE,France,Free Access Attractions and Sites | Raffles Hotel,%,23.69209511302811
2011,EUROPE,Germany,Major Attractions and Sites | Integrated Resort (MBS/RWS),%,18.69029561583794
2011,EUROPE,Germany,Major Attractions and Sites | Sentosa,%,28.19986196980699
2011,EUROPE,Germany,Major Attractions and Sites | Singapore Flyer/ Flight Experience,%,16.93776285841664
2011,EUROPE,Germany,Major Attractions and Sites | Singapore Zoo,%,7.95008643504984
2011,EUROPE,Germany,Major Attractions and Sites | Night Safari,%,10.1516563977401
2011,EUROPE,Germany,Major Attractions and Sites | Bird Paradise (formerly Jurong Bird Park),%,4.65429149681473
2011,EUROPE,Germany,Major Attractions and Sites | National Orchid Gardens,%,4.043516453629201
2011,EUROPE,Germany,Free Access Attractions and Sites | Orchard Road,%,44.03159870186385
2011,EUROPE,Germany,Free Access Attractions and Sites | Chinatown,%,49.60146837567579
2011,EUROPE,Germany,Free Access Attractions and Sites | Merlion Park,%,19.56901969041466
2011,EUROPE,Germany,Free Access Attractions and Sites | Little India,%,44.01496485253811
2011,EUROPE,Germany,Free Access Attractions and Sites | Esplanade Theatres by the Bay,%,17.72085822519706
2011,EUROPE,Germany,Free Access Attractions and Sites | Singapore River/ Clarke Quay/ Boat Quay,%,44.06831613874973
2011,EUROPE,Germany,Free Access Attractions and Sites | Singapore Botanic Gardens,%,13.33767873568835
2011,EUROPE,Germany,Free Access Attractions and Sites | Raffles Hotel,%,22.90868231459844
2011,EUROPE,Italy,Major Attractions and Sites | Integrated Resort (MBS/RWS),%,18.52070142499812
2011,EUROPE,Italy,Major Attractions and Sites | Sentosa,%,19.93614887625306
2011,EUROPE,Italy,Major Attractions and Sites | Singapore Flyer/ Flight Experience,%,8.617550277147547
2011,EUROPE,Italy,Major Attractions and Sites | Singapore Zoo,%,7.288271096219283
2011,EUROPE,Italy,Major Attractions and Sites | Night Safari,%,7.223019294164704
2011,EUROPE,Italy,Major Attractions and Sites | National Orchid Gardens,%,5.950031853212654
2011,EUROPE,Italy,Free Access Attractions and Sites | Orchard Road,%,45.3001411108736
2011,EUROPE,Italy,Free Access Attractions and Sites | Chinatown,%,36.40239751127289
2011,EUROPE,Italy,Free Access Attractions and Sites | Merlion Park,%,11.59747892636108
2011,EUROPE,Italy,Free Access Attractions and Sites | Little India,%,39.18036955171388
2011,EUROPE,Italy,Free Access Attractions and Sites | Esplanade Theatres by the Bay,%,10.8621753693015
2011,EUROPE,Italy,Free Access Attractions and Sites | Singapore River/ Clarke Quay/ Boat Quay,%,35.08745933619377
2011,EUROPE,Italy,Free Access Attractions and Sites | Singapore Botanic Gardens,%,12.78337468334972
2011,EUROPE,Italy,Free Access Attractions and Sites | Raffles Hotel,%,22.20886652356953
2011,EUROPE,Netherlands,Major Attractions and Sites | Integrated Resort (MBS/RWS),%,20.59693603979117
2011,EUROPE,Netherlands,Major Attractions and Sites | Sentosa,%,23.56024930737942
2011,EUROPE,Netherlands,Major Attractions and Sites | Singapore Flyer/ Flight Experience,%,12.01441753645205
2011,EUROPE,Netherlands,Major Attractions and Sites | Singapore Zoo,%,9.4226578102168
2011,EUROPE,Netherlands,Major Attractions and Sites | Night Safari,%,6.254643092136455
2011,EUROPE,Netherlands,Major Attractions and Sites | Bird Paradise (formerly Jurong Bird Park),%,2.512632216508873
2011,EUROPE,Netherlands,Major Attractions and Sites | National Orchid Gardens,%,4.051963279519421
2011,EUROPE,Netherlands,Free Access Attractions and Sites | Orchard Road,%,41.61005664473321
2011,EUROPE,Netherlands,Free Access Attractions and Sites | Chinatown,%,42.25894741799512
2011,EUROPE,Netherlands,Free Access Attractions and Sites | Merlion Park,%,15.74473280851904
2011,EUROPE,Netherlands,Free Access Attractions and Sites | Little India,%,37.63829531000328
2011,EUROPE,Netherlands,Free Access Attractions and Sites | Esplanade Theatres by the Bay,%,14.29515888050718
2011,EUROPE,Netherlands,Free Access Attractions and Sites | Singapore River/ Clarke Quay/ Boat Quay,%,33.84583998660489
2011,EUROPE,Netherlands,Free Access Attractions and Sites | Singapore Botanic Gardens,%,11.46833708467725
2011,EUROPE,Netherlands,Free Access Attractions and Sites | Raffles Hotel,%,20.98623158367642
2011,EUROPE,Switzerland,Major Attractions and Sites | Integrated Resort (MBS/RWS),%,15.00091782768647
2011,EUROPE,Switzerland,Major Attractions and Sites | Sentosa,%,27.54759842872419
2011,EUROPE,Switzerland,Major Attractions and Sites | Singapore Flyer/ Flight Experience,%,12.90050207362872
2011,EUROPE,Switzerland,Major Attractions and Sites | Singapore Zoo,%,3.482966701339867
2011,EUROPE,Switzerland,Major Attractions and Sites | Night Safari,%,8.059142864878694
2011,EUROPE,Switzerland,Major Attractions and Sites | Bird Paradise (formerly Jurong Bird Park),%,3.394507590645267
2011,EUROPE,Switzerland,Major Attractions and Sites | National Orchid Gardens,%,1.607936392664039
2011,EUROPE,Switzerland,Free Access Attractions and Sites | Orchard Road,%,51.24054186170437
2011,EUROPE,Switzerland,Free Access Attractions and Sites | Chinatown,%,42.81905474834922
2011,EUROPE,Switzerland,Free Access Attractions and Sites | Merlion Park,%,19.30989554475434
2011,EUROPE,Switzerland,Free Access Attractions and Sites | Little India,%,35.30034308729079
2011,EUROPE,Switzerland,Free Access Attractions and Sites | Esplanade Theatres by the Bay,%,18.88868439211559
2011,EUROPE,Switzerland,Free Access Attractions and Sites | Singapore River/ Clarke Quay/ Boat Quay,%,49.84432117233779
2011,EUROPE,Switzerland,Free Access Attractions and Sites | Singapore Botanic Gardens,%,10.77914476139124
2011,EUROPE,Switzerland,Free Access Attractions and Sites | Raffles Hotel,%,24.12421486908168
2011,EUROPE,UK,Major Attractions and Sites | Integrated Resort (MBS/RWS),%,17.4393459225314
2011,EUROPE,UK,Major Attractions and Sites | Sentosa,%,22.48274705570715
2011,EUROPE,UK,Major Attractions and Sites | Singapore Flyer/ Flight Experience,%,11.83105232377067
2011,EUROPE,UK,Major Attractions and Sites | Singapore Zoo,%,8.275170265873838
2011,EUROPE,UK,Major Attractions and Sites | Night Safari,%,8.010613859737747
2011,EUROPE,UK,Major Attractions and Sites | Bird Paradise (formerly Jurong Bird Park),%,2.464098218045137
2011,EUROPE,UK,Major Attractions and Sites | National Orchid Gardens,%,6.590173960261768
2011,EUROPE,UK,Free Access Attractions and Sites | Orchard Road,%,42.62163994547752
2011,EUROPE,UK,Free Access Attractions and Sites | Chinatown,%,39.82351387487207
2011,EUROPE,UK,Free Access Attractions and Sites | Merlion Park,%,14.5810897958507
2011,EUROPE,UK,Free Access Attractions and Sites | Little India,%,31.29028047248176
2011,EUROPE,UK,Free Access Attractions and Sites | Esplanade Theatres by the Bay,%,12.39488179518161
2011,EUROPE,UK,Free Access Attractions and Sites | Singapore River/ Clarke Quay/ Boat Quay,%,34.00961994870904
2011,EUROPE,UK,Free Access Attractions and Sites | Singapore Botanic Gardens,%,13.90327094440795
2011,EUROPE,UK,Free Access Attractions and Sites | Raffles Hotel,%,22.70030193201573
2011,AMERICAS,Canada,Major Attractions and Sites | Integrated Resort (MBS/RWS),%,21.60998381669697
2011,AMERICAS,Canada,Major Attractions and Sites | Sentosa,%,29.31264118518806
2011,AMERICAS,Canada,Major Attractions and Sites | Singapore Flyer/ Flight Experience,%,15.29703350525122
2011,AMERICAS,Canada,Major Attractions and Sites | Singapore Zoo,%,11.53213729067758
2011,AMERICAS,Canada,Major Attractions and Sites | Night Safari,%,7.527875529086437
2011,AMERICAS,Canada,Major Attractions and Sites | Bird Paradise (formerly Jurong Bird Park),%,2.255827854441276
2011,AMERICAS,Canada,Major Attractions and Sites | National Orchid Gardens,%,9.58071783307472
2011,AMERICAS,Canada,Free Access Attractions and Sites | Orchard Road,%,54.62201984940427
2011,AMERICAS,Canada,Free Access Attractions and Sites | Chinatown,%,48.06064665297107
2011,AMERICAS,Canada,Free Access Attractions and Sites | Merlion Park,%,18.21470058149582
2011,AMERICAS,Canada,Free Access Attractions and Sites | Little India,%,37.11173756985662
2011,AMERICAS,Canada,Free Access Attractions and Sites | Esplanade Theatres by the Bay,%,13.23414412415736
2011,AMERICAS,Canada,Free Access Attractions and Sites | Singapore River/ Clarke Quay/ Boat Quay,%,37.50234091574226
2011,AMERICAS,Canada,Free Access Attractions and Sites | Singapore Botanic Gardens,%,17.47470681333843
2011,AMERICAS,Canada,Free Access Attractions and Sites | Raffles Hotel,%,11.52819107115305
2011,AMERICAS,USA,Major Attractions and Sites | Integrated Resort (MBS/RWS),%,19.16379538695003
2011,AMERICAS,USA,Major Attractions and Sites | Sentosa,%,17.76068553506623
2011,AMERICAS,USA,Major Attractions and Sites | Singapore Flyer/ Flight Experience,%,9.26402965220838
2011,AMERICAS,USA,Major Attractions and Sites | Singapore Zoo,%,5.053663311387657
2011,AMERICAS,USA,Major Attractions and Sites | Night Safari,%,6.009881737229193
2011,AMERICAS,USA,Major Attractions and Sites | Bird Paradise (formerly Jurong Bird Park),%,2.782838591428165
2011,AMERICAS,USA,Major Attractions and Sites | National Orchid Gardens,%,6.65139879935849
2011,AMERICAS,USA,Free Access Attractions and Sites | Orchard Road,%,41.84947342498975
2011,AMERICAS,USA,Free Access Attractions and Sites | Chinatown,%,31.7091997594919
2011,AMERICAS,USA,Free Access Attractions and Sites | Merlion Park,%,12.29586407980941
2011,AMERICAS,USA,Free Access Attractions and Sites | Little India,%,26.06334847007226
2011,AMERICAS,USA,Free Access Attractions and Sites | Esplanade Theatres by the Bay,%,9.716656101637488
2011,AMERICAS,USA,Free Access Attractions and Sites | Singapore River/ Clarke Quay/ Boat Quay,%,29.3944415617971
2011,AMERICAS,USA,Free Access Attractions and Sites | Singapore Botanic Gardens,%,12.64708514501083
2011,AMERICAS,USA,Free Access Attractions and Sites | Raffles Hotel,%,11.34772250866732
2011,OCEANIA,Australia,Major Attractions and Sites | Integrated Resort (MBS/RWS),%,22.59299865440821
2011,OCEANIA,Australia,Major Attractions and Sites | Sentosa,%,23.55798112785937
2011,OCEANIA,Australia,Major Attractions and Sites | Singapore Flyer/ Flight Experience,%,10.48982827275043
2011,OCEANIA,Australia,Major Attractions and Sites | Singapore Zoo,%,10.18894909079905
2011,OCEANIA,Australia,Major Attractions and Sites | Night Safari,%,9.665690110124157
2011,OCEANIA,Australia,Major Attractions and Sites | Bird Paradise (formerly Jurong Bird Park),%,2.967457533948139
2011,OCEANIA,Australia,Major Attractions and Sites | National Orchid Gardens,%,3.059220982204392
2011,OCEANIA,Australia,Free Access Attractions and Sites | Orchard Road,%,40.19156333030979
2011,OCEANIA,Australia,Free Access Attractions and Sites | Chinatown,%,30.87482829128759
2011,OCEANIA,Australia,Free Access Attractions and Sites | Merlion Park,%,10.02711418521985
2011,OCEANIA,Australia,Free Access Attractions and Sites | Little India,%,25.93771414900332
2011,OCEANIA,Australia,Free Access Attractions and Sites | Esplanade Theatres by the Bay,%,6.938619007083451
2011,OCEANIA,Australia,Free Access Attractions and Sites | Singapore River/ Clarke Quay/ Boat Quay,%,23.64573268327632
2011,OCEANIA,Australia,Free Access Attractions and Sites | Singapore Botanic Gardens,%,7.691216525554196
2011,OCEANIA,Australia,Free Access Attractions and Sites | Raffles Hotel,%,15.14975667924749
2011,OCEANIA,New Zealand,Major Attractions and Sites | Integrated Resort (MBS/RWS),%,23.87733772153631
2011,OCEANIA,New Zealand,Major Attractions and Sites | Sentosa,%,26.99091772979407
2011,OCEANIA,New Zealand,Major Attractions and Sites | Singapore Flyer/ Flight Experience,%,12.19245755322215
2011,OCEANIA,New Zealand,Major Attractions and Sites | Singapore Zoo,%,7.725440621737425
2011,OCEANIA,New Zealand,Major Attractions and Sites | Night Safari,%,15.27572539632914
2011,OCEANIA,New Zealand,Major Attractions and Sites | Bird Paradise (formerly Jurong Bird Park),%,6.145991293876479
2011,OCEANIA,New Zealand,Major Attractions and Sites | National Orchid Gardens,%,5.94723316683025
2011,OCEANIA,New Zealand,Free Access Attractions and Sites | Orchard Road,%,47.58535129814736
2011,OCEANIA,New Zealand,Free Access Attractions and Sites | Chinatown,%,38.14147268336242
2011,OCEANIA,New Zealand,Free Access Attractions and Sites | Merlion Park,%,16.05434275486071
2011,OCEANIA,New Zealand,Free Access Attractions and Sites | Little India,%,33.48220988204181
2011,OCEANIA,New Zealand,Free Access Attractions and Sites | Esplanade Theatres by the Bay,%,11.68330704487246
2011,OCEANIA,New Zealand,Free Access Attractions and Sites | Singapore River/ Clarke Quay/ Boat Quay,%,30.82635079494773
2011,OCEANIA,New Zealand,Free Access Attractions and Sites | Singapore Botanic Gardens,%,9.77740843002056
2011,OCEANIA,New Zealand,Free Access Attractions and Sites | Raffles Hotel,%,24.01818016566096
2011,AFRICA,South Africa (Rep of),Major Attractions and Sites | Integrated Resort (MBS/RWS),%,31.84289875802625
2011,AFRICA,South Africa (Rep of),Major Attractions and Sites | Sentosa,%,43.37759172188505
2011,AFRICA,South Africa (Rep of),Major Attractions and Sites | Singapore Flyer/ Flight Experience,%,16.97043427331939
2011,AFRICA,South Africa (Rep of),Major Attractions and Sites | Singapore Zoo,%,9.947394381214202
2011,AFRICA,South Africa (Rep of),Major Attractions and Sites | Night Safari,%,6.944060184944446
2011,AFRICA,South Africa (Rep of),Major Attractions and Sites | Bird Paradise (formerly Jurong Bird Park),%,3.430605510504361
2011,AFRICA,South Africa (Rep of),Major Attractions and Sites | National Orchid Gardens,%,11.22288714174346
2011,AFRICA,South Africa (Rep of),Free Access Attractions and Sites | Orchard Road,%,50.93284254450369
2011,AFRICA,South Africa (Rep of),Free Access Attractions and Sites | Chinatown,%,48.10150887359435
2011,AFRICA,South Africa (Rep of),Free Access Attractions and Sites | Merlion Park,%,22.40055674438772
2011,AFRICA,South Africa (Rep of),Free Access Attractions and Sites | Little India,%,46.65648686757704
2011,AFRICA,South Africa (Rep of),Free Access Attractions and Sites | Esplanade Theatres by the Bay,%,13.11437406617508
2011,AFRICA,South Africa (Rep of),Free Access Attractions and Sites | Singapore River/ Clarke Quay/ Boat Quay,%,40.09414812566747
2011,AFRICA,South Africa (Rep of),Free Access Attractions and Sites | Singapore Botanic Gardens,%,15.36877341369604
2011,AFRICA,South Africa (Rep of),Free Access Attractions and Sites | Raffles Hotel,%,19.08729494662432
2011,REMAINING,Others,Major Attractions and Sites | Integrated Resort (MBS/RWS),%,21.77179981177529
2011,REMAINING,Others,Major Attractions and Sites | Sentosa,%,34.09125864565608
2011,REMAINING,Others,Major Attractions and Sites | Singapore Flyer/ Flight Experience,%,13.89431228229119
2011,REMAINING,Others,Major Attractions and Sites | Singapore Zoo,%,9.888106158209531
2011,REMAINING,Others,Major Attractions and Sites | Night Safari,%,9.82034584345313
2011,REMAINING,Others,Major Attractions and Sites | Bird Paradise (formerly Jurong Bird Park),%,5.58504946328442
2011,REMAINING,Others,Major Attractions and Sites | National Orchid Gardens,%,3.669965302517978
2011,REMAINING,Others,Free Access Attractions and Sites | Orchard Road,%,49.14285763891777
2011,REMAINING,Others,Free Access Attractions and Sites | Chinatown,%,34.43617803896427
2011,REMAINING,Others,Free Access Attractions and Sites | Merlion Park,%,13.97876005826327
2011,REMAINING,Others,Free Access Attractions and Sites | Little India,%,39.23114254979042
2011,REMAINING,Others,Free Access Attractions and Sites | Esplanade Theatres by the Bay,%,10.76944747671177
2011,REMAINING,Others,Free Access Attractions and Sites | Singapore River/ Clarke Quay/ Boat Quay,%,25.09373271043551
2011,REMAINING,Others,Free Access Attractions and Sites | Singapore Botanic Gardens,%,7.658218746641263
2011,REMAINING,Others,Free Access Attractions and Sites | Raffles Hotel,%,19.7560558388748
2010,SOUTHEAST ASIA,Indonesia,Major Attractions and Sites | Integrated Resort (MBS/RWS),%,9.077737073937206
2010,SOUTHEAST ASIA,Indonesia,Major Attractions and Sites | Sentosa,%,19.64401624536391
2010,SOUTHEAST ASIA,Indonesia,Major Attractions and Sites | Singapore Flyer/ Flight Experience,%,5.317020061237491
2010,SOUTHEAST ASIA,Indonesia,Major Attractions and Sites | Singapore Zoo,%,2.386565399877994
2010,SOUTHEAST ASIA,Indonesia,Major Attractions and Sites | Night Safari,%,1.471410749715716
2010,SOUTHEAST ASIA,Indonesia,Major Attractions and Sites | Bird Paradise (formerly Jurong Bird Park),%,2.864813595750229
2010,SOUTHEAST ASIA,Indonesia,Major Attractions and Sites | National Orchid Gardens,%,1.607708925306236
2010,SOUTHEAST ASIA,Indonesia,Free Access Attractions and Sites | Orchard Road,%,50.82288828112944
2010,SOUTHEAST ASIA,Indonesia,Free Access Attractions and Sites | Chinatown,%,22.30617208298615
2010,SOUTHEAST ASIA,Indonesia,Free Access Attractions and Sites | Merlion Park,%,10.30899583222247
2010,SOUTHEAST ASIA,Indonesia,Free Access Attractions and Sites | Little India,%,12.34924007676471
2010,SOUTHEAST ASIA,Indonesia,Free Access Attractions and Sites | Esplanade Theatres by the Bay,%,6.007652188158841
2010,SOUTHEAST ASIA,Indonesia,Free Access Attractions and Sites | Singapore River/ Clarke Quay/ Boat Quay,%,7.567532192423629
2010,SOUTHEAST ASIA,Indonesia,Free Access Attractions and Sites | Singapore Botanic Gardens,%,2.009681121316978
2010,SOUTHEAST ASIA,Indonesia,Free Access Attractions and Sites | Raffles Hotel,%,4.808006948375525
2010,SOUTHEAST ASIA,Malaysia,Major Attractions and Sites | Integrated Resort (MBS/RWS),%,11.62767474447873
2010,SOUTHEAST ASIA,Malaysia,Major Attractions and Sites | Sentosa,%,11.59303464569063
2010,SOUTHEAST ASIA,Malaysia,Major Attractions and Sites | Singapore Flyer/ Flight Experience,%,2.163044570989933
2010,SOUTHEAST ASIA,Malaysia,Major Attractions and Sites | Singapore Zoo,%,3.243543447258429
2010,SOUTHEAST ASIA,Malaysia,Major Attractions and Sites | Night Safari,%,1.046212095516719
2010,SOUTHEAST ASIA,Malaysia,Major Attractions and Sites | Bird Paradise (formerly Jurong Bird Park),%,1.580970036950733
2010,SOUTHEAST ASIA,Malaysia,Free Access Attractions and Sites | Orchard Road,%,33.33744611503109
2010,SOUTHEAST ASIA,Malaysia,Free Access Attractions and Sites | Chinatown,%,13.29105657032758
2010,SOUTHEAST ASIA,Malaysia,Free Access Attractions and Sites | Merlion Park,%,3.22128219001151
2010,SOUTHEAST ASIA,Malaysia,Free Access Attractions and Sites | Little India,%,7.355487541293432
2010,SOUTHEAST ASIA,Malaysia,Free Access Attractions and Sites | Esplanade Theatres by the Bay,%,2.033212979271318
2010,SOUTHEAST ASIA,Malaysia,Free Access Attractions and Sites | Singapore River/ Clarke Quay/ Boat Quay,%,5.940107048657972
2010,SOUTHEAST ASIA,Malaysia,Free Access Attractions and Sites | Singapore Botanic Gardens,%,0.5307636919930564
2010,SOUTHEAST ASIA,Malaysia,Free Access Attractions and Sites | Raffles Hotel,%,4.528828528176587
2010,SOUTHEAST ASIA,Philippines,Major Attractions and Sites | Integrated Resort (MBS/RWS),%,10.50071847456769
2010,SOUTHEAST ASIA,Philippines,Major Attractions and Sites | Sentosa,%,51.6828832286343
2010,SOUTHEAST ASIA,Philippines,Major Attractions and Sites | Singapore Flyer/ Flight Experience,%,19.40395269492799
2010,SOUTHEAST ASIA,Philippines,Major Attractions and Sites | Singapore Zoo,%,15.41663808878347
2010,SOUTHEAST ASIA,Philippines,Major Attractions and Sites | Night Safari,%,12.88828646792831
2010,SOUTHEAST ASIA,Philippines,Major Attractions and Sites | Bird Paradise (formerly Jurong Bird Park),%,13.62180411636052
2010,SOUTHEAST ASIA,Philippines,Major Attractions and Sites | National Orchid Gardens,%,5.455894294707255
2010,SOUTHEAST ASIA,Philippines,Free Access Attractions and Sites | Orchard Road,%,64.22374153054113
2010,SOUTHEAST ASIA,Philippines,Free Access Attractions and Sites | Chinatown,%,39.56392071900897
2010,SOUTHEAST ASIA,Philippines,Free Access Attractions and Sites | Merlion Park,%,32.25630111507418
2010,SOUTHEAST ASIA,Philippines,Free Access Attractions and Sites | Little India,%,32.38725694428284
2010,SOUTHEAST ASIA,Philippines,Free Access Attractions and Sites | Esplanade Theatres by the Bay,%,26.644353757054
2010,SOUTHEAST ASIA,Philippines,Free Access Attractions and Sites | Singapore River/ Clarke Quay/ Boat Quay,%,29.27626750121242
2010,SOUTHEAST ASIA,Philippines,Free Access Attractions and Sites | Singapore Botanic Gardens,%,11.04546121367209
2010,SOUTHEAST ASIA,Philippines,Free Access Attractions and Sites | Raffles Hotel,%,19.2685078143528
2010,SOUTHEAST ASIA,Thailand,Major Attractions and Sites | Integrated Resort (MBS/RWS),%,14.70768694212592
2010,SOUTHEAST ASIA,Thailand,Major Attractions and Sites | Sentosa,%,26.55379081034268
2010,SOUTHEAST ASIA,Thailand,Major Attractions and Sites | Singapore Flyer/ Flight Experience,%,11.06826222254129
2010,SOUTHEAST ASIA,Thailand,Major Attractions and Sites | Singapore Zoo,%,3.760575791638867
2010,SOUTHEAST ASIA,Thailand,Major Attractions and Sites | Night Safari,%,3.383276119291343
2010,SOUTHEAST ASIA,Thailand,Major Attractions and Sites | Bird Paradise (formerly Jurong Bird Park),%,3.367947417507664
2010,SOUTHEAST ASIA,Thailand,Major Attractions and Sites | National Orchid Gardens,%,1.215311940826319
2010,SOUTHEAST ASIA,Thailand,Free Access Attractions and Sites | Orchard Road,%,52.80831234180415
2010,SOUTHEAST ASIA,Thailand,Free Access Attractions and Sites | Chinatown,%,30.19544104802712
2010,SOUTHEAST ASIA,Thailand,Free Access Attractions and Sites | Merlion Park,%,17.59997967863093
2010,SOUTHEAST ASIA,Thailand,Free Access Attractions and Sites | Little India,%,22.55688059067291
2010,SOUTHEAST ASIA,Thailand,Free Access Attractions and Sites | Esplanade Theatres by the Bay,%,8.13889422559422
2010,SOUTHEAST ASIA,Thailand,Free Access Attractions and Sites | Singapore River/ Clarke Quay/ Boat Quay,%,17.52634285213531
2010,SOUTHEAST ASIA,Thailand,Free Access Attractions and Sites | Singapore Botanic Gardens,%,3.286025942261645
2010,SOUTHEAST ASIA,Thailand,Free Access Attractions and Sites | Raffles Hotel,%,9.019769360383826
2010,SOUTHEAST ASIA,Vietnam,Major Attractions and Sites | Integrated Resort (MBS/RWS),%,8.77440227563177
2010,SOUTHEAST ASIA,Vietnam,Major Attractions and Sites | Sentosa,%,39.17189228266359
2010,SOUTHEAST ASIA,Vietnam,Major Attractions and Sites | Singapore Flyer/ Flight Experience,%,9.429115204983423
2010,SOUTHEAST ASIA,Vietnam,Major Attractions and Sites | Singapore Zoo,%,8.126381054702295
2010,SOUTHEAST ASIA,Vietnam,Major Attractions and Sites | Night Safari,%,4.286417007498495
2010,SOUTHEAST ASIA,Vietnam,Major Attractions and Sites | Bird Paradise (formerly Jurong Bird Park),%,15.53060951855317
2010,SOUTHEAST ASIA,Vietnam,Major Attractions and Sites | National Orchid Gardens,%,4.883169668114448
2010,SOUTHEAST ASIA,Vietnam,Free Access Attractions and Sites | Orchard Road,%,51.91117734750732
2010,SOUTHEAST ASIA,Vietnam,Free Access Attractions and Sites | Chinatown,%,40.17250338848908
2010,SOUTHEAST ASIA,Vietnam,Free Access Attractions and Sites | Merlion Park,%,22.66689202077999
2010,SOUTHEAST ASIA,Vietnam,Free Access Attractions and Sites | Little India,%,19.74629619459994
2010,SOUTHEAST ASIA,Vietnam,Free Access Attractions and Sites | Esplanade Theatres by the Bay,%,9.89593230307461
2010,SOUTHEAST ASIA,Vietnam,Free Access Attractions and Sites | Singapore River/ Clarke Quay/ Boat Quay,%,18.82552738646223
2010,SOUTHEAST ASIA,Vietnam,Free Access Attractions and Sites | Singapore Botanic Gardens,%,7.53329611662042
2010,SOUTHEAST ASIA,Vietnam,Free Access Attractions and Sites | Raffles Hotel,%,12.2230226497306
2010,GREATER CHINA,China,Major Attractions and Sites | Integrated Resort (MBS/RWS),%,15.6009172117176
2010,GREATER CHINA,China,Major Attractions and Sites | Sentosa,%,43.31573309778163
2010,GREATER CHINA,China,Major Attractions and Sites | Singapore Flyer/ Flight Experience,%,7.565407205170882
2010,GREATER CHINA,China,Major Attractions and Sites | Singapore Zoo,%,7.855544510037474
2010,GREATER CHINA,China,Major Attractions and Sites | Night Safari,%,5.521151506401051
2010,GREATER CHINA,China,Major Attractions and Sites | Bird Paradise (formerly Jurong Bird Park),%,5.167282052758686
2010,GREATER CHINA,China,Major Attractions and Sites | National Orchid Gardens,%,4.55534131899632
2010,GREATER CHINA,China,Free Access Attractions and Sites | Orchard Road,%,45.24056105607418
2010,GREATER CHINA,China,Free Access Attractions and Sites | Chinatown,%,31.05847203515988
2010,GREATER CHINA,China,Free Access Attractions and Sites | Merlion Park,%,30.32604845593777
2010,GREATER CHINA,China,Free Access Attractions and Sites | Little India,%,16.46354399564105
2010,GREATER CHINA,China,Free Access Attractions and Sites | Esplanade Theatres by the Bay,%,5.777691620832667
2010,GREATER CHINA,China,Free Access Attractions and Sites | Singapore River/ Clarke Quay/ Boat Quay,%,13.13832836164772
2010,GREATER CHINA,China,Free Access Attractions and Sites | Singapore Botanic Gardens,%,9.574188452188734
2010,GREATER CHINA,China,Free Access Attractions and Sites | Raffles Hotel,%,5.01527604881162
2010,GREATER CHINA,Hong Kong SAR,Major Attractions and Sites | Integrated Resort (MBS/RWS),%,31.23407468834255
2010,GREATER CHINA,Hong Kong SAR,Major Attractions and Sites | Sentosa,%,16.59208851969382
2010,GREATER CHINA,Hong Kong SAR,Major Attractions and Sites | Singapore Flyer/ Flight Experience,%,7.739161811147593
2010,GREATER CHINA,Hong Kong SAR,Major Attractions and Sites | Singapore Zoo,%,3.960772641034042
2010,GREATER CHINA,Hong Kong SAR,Major Attractions and Sites | Night Safari,%,6.061750518222953
2010,GREATER CHINA,Hong Kong SAR,Major Attractions and Sites | Bird Paradise (formerly Jurong Bird Park),%,3.806405844300087
2010,GREATER CHINA,Hong Kong SAR,Major Attractions and Sites | National Orchid Gardens,%,0.7160552008491174
2010,GREATER CHINA,Hong Kong SAR,Free Access Attractions and Sites | Orchard Road,%,38.128339238042
2010,GREATER CHINA,Hong Kong SAR,Free Access Attractions and Sites | Chinatown,%,40.32240627164019
2010,GREATER CHINA,Hong Kong SAR,Free Access Attractions and Sites | Merlion Park,%,17.41433540872564
2010,GREATER CHINA,Hong Kong SAR,Free Access Attractions and Sites | Little India,%,8.151195007324008
2010,GREATER CHINA,Hong Kong SAR,Free Access Attractions and Sites | Esplanade Theatres by the Bay,%,7.1790172368160174
2010,GREATER CHINA,Hong Kong SAR,Free Access Attractions and Sites | Singapore River/ Clarke Quay/ Boat Quay,%,22.86081641968041
2010,GREATER CHINA,Hong Kong SAR,Free Access Attractions and Sites | Singapore Botanic Gardens,%,2.357163871648285
2010,GREATER CHINA,Hong Kong SAR,Free Access Attractions and Sites | Raffles Hotel,%,13.5769848168537
2010,GREATER CHINA,Taiwan,Major Attractions and Sites | Integrated Resort (MBS/RWS),%,16.25267526965522
2010,GREATER CHINA,Taiwan,Major Attractions and Sites | Sentosa,%,28.07406553720963
2010,GREATER CHINA,Taiwan,Major Attractions and Sites | Singapore Flyer/ Flight Experience,%,12.5599096090336
2010,GREATER CHINA,Taiwan,Major Attractions and Sites | Singapore Zoo,%,3.164106395892333
2010,GREATER CHINA,Taiwan,Major Attractions and Sites | Night Safari,%,5.442341636815857
2010,GREATER CHINA,Taiwan,Major Attractions and Sites | Bird Paradise (formerly Jurong Bird Park),%,7.253609650828401
2010,GREATER CHINA,Taiwan,Major Attractions and Sites | National Orchid Gardens,%,2.752818016950624
2010,GREATER CHINA,Taiwan,Free Access Attractions and Sites | Orchard Road,%,38.0054352855404
2010,GREATER CHINA,Taiwan,Free Access Attractions and Sites | Chinatown,%,32.4390096522941
2010,GREATER CHINA,Taiwan,Free Access Attractions and Sites | Merlion Park,%,20.80140581133123
2010,GREATER CHINA,Taiwan,Free Access Attractions and Sites | Little India,%,13.96129916817657
2010,GREATER CHINA,Taiwan,Free Access Attractions and Sites | Esplanade Theatres by the Bay,%,8.929838881968502
2010,GREATER CHINA,Taiwan,Free Access Attractions and Sites | Singapore River/ Clarke Quay/ Boat Quay,%,17.5790472610652
2010,GREATER CHINA,Taiwan,Free Access Attractions and Sites | Singapore Botanic Gardens,%,5.451228614570323
2010,GREATER CHINA,Taiwan,Free Access Attractions and Sites | Raffles Hotel,%,8.190494200189562
2010,NORTH ASIA,Japan,Major Attractions and Sites | Integrated Resort (MBS/RWS),%,5.501871491303319
2010,NORTH ASIA,Japan,Major Attractions and Sites | Sentosa,%,25.78181747502514
2010,NORTH ASIA,Japan,Major Attractions and Sites | Singapore Flyer/ Flight Experience,%,9.02100120929837
2010,NORTH ASIA,Japan,Major Attractions and Sites | Singapore Zoo,%,5.093791426571192
2010,NORTH ASIA,Japan,Major Attractions and Sites | Night Safari,%,14.35590418505206
2010,NORTH ASIA,Japan,Major Attractions and Sites | Bird Paradise (formerly Jurong Bird Park),%,2.7956991142752
2010,NORTH ASIA,Japan,Major Attractions and Sites | National Orchid Gardens,%,3.946054092475284
2010,NORTH ASIA,Japan,Free Access Attractions and Sites | Orchard Road,%,42.17090459342758
2010,NORTH ASIA,Japan,Free Access Attractions and Sites | Chinatown,%,32.33416267543211
2010,NORTH ASIA,Japan,Free Access Attractions and Sites | Merlion Park,%,29.67531613152561
2010,NORTH ASIA,Japan,Free Access Attractions and Sites | Little India,%,24.7621173911026
2010,NORTH ASIA,Japan,Free Access Attractions and Sites | Esplanade Theatres by the Bay,%,3.811993161322358
2010,NORTH ASIA,Japan,Free Access Attractions and Sites | Singapore River/ Clarke Quay/ Boat Quay,%,17.18384719379144
2010,NORTH ASIA,Japan,Free Access Attractions and Sites | Singapore Botanic Gardens,%,8.541341666655239
2010,NORTH ASIA,Japan,Free Access Attractions and Sites | Raffles Hotel,%,5.639429432832054
2010,NORTH ASIA,South Korea,Major Attractions and Sites | Integrated Resort (MBS/RWS),%,8.592418403445762
2010,NORTH ASIA,South Korea,Major Attractions and Sites | Sentosa,%,32.06289188006846
2010,NORTH ASIA,South Korea,Major Attractions and Sites | Singapore Flyer/ Flight Experience,%,10.19596611334649
2010,NORTH ASIA,South Korea,Major Attractions and Sites | Singapore Zoo,%,5.562606927931934
2010,NORTH ASIA,South Korea,Major Attractions and Sites | Night Safari,%,11.57394431853931
2010,NORTH ASIA,South Korea,Major Attractions and Sites | Bird Paradise (formerly Jurong Bird Park),%,12.72351566885422
2010,NORTH ASIA,South Korea,Major Attractions and Sites | National Orchid Gardens,%,2.085690835522164
2010,NORTH ASIA,South Korea,Free Access Attractions and Sites | Orchard Road,%,40.13104410859478
2010,NORTH ASIA,South Korea,Free Access Attractions and Sites | Chinatown,%,34.09876837350139
2010,NORTH ASIA,South Korea,Free Access Attractions and Sites | Merlion Park,%,21.62188579242419
2010,NORTH ASIA,South Korea,Free Access Attractions and Sites | Little India,%,18.10133165236847
2010,NORTH ASIA,South Korea,Free Access Attractions and Sites | Esplanade Theatres by the Bay,%,9.391488994644714
2010,NORTH ASIA,South Korea,Free Access Attractions and Sites | Singapore River/ Clarke Quay/ Boat Quay,%,31.05334510319897
2010,NORTH ASIA,South Korea,Free Access Attractions and Sites | Singapore Botanic Gardens,%,10.77710298871212
2010,NORTH ASIA,South Korea,Free Access Attractions and Sites | Raffles Hotel,%,16.69774215685448
2010,SOUTH ASIA,India,Major Attractions and Sites | Integrated Resort (MBS/RWS),%,7.504984378479432
2010,SOUTH ASIA,India,Major Attractions and Sites | Sentosa,%,51.12322336491353
2010,SOUTH ASIA,India,Major Attractions and Sites | Singapore Flyer/ Flight Experience,%,22.25629137022299
2010,SOUTH ASIA,India,Major Attractions and Sites | Singapore Zoo,%,13.96209537040592
2010,SOUTH ASIA,India,Major Attractions and Sites | Night Safari,%,28.1892131663737
2010,SOUTH ASIA,India,Major Attractions and Sites | Bird Paradise (formerly Jurong Bird Park),%,21.04795488791677
2010,SOUTH ASIA,India,Major Attractions and Sites | National Orchid Gardens,%,6.841837640377494
2010,SOUTH ASIA,India,Free Access Attractions and Sites | Orchard Road,%,30.05738427270507
2010,SOUTH ASIA,India,Free Access Attractions and Sites | Chinatown,%,33.04124596250521
2010,SOUTH ASIA,India,Free Access Attractions and Sites | Merlion Park,%,24.4984178015421
2010,SOUTH ASIA,India,Free Access Attractions and Sites | Little India,%,62.1816720035495
2010,SOUTH ASIA,India,Free Access Attractions and Sites | Esplanade Theatres by the Bay,%,8.131808004249836
2010,SOUTH ASIA,India,Free Access Attractions and Sites | Singapore River/ Clarke Quay/ Boat Quay,%,19.03287377862119
2010,SOUTH ASIA,India,Free Access Attractions and Sites | Singapore Botanic Gardens,%,9.332618008545328
2010,SOUTH ASIA,India,Free Access Attractions and Sites | Raffles Hotel,%,7.855723259617323
2010,EUROPE,France,Major Attractions and Sites | Integrated Resort (MBS/RWS),%,3.847355212425282
2010,EUROPE,France,Major Attractions and Sites | Sentosa,%,24.62556781471718
2010,EUROPE,France,Major Attractions and Sites | Singapore Flyer/ Flight Experience,%,11.63659423809633
2010,EUROPE,France,Major Attractions and Sites | Singapore Zoo,%,7.201172389535528
2010,EUROPE,France,Major Attractions and Sites | Night Safari,%,6.830487421412782
2010,EUROPE,France,Major Attractions and Sites | Bird Paradise (formerly Jurong Bird Park),%,3.918692187607711
2010,EUROPE,France,Major Attractions and Sites | National Orchid Gardens,%,4.735321446246733
2010,EUROPE,France,Free Access Attractions and Sites | Orchard Road,%,46.86824702748467
2010,EUROPE,France,Free Access Attractions and Sites | Chinatown,%,45.51513981886014
2010,EUROPE,France,Free Access Attractions and Sites | Merlion Park,%,17.80418631683454
2010,EUROPE,France,Free Access Attractions and Sites | Little India,%,41.54343731568905
2010,EUROPE,France,Free Access Attractions and Sites | Esplanade Theatres by the Bay,%,17.69742601998082
2010,EUROPE,France,Free Access Attractions and Sites | Singapore River/ Clarke Quay/ Boat Quay,%,34.3371062503245
2010,EUROPE,France,Free Access Attractions and Sites | Singapore Botanic Gardens,%,11.07445311276806
2010,EUROPE,France,Free Access Attractions and Sites | Raffles Hotel,%,25.71096860838218
2010,EUROPE,Germany,Major Attractions and Sites | Integrated Resort (MBS/RWS),%,7.401330871016073
2010,EUROPE,Germany,Major Attractions and Sites | Sentosa,%,26.29846482331946
2010,EUROPE,Germany,Major Attractions and Sites | Singapore Flyer/ Flight Experience,%,15.43800656015376
2010,EUROPE,Germany,Major Attractions and Sites | Singapore Zoo,%,9.035358229588615
2010,EUROPE,Germany,Major Attractions and Sites | Night Safari,%,9.883966012990578
2010,EUROPE,Germany,Major Attractions and Sites | Bird Paradise (formerly Jurong Bird Park),%,4.969046337224221
2010,EUROPE,Germany,Major Attractions and Sites | National Orchid Gardens,%,7.371428551687321
2010,EUROPE,Germany,Free Access Attractions and Sites | Orchard Road,%,50.03244951104057
2010,EUROPE,Germany,Free Access Attractions and Sites | Chinatown,%,52.87043619500747
2010,EUROPE,Germany,Free Access Attractions and Sites | Merlion Park,%,19.5982541561746
2010,EUROPE,Germany,Free Access Attractions and Sites | Little India,%,48.92244618593098
2010,EUROPE,Germany,Free Access Attractions and Sites | Esplanade Theatres by the Bay,%,16.9353800777313
2010,EUROPE,Germany,Free Access Attractions and Sites | Singapore River/ Clarke Quay/ Boat Quay,%,39.36165685437204
2010,EUROPE,Germany,Free Access Attractions and Sites | Singapore Botanic Gardens,%,13.63609763977807
2010,EUROPE,Germany,Free Access Attractions and Sites | Raffles Hotel,%,24.15757110706558
2010,EUROPE,Italy,Major Attractions and Sites | Integrated Resort (MBS/RWS),%,5.416213464164217
2010,EUROPE,Italy,Major Attractions and Sites | Sentosa,%,29.35321253060563
2010,EUROPE,Italy,Major Attractions and Sites | Singapore Flyer/ Flight Experience,%,10.48498453333642
2010,EUROPE,Italy,Major Attractions and Sites | Singapore Zoo,%,11.44608240193469
2010,EUROPE,Italy,Major Attractions and Sites | Night Safari,%,4.080095346092431
2010,EUROPE,Italy,Major Attractions and Sites | National Orchid Gardens,%,12.64253700840064
2010,EUROPE,Italy,Free Access Attractions and Sites | Orchard Road,%,45.28426403762931
2010,EUROPE,Italy,Free Access Attractions and Sites | Chinatown,%,43.47037405614312
2010,EUROPE,Italy,Free Access Attractions and Sites | Merlion Park,%,30.42901884543288
2010,EUROPE,Italy,Free Access Attractions and Sites | Little India,%,41.12563930480665
2010,EUROPE,Italy,Free Access Attractions and Sites | Esplanade Theatres by the Bay,%,23.64185816852191
2010,EUROPE,Italy,Free Access Attractions and Sites | Singapore River/ Clarke Quay/ Boat Quay,%,43.4251695167897
2010,EUROPE,Italy,Free Access Attractions and Sites | Singapore Botanic Gardens,%,19.02709958112517
2010,EUROPE,Italy,Free Access Attractions and Sites | Raffles Hotel,%,23.13434850686168
2010,EUROPE,Netherlands,Major Attractions and Sites | Integrated Resort (MBS/RWS),%,5.163093810504535
2010,EUROPE,Netherlands,Major Attractions and Sites | Sentosa,%,26.96151317063378
2010,EUROPE,Netherlands,Major Attractions and Sites | Singapore Flyer/ Flight Experience,%,13.08248427811369
2010,EUROPE,Netherlands,Major Attractions and Sites | Singapore Zoo,%,6.38838637259656
2010,EUROPE,Netherlands,Major Attractions and Sites | Night Safari,%,5.757068071619296
2010,EUROPE,Netherlands,Major Attractions and Sites | Bird Paradise (formerly Jurong Bird Park),%,2.120057061710293
2010,EUROPE,Netherlands,Major Attractions and Sites | National Orchid Gardens,%,4.722262841293865
2010,EUROPE,Netherlands,Free Access Attractions and Sites | Orchard Road,%,57.97834154765563
2010,EUROPE,Netherlands,Free Access Attractions and Sites | Chinatown,%,50.03056819392901
2010,EUROPE,Netherlands,Free Access Attractions and Sites | Merlion Park,%,18.65337702539486
2010,EUROPE,Netherlands,Free Access Attractions and Sites | Little India,%,41.75315459497197
2010,EUROPE,Netherlands,Free Access Attractions and Sites | Esplanade Theatres by the Bay,%,15.86615936866999
2010,EUROPE,Netherlands,Free Access Attractions and Sites | Singapore River/ Clarke Quay/ Boat Quay,%,47.76446805921919
2010,EUROPE,Netherlands,Free Access Attractions and Sites | Singapore Botanic Gardens,%,10.64193729433864
2010,EUROPE,Netherlands,Free Access Attractions and Sites | Raffles Hotel,%,23.97214933998146
2010,EUROPE,Switzerland,Major Attractions and Sites | Integrated Resort (MBS/RWS),%,9.016026990619173
2010,EUROPE,Switzerland,Major Attractions and Sites | Sentosa,%,22.57314853384559
2010,EUROPE,Switzerland,Major Attractions and Sites | Singapore Flyer/ Flight Experience,%,14.42330014461391
2010,EUROPE,Switzerland,Major Attractions and Sites | Singapore Zoo,%,11.21244358688096
2010,EUROPE,Switzerland,Major Attractions and Sites | Night Safari,%,5.731062032206835
2010,EUROPE,Switzerland,Major Attractions and Sites | Bird Paradise (formerly Jurong Bird Park),%,3.325223665699808
2010,EUROPE,Switzerland,Major Attractions and Sites | National Orchid Gardens,%,2.853251404821718
2010,EUROPE,Switzerland,Free Access Attractions and Sites | Orchard Road,%,48.82428756344392
2010,EUROPE,Switzerland,Free Access Attractions and Sites | Chinatown,%,48.45914457830929
2010,EUROPE,Switzerland,Free Access Attractions and Sites | Merlion Park,%,17.36390499791516
2010,EUROPE,Switzerland,Free Access Attractions and Sites | Little India,%,44.47511438542385
2010,EUROPE,Switzerland,Free Access Attractions and Sites | Esplanade Theatres by the Bay,%,16.11678738310291
2010,EUROPE,Switzerland,Free Access Attractions and Sites | Singapore River/ Clarke Quay/ Boat Quay,%,51.21927219451335
2010,EUROPE,Switzerland,Free Access Attractions and Sites | Singapore Botanic Gardens,%,5.696254328490696
2010,EUROPE,Switzerland,Free Access Attractions and Sites | Raffles Hotel,%,28.02038333768952
2010,EUROPE,UK,Major Attractions and Sites | Integrated Resort (MBS/RWS),%,6.089363422457885
2010,EUROPE,UK,Major Attractions and Sites | Sentosa,%,24.17995409001465
2010,EUROPE,UK,Major Attractions and Sites | Singapore Flyer/ Flight Experience,%,16.37784405945029
2010,EUROPE,UK,Major Attractions and Sites | Singapore Zoo,%,12.40915314701025
2010,EUROPE,UK,Major Attractions and Sites | Night Safari,%,12.23659176461425
2010,EUROPE,UK,Major Attractions and Sites | Bird Paradise (formerly Jurong Bird Park),%,4.247399329329015
2010,EUROPE,UK,Major Attractions and Sites | National Orchid Gardens,%,11.59491225071295
2010,EUROPE,UK,Free Access Attractions and Sites | Orchard Road,%,50.96674374750663
2010,EUROPE,UK,Free Access Attractions and Sites | Chinatown,%,46.77341639572801
2010,EUROPE,UK,Free Access Attractions and Sites | Merlion Park,%,18.57477302919051
2010,EUROPE,UK,Free Access Attractions and Sites | Little India,%,39.77122508490883
2010,EUROPE,UK,Free Access Attractions and Sites | Esplanade Theatres by the Bay,%,13.69919738066712
2010,EUROPE,UK,Free Access Attractions and Sites | Singapore River/ Clarke Quay/ Boat Quay,%,38.36519963175371
2010,EUROPE,UK,Free Access Attractions and Sites | Singapore Botanic Gardens,%,19.93934291581022
2010,EUROPE,UK,Free Access Attractions and Sites | Raffles Hotel,%,26.92016909412987
2010,AMERICAS,Canada,Major Attractions and Sites | Integrated Resort (MBS/RWS),%,9.038428660544044
2010,AMERICAS,Canada,Major Attractions and Sites | Sentosa,%,36.34616471852731
2010,AMERICAS,Canada,Major Attractions and Sites | Singapore Flyer/ Flight Experience,%,20.42353459934133
2010,AMERICAS,Canada,Major Attractions and Sites | Singapore Zoo,%,14.48840674839308
2010,AMERICAS,Canada,Major Attractions and Sites | Night Safari,%,6.466143016427055
2010,AMERICAS,Canada,Major Attractions and Sites | Bird Paradise (formerly Jurong Bird Park),%,9.73283297610858
2010,AMERICAS,Canada,Major Attractions and Sites | National Orchid Gardens,%,11.14693570378356
2010,AMERICAS,Canada,Free Access Attractions and Sites | Orchard Road,%,59.10557020554767
2010,AMERICAS,Canada,Free Access Attractions and Sites | Chinatown,%,58.26813289357454
2010,AMERICAS,Canada,Free Access Attractions and Sites | Merlion Park,%,28.31698393186024
2010,AMERICAS,Canada,Free Access Attractions and Sites | Little India,%,47.91220136080215
2010,AMERICAS,Canada,Free Access Attractions and Sites | Esplanade Theatres by the Bay,%,17.64778412306063
2010,AMERICAS,Canada,Free Access Attractions and Sites | Singapore River/ Clarke Quay/ Boat Quay,%,26.23765048064346
2010,AMERICAS,Canada,Free Access Attractions and Sites | Singapore Botanic Gardens,%,18.86602897967432
2010,AMERICAS,Canada,Free Access Attractions and Sites | Raffles Hotel,%,19.16877049261427
2010,AMERICAS,USA,Major Attractions and Sites | Integrated Resort (MBS/RWS),%,6.380653110947447
2010,AMERICAS,USA,Major Attractions and Sites | Sentosa,%,18.44543162897006
2010,AMERICAS,USA,Major Attractions and Sites | Singapore Flyer/ Flight Experience,%,11.04815486285922
2010,AMERICAS,USA,Major Attractions and Sites | Singapore Zoo,%,6.286943774482889
2010,AMERICAS,USA,Major Attractions and Sites | Night Safari,%,8.395408867261075
2010,AMERICAS,USA,Major Attractions and Sites | Bird Paradise (formerly Jurong Bird Park),%,3.738716075598558
2010,AMERICAS,USA,Major Attractions and Sites | National Orchid Gardens,%,7.418912161933993
2010,AMERICAS,USA,Free Access Attractions and Sites | Orchard Road,%,41.99236452683313
2010,AMERICAS,USA,Free Access Attractions and Sites | Chinatown,%,31.74004800349735
2010,AMERICAS,USA,Free Access Attractions and Sites | Merlion Park,%,12.70258738254306
2010,AMERICAS,USA,Free Access Attractions and Sites | Little India,%,25.9899509549855
2010,AMERICAS,USA,Free Access Attractions and Sites | Esplanade Theatres by the Bay,%,10.15702090729355
2010,AMERICAS,USA,Free Access Attractions and Sites | Singapore River/ Clarke Quay/ Boat Quay,%,27.11104721879826
2010,AMERICAS,USA,Free Access Attractions and Sites | Singapore Botanic Gardens,%,11.61998041535792
2010,AMERICAS,USA,Free Access Attractions and Sites | Raffles Hotel,%,14.10865934372131
2010,OCEANIA,Australia,Major Attractions and Sites | Integrated Resort (MBS/RWS),%,8.027883542868276
2010,OCEANIA,Australia,Major Attractions and Sites | Sentosa,%,23.04126187472473
2010,OCEANIA,Australia,Major Attractions and Sites | Singapore Flyer/ Flight Experience,%,10.91495753724984
2010,OCEANIA,Australia,Major Attractions and Sites | Singapore Zoo,%,9.76867253973886
2010,OCEANIA,Australia,Major Attractions and Sites | Night Safari,%,9.117889764156107
2010,OCEANIA,Australia,Major Attractions and Sites | Bird Paradise (formerly Jurong Bird Park),%,4.371946761857043
2010,OCEANIA,Australia,Major Attractions and Sites | National Orchid Gardens,%,5.903580500398849
2010,OCEANIA,Australia,Free Access Attractions and Sites | Orchard Road,%,48.00813058836932
2010,OCEANIA,Australia,Free Access Attractions and Sites | Chinatown,%,32.66403901921203
2010,OCEANIA,Australia,Free Access Attractions and Sites | Merlion Park,%,12.99741327757602
2010,OCEANIA,Australia,Free Access Attractions and Sites | Little India,%,28.36380581623798
2010,OCEANIA,Australia,Free Access Attractions and Sites | Esplanade Theatres by the Bay,%,8.935567099788582
2010,OCEANIA,Australia,Free Access Attractions and Sites | Singapore River/ Clarke Quay/ Boat Quay,%,28.96658773770687
2010,OCEANIA,Australia,Free Access Attractions and Sites | Singapore Botanic Gardens,%,11.2603263678002
2010,OCEANIA,Australia,Free Access Attractions and Sites | Raffles Hotel,%,18.00435513592602
2010,OCEANIA,New Zealand,Major Attractions and Sites | Integrated Resort (MBS/RWS),%,9.588930169982763
2010,OCEANIA,New Zealand,Major Attractions and Sites | Sentosa,%,18.01360251232244
2010,OCEANIA,New Zealand,Major Attractions and Sites | Singapore Flyer/ Flight Experience,%,10.72420646360676
2010,OCEANIA,New Zealand,Major Attractions and Sites | Singapore Zoo,%,8.26592297962464
2010,OCEANIA,New Zealand,Major Attractions and Sites | Night Safari,%,9.962812490428064
2010,OCEANIA,New Zealand,Major Attractions and Sites | Bird Paradise (formerly Jurong Bird Park),%,3.033991990641383
2010,OCEANIA,New Zealand,Major Attractions and Sites | National Orchid Gardens,%,3.60997302372442
2010,OCEANIA,New Zealand,Free Access Attractions and Sites | Orchard Road,%,41.30528526730716
2010,OCEANIA,New Zealand,Free Access Attractions and Sites | Chinatown,%,33.32899304275836
2010,OCEANIA,New Zealand,Free Access Attractions and Sites | Merlion Park,%,14.29499512029204
2010,OCEANIA,New Zealand,Free Access Attractions and Sites | Little India,%,29.75889961630854
2010,OCEANIA,New Zealand,Free Access Attractions and Sites | Esplanade Theatres by the Bay,%,10.19240947886386
2010,OCEANIA,New Zealand,Free Access Attractions and Sites | Singapore River/ Clarke Quay/ Boat Quay,%,24.80001334268215
2010,OCEANIA,New Zealand,Free Access Attractions and Sites | Singapore Botanic Gardens,%,7.710521499786493
2010,OCEANIA,New Zealand,Free Access Attractions and Sites | Raffles Hotel,%,27.49683901594363
2010,AFRICA,South Africa (Rep of),Major Attractions and Sites | Integrated Resort (MBS/RWS),%,9.32888103173438
2010,AFRICA,South Africa (Rep of),Major Attractions and Sites | Sentosa,%,36.13291429309918
2010,AFRICA,South Africa (Rep of),Major Attractions and Sites | Singapore Flyer/ Flight Experience,%,20.62888757910778
2010,AFRICA,South Africa (Rep of),Major Attractions and Sites | Singapore Zoo,%,12.48523538258674
2010,AFRICA,South Africa (Rep of),Major Attractions and Sites | Night Safari,%,8.03771361235165
2010,AFRICA,South Africa (Rep of),Major Attractions and Sites | Bird Paradise (formerly Jurong Bird Park),%,8.352124664407999
2010,AFRICA,South Africa (Rep of),Major Attractions and Sites | National Orchid Gardens,%,10.94886400837889
2010,AFRICA,South Africa (Rep of),Free Access Attractions and Sites | Orchard Road,%,53.3939632023578
2010,AFRICA,South Africa (Rep of),Free Access Attractions and Sites | Chinatown,%,49.01204740383828
2010,AFRICA,South Africa (Rep of),Free Access Attractions and Sites | Merlion Park,%,21.9068945199989
2010,AFRICA,South Africa (Rep of),Free Access Attractions and Sites | Little India,%,40.81496758955977
2010,AFRICA,South Africa (Rep of),Free Access Attractions and Sites | Esplanade Theatres by the Bay,%,18.25574543333241
2010,AFRICA,South Africa (Rep of),Free Access Attractions and Sites | Singapore River/ Clarke Quay/ Boat Quay,%,37.45734302381602
2010,AFRICA,South Africa (Rep of),Free Access Attractions and Sites | Singapore Botanic Gardens,%,25.24107902838626
2010,AFRICA,South Africa (Rep of),Free Access Attractions and Sites | Raffles Hotel,%,23.20480586670443
2010,REMAINING,Others,Major Attractions and Sites | Integrated Resort (MBS/RWS),%,5.93782877255954
2010,REMAINING,Others,Major Attractions and Sites | Sentosa,%,34.7124288609617
2010,REMAINING,Others,Major Attractions and Sites | Singapore Flyer/ Flight Experience,%,14.78571618796761
2010,REMAINING,Others,Major Attractions and Sites | Singapore Zoo,%,12.558040550837
2010,REMAINING,Others,Major Attractions and Sites | Night Safari,%,11.37480175906279
2010,REMAINING,Others,Major Attractions and Sites | Bird Paradise (formerly Jurong Bird Park),%,6.970211753992271
2010,REMAINING,Others,Major Attractions and Sites | National Orchid Gardens,%,4.517569335893188
2010,REMAINING,Others,Free Access Attractions and Sites | Orchard Road,%,49.64404589511309
2010,REMAINING,Others,Free Access Attractions and Sites | Chinatown,%,36.47963762996049
2010,REMAINING,Others,Free Access Attractions and Sites | Merlion Park,%,16.18447113387894
2010,REMAINING,Others,Free Access Attractions and Sites | Little India,%,43.21256544481317
2010,REMAINING,Others,Free Access Attractions and Sites | Esplanade Theatres by the Bay,%,12.24602841332171
2010,REMAINING,Others,Free Access Attractions and Sites | Singapore River/ Clarke Quay/ Boat Quay,%,27.21334018156077
2010,REMAINING,Others,Free Access Attractions and Sites | Singapore Botanic Gardens,%,7.965476311168767
2010,REMAINING,Others,Free Access Attractions and Sites | Raffles Hotel,%,18.13068027613367
2009,SOUTHEAST ASIA,Indonesia,Major Attractions and Sites | Sentosa,%,9.991674324949583
2009,SOUTHEAST ASIA,Indonesia,Major Attractions and Sites | Singapore Flyer/ Flight Experience,%,3.708961787904629
2009,SOUTHEAST ASIA,Indonesia,Major Attractions and Sites | Singapore Zoo,%,1.958824567980135
2009,SOUTHEAST ASIA,Indonesia,Major Attractions and Sites | Night Safari,%,1.019775818255665
2009,SOUTHEAST ASIA,Indonesia,Major Attractions and Sites | Bird Paradise (formerly Jurong Bird Park),%,1.469379888759761
2009,SOUTHEAST ASIA,Indonesia,Major Attractions and Sites | National Orchid Gardens,%,0.754209838596745
2009,SOUTHEAST ASIA,Indonesia,Free Access Attractions and Sites | Orchard Road,%,38.64682192740438
2009,SOUTHEAST ASIA,Indonesia,Free Access Attractions and Sites | Chinatown,%,13.65697899228232
2009,SOUTHEAST ASIA,Indonesia,Free Access Attractions and Sites | Merlion Park,%,7.154760786437058
2009,SOUTHEAST ASIA,Indonesia,Free Access Attractions and Sites | Little India,%,8.434146599217033
2009,SOUTHEAST ASIA,Indonesia,Free Access Attractions and Sites | Esplanade Theatres by the Bay,%,4.604970739966143
2009,SOUTHEAST ASIA,Indonesia,Free Access Attractions and Sites | Singapore River/ Clarke Quay/ Boat Quay,%,4.413577395673415
2009,SOUTHEAST ASIA,Indonesia,Free Access Attractions and Sites | Singapore Botanic Gardens,%,1.763548128902468
2009,SOUTHEAST ASIA,Indonesia,Free Access Attractions and Sites | Raffles Hotel,%,3.294149411811135
2009,SOUTHEAST ASIA,Malaysia,Major Attractions and Sites | Sentosa,%,7.270431653664087
2009,SOUTHEAST ASIA,Malaysia,Major Attractions and Sites | Singapore Flyer/ Flight Experience,%,2.039880691043738
2009,SOUTHEAST ASIA,Malaysia,Major Attractions and Sites | Singapore Zoo,%,2.038464744087114
2009,SOUTHEAST ASIA,Malaysia,Major Attractions and Sites | Night Safari,%,0.9610868757457464
2009,SOUTHEAST ASIA,Malaysia,Major Attractions and Sites | Bird Paradise (formerly Jurong Bird Park),%,0.7932040417950644
2009,SOUTHEAST ASIA,Malaysia,Major Attractions and Sites | National Orchid Gardens,%,0.6686170229887421
2009,SOUTHEAST ASIA,Malaysia,Free Access Attractions and Sites | Orchard Road,%,32.60600933093727
2009,SOUTHEAST ASIA,Malaysia,Free Access Attractions and Sites | Chinatown,%,9.517965427462176
2009,SOUTHEAST ASIA,Malaysia,Free Access Attractions and Sites | Merlion Park,%,2.560870952437253
2009,SOUTHEAST ASIA,Malaysia,Free Access Attractions and Sites | Little India,%,5.222997306427627
2009,SOUTHEAST ASIA,Malaysia,Free Access Attractions and Sites | Esplanade Theatres by the Bay,%,1.72835613688078
2009,SOUTHEAST ASIA,Malaysia,Free Access Attractions and Sites | Singapore River/ Clarke Quay/ Boat Quay,%,4.791321247568139
2009,SOUTHEAST ASIA,Malaysia,Free Access Attractions and Sites | Singapore Botanic Gardens,%,0.6203459309908462
2009,SOUTHEAST ASIA,Malaysia,Free Access Attractions and Sites | Raffles Hotel,%,1.496616973393187
2009,SOUTHEAST ASIA,Philippines,Major Attractions and Sites | Sentosa,%,34.21766127237549
2009,SOUTHEAST ASIA,Philippines,Major Attractions and Sites | Singapore Flyer/ Flight Experience,%,11.3102212666299
2009,SOUTHEAST ASIA,Philippines,Major Attractions and Sites | Singapore Zoo,%,11.93491650091223
2009,SOUTHEAST ASIA,Philippines,Major Attractions and Sites | Night Safari,%,9.74812283571785
2009,SOUTHEAST ASIA,Philippines,Major Attractions and Sites | Bird Paradise (formerly Jurong Bird Park),%,6.323194899265022
2009,SOUTHEAST ASIA,Philippines,Major Attractions and Sites | National Orchid Gardens,%,2.439994498449203
2009,SOUTHEAST ASIA,Philippines,Free Access Attractions and Sites | Orchard Road,%,48.83167335806075
2009,SOUTHEAST ASIA,Philippines,Free Access Attractions and Sites | Chinatown,%,27.63672318089541
2009,SOUTHEAST ASIA,Philippines,Free Access Attractions and Sites | Merlion Park,%,20.17312186471043
2009,SOUTHEAST ASIA,Philippines,Free Access Attractions and Sites | Little India,%,21.2304877055174
2009,SOUTHEAST ASIA,Philippines,Free Access Attractions and Sites | Esplanade Theatres by the Bay,%,14.92098314634008
2009,SOUTHEAST ASIA,Philippines,Free Access Attractions and Sites | Singapore River/ Clarke Quay/ Boat Quay,%,16.41826761403402
2009,SOUTHEAST ASIA,Philippines,Free Access Attractions and Sites | Singapore Botanic Gardens,%,7.43571794855572
2009,SOUTHEAST ASIA,Philippines,Free Access Attractions and Sites | Raffles Hotel,%,9.436503288104216
2009,SOUTHEAST ASIA,Thailand,Major Attractions and Sites | Sentosa,%,18.23567152611824
2009,SOUTHEAST ASIA,Thailand,Major Attractions and Sites | Singapore Flyer/ Flight Experience,%,4.871021843726024
2009,SOUTHEAST ASIA,Thailand,Major Attractions and Sites | Singapore Zoo,%,3.123196522165254
2009,SOUTHEAST ASIA,Thailand,Major Attractions and Sites | Night Safari,%,3.349992396229793
2009,SOUTHEAST ASIA,Thailand,Major Attractions and Sites | Bird Paradise (formerly Jurong Bird Park),%,2.634137457640719
2009,SOUTHEAST ASIA,Thailand,Major Attractions and Sites | National Orchid Gardens,%,1.611696606299169
2009,SOUTHEAST ASIA,Thailand,Free Access Attractions and Sites | Orchard Road,%,43.16109125544013
2009,SOUTHEAST ASIA,Thailand,Free Access Attractions and Sites | Chinatown,%,18.88940965637195
2009,SOUTHEAST ASIA,Thailand,Free Access Attractions and Sites | Merlion Park,%,11.63521093686834
2009,SOUTHEAST ASIA,Thailand,Free Access Attractions and Sites | Little India,%,12.12283487870077
2009,SOUTHEAST ASIA,Thailand,Free Access Attractions and Sites | Esplanade Theatres by the Bay,%,5.554169391146018
2009,SOUTHEAST ASIA,Thailand,Free Access Attractions and Sites | Singapore River/ Clarke Quay/ Boat Quay,%,13.05938821052352
2009,SOUTHEAST ASIA,Thailand,Free Access Attractions and Sites | Singapore Botanic Gardens,%,2.696189720208967
2009,SOUTHEAST ASIA,Thailand,Free Access Attractions and Sites | Raffles Hotel,%,6.260806924545753
2009,SOUTHEAST ASIA,Vietnam,Major Attractions and Sites | Sentosa,%,38.23948893183758
2009,SOUTHEAST ASIA,Vietnam,Major Attractions and Sites | Singapore Flyer/ Flight Experience,%,6.02419878718273
2009,SOUTHEAST ASIA,Vietnam,Major Attractions and Sites | Singapore Zoo,%,6.655711029238494
2009,SOUTHEAST ASIA,Vietnam,Major Attractions and Sites | Night Safari,%,4.502843237705138
2009,SOUTHEAST ASIA,Vietnam,Major Attractions and Sites | Bird Paradise (formerly Jurong Bird Park),%,19.54935259221838
2009,SOUTHEAST ASIA,Vietnam,Major Attractions and Sites | National Orchid Gardens,%,3.723815060106803
2009,SOUTHEAST ASIA,Vietnam,Free Access Attractions and Sites | Orchard Road,%,45.67324125719537
2009,SOUTHEAST ASIA,Vietnam,Free Access Attractions and Sites | Chinatown,%,25.29253066121222
2009,SOUTHEAST ASIA,Vietnam,Free Access Attractions and Sites | Merlion Park,%,21.48618768966898
2009,SOUTHEAST ASIA,Vietnam,Free Access Attractions and Sites | Little India,%,14.80654532392172
2009,SOUTHEAST ASIA,Vietnam,Free Access Attractions and Sites | Esplanade Theatres by the Bay,%,10.44119559685869
2009,SOUTHEAST ASIA,Vietnam,Free Access Attractions and Sites | Singapore River/ Clarke Quay/ Boat Quay,%,15.53183597214097
2009,SOUTHEAST ASIA,Vietnam,Free Access Attractions and Sites | Singapore Botanic Gardens,%,6.357098055948084
2009,SOUTHEAST ASIA,Vietnam,Free Access Attractions and Sites | Raffles Hotel,%,8.141890655967392
2009,GREATER CHINA,China,Major Attractions and Sites | Sentosa,%,26.78087367631887
2009,GREATER CHINA,China,Major Attractions and Sites | Singapore Flyer/ Flight Experience,%,6.059769896757133
2009,GREATER CHINA,China,Major Attractions and Sites | Singapore Zoo,%,4.905461117086719
2009,GREATER CHINA,China,Major Attractions and Sites | Night Safari,%,4.311754162336292
2009,GREATER CHINA,China,Major Attractions and Sites | Bird Paradise (formerly Jurong Bird Park),%,3.71789647542076
2009,GREATER CHINA,China,Major Attractions and Sites | National Orchid Gardens,%,2.640279601271963
2009,GREATER CHINA,China,Free Access Attractions and Sites | Orchard Road,%,31.26878812895463
2009,GREATER CHINA,China,Free Access Attractions and Sites | Chinatown,%,20.74940247924699
2009,GREATER CHINA,China,Free Access Attractions and Sites | Merlion Park,%,18.8593742594852
2009,GREATER CHINA,China,Free Access Attractions and Sites | Little India,%,11.21873917072881
2009,GREATER CHINA,China,Free Access Attractions and Sites | Esplanade Theatres by the Bay,%,6.028801002069299
2009,GREATER CHINA,China,Free Access Attractions and Sites | Singapore River/ Clarke Quay/ Boat Quay,%,9.636132422595551
2009,GREATER CHINA,China,Free Access Attractions and Sites | Singapore Botanic Gardens,%,6.105244958050832
2009,GREATER CHINA,China,Free Access Attractions and Sites | Raffles Hotel,%,3.909664087903939
2009,GREATER CHINA,Hong Kong SAR,Major Attractions and Sites | Sentosa,%,19.49238913828438
2009,GREATER CHINA,Hong Kong SAR,Major Attractions and Sites | Singapore Flyer/ Flight Experience,%,4.44607698092257
2009,GREATER CHINA,Hong Kong SAR,Major Attractions and Sites | Singapore Zoo,%,4.019388517885282
2009,GREATER CHINA,Hong Kong SAR,Major Attractions and Sites | Night Safari,%,6.15199964226654
2009,GREATER CHINA,Hong Kong SAR,Major Attractions and Sites | Bird Paradise (formerly Jurong Bird Park),%,0.755804262673902
2009,GREATER CHINA,Hong Kong SAR,Major Attractions and Sites | National Orchid Gardens,%,0.8201258077058841
2009,GREATER CHINA,Hong Kong SAR,Free Access Attractions and Sites | Orchard Road,%,31.26992529369974
2009,GREATER CHINA,Hong Kong SAR,Free Access Attractions and Sites | Chinatown,%,29.75741579820585
2009,GREATER CHINA,Hong Kong SAR,Free Access Attractions and Sites | Merlion Park,%,14.19274817541256
2009,GREATER CHINA,Hong Kong SAR,Free Access Attractions and Sites | Little India,%,10.03208865738655
2009,GREATER CHINA,Hong Kong SAR,Free Access Attractions and Sites | Esplanade Theatres by the Bay,%,6.580371597403566
2009,GREATER CHINA,Hong Kong SAR,Free Access Attractions and Sites | Singapore River/ Clarke Quay/ Boat Quay,%,19.7222742352912
2009,GREATER CHINA,Hong Kong SAR,Free Access Attractions and Sites | Singapore Botanic Gardens,%,2.692264829564815
2009,GREATER CHINA,Hong Kong SAR,Free Access Attractions and Sites | Raffles Hotel,%,4.738553891771826
2009,GREATER CHINA,Taiwan,Major Attractions and Sites | Sentosa,%,18.85365932189596
2009,GREATER CHINA,Taiwan,Major Attractions and Sites | Singapore Flyer/ Flight Experience,%,5.645367597276045
2009,GREATER CHINA,Taiwan,Major Attractions and Sites | Singapore Zoo,%,2.821448466968603
2009,GREATER CHINA,Taiwan,Major Attractions and Sites | Night Safari,%,5.584467659051556
2009,GREATER CHINA,Taiwan,Major Attractions and Sites | Bird Paradise (formerly Jurong Bird Park),%,4.812217345846456
2009,GREATER CHINA,Taiwan,Free Access Attractions and Sites | Orchard Road,%,32.87221553345852
2009,GREATER CHINA,Taiwan,Free Access Attractions and Sites | Chinatown,%,21.75628664836453
2009,GREATER CHINA,Taiwan,Free Access Attractions and Sites | Merlion Park,%,10.8865375279555
2009,GREATER CHINA,Taiwan,Free Access Attractions and Sites | Little India,%,15.64970486492637
2009,GREATER CHINA,Taiwan,Free Access Attractions and Sites | Esplanade Theatres by the Bay,%,5.649620790135659
2009,GREATER CHINA,Taiwan,Free Access Attractions and Sites | Singapore River/ Clarke Quay/ Boat Quay,%,12.93676337863663
2009,GREATER CHINA,Taiwan,Free Access Attractions and Sites | Singapore Botanic Gardens,%,2.162305890586147
2009,GREATER CHINA,Taiwan,Free Access Attractions and Sites | Raffles Hotel,%,3.831542474335448
2009,NORTH ASIA,Japan,Major Attractions and Sites | Sentosa,%,15.25576211391196
2009,NORTH ASIA,Japan,Major Attractions and Sites | Singapore Flyer/ Flight Experience,%,8.043590011906247
2009,NORTH ASIA,Japan,Major Attractions and Sites | Singapore Zoo,%,6.645350609167348
2009,NORTH ASIA,Japan,Major Attractions and Sites | Night Safari,%,14.77187047575014
2009,NORTH ASIA,Japan,Major Attractions and Sites | Bird Paradise (formerly Jurong Bird Park),%,3.203230944205273
2009,NORTH ASIA,Japan,Major Attractions and Sites | National Orchid Gardens,%,4.435008143123941
2009,NORTH ASIA,Japan,Free Access Attractions and Sites | Orchard Road,%,36.41624254261144
2009,NORTH ASIA,Japan,Free Access Attractions and Sites | Chinatown,%,19.25178736515651
2009,NORTH ASIA,Japan,Free Access Attractions and Sites | Merlion Park,%,20.2988360462395
2009,NORTH ASIA,Japan,Free Access Attractions and Sites | Little India,%,13.04176350067072
2009,NORTH ASIA,Japan,Free Access Attractions and Sites | Esplanade Theatres by the Bay,%,4.220299465376599
2009,NORTH ASIA,Japan,Free Access Attractions and Sites | Singapore River/ Clarke Quay/ Boat Quay,%,10.84591194413484
2009,NORTH ASIA,Japan,Free Access Attractions and Sites | Singapore Botanic Gardens,%,5.448224594655374
2009,NORTH ASIA,Japan,Free Access Attractions and Sites | Raffles Hotel,%,4.619212639129059
2009,NORTH ASIA,South Korea,Major Attractions and Sites | Sentosa,%,24.9644764657509
2009,NORTH ASIA,South Korea,Major Attractions and Sites | Singapore Flyer/ Flight Experience,%,7.164120045464523
2009,NORTH ASIA,South Korea,Major Attractions and Sites | Singapore Zoo,%,5.85513109639171
2009,NORTH ASIA,South Korea,Major Attractions and Sites | Night Safari,%,9.600006571719035
2009,NORTH ASIA,South Korea,Major Attractions and Sites | Bird Paradise (formerly Jurong Bird Park),%,6.915246355510856
2009,NORTH ASIA,South Korea,Major Attractions and Sites | National Orchid Gardens,%,1.791928696188801
2009,NORTH ASIA,South Korea,Free Access Attractions and Sites | Orchard Road,%,33.90255237904834
2009,NORTH ASIA,South Korea,Free Access Attractions and Sites | Chinatown,%,26.03605351482847
2009,NORTH ASIA,South Korea,Free Access Attractions and Sites | Merlion Park,%,15.92968450323035
2009,NORTH ASIA,South Korea,Free Access Attractions and Sites | Little India,%,12.86218857252204
2009,NORTH ASIA,South Korea,Free Access Attractions and Sites | Esplanade Theatres by the Bay,%,7.848103776094249
2009,NORTH ASIA,South Korea,Free Access Attractions and Sites | Singapore River/ Clarke Quay/ Boat Quay,%,20.81616460106133
2009,NORTH ASIA,South Korea,Free Access Attractions and Sites | Singapore Botanic Gardens,%,7.487768015118397
2009,NORTH ASIA,South Korea,Free Access Attractions and Sites | Raffles Hotel,%,9.3528788232427
2009,SOUTH ASIA,India,Major Attractions and Sites | Sentosa,%,40.75171045998368
2009,SOUTH ASIA,India,Major Attractions and Sites | Singapore Flyer/ Flight Experience,%,16.24702200113594
2009,SOUTH ASIA,India,Major Attractions and Sites | Singapore Zoo,%,10.63307003188865
2009,SOUTH ASIA,India,Major Attractions and Sites | Night Safari,%,28.56723173767709
2009,SOUTH ASIA,India,Major Attractions and Sites | Bird Paradise (formerly Jurong Bird Park),%,17.37548965805564
2009,SOUTH ASIA,India,Major Attractions and Sites | National Orchid Gardens,%,7.201594036506292
2009,SOUTH ASIA,India,Free Access Attractions and Sites | Orchard Road,%,27.12411360942267
2009,SOUTH ASIA,India,Free Access Attractions and Sites | Chinatown,%,26.61560651796396
2009,SOUTH ASIA,India,Free Access Attractions and Sites | Merlion Park,%,21.89088576376111
2009,SOUTH ASIA,India,Free Access Attractions and Sites | Little India,%,48.15202806505488
2009,SOUTH ASIA,India,Free Access Attractions and Sites | Esplanade Theatres by the Bay,%,7.586095662153832
2009,SOUTH ASIA,India,Free Access Attractions and Sites | Singapore River/ Clarke Quay/ Boat Quay,%,17.60673722362034
2009,SOUTH ASIA,India,Free Access Attractions and Sites | Singapore Botanic Gardens,%,11.01078100589812
2009,SOUTH ASIA,India,Free Access Attractions and Sites | Raffles Hotel,%,6.179486190663098
2009,EUROPE,France,Major Attractions and Sites | Sentosa,%,16.66125761138591
2009,EUROPE,France,Major Attractions and Sites | Singapore Flyer/ Flight Experience,%,8.402967489770843
2009,EUROPE,France,Major Attractions and Sites | Singapore Zoo,%,7.067195732070864
2009,EUROPE,France,Major Attractions and Sites | Night Safari,%,8.15687434672984
2009,EUROPE,France,Major Attractions and Sites | Bird Paradise (formerly Jurong Bird Park),%,3.666929938591278
2009,EUROPE,France,Major Attractions and Sites | National Orchid Gardens,%,6.335108392478855
2009,EUROPE,France,Free Access Attractions and Sites | Orchard Road,%,38.98029449042676
2009,EUROPE,France,Free Access Attractions and Sites | Chinatown,%,36.63761178333726
2009,EUROPE,France,Free Access Attractions and Sites | Merlion Park,%,12.34328896668988
2009,EUROPE,France,Free Access Attractions and Sites | Little India,%,31.24962866096419
2009,EUROPE,France,Free Access Attractions and Sites | Esplanade Theatres by the Bay,%,13.97562268947458
2009,EUROPE,France,Free Access Attractions and Sites | Singapore River/ Clarke Quay/ Boat Quay,%,19.6791549038624
2009,EUROPE,France,Free Access Attractions and Sites | Singapore Botanic Gardens,%,13.76726493957367
2009,EUROPE,France,Free Access Attractions and Sites | Raffles Hotel,%,14.66258858529821
2009,EUROPE,Germany,Major Attractions and Sites | Sentosa,%,17.89927519527751
2009,EUROPE,Germany,Major Attractions and Sites | Singapore Flyer/ Flight Experience,%,12.95326508183145
2009,EUROPE,Germany,Major Attractions and Sites | Singapore Zoo,%,7.967374182140706
2009,EUROPE,Germany,Major Attractions and Sites | Night Safari,%,9.275834442314194
2009,EUROPE,Germany,Major Attractions and Sites | Bird Paradise (formerly Jurong Bird Park),%,1.361418988858422
2009,EUROPE,Germany,Major Attractions and Sites | National Orchid Gardens,%,7.795560949649577
2009,EUROPE,Germany,Free Access Attractions and Sites | Orchard Road,%,43.22275715964201
2009,EUROPE,Germany,Free Access Attractions and Sites | Chinatown,%,38.4604439990353
2009,EUROPE,Germany,Free Access Attractions and Sites | Merlion Park,%,13.48898032227327
2009,EUROPE,Germany,Free Access Attractions and Sites | Little India,%,31.40870231436708
2009,EUROPE,Germany,Free Access Attractions and Sites | Esplanade Theatres by the Bay,%,11.01719051733265
2009,EUROPE,Germany,Free Access Attractions and Sites | Singapore River/ Clarke Quay/ Boat Quay,%,28.52558572694095
2009,EUROPE,Germany,Free Access Attractions and Sites | Singapore Botanic Gardens,%,14.98611418911247
2009,EUROPE,Germany,Free Access Attractions and Sites | Raffles Hotel,%,15.40262065529112
2009,EUROPE,Italy,Major Attractions and Sites | Sentosa,%,17.34887969005755
2009,EUROPE,Italy,Major Attractions and Sites | Singapore Flyer/ Flight Experience,%,12.47057524250645
2009,EUROPE,Italy,Major Attractions and Sites | Singapore Zoo,%,7.178358001953713
2009,EUROPE,Italy,Major Attractions and Sites | Night Safari,%,4.291629186695394
2009,EUROPE,Italy,Major Attractions and Sites | Bird Paradise (formerly Jurong Bird Park),%,1.279258402286264
2009,EUROPE,Italy,Major Attractions and Sites | National Orchid Gardens,%,5.246599948368327
2009,EUROPE,Italy,Free Access Attractions and Sites | Orchard Road,%,42.11740800696769
2009,EUROPE,Italy,Free Access Attractions and Sites | Chinatown,%,41.01324905676745
2009,EUROPE,Italy,Free Access Attractions and Sites | Merlion Park,%,18.79697218171228
2009,EUROPE,Italy,Free Access Attractions and Sites | Little India,%,39.63705190322526
2009,EUROPE,Italy,Free Access Attractions and Sites | Esplanade Theatres by the Bay,%,10.79315363767295
2009,EUROPE,Italy,Free Access Attractions and Sites | Singapore River/ Clarke Quay/ Boat Quay,%,21.93404292643578
2009,EUROPE,Italy,Free Access Attractions and Sites | Singapore Botanic Gardens,%,7.874851483084754
2009,EUROPE,Italy,Free Access Attractions and Sites | Raffles Hotel,%,11.84920398186267
2009,EUROPE,Netherlands,Major Attractions and Sites | Sentosa,%,10.86359154991062
2009,EUROPE,Netherlands,Major Attractions and Sites | Singapore Flyer/ Flight Experience,%,6.800233841602211
2009,EUROPE,Netherlands,Major Attractions and Sites | Singapore Zoo,%,6.420600358500669
2009,EUROPE,Netherlands,Major Attractions and Sites | Night Safari,%,2.518528977441988
2009,EUROPE,Netherlands,Major Attractions and Sites | Bird Paradise (formerly Jurong Bird Park),%,2.56024394831093
2009,EUROPE,Netherlands,Major Attractions and Sites | National Orchid Gardens,%,4.412175619042853
2009,EUROPE,Netherlands,Free Access Attractions and Sites | Orchard Road,%,38.0339714433846
2009,EUROPE,Netherlands,Free Access Attractions and Sites | Chinatown,%,31.84747282546869
2009,EUROPE,Netherlands,Free Access Attractions and Sites | Merlion Park,%,16.86885050981967
2009,EUROPE,Netherlands,Free Access Attractions and Sites | Little India,%,31.49285841685963
2009,EUROPE,Netherlands,Free Access Attractions and Sites | Esplanade Theatres by the Bay,%,12.27243789811877
2009,EUROPE,Netherlands,Free Access Attractions and Sites | Singapore River/ Clarke Quay/ Boat Quay,%,27.08864679011784
2009,EUROPE,Netherlands,Free Access Attractions and Sites | Singapore Botanic Gardens,%,13.07626854138265
2009,EUROPE,Netherlands,Free Access Attractions and Sites | Raffles Hotel,%,12.00166215824738
2009,EUROPE,Switzerland,Major Attractions and Sites | Sentosa,%,11.77080544801097
2009,EUROPE,Switzerland,Major Attractions and Sites | Singapore Flyer/ Flight Experience,%,4.270881655967078
2009,EUROPE,Switzerland,Major Attractions and Sites | Singapore Zoo,%,5.595740671422038
2009,EUROPE,Switzerland,Major Attractions and Sites | Night Safari,%,7.865039974394149
2009,EUROPE,Switzerland,Major Attractions and Sites | Bird Paradise (formerly Jurong Bird Park),%,2.622161255967078
2009,EUROPE,Switzerland,Major Attractions and Sites | National Orchid Gardens,%,2.286236854138089
2009,EUROPE,Switzerland,Free Access Attractions and Sites | Orchard Road,%,41.24173698545953
2009,EUROPE,Switzerland,Free Access Attractions and Sites | Chinatown,%,29.4681547987197
2009,EUROPE,Switzerland,Free Access Attractions and Sites | Merlion Park,%,9.299200509739368
2009,EUROPE,Switzerland,Free Access Attractions and Sites | Little India,%,28.28732870507544
2009,EUROPE,Switzerland,Free Access Attractions and Sites | Esplanade Theatres by the Bay,%,6.368050879012344
2009,EUROPE,Switzerland,Free Access Attractions and Sites | Singapore River/ Clarke Quay/ Boat Quay,%,24.03403583136717
2009,EUROPE,Switzerland,Free Access Attractions and Sites | Singapore Botanic Gardens,%,4.99157556360311
2009,EUROPE,Switzerland,Free Access Attractions and Sites | Raffles Hotel,%,6.64625126419753
2009,EUROPE,UK,Major Attractions and Sites | Sentosa,%,17.09710534911539
2009,EUROPE,UK,Major Attractions and Sites | Singapore Flyer/ Flight Experience,%,8.784053041974746
2009,EUROPE,UK,Major Attractions and Sites | Singapore Zoo,%,9.904132406583894
2009,EUROPE,UK,Major Attractions and Sites | Night Safari,%,9.981488700673603
2009,EUROPE,UK,Major Attractions and Sites | Bird Paradise (formerly Jurong Bird Park),%,3.325800531781134
2009,EUROPE,UK,Major Attractions and Sites | National Orchid Gardens,%,7.214668203739709
2009,EUROPE,UK,Free Access Attractions and Sites | Orchard Road,%,39.88221135000344
2009,EUROPE,UK,Free Access Attractions and Sites | Chinatown,%,33.76065693024548
2009,EUROPE,UK,Free Access Attractions and Sites | Merlion Park,%,13.61052111329342
2009,EUROPE,UK,Free Access Attractions and Sites | Little India,%,28.17483211413846
2009,EUROPE,UK,Free Access Attractions and Sites | Esplanade Theatres by the Bay,%,9.933007264004807
2009,EUROPE,UK,Free Access Attractions and Sites | Singapore River/ Clarke Quay/ Boat Quay,%,24.14470090393813
2009,EUROPE,UK,Free Access Attractions and Sites | Singapore Botanic Gardens,%,13.08072804379259
2009,EUROPE,UK,Free Access Attractions and Sites | Raffles Hotel,%,13.85997993600848
2009,AMERICAS,Canada,Major Attractions and Sites | Sentosa,%,14.96971584415606
2009,AMERICAS,Canada,Major Attractions and Sites | Singapore Flyer/ Flight Experience,%,8.444788221378253
2009,AMERICAS,Canada,Major Attractions and Sites | Singapore Zoo,%,8.820285133253394
2009,AMERICAS,Canada,Major Attractions and Sites | Night Safari,%,4.700892239145883
2009,AMERICAS,Canada,Major Attractions and Sites | Bird Paradise (formerly Jurong Bird Park),%,3.676334366139689
2009,AMERICAS,Canada,Major Attractions and Sites | National Orchid Gardens,%,5.881112850198877
2009,AMERICAS,Canada,Free Access Attractions and Sites | Orchard Road,%,30.72932183796421
2009,AMERICAS,Canada,Free Access Attractions and Sites | Chinatown,%,28.4433266448618
2009,AMERICAS,Canada,Free Access Attractions and Sites | Merlion Park,%,13.22097826900196
2009,AMERICAS,Canada,Free Access Attractions and Sites | Little India,%,24.57661709888891
2009,AMERICAS,Canada,Free Access Attractions and Sites | Esplanade Theatres by the Bay,%,7.074216628914137
2009,AMERICAS,Canada,Free Access Attractions and Sites | Singapore River/ Clarke Quay/ Boat Quay,%,20.74195576354004
2009,AMERICAS,Canada,Free Access Attractions and Sites | Singapore Botanic Gardens,%,6.028792573264949
2009,AMERICAS,Canada,Free Access Attractions and Sites | Raffles Hotel,%,6.554848804143193
2009,AMERICAS,USA,Major Attractions and Sites | Sentosa,%,12.48773540568454
2009,AMERICAS,USA,Major Attractions and Sites | Singapore Flyer/ Flight Experience,%,9.348490922503007
2009,AMERICAS,USA,Major Attractions and Sites | Singapore Zoo,%,7.103461981161877
2009,AMERICAS,USA,Major Attractions and Sites | Night Safari,%,7.404109934368493
2009,AMERICAS,USA,Major Attractions and Sites | Bird Paradise (formerly Jurong Bird Park),%,3.923151018749869
2009,AMERICAS,USA,Major Attractions and Sites | National Orchid Gardens,%,5.745540156755976
2009,AMERICAS,USA,Free Access Attractions and Sites | Orchard Road,%,37.27113458891494
2009,AMERICAS,USA,Free Access Attractions and Sites | Chinatown,%,22.8494769733427
2009,AMERICAS,USA,Free Access Attractions and Sites | Merlion Park,%,11.29233524334523
2009,AMERICAS,USA,Free Access Attractions and Sites | Little India,%,18.37539308581531
2009,AMERICAS,USA,Free Access Attractions and Sites | Esplanade Theatres by the Bay,%,8.930920383234401
2009,AMERICAS,USA,Free Access Attractions and Sites | Singapore River/ Clarke Quay/ Boat Quay,%,18.06550391556209
2009,AMERICAS,USA,Free Access Attractions and Sites | Singapore Botanic Gardens,%,9.784704768030036
2009,AMERICAS,USA,Free Access Attractions and Sites | Raffles Hotel,%,9.79111515310522
2009,OCEANIA,Australia,Major Attractions and Sites | Sentosa,%,16.79265684464334
2009,OCEANIA,Australia,Major Attractions and Sites | Singapore Flyer/ Flight Experience,%,10.12605208287126
2009,OCEANIA,Australia,Major Attractions and Sites | Singapore Zoo,%,11.16820389541477
2009,OCEANIA,Australia,Major Attractions and Sites | Night Safari,%,9.726862087193425
2009,OCEANIA,Australia,Major Attractions and Sites | Bird Paradise (formerly Jurong Bird Park),%,4.057196280403676
2009,OCEANIA,Australia,Major Attractions and Sites | National Orchid Gardens,%,3.959493141467034
2009,OCEANIA,Australia,Free Access Attractions and Sites | Orchard Road,%,41.64782320978168
2009,OCEANIA,Australia,Free Access Attractions and Sites | Chinatown,%,26.43105109596846
2009,OCEANIA,Australia,Free Access Attractions and Sites | Merlion Park,%,11.12533656940964
2009,OCEANIA,Australia,Free Access Attractions and Sites | Little India,%,23.41650372256904
2009,OCEANIA,Australia,Free Access Attractions and Sites | Esplanade Theatres by the Bay,%,6.849442387537208
2009,OCEANIA,Australia,Free Access Attractions and Sites | Singapore River/ Clarke Quay/ Boat Quay,%,19.38039413807282
2009,OCEANIA,Australia,Free Access Attractions and Sites | Singapore Botanic Gardens,%,8.645403113881851
2009,OCEANIA,Australia,Free Access Attractions and Sites | Raffles Hotel,%,12.867286759523
2009,OCEANIA,New Zealand,Major Attractions and Sites | Sentosa,%,18.29043872460824
2009,OCEANIA,New Zealand,Major Attractions and Sites | Singapore Flyer/ Flight Experience,%,4.363763315692574
2009,OCEANIA,New Zealand,Major Attractions and Sites | Singapore Zoo,%,5.529555966893871
2009,OCEANIA,New Zealand,Major Attractions and Sites | Night Safari,%,11.52900151542382
2009,OCEANIA,New Zealand,Major Attractions and Sites | Bird Paradise (formerly Jurong Bird Park),%,5.339368215086161
2009,OCEANIA,New Zealand,Major Attractions and Sites | National Orchid Gardens,%,6.049810658996663
2009,OCEANIA,New Zealand,Free Access Attractions and Sites | Orchard Road,%,45.92397013703786
2009,OCEANIA,New Zealand,Free Access Attractions and Sites | Chinatown,%,22.66200892469412
2009,OCEANIA,New Zealand,Free Access Attractions and Sites | Merlion Park,%,3.965895421996123
2009,OCEANIA,New Zealand,Free Access Attractions and Sites | Little India,%,25.22633972206548
2009,OCEANIA,New Zealand,Free Access Attractions and Sites | Esplanade Theatres by the Bay,%,7.78364224486501
2009,OCEANIA,New Zealand,Free Access Attractions and Sites | Singapore River/ Clarke Quay/ Boat Quay,%,14.7669195723101
2009,OCEANIA,New Zealand,Free Access Attractions and Sites | Singapore Botanic Gardens,%,9.26788889638142
2009,OCEANIA,New Zealand,Free Access Attractions and Sites | Raffles Hotel,%,11.33755329434469
2009,AFRICA,South Africa (Rep of),Major Attractions and Sites | Sentosa,%,37.68637130987737
2009,AFRICA,South Africa (Rep of),Major Attractions and Sites | Singapore Flyer/ Flight Experience,%,11.27502525316267
2009,AFRICA,South Africa (Rep of),Major Attractions and Sites | Singapore Zoo,%,7.470347845458138
2009,AFRICA,South Africa (Rep of),Major Attractions and Sites | Night Safari,%,7.323977822091628
2009,AFRICA,South Africa (Rep of),Major Attractions and Sites | Bird Paradise (formerly Jurong Bird Park),%,4.122092810967461
2009,AFRICA,South Africa (Rep of),Major Attractions and Sites | National Orchid Gardens,%,12.91759465474125
2009,AFRICA,South Africa (Rep of),Free Access Attractions and Sites | Orchard Road,%,40.47240463236894
2009,AFRICA,South Africa (Rep of),Free Access Attractions and Sites | Chinatown,%,33.82892245560689
2009,AFRICA,South Africa (Rep of),Free Access Attractions and Sites | Merlion Park,%,12.63384327024487
2009,AFRICA,South Africa (Rep of),Free Access Attractions and Sites | Little India,%,38.56410463748744
2009,AFRICA,South Africa (Rep of),Free Access Attractions and Sites | Esplanade Theatres by the Bay,%,10.52715810467513
2009,AFRICA,South Africa (Rep of),Free Access Attractions and Sites | Singapore River/ Clarke Quay/ Boat Quay,%,31.75393232234929
2009,AFRICA,South Africa (Rep of),Free Access Attractions and Sites | Singapore Botanic Gardens,%,13.23341487453637
2009,AFRICA,South Africa (Rep of),Free Access Attractions and Sites | Raffles Hotel,%,9.158017034907596
2009,REMAINING,Others,Major Attractions and Sites | Sentosa,%,23.6635978918457
2009,REMAINING,Others,Major Attractions and Sites | Singapore Flyer/ Flight Experience,%,10.26955295303264
2009,REMAINING,Others,Major Attractions and Sites | Singapore Zoo,%,9.40422889273233
2009,REMAINING,Others,Major Attractions and Sites | Night Safari,%,7.788628444982758
2009,REMAINING,Others,Major Attractions and Sites | Bird Paradise (formerly Jurong Bird Park),%,4.117970739387719
2009,REMAINING,Others,Major Attractions and Sites | National Orchid Gardens,%,4.740624889172956
2009,REMAINING,Others,Free Access Attractions and Sites | Orchard Road,%,38.78936038670081
2009,REMAINING,Others,Free Access Attractions and Sites | Chinatown,%,26.05431991351873
2009,REMAINING,Others,Free Access Attractions and Sites | Merlion Park,%,13.90343052639707
2009,REMAINING,Others,Free Access Attractions and Sites | Little India,%,31.85667652909327
2009,REMAINING,Others,Free Access Attractions and Sites | Esplanade Theatres by the Bay,%,10.48189494258629
2009,REMAINING,Others,Free Access Attractions and Sites | Singapore River/ Clarke Quay/ Boat Quay,%,17.98742130446047
2009,REMAINING,Others,Free Access Attractions and Sites | Singapore Botanic Gardens,%,7.975394494933561
2009,REMAINING,Others,Free Access Attractions and Sites | Raffles Hotel,%,10.25239785853339
